{
"type": "FeatureCollection",
"name": "Kangaarsuup_Tasersua_shoreline",
"crs": { "type": "name", "properties": { "name": "urn:ogc:def:crs:EPSG::3413" } },
"features": [
{ "type": "Feature", "properties": { "row_id": 6, "lake_id": 6, "lake_name": "Kangaarsuup Tasersua", "margin": "ICE_SHEET", "region": "SW", "area_all": 84.101254904334397, "area_2016": 81.1008, "area_2017": 81.3906, "area_2018": 70.8752, "area_2019": 81.1615, "area_2020": 82.54203370965655, "area_2021": 81.6674, "area_2022": 1.5913, "area_2023": 70.8752, "area_2024": 82.5, "area_2025": 82.4016, "attached_up_to": null, "length_km": 123.44983810992083, "centroid": "-240974.83226192737, -3024373.204809322", "glof_lake": "No", "drain_yrs": null, "t_aver_all": 4.1889386553149146, "t_aver_2016": 4.6197653518621848, "t_aver_2017": null, "t_aver_2018": null, "t_aver_2019": 4.3809295952503575, "t_aver_2020": null, "t_aver_2021": null, "t_aver_2022": null, "t_aver_2023": 4.2620622333968026, "t_aver_2024": 3.4198738626684251, "t_aver_2025": null, "t_max_2016": 12.736906033400032, "t_max_2017": null, "t_max_2018": null, "t_max_2019": 11.232717463880022, "t_max_2020": null, "t_max_2021": null, "t_max_2022": null, "t_max_2023": 10.491642875600007, "t_max_2024": 11.050892471959969, "t_max_2025": null, "t_min_2016": 1.6262970574400128, "t_min_2017": null, "t_min_2018": null, "t_min_2019": 1.474776230840007, "t_min_2020": null, "t_min_2021": null, "t_min_2022": null, "t_min_2023": 1.0339883716400209, "t_min_2024": 1.7860826564000263, "t_min_2025": null, "t_stdev_2016": 0.75991163464579115, "t_stdev_2017": null, "t_stdev_2018": null, "t_stdev_2019": 0.62224390986460143, "t_stdev_2020": null, "t_stdev_2021": null, "t_stdev_2022": null, "t_stdev_2023": 0.77856580401090281, "t_stdev_2024": 0.76991664494677869, "t_stdev_2025": null, "t_count_2016": 1.0, "t_count_2017": null, "t_count_2018": null, "t_count_2019": 1.0, "t_count_2020": null, "t_count_2021": null, "t_count_2022": null, "t_count_2023": 2.0, "t_count_2024": 1.0, "t_count_2025": null, "t_date_2016": "2016-08-06T12:31:00", "t_date_2017": null, "t_date_2018": null, "t_date_2019": "2019-08-15T12:31:00", "t_date_2020": null, "t_date_2021": null, "t_date_2022": null, "t_date_2023": "2023-08-17T12:37:00", "t_date_2024": "2024-08-04T13:31:00", "t_date_2025": null, "startdate": "20160701", "enddate": "20250831", "method": "Automatic", "source": "Sentinel-1, Sentinel-2", "verified": "yes", "verif_by": "How", "edited": "Yes", "edited_by": "How" }, "geometry": { "type": "MultiPolygon", "coordinates": [ [ [ [ -251920.0, -3022420.0 ], [ -251920.0, -3022422.590024604462087 ], [ -251914.922847431153059, -3022423.760844253003597 ], [ -251907.151632172142854, -3022427.97681604558602 ], [ -251897.819139219034696, -3022430.302107023540884 ], [ -251891.799775854713516, -3022431.603583445306867 ], [ -251886.665374532545684, -3022434.865279151592404 ], [ -251883.352148359525017, -3022435.888980210293084 ], [ -251875.442083167639794, -3022438.751932693179697 ], [ -251870.775841083581327, -3022439.91447242256254 ], [ -251869.942800220509525, -3022440.0 ], [ -251862.338430640345905, -3022440.0 ], [ -251859.066411530628102, -3022439.065449684858322 ], [ -251853.376461464504246, -3022436.914860261138529 ], [ -251847.825350420782343, -3022436.11728452751413 ], [ -251842.274230802402599, -3022435.319809696171433 ], [ -251837.399627332895761, -3022434.452812663745135 ], [ -251833.270950348989572, -3022434.192903446033597 ], [ -251829.211785518826218, -3022434.609611871186644 ], [ -251823.869023700477555, -3022435.841664749663323 ], [ -251821.093472182314144, -3022435.44282291084528 ], [ -251815.472831466293428, -3022433.968826181720942 ], [ -251810.52880946311052, -3022432.425316449720412 ], [ -251806.400233999709599, -3022432.165411693975329 ], [ -251798.142980714968871, -3022431.645591696724296 ], [ -251794.690810761239845, -3022431.316258545499295 ], [ -251785.219469989096979, -3022432.288396944757551 ], [ -251778.454159938730299, -3022432.982862261123955 ], [ -251767.768524119426729, -3022435.44694002205506 ], [ -251759.719612247106852, -3022436.956744120456278 ], [ -251755.72986857072101, -3022438.0498485728167 ], [ -251750.994088359526359, -3022438.53595458669588 ], [ -251744.22878224181477, -3022439.23031032178551 ], [ -251738.140086002502358, -3022439.855256449896842 ], [ -251734.011396426067222, -3022439.595434490125626 ], [ -251724.540045024245046, -3022440.567553885746747 ], [ -251717.774735969462199, -3022441.261903557460755 ], [ -251708.979788745375117, -3022442.164593226276338 ], [ -251704.244106891390402, -3022442.650700365658849 ], [ -251694.772648530546576, -3022443.622801728546619 ], [ -251688.753260681463871, -3022444.924238280393183 ], [ -251682.664558592892718, -3022445.549173090141267 ], [ -251677.928772390587255, -3022446.035267510451376 ], [ -251673.123681282915641, -3022445.844758343882859 ], [ -251671.024627445964143, -3022445.376587953418493 ], [ -251670.0, -3022444.896534289699048 ], [ -251670.0, -3022440.0 ], [ -251660.721099810441956, -3022440.0 ], [ -251660.182318866252899, -3022439.652778392191976 ], [ -251657.059589024895104, -3022435.871364587917924 ], [ -251654.006274680723436, -3022432.766459908802062 ], [ -251649.599942689557793, -3022429.800384033471346 ], [ -251645.263017289078562, -3022427.510918739251792 ], [ -251638.827048736537108, -3022424.753177620936185 ], [ -251633.275925822963472, -3022423.955659088212997 ], [ -251626.97878633622895, -3022422.550933381076902 ], [ -251620.213574553228682, -3022423.245266912970692 ], [ -251612.632812773052137, -3022422.656078633852303 ], [ -251606.474602175818291, -3022422.604375314898789 ], [ -251602.346013055182993, -3022422.344541491940618 ], [ -251600.0, -3022421.612102793995291 ], [ -251600.0, -3022420.0 ], [ -251595.593165446189232, -3022420.0 ], [ -251592.388563347863965, -3022418.580929373856634 ], [ -251588.121063663507812, -3022416.967861635610461 ], [ -251581.75450395734515, -3022414.886717595625669 ], [ -251580.0, -3022414.025463459081948 ], [ -251580.0, -3022410.0 ], [ -251569.694960417109542, -3022410.0 ], [ -251569.628602633340051, -3022409.978307390585542 ], [ -251560.0, -3022408.89743362320587 ], [ -251560.0, -3022400.0 ], [ -251537.580245850695064, -3022400.0 ], [ -251534.205165605206275, -3022397.889780178200454 ], [ -251530.0, -3022396.027624704409391 ], [ -251530.0, -3022390.0 ], [ -251514.739755626680562, -3022390.0 ], [ -251511.375910976435989, -3022388.610708398278803 ], [ -251503.656348779244581, -3022386.668264700099826 ], [ -251499.527659709769068, -3022386.408405598718673 ], [ -251490.455070333497133, -3022384.604881059844047 ], [ -251478.745844190299977, -3022383.755605222191662 ], [ -251468.389534822606947, -3022382.767496209125966 ], [ -251462.231417918781517, -3022382.7158691463992 ], [ -251460.0, -3022382.395242645870894 ], [ -251460.0, -3022380.0 ], [ -251448.859468864422524, -3022380.0 ], [ -251445.439259891834809, -3022378.969972688239068 ], [ -251440.495250691892579, -3022377.426391754299402 ], [ -251430.537824493687367, -3022373.662717154249549 ], [ -251430.0, -3022373.410739936400205 ], [ -251430.0, -3022370.0 ], [ -251422.893670145655051, -3022370.0 ], [ -251416.035269228887046, -3022365.580005249939859 ], [ -251411.091262790869223, -3022364.036418709438294 ], [ -251410.0, -3022363.428223314229399 ], [ -251410.0, -3022360.0 ], [ -251403.848864082683576, -3022360.0 ], [ -251403.839890816190746, -3022359.994998913723975 ], [ -251398.011152126244269, -3022356.491288525052369 ], [ -251392.997739836981054, -3022354.271188775077462 ], [ -251390.0, -3022353.138094313442707 ], [ -251390.0, -3022350.0 ], [ -251382.632472369325114, -3022350.0 ], [ -251378.703423617203953, -3022348.217986277770251 ], [ -251371.66038219226175, -3022346.206095729488879 ], [ -251363.871518087864388, -3022343.587211070116609 ], [ -251356.082552833308, -3022340.968315471429378 ], [ -251348.362995015399065, -3022339.025927349925041 ], [ -251341.389455973956501, -3022337.690649039112031 ], [ -251330.426153033855371, -3022337.448408972937614 ], [ -251322.845509908016538, -3022336.85904178628698 ], [ -251316.548480919474969, -3022335.454350968357176 ], [ -251308.152414370822953, -3022333.581356577575207 ], [ -251302.601310037513031, -3022332.783664844464511 ], [ -251295.627771640138235, -3022331.448374308645725 ], [ -251284.456149692356121, -3022329.176576234865934 ], [ -251279.373341518774396, -3022326.279944112990052 ], [ -251272.399804329412291, -3022324.944647299591452 ], [ -251264.749757101701107, -3022323.678753018379211 ], [ -251257.09960792309721, -3022322.412847902160138 ], [ -251249.518964961025631, -3022321.823459467384964 ], [ -251241.192398943356238, -3022320.627064398489892 ], [ -251235.57189182395814, -3022319.152847999706864 ], [ -251228.667759044386912, -3022318.494049903005362 ], [ -251221.017712308414048, -3022317.22814283054322 ], [ -251215.466600424610078, -3022316.430534642655402 ], [ -251208.493073023972102, -3022315.095118653029203 ], [ -251200.70411898745806, -3022312.476175906602293 ], [ -251193.591778531495947, -3022309.787836830597371 ], [ -251188.647784188273363, -3022308.244207626674324 ], [ -251180.390630772977602, -3022307.724201608449221 ], [ -251173.625293984310701, -3022308.41851242352277 ], [ -251166.651759190164739, -3022307.083187282085419 ], [ -251157.648692185233813, -3022305.956065437756479 ], [ -251151.351668536080979, -3022304.551334490533918 ], [ -251145.054653736588079, -3022303.146499933674932 ], [ -251137.404600213718368, -3022301.880670396145433 ], [ -251131.10758588014869, -3022300.47583245113492 ], [ -251123.665735212445725, -3022301.239531808067113 ], [ -251116.015690161671955, -3022299.973593978676945 ], [ -251112.633024089125684, -3022300.320690571796149 ], [ -251103.977052044967422, -3022302.576216939371079 ], [ -251096.535300137387821, -3022303.339918047655374 ], [ -251089.093453786364989, -3022304.103506630286574 ], [ -251083.004731528868433, -3022304.728302133735269 ], [ -251074.209851693565724, -3022305.630788898095489 ], [ -251070.150764870835701, -3022306.047391126397997 ], [ -251063.385426835040562, -3022306.741573653649539 ], [ -251056.481391447014175, -3022306.082739695906639 ], [ -251050.2537656390341, -3022305.354496207553893 ], [ -251048.900742025987711, -3022305.493294490966946 ], [ -251043.34962792971055, -3022304.695650246459991 ], [ -251035.023067484464264, -3022303.499088197015226 ], [ -251028.864942201296799, -3022303.447360188234597 ], [ -251022.567917524575023, -3022302.042598230298609 ], [ -251014.10245847585611, -3022299.492996989749372 ], [ -251009.089069069828838, -3022297.272821152582765 ], [ -251001.161336497636512, -3022293.300691556185484 ], [ -250996.286837719468167, -3022292.433647911064327 ], [ -250992.834769300272455, -3022292.104217980522662 ], [ -250985.861234848503955, -3022290.768844721838832 ], [ -250975.366243523196317, -3022288.42742319824174 ], [ -250968.462208793469472, -3022287.768565967213362 ], [ -250961.627468733408023, -3022287.786210557445884 ], [ -250954.862218422844307, -3022288.480476415716112 ], [ -250952.156160627346253, -3022288.758165349252522 ], [ -250948.235769112361595, -3022290.527663421351463 ], [ -250940.256284808303462, -3022292.713744256645441 ], [ -250932.883915020764107, -3022294.153914415743202 ], [ -250926.25756347188144, -3022296.201106024906039 ], [ -250922.267763720505172, -3022297.294190945103765 ], [ -250914.826003222668078, -3022298.057742200791836 ], [ -250911.373932230693754, -3022297.728302015457302 ], [ -250903.515694766363595, -3022294.432764202822 ], [ -250898.571705104113789, -3022292.889079023618251 ], [ -250890.921655429789098, -3022291.623076151590794 ], [ -250887.469584712409414, -3022291.293632776010782 ], [ -250882.595084289030638, -3022290.426568177063018 ], [ -250873.453219073795481, -3022287.946324237156659 ], [ -250867.294985484913923, -3022287.894550837576389 ], [ -250861.743980808358174, -3022287.096774931531399 ], [ -250857.684782702097436, -3022287.513337406329811 ], [ -250851.596044639620231, -3022288.138082303572446 ], [ -250839.626850779051892, -3022291.417117166798562 ], [ -250838.343209344457136, -3022292.232520759571344 ], [ -250833.815779569937149, -3022294.748023324646056 ], [ -250826.651687939069234, -3022298.217614619527012 ], [ -250822.196228929620702, -3022300.0 ], [ -250787.232687980402261, -3022300.0 ], [ -250785.782351560832467, -3022299.676417002920061 ], [ -250776.918146837007953, -3022299.902306222822517 ], [ -250771.806510372116463, -3022300.0 ], [ -250768.542066369263921, -3022300.0 ], [ -250763.786465520766797, -3022298.515088953543454 ], [ -250760.334391030570259, -3022298.185629531275481 ], [ -250753.360951951588504, -3022296.850203577429056 ], [ -250743.750736620480893, -3022296.468951073009521 ], [ -250739.015024722088128, -3022296.954786996357143 ], [ -250730.966113971720915, -3022298.464298796374351 ], [ -250726.907017640740378, -3022298.880749878007919 ], [ -250720.679381541558541, -3022298.152429909911007 ], [ -250714.382456318999175, -3022296.747602346353233 ], [ -250705.309979352314258, -3022294.94381368579343 ], [ -250699.082343379879603, -3022294.21548858191818 ], [ -250693.461942241381621, -3022292.741163101047277 ], [ -250679.046609424549388, -3022292.16930220881477 ], [ -250668.898756692593452, -3022293.210452038794756 ], [ -250661.456971387873637, -3022293.973937017377466 ], [ -250656.322391864436213, -3022297.235320506617427 ], [ -250647.267480516602518, -3022302.26627662871033 ], [ -250639.496215774386656, -3022306.481834998819977 ], [ -250631.192102786124451, -3022310.0 ], [ -250630.0, -3022310.0 ], [ -250630.0, -3022310.190714762080461 ], [ -250628.272869198670378, -3022310.367916520684958 ], [ -250613.99640751525294, -3022311.148962099570781 ], [ -250606.554603349912213, -3022311.912536713294685 ], [ -250596.406733527575852, -3022312.953663594089448 ], [ -250588.89554736201535, -3022313.040615469682962 ], [ -250578.001659550034674, -3022313.474701439030468 ], [ -250571.843513268802781, -3022313.422770501114428 ], [ -250562.840508019347908, -3022312.295560341328382 ], [ -250552.414980075845961, -3022310.630596888251603 ], [ -250542.128226690983865, -3022310.31866251071915 ], [ -250528.597653943084879, -3022311.706794442608953 ], [ -250520.011069320287788, -3022314.638679658994079 ], [ -250514.668302959325956, -3022315.870494024828076 ], [ -250509.932572970021283, -3022316.356293306685984 ], [ -250501.605978706211317, -3022315.159667680040002 ], [ -250493.21010908120661, -3022313.286428764928132 ], [ -250482.923349262156989, -3022312.974472544621676 ], [ -250476.019285847141873, -3022312.315490917302668 ], [ -250470.537642466544639, -3022312.194253840483725 ], [ -250462.280543892935384, -3022311.674039688892663 ], [ -250453.485689104447374, -3022312.576345182023942 ], [ -250445.367359178111656, -3022313.409161076880991 ], [ -250439.070426811289508, -3022312.004267489071935 ], [ -250435.479573845834238, -3022310.321731716394424 ], [ -250431.420357303752098, -3022310.738132962491363 ], [ -250424.446907705510966, -3022309.402620399836451 ], [ -250414.160245093196863, -3022309.090646764729172 ], [ -250405.972527806996368, -3022309.246933240909129 ], [ -250397.854184940311825, -3022310.079837368335575 ], [ -250392.441921703197295, -3022310.635102693922818 ], [ -250384.531838069960941, -3022313.497464094310999 ], [ -250380.611478553473717, -3022315.267005429603159 ], [ -250372.701391579554183, -3022318.129364647436887 ], [ -250366.61260649835458, -3022318.754008948337287 ], [ -250361.200441379507538, -3022319.309277606662363 ], [ -250355.788173676904989, -3022319.864536689594388 ], [ -250350.306633387866896, -3022319.743182660080492 ], [ -250342.725941446580691, -3022319.153541515115649 ], [ -250337.920910778135294, -3022318.962904499843717 ], [ -250331.155603808700107, -3022319.656923773698509 ], [ -250323.037258254480548, -3022320.489705765619874 ], [ -250317.625089573615696, -3022321.044966311194003 ], [ -250310.183261178230168, -3022321.808362810872495 ], [ -250302.134387801546836, -3022323.317768920678645 ], [ -250295.507941554766148, -3022325.364827256184071 ], [ -250292.940618698601611, -3022326.995493877213448 ], [ -250286.244789045711514, -3022328.366031284909695 ], [ -250276.773388356319629, -3022329.337665814906359 ], [ -250270.31681471754564, -3022330.0 ], [ -250269.600903126556659, -3022330.0 ], [ -250262.427476133569144, -3022329.442017246503383 ], [ -250255.454017897485755, -3022328.106460446026176 ], [ -250249.087699183728546, -3022326.02500163204968 ], [ -250238.731532012112439, -3022325.036435706075281 ], [ -250230.405034750554478, -3022323.839632485527545 ], [ -250221.402017628308386, -3022322.712206359487027 ], [ -250217.204019559489097, -3022321.775640152394772 ], [ -250212.121371804532828, -3022318.878790935967118 ], [ -250207.108104265469592, -3022316.658460681326687 ], [ -250202.233595730940579, -3022315.791169275529683 ], [ -250195.468276923405938, -3022316.485156185459346 ], [ -250186.465251934569096, -3022315.357820063829422 ], [ -250178.208134206070099, -3022314.837520283646882 ], [ -250168.459210343076847, -3022313.103036530315876 ], [ -250162.162274561327649, -3022311.698076330590993 ], [ -250155.327574933762662, -3022311.715533128939569 ], [ -250145.179642383125611, -3022312.756500023417175 ], [ -250141.120511413901113, -3022313.17286883527413 ], [ -250133.071626183664193, -3022314.682125326246023 ], [ -250124.27673076474457, -3022315.584330036304891 ], [ -250117.511506851849845, -3022316.278307100292295 ], [ -250108.508486654609442, -3022315.150842770468444 ], [ -250101.882006477040704, -3022317.197959871962667 ], [ -250093.694259431940736, -3022317.35415559867397 ], [ -250087.536074699950404, -3022317.302219463512301 ], [ -250079.348428443976445, -3022317.458419597242028 ], [ -250066.962782912392868, -3022316.678026999812573 ], [ -250061.481126569357002, -3022316.556606930680573 ], [ -250052.825075421278598, -3022318.811841180548072 ], [ -250044.984303362376522, -3022322.350638723000884 ], [ -250034.905829095281661, -3022324.068098228890449 ], [ -250026.111021032615099, -3022324.970282507129014 ], [ -250016.639587683690479, -3022325.941830522846431 ], [ -250003.247863443510141, -3022328.682778255548328 ], [ -249997.835669480758952, -3022329.23797895014286 ], [ -249987.011186554358574, -3022330.348266714718193 ], [ -249973.688827390520601, -3022333.765724470373243 ], [ -249964.217494996992173, -3022334.737162800505757 ], [ -249955.492048699146835, -3022336.315849328413606 ], [ -249943.314502571622143, -3022337.564970828592777 ], [ -249934.519687914056703, -3022338.467026515863836 ], [ -249925.586015470849816, -3022338.016127049457282 ], [ -249918.751395104918629, -3022338.033536155708134 ], [ -249909.280054166447371, -3022339.004956863820553 ], [ -249902.514702698681504, -3022339.698876688722521 ], [ -249891.690303748328006, -3022340.809138557873666 ], [ -249884.248520236666081, -3022341.572537009604275 ], [ -249877.552639704663306, -3022342.94298331392929 ], [ -249868.497623464034405, -3022347.973541969899088 ], [ -249862.755851617839653, -3022351.980718103703111 ], [ -249850.387562256830279, -3022358.03486005589366 ], [ -249846.605893307219958, -3022361.157286604400724 ], [ -249840.864114854397485, -3022365.164461753796786 ], [ -249835.809530470665777, -3022370.0 ], [ -249830.0, -3022370.0 ], [ -249830.0, -3022380.0 ], [ -249830.0, -3022380.234264448285103 ], [ -249828.929529540910153, -3022382.112393615301698 ], [ -249825.436140882055042, -3022390.0 ], [ -249820.0, -3022390.0 ], [ -249820.0, -3022400.0 ], [ -249810.0, -3022400.0 ], [ -249810.0, -3022410.0 ], [ -249800.0, -3022410.0 ], [ -249800.0, -3022416.52737664943561 ], [ -249794.912403440685011, -3022417.049150948412716 ], [ -249789.291964066273067, -3022415.574731834232807 ], [ -249782.526694047584897, -3022416.26853691926226 ], [ -249776.576681086007738, -3022418.246125005651265 ], [ -249771.442035428946838, -3022421.507403593044728 ], [ -249768.128764629305806, -3022422.530881986953318 ], [ -249759.542114086070796, -3022425.462482456117868 ], [ -249751.562516156205675, -3022427.648176145274192 ], [ -249746.150284807867138, -3022428.203336589504033 ], [ -249739.385007804521592, -3022428.897132650949061 ], [ -249733.296248367754743, -3022429.52166007924825 ], [ -249727.138017171004321, -3022429.469650652259588 ], [ -249719.557464696874376, -3022428.879859133157879 ], [ -249710.086067836062284, -3022429.851225721649826 ], [ -249701.291188108618371, -3022430.753322951029986 ], [ -249695.948329359962372, -3022431.984899392817169 ], [ -249687.968719618016621, -3022434.170577259268612 ], [ -249677.820780713227578, -3022435.211404093075544 ], [ -249669.702431745303329, -3022436.044022244401276 ], [ -249660.907553843571804, -3022436.946005732286721 ], [ -249651.436138103774283, -3022437.91745604109019 ], [ -249641.964720811753068, -3022438.888903341721743 ], [ -249636.153529751725728, -3022442.219429884105921 ], [ -249629.058638761402108, -3022446.365320153534412 ], [ -249625.884088917489862, -3022448.741841554176062 ], [ -249623.096442355425097, -3022450.0 ], [ -249620.0, -3022450.0 ], [ -249620.0, -3022451.397687802556902 ], [ -249614.799482825212181, -3022453.980570246931165 ], [ -249606.004592793731717, -3022454.882539028301835 ], [ -249597.886230255884584, -3022455.715138998813927 ], [ -249588.484166137874126, -3022457.363099830690771 ], [ -249585.101512680703308, -3022457.710031812079251 ], [ -249576.65354881354142, -3022461.994646179489791 ], [ -249568.066850583913038, -3022464.926200694404542 ], [ -249562.255531121394597, -3022468.256812373176217 ], [ -249558.393062181392452, -3022470.0 ], [ -249550.0, -3022470.0 ], [ -249550.0, -3022473.098387409932911 ], [ -249542.375995522830635, -3022474.397476467303932 ], [ -249536.287209965987131, -3022475.021965780761093 ], [ -249530.129067559726536, -3022474.969821858685464 ], [ -249521.195329604524886, -3022474.518698562402278 ], [ -249512.331048998865299, -3022474.744213060010225 ], [ -249506.242371537780855, -3022475.368602531030774 ], [ -249501.576015903236112, -3022476.530784127768129 ], [ -249495.903512733231764, -3022481.214455512352288 ], [ -249492.659580130508402, -3022482.914438514504582 ], [ -249486.778990883467486, -3022485.568416099995375 ], [ -249476.631005772738717, -3022486.6091787526384 ], [ -249475.416773720498895, -3022488.100976034067571 ], [ -249472.103474947798532, -3022489.124426851980388 ], [ -249466.22288137927535, -3022491.778401595074683 ], [ -249461.625874391727848, -3022493.617211452685297 ], [ -249458.989113686198834, -3022494.571195776574314 ], [ -249449.933933414693456, -3022499.601782480720431 ], [ -249444.591139777825447, -3022500.833329054992646 ], [ -249435.189046224288177, -3022502.481145428493619 ], [ -249431.268676383129787, -3022504.250495715066791 ], [ -249425.457427743880544, -3022507.581098963972181 ], [ -249419.039016807597363, -3022511.657494022976607 ], [ -249414.04303009036812, -3022516.271695838309824 ], [ -249410.330743503553094, -3022520.070641124621034 ], [ -249402.489891667850316, -3022523.609330290928483 ], [ -249395.46429395355517, -3022528.431720970664173 ], [ -249392.471626367798308, -3022530.0 ], [ -249390.0, -3022530.0 ], [ -249390.0, -3022531.295232327189296 ], [ -249388.97651073342422, -3022531.831582157872617 ], [ -249381.742720385547727, -3022534.624365328345448 ], [ -249377.076446551334811, -3022535.7865413245745 ], [ -249367.13661504999618, -3022538.856879385188222 ], [ -249359.01820211778977, -3022539.689420946873724 ], [ -249347.048765943240141, -3022542.967837311327457 ], [ -249341.029319070192287, -3022544.268722008448094 ], [ -249334.801788789074635, -3022543.540005530696362 ], [ -249327.897716468083672, -3022542.880750323180109 ], [ -249320.993644001020584, -3022542.221493328455836 ], [ -249315.512007291428745, -3022542.099945283960551 ], [ -249301.166149988828693, -3022542.2038589338772 ], [ -249289.387519061972853, -3022540.677037606947124 ], [ -249279.499863876408199, -3022537.589175885077566 ], [ -249272.057975358475232, -3022538.352333161979914 ], [ -249267.391691232827725, -3022539.514492356218398 ], [ -249261.510954669851344, -3022542.168428421020508 ], [ -249255.56095123256091, -3022544.145940388552845 ], [ -249250.148669662245084, -3022544.700913607608527 ], [ -249239.39356567201321, -3022546.487399983219802 ], [ -249229.991519433096983, -3022548.135268034413457 ], [ -249224.579235212266212, -3022548.690236714202911 ], [ -249218.4904159331345, -3022549.314562542829663 ], [ -249211.794512840482639, -3022550.684890429954976 ], [ -249204.491440329118632, -3022552.801007458008826 ], [ -249197.465788377972785, -3022557.623364789411426 ], [ -249194.828997576172696, -3022558.577432551886886 ], [ -249190.897285969142104, -3022560.0 ], [ -249190.0, -3022560.0 ], [ -249190.0, -3022560.324654994998127 ], [ -249189.55552592719323, -3022560.485474101267755 ], [ -249179.615655581030296, -3022563.555653993505985 ], [ -249176.44114452143549, -3022565.932157118339092 ], [ -249169.207420189137338, -3022568.724803349934518 ], [ -249168.169415346579626, -3022570.0 ], [ -249160.0, -3022570.0 ], [ -249160.0, -3022572.347203486133367 ], [ -249159.33689981669886, -3022572.471513969823718 ], [ -249155.277677167759975, -3022572.88775742193684 ], [ -249148.512404666631483, -3022573.581537908408791 ], [ -249142.423573747189948, -3022574.205849631689489 ], [ -249134.235871502081864, -3022574.36180404573679 ], [ -249127.401138414425077, -3022574.379035095218569 ], [ -249117.790904585883254, -3022573.997152435593307 ], [ -249111.025636946636951, -3022574.690822086296976 ], [ -249106.428586535708746, -3022576.529486975166947 ], [ -249100.478556155168917, -3022578.506973315961659 ], [ -249093.782641303318087, -3022579.877175718080252 ], [ -249090.0, -3022580.265080356039107 ], [ -249090.0, -3022580.0 ], [ -249080.0, -3022580.0 ], [ -249060.0, -3022580.0 ], [ -249059.692524293379392, -3022580.0 ], [ -249059.609171721764142, -3022579.963079449255019 ], [ -249054.526530948263826, -3022577.0659712809138 ], [ -249048.298974127479596, -3022576.337291803676635 ], [ -249043.355145231471397, -3022574.793263564817607 ], [ -249037.127588532370282, -3022574.064581422135234 ], [ -249030.900142455939204, -3022573.33580433158204 ], [ -249024.811301777663175, -3022573.96009101299569 ], [ -249017.837854021461681, -3022572.62422119313851 ], [ -249011.072568844014313, -3022573.317969168070704 ], [ -249002.954115132190054, -3022574.150311478413641 ], [ -248998.894985628547147, -3022574.566541444510221 ], [ -248991.591866981296334, -3022576.682712709996849 ], [ -248986.925449961825507, -3022577.844822888728231 ], [ -248978.80708576075267, -3022578.67726953420788 ], [ -248974.826880510983756, -3022580.0 ], [ -248939.465575167851057, -3022580.0 ], [ -248937.122403525427217, -3022578.849474682006985 ], [ -248932.855112683668267, -3022577.236073317471892 ], [ -248924.389883421448758, -3022574.685806359630078 ], [ -248920.937833989912178, -3022574.356127376668155 ], [ -248914.10318825795548, -3022574.373314627911896 ], [ -248910.043951702478807, -3022574.789523405022919 ], [ -248894.483753595588496, -3022576.384917399380356 ], [ -248885.688739150442416, -3022577.286679584532976 ], [ -248882.913328910974087, -3022576.887653887271881 ], [ -248873.910262207209598, -3022575.759797384031117 ], [ -248864.438809074432356, -3022576.730911790858954 ], [ -248857.673517311806791, -3022577.424521805718541 ], [ -248849.971339111565612, -3022582.316172568127513 ], [ -248843.344743836147245, -3022584.362857368774712 ], [ -248837.394584074325394, -3022586.340182960499078 ], [ -248830.629278932960005, -3022587.033889552112669 ], [ -248824.5405207182921, -3022587.658143368549645 ], [ -248815.745596463093534, -3022588.559894018340856 ], [ -248804.244513535057195, -3022589.739037027116865 ], [ -248792.812870250898413, -3022591.5948257711716 ], [ -248788.892329850845272, -3022593.363995349034667 ], [ -248779.490310111053986, -3022595.011632198002189 ], [ -248761.223904978542123, -3022596.884452748578042 ], [ -248753.782050285604782, -3022597.64748990861699 ], [ -248739.574784725700738, -3022599.104100712575018 ], [ -248730.836693702905905, -3022600.0 ], [ -248720.308968971454306, -3022600.0 ], [ -248713.589120504475432, -3022599.033762248698622 ], [ -248707.431003467616392, -3022598.981451688334346 ], [ -248700.665589816315332, -3022599.675018047448248 ], [ -248697.495857539877761, -3022600.0 ], [ -248690.0, -3022600.0 ], [ -248680.0, -3022600.0 ], [ -248670.0, -3022600.0 ], [ -248670.0, -3022601.013203545473516 ], [ -248667.30739639190142, -3022601.044199142605066 ], [ -248658.512559765309561, -3022601.945809606462717 ], [ -248652.42367334413575, -3022602.570121527649462 ], [ -248647.15012833639048, -3022604.478075895924121 ], [ -248641.269488203019137, -3022607.131924471817911 ], [ -248636.741835953347618, -3022609.646971860900521 ], [ -248630.861091177735943, -3022612.300810710992664 ], [ -248619.498760797927389, -3022614.832975039258599 ], [ -248612.126231401431141, -3022616.272518920712173 ], [ -248602.793419313558843, -3022618.59663571510464 ], [ -248597.450521445396589, -3022619.828041574452072 ], [ -248591.361736809019931, -3022620.452248515095562 ], [ -248577.15453040698776, -3022621.908791727386415 ], [ -248572.488171724573476, -3022623.070849771145731 ], [ -248563.086117844417458, -3022624.7183194803074 ], [ -248554.967693219892681, -3022625.550651106517762 ], [ -248544.819639617024222, -3022626.591009340714663 ], [ -248540.083934530499391, -3022627.07652006065473 ], [ -248533.995143568812637, -3022627.700715400278568 ], [ -248530.005322981276549, -3022628.793424636591226 ], [ -248524.055215726722963, -3022630.770703776273876 ], [ -248517.497906619857531, -3022633.493867384269834 ], [ -248514.184627057402395, -3022634.517232632730156 ], [ -248506.812088104139548, -3022635.956650497857481 ], [ -248500.792634450161131, -3022637.25738277612254 ], [ -248494.166080425289692, -3022639.304007792845368 ], [ -248490.318037916091271, -3022640.0 ], [ -248490.0, -3022640.0 ], [ -248480.0, -3022640.0 ], [ -248480.0, -3022641.439899081364274 ], [ -248477.322012907417957, -3022641.714415954425931 ], [ -248473.262844599084929, -3022642.130575123708695 ], [ -248466.428151321102632, -3022642.14765707636252 ], [ -248454.111868218547897, -3022642.042929993011057 ], [ -248449.983255674305838, -3022641.782533418387175 ], [ -248441.864813634747406, -3022642.614834857173264 ], [ -248436.452555204246892, -3022643.169670091476291 ], [ -248433.069937083520927, -3022643.516381042543799 ], [ -248424.274948512989795, -3022644.418018116150051 ], [ -248411.42079495213693, -3022645.735701110679656 ], [ -248408.714711115753744, -3022646.013171429745853 ], [ -248404.724878175853519, -3022647.105865506920964 ], [ -248398.167546144570224, -3022649.829006894491613 ], [ -248390.725649287749548, -3022650.591852959245443 ], [ -248381.93075552477967, -3022651.493486470542848 ], [ -248373.673633559868904, -3022650.972577996086329 ], [ -248354.869427706289571, -3022654.267599450889975 ], [ -248344.651997669221601, -3022654.631345564965159 ], [ -248338.094756323116599, -3022657.354484254959971 ], [ -248330.65285139012849, -3022658.117315463721752 ], [ -248321.18140261908411, -3022659.088269356638193 ], [ -248315.699794326006668, -3022658.966537472326308 ], [ -248306.62743653805228, -3022657.161957993172109 ], [ -248299.653951192973182, -3022655.825900244992226 ], [ -248290.581696152308723, -3022654.021323763299733 ], [ -248281.648013291123789, -3022653.569826878141612 ], [ -248274.743975806748495, -3022652.910214712377638 ], [ -248264.387855365930591, -3022651.920941924676299 ], [ -248251.3950999348599, -3022651.885471114888787 ], [ -248241.923540869756835, -3022652.856389366555959 ], [ -248235.90415751337423, -3022654.157078151591122 ], [ -248226.779384738852968, -3022658.510629524942487 ], [ -248220.291458873572992, -3022661.910290716215968 ], [ -248211.496541109954705, -3022662.811873211059719 ], [ -248202.094419099506922, -3022664.459232881199569 ], [ -248193.975943075260147, -3022665.291466516442597 ], [ -248186.065581019909587, -3022668.153245184570551 ], [ -248181.97311856894521, -3022670.0 ], [ -248180.0, -3022670.0 ], [ -248170.0, -3022670.0 ], [ -248170.0, -3022674.695076850708574 ], [ -248164.433466831280384, -3022677.207014337182045 ], [ -248155.031324372481322, -3022678.854463156312704 ], [ -248146.305736137437634, -3022680.432473137043417 ], [ -248139.002473328902852, -3022682.548352202400565 ], [ -248128.385998875077348, -3022685.687565224710852 ], [ -248121.082834204949904, -3022687.803449350874871 ], [ -248111.680681692465441, -3022689.450885844882578 ], [ -248102.209202762780478, -3022690.421669245697558 ], [ -248094.836598077061353, -3022691.8609908092767 ], [ -248086.718204440083355, -3022692.693205662537366 ], [ -248079.276366788923042, -3022693.45598370814696 ], [ -248071.019204214040656, -3022692.935088527854532 ], [ -248064.791695773164975, -3022692.206092281267047 ], [ -248057.280515408696374, -3022692.292417949996889 ], [ -248051.122338469256647, -3022692.239967244211584 ], [ -248044.287612366839312, -3022692.256846866570413 ], [ -248034.139566240482964, -3022693.297041874844581 ], [ -248027.374272090848535, -3022693.990475006401539 ], [ -248016.688336007879116, -3022696.453093633055687 ], [ -248012.022026777442079, -3022697.614977237768471 ], [ -248006.67905695506488, -3022698.846284563653171 ], [ -248002.943334567156853, -3022700.0 ], [ -248000.0, -3022700.0 ], [ -247990.0, -3022700.0 ], [ -247990.0, -3022703.974091501906514 ], [ -247984.023614096193342, -3022704.586631018202752 ], [ -247970.492908305401215, -3022705.973465533461422 ], [ -247961.628514976677252, -3022706.19841804401949 ], [ -247955.401101604802534, -3022705.469405577518046 ], [ -247951.20313394581899, -3022704.532385693397373 ], [ -247943.08472075368627, -3022705.364561206195503 ], [ -247939.02552233368624, -3022705.780546054709703 ], [ -247931.722324569302145, -3022707.896387439686805 ], [ -247926.310015995724825, -3022708.451131029985845 ], [ -247918.868157906807028, -3022709.213868962135166 ], [ -247911.198682707617991, -3022710.0 ], [ -247903.675372757279547, -3022710.0 ], [ -247892.674398832343286, -3022707.11315658595413 ], [ -247890.0, -3022706.101875096559525 ], [ -247890.0, -3022700.0 ], [ -247880.662026650359621, -3022700.0 ], [ -247879.526066301070387, -3022698.88977959100157 ], [ -247876.403880416619359, -3022695.10799217550084 ], [ -247873.958152319770306, -3022691.256766357459128 ], [ -247868.737091797258472, -3022687.006419755984098 ], [ -247865.753572214249289, -3022684.577630422078073 ], [ -247862.839380431658356, -3022682.825391099322587 ], [ -247859.994618276919937, -3022681.749710345175117 ], [ -247855.120205422514118, -3022680.882010692730546 ], [ -247848.892691986460704, -3022680.152964072301984 ], [ -247843.480382525245659, -3022680.707689945586026 ], [ -247837.25286871008575, -3022679.97864062897861 ], [ -247831.025448316067923, -3022679.249700531829149 ], [ -247821.553936381533276, -3022680.220389718655497 ], [ -247817.494726174132666, -3022680.636458012275398 ], [ -247811.405965670768637, -3022681.260512676090002 ], [ -247805.317102447646903, -3022681.884557489771396 ], [ -247797.268013840424828, -3022683.393137901555747 ], [ -247789.826149126369273, -3022684.155839724000543 ], [ -247783.667949426249834, -3022684.103431227151304 ], [ -247776.694658392720157, -3022682.767151021398604 ], [ -247767.691705626260955, -3022681.638946258462965 ], [ -247763.424415294808568, -3022680.025344942696393 ], [ -247759.625795424857643, -3022676.312875501811504 ], [ -247754.543297092168359, -3022673.415597539395094 ], [ -247750.276110439473996, -3022671.802002725657076 ], [ -247743.840613566135289, -3022669.043380406219512 ], [ -247736.797899376804708, -3022667.030529679730535 ], [ -247731.715506309090415, -3022664.133255983702838 ], [ -247722.643233749608044, -3022662.328484133817255 ], [ -247711.402652515418595, -3022659.378679594025016 ], [ -247707.135468907596078, -3022657.765077679418027 ], [ -247700.838623638352146, -3022656.3595469314605 ], [ -247695.894889555696864, -3022654.815266384743154 ], [ -247688.782847829308594, -3022652.125953492708504 ], [ -247680.0, -3022651.776508697774261 ], [ -247680.0, -3022650.0 ], [ -247670.773929737973958, -3022650.0 ], [ -247670.0, -3022649.77881532907486 ], [ -247670.0, -3022640.0 ], [ -247660.0, -3022640.0 ], [ -247660.0, -3022630.0 ], [ -247660.0, -3022620.0 ], [ -247650.0, -3022620.0 ], [ -247650.0, -3022615.683935691602528 ], [ -247650.66813694513985, -3022615.442231892142445 ], [ -247659.994170076271985, -3022610.384623501449823 ], [ -247660.728243954654317, -3022610.0 ], [ -247670.0, -3022610.0 ], [ -247670.0, -3022604.715990928933024 ], [ -247673.129876183666056, -3022602.475536553189158 ], [ -247677.311255048727617, -3022600.0 ], [ -247680.0, -3022600.0 ], [ -247690.0, -3022600.0 ], [ -247690.0, -3022590.0 ], [ -247700.0, -3022590.0 ], [ -247700.0, -3022580.0 ], [ -247710.0, -3022580.0 ], [ -247710.0, -3022570.0 ], [ -247700.0, -3022570.0 ], [ -247697.734098869259469, -3022570.0 ], [ -247698.216029041184811, -3022567.089910845737904 ], [ -247697.716881021740846, -3022562.218837974127382 ], [ -247696.718373445706675, -3022552.476779485121369 ], [ -247694.345935007935623, -3022545.336690813768655 ], [ -247690.516164887463674, -3022539.986569864675403 ], [ -247683.918012998561608, -3022531.638857427053154 ], [ -247678.381375959928846, -3022525.643376269843429 ], [ -247673.094362825911958, -3022522.083432487677783 ], [ -247666.995479525270639, -3022518.606589800678194 ], [ -247659.439347357721999, -3022516.919922090135515 ], [ -247653.673289528407622, -3022516.690494287293404 ], [ -247641.246183110866696, -3022515.503068875987083 ], [ -247632.315917420462938, -3022516.418236468918622 ], [ -247627.444941653608112, -3022516.917480384930968 ], [ -247618.0357234585681, -3022521.163173183333129 ], [ -247613.414260303223273, -3022524.097946388181299 ], [ -247603.19315556139918, -3022528.426839206367731 ], [ -247594.51258976268582, -3022531.777648478280753 ], [ -247587.206075823749416, -3022532.526399557478726 ], [ -247576.735339209117228, -3022534.419845824595541 ], [ -247570.32390587835107, -3022535.897272638045251 ], [ -247563.829159422457451, -3022536.562910076230764 ], [ -247554.253508843947202, -3022539.184927301015705 ], [ -247541.347322313929908, -3022541.327982577495277 ], [ -247535.664462757966248, -3022541.910311225801706 ], [ -247526.734269402484642, -3022542.825559784658253 ], [ -247521.051408414467005, -3022543.407885645981878 ], [ -247512.849895226914668, -3022543.428047426510602 ], [ -247503.024616362876259, -3022543.614606272429228 ], [ -247494.823101625137497, -3022543.634762756992131 ], [ -247489.868810635060072, -3022543.322093821596354 ], [ -247483.207759120909031, -3022542.36395683279261 ], [ -247475.651617365976563, -3022540.677236426156014 ], [ -247471.509208949311869, -3022540.281365124508739 ], [ -247462.57900826347759, -3022541.196593463886529 ], [ -247455.022875145456055, -3022539.509765001479536 ], [ -247450.15188363334164, -3022540.008980280254036 ], [ -247446.092672687547747, -3022540.424988103099167 ], [ -247439.598024850769434, -3022541.090504269115627 ], [ -247433.103367681818781, -3022541.756121102254838 ], [ -247428.960957943374524, -3022541.360243324656039 ], [ -247424.735350690811174, -3022540.152481613215059 ], [ -247420.593034445919329, -3022539.756713196635246 ], [ -247414.910165815526852, -3022540.339017741847783 ], [ -247410.205472133471631, -3022542.461882529314607 ], [ -247404.772201564279385, -3022545.47973399842158 ], [ -247400.79619277297752, -3022546.707517325878143 ], [ -247397.715264072146965, -3022548.6639872812666 ], [ -247393.093865800008643, -3022551.598743103910238 ], [ -247386.120027841650881, -3022555.594768377020955 ], [ -247380.686751178931445, -3022558.612618003971875 ], [ -247376.877233382023405, -3022561.464176676701754 ], [ -247373.150817529385677, -3022565.127509200479835 ], [ -247368.446123633359093, -3022567.250268785282969 ], [ -247366.260168585547945, -3022569.935417916625738 ], [ -247366.158466781809693, -3022570.0 ], [ -247360.0, -3022570.0 ], [ -247360.0, -3022574.222933456301689 ], [ -247357.100466635136399, -3022576.616599497385323 ], [ -247351.667181772994809, -3022579.634447755292058 ], [ -247350.483422803110443, -3022580.0 ], [ -247350.0, -3022580.0 ], [ -247350.0, -3022580.149284014012665 ], [ -247347.691266141657252, -3022580.862235608045012 ], [ -247341.446093603677582, -3022583.96327859070152 ], [ -247339.010539291019086, -3022584.212873843032867 ], [ -247331.703986425738549, -3022584.961564924567938 ], [ -247326.021195382490987, -3022585.543966016266495 ], [ -247317.902755107410485, -3022586.375848865602165 ], [ -247314.093131991889095, -3022589.227293942123652 ], [ -247312.719055364985252, -3022591.829248018562794 ], [ -247307.368955499492586, -3022595.658977562561631 ], [ -247305.09980564576108, -3022597.532138569746166 ], [ -247302.913841528614284, -3022600.217288003768772 ], [ -247296.689824499830138, -3022600.855116412043571 ], [ -247290.063118596182903, -3022602.901371889747679 ], [ -247286.003889839397743, -3022603.317360495682806 ], [ -247279.238649790931959, -3022604.010617026593536 ], [ -247272.473306871717796, -3022604.703863420523703 ], [ -247268.414076881861547, -3022605.119849627837539 ], [ -247263.001840710348915, -3022605.674468757584691 ], [ -247256.375129046034999, -3022607.720717567019165 ], [ -247250.28633731539594, -3022608.344646762590855 ], [ -247244.874099191772984, -3022608.89926270255819 ], [ -247236.755745361151639, -3022609.731133729685098 ], [ -247225.254711612768006, -3022610.90967129310593 ], [ -247216.390378405136289, -3022611.134387267287821 ], [ -247208.133398429054068, -3022610.613141185138375 ], [ -247202.721156755083939, -3022611.167749320156872 ], [ -247201.368047368508996, -3022611.306371378712356 ], [ -247195.747863821918145, -3022609.831416141241789 ], [ -247190.335621379985241, -3022610.386021874845028 ], [ -247186.276394629967399, -3022610.801894668024033 ], [ -247182.824403290986083, -3022610.472003558184952 ], [ -247180.0, -3022610.202087639831007 ], [ -247180.0, -3022610.0 ], [ -247177.885352597135352, -3022610.0 ], [ -247175.920420506590744, -3022609.812220000196248 ], [ -247172.329808449256234, -3022608.129217732232064 ], [ -247168.739196726470254, -3022606.44621497951448 ], [ -247163.65684683888685, -3022603.548824222292751 ], [ -247158.366568163066404, -3022598.621768080629408 ], [ -247154.567918185261078, -3022594.909192689694464 ], [ -247149.485571497178171, -3022592.011799548752606 ], [ -247143.726773068192415, -3022589.183723545167595 ], [ -247139.390292176016374, -3022586.893573796842247 ], [ -247136.476136971235974, -3022585.141248926986009 ], [ -247132.278283933119383, -3022584.204105327371508 ], [ -247128.219151149853133, -3022584.620079120155424 ], [ -247121.453798840870149, -3022585.313288011122495 ], [ -247116.856736595189432, -3022587.151576821226627 ], [ -247114.150618965504691, -3022587.428820467554033 ], [ -247106.708803139277734, -3022588.191445553209633 ], [ -247103.326129969413159, -3022588.537996773142368 ], [ -247095.814910967485048, -3022588.623953316826373 ], [ -247090.871287168760318, -3022587.079666948411614 ], [ -247087.957133587478893, -3022585.32733613345772 ], [ -247084.29721068055369, -3022582.967868586070836 ], [ -247081.175134167424403, -3022579.185871878173202 ], [ -247077.445904780935962, -3022576.149848552420735 ], [ -247075.277717763092369, -3022575.00477239349857 ], [ -247068.911577057820978, -3022572.922533605713397 ], [ -247066.066835479025031, -3022571.846764203626662 ], [ -247060.446668679389404, -3022570.371677416842431 ], [ -247054.965014428773429, -3022570.249690942466259 ], [ -247051.443718205904588, -3022569.243227079045027 ], [ -247043.932593821256887, -3022569.329278828576207 ], [ -247039.196911634004209, -3022569.814443982671946 ], [ -247030.939822162414202, -3022569.293235190212727 ], [ -247026.204130531783449, -3022569.778500272892416 ], [ -247016.056199263461167, -3022570.818232364486903 ], [ -247011.320506417687284, -3022571.303495083469898 ], [ -247008.215055186155951, -3022574.356256580445915 ], [ -247003.548675854806788, -3022575.517971825785935 ], [ -246998.812981420167489, -3022576.00323277618736 ], [ -246992.724174992385088, -3022576.627104526851326 ], [ -246987.311923802626552, -3022577.181669400073588 ], [ -246978.447688969143201, -3022577.406213306821883 ], [ -246971.543705367657822, -3022576.746376154944301 ], [ -246966.131452588626416, -3022577.300937031395733 ], [ -246960.112058853846975, -3022578.601264611817896 ], [ -246956.729371429944877, -3022578.94790014019236 ], [ -246948.610994105722057, -3022579.779686091002077 ], [ -246943.198739054962061, -3022580.334242857526988 ], [ -246938.46303991653258, -3022580.819494133815169 ], [ -246934.473107806610642, -3022581.911886022426188 ], [ -246929.130266307125567, -3022583.142903341911733 ], [ -246923.718009179254295, -3022583.697456672787666 ], [ -246917.490578160301084, -3022582.968301818706095 ], [ -246909.840738432016224, -3022581.701094451360404 ], [ -246903.006156395975268, -3022581.717805363703519 ], [ -246896.91734077516594, -3022582.341657198499888 ], [ -246890.759221110638464, -3022582.288950899615884 ], [ -246886.492063219979173, -3022580.675210975110531 ], [ -246881.756360352708725, -3022581.160452887415886 ], [ -246876.344100093207089, -3022581.714997110422701 ], [ -246868.902270160324406, -3022582.477457684930414 ], [ -246862.136996449960861, -3022583.170613675378263 ], [ -246854.625760051858379, -3022583.256504843942821 ], [ -246848.537042157520773, -3022583.880355121567845 ], [ -246843.055476635869127, -3022583.758335889317095 ], [ -246836.82805130907218, -3022583.029060299973935 ], [ -246834.052613032981753, -3022582.629821968264878 ], [ -246827.825187643931713, -3022581.900544254574925 ], [ -246820.106128613115288, -3022579.956966320052743 ], [ -246816.654141532955691, -3022579.626925761811435 ], [ -246809.073694568185601, -3022579.036357512697577 ], [ -246803.661429332045373, -3022579.590887832920998 ], [ -246798.925729888520436, -3022580.076013884972781 ], [ -246790.807326120353537, -3022580.907857271842659 ], [ -246785.395067786361324, -3022581.462282193358988 ], [ -246782.688929822965292, -3022581.739596365019679 ], [ -246777.745317894936306, -3022580.19514744495973 ], [ -246774.969777041231282, -3022579.795894333161414 ], [ -246769.349599016393768, -3022578.320846513845026 ], [ -246767.996585246408358, -3022578.459456080570817 ], [ -246761.907759078516392, -3022579.083278917241842 ], [ -246755.281085239374079, -3022581.129423414822668 ], [ -246749.33096824833774, -3022583.106266696471721 ], [ -246743.242139538459014, -3022583.730085951276124 ], [ -246737.153412270970875, -3022584.353912567719817 ], [ -246730.388023848907324, -3022585.047028974164277 ], [ -246723.830643805034924, -3022587.769725992809981 ], [ -246717.203954141994473, -3022589.815965486690402 ], [ -246713.89066414028639, -3022590.839038061909378 ], [ -246710.039422061323421, -3022593.284425099845976 ], [ -246703.482028365484439, -3022596.007221295963973 ], [ -246697.531799640652025, -3022597.984047848265618 ], [ -246694.218507373967441, -3022599.007118851412088 ], [ -246690.228655604529195, -3022600.099488397594541 ], [ -246686.238692684099078, -3022601.191950974520296 ], [ -246680.895823479222599, -3022602.422925521153957 ], [ -246676.437306441599503, -3022605.614270302467048 ], [ -246670.487174401641823, -3022607.591101460624486 ], [ -246665.890058354998473, -3022609.429326476994902 ], [ -246660.31958285800647, -3022610.0 ], [ -246660.0, -3022610.0 ], [ -246660.0, -3022610.032740019261837 ], [ -246656.418622757744743, -3022610.399638171773404 ], [ -246651.144944911124185, -3022612.307159455027431 ], [ -246647.762341294903308, -3022612.653768623713404 ], [ -246643.026515595818637, -3022613.138964489568025 ], [ -246638.967360161535908, -3022613.554768399801105 ], [ -246634.162338200723752, -3022613.363411472644657 ], [ -246629.288018574734451, -3022612.495493667200208 ], [ -246619.070711215259507, -3022612.858632868155837 ], [ -246611.628847007377772, -3022613.621029700618237 ], [ -246608.99200521374587, -3022614.574786798097193 ], [ -246605.140738556860015, -3022617.020266946405172 ], [ -246600.474316931533394, -3022618.181922981515527 ], [ -246595.200733055098681, -3022620.089444267563522 ], [ -246591.141463289648527, -3022620.505335249938071 ], [ -246586.336438150145113, -3022620.313970248680562 ], [ -246581.462116410257295, -3022619.446043767035007 ], [ -246577.333651721011847, -3022619.185380707960576 ], [ -246572.528634852817049, -3022618.99391115969047 ], [ -246567.654304506868357, -3022618.126084193121642 ], [ -246563.456441507325508, -3022617.188849648926407 ], [ -246556.621835512079997, -3022617.205375823192298 ], [ -246549.179963821108686, -3022617.967756852507591 ], [ -246543.629080944927409, -3022617.169119013939053 ], [ -246536.655874290299835, -3022615.832620451692492 ], [ -246529.751971610705368, -3022615.172578932251781 ], [ -246525.623403839097591, -3022614.911899316590279 ], [ -246519.118763082195073, -3022611.476511403918266 ], [ -246514.105852292472264, -3022609.255450346041471 ], [ -246510.5152480416873, -3022607.572453571949154 ], [ -246506.248193816252751, -3022605.958657372742891 ], [ -246504.218612849654164, -3022606.166549497283995 ], [ -246501.235173837689217, -3022603.73768734652549 ], [ -246496.898817527864594, -3022601.447430726140738 ], [ -246489.994916719413595, -3022600.787378424312919 ], [ -246484.444035832158988, -3022599.988727836869657 ], [ -246477.678722423821455, -3022600.681794547941536 ], [ -246472.942989778501214, -3022601.166970096994191 ], [ -246468.883826604491333, -3022601.582749214489013 ], [ -246466.854134220484411, -3022601.790732038207352 ], [ -246464.148093240393791, -3022602.067923365626484 ], [ -246459.412359489040682, -3022602.553096764720976 ], [ -246457.382777464954415, -3022602.760985468514264 ], [ -246451.293920272582909, -3022603.384744234383106 ], [ -246445.743139895057539, -3022602.58609428955242 ], [ -246438.700540017249295, -3022600.572999436873943 ], [ -246434.641366418713005, -3022600.988875744864345 ], [ -246431.727335485513322, -3022599.236472796648741 ], [ -246427.390880615828792, -3022596.946195307187736 ], [ -246423.193121945834719, -3022596.008946704678237 ], [ -246413.236596544622444, -3022592.243449333589524 ], [ -246408.969435731181875, -3022590.629730347078294 ], [ -246403.349262846866623, -3022589.154501099139452 ], [ -246395.907484942523297, -3022589.916848022025079 ], [ -246393.8084996411053, -3022589.448263684287667 ], [ -246387.511867373803398, -3022588.042331316508353 ], [ -246385.343692773312796, -3022586.897193228360265 ], [ -246381.753094966639765, -3022585.214178207796067 ], [ -246376.740193595411256, -3022582.99309012060985 ], [ -246373.964749181177467, -3022582.593804019968957 ], [ -246370.512743075902108, -3022582.26380873285234 ], [ -246367.060839016194222, -3022581.93382160551846 ], [ -246360.902687868161593, -3022581.880997627973557 ], [ -246343.573680375324329, -3022579.554370164405555 ], [ -246339.167942162835971, -3022576.587515817489475 ], [ -246334.900895840430167, -3022574.973691037856042 ], [ -246332.663331231888151, -3022573.151978050824255 ], [ -246330.425860371120507, -3022571.330375612713397 ], [ -246324.805691434798064, -3022569.855129270814359 ], [ -246319.931374419044005, -3022568.987153785768896 ], [ -246314.31119734942331, -3022567.512007239740342 ], [ -246309.575561701261904, -3022567.997162213083357 ], [ -246307.545977971254615, -3022568.2050393326208 ], [ -246304.371147065452533, -3022570.581079105380923 ], [ -246299.704799589700997, -3022571.742794728372246 ], [ -246293.685335761314491, -3022573.042986067943275 ], [ -246288.949595781799871, -3022573.528129376005381 ], [ -246284.213864023622591, -3022574.013169848825783 ], [ -246278.801662990386831, -3022574.567609128076583 ], [ -246273.389359370514285, -3022575.122038815636188 ], [ -246267.977165935793892, -3022575.676374045666307 ], [ -246258.085911731759552, -3022576.552852728404105 ], [ -246253.902031295729103, -3022575.750911472830921 ], [ -246249.718048851296771, -3022574.948960934299976 ], [ -246245.658868403610541, -3022575.364809012040496 ], [ -246239.445299829763826, -3022574.770729633048177 ], [ -246233.231833221012494, -3022574.17665741359815 ], [ -246229.578553996048868, -3022574.550865802913904 ], [ -246224.707585595519049, -3022575.049781339243054 ], [ -246220.648403746919939, -3022575.465625872835517 ], [ -246215.288266854942776, -3022575.194270748179406 ], [ -246209.928121171164094, -3022574.923016644082963 ], [ -246203.183951056009391, -3022573.152774647809565 ], [ -246199.364437825221103, -3022571.903294231276959 ], [ -246195.138920566940214, -3022570.695441443473101 ], [ -246190.871877471159678, -3022569.081592328380793 ], [ -246186.198830468929373, -3022567.509370563551784 ], [ -246184.044537642621435, -3022566.499549622647464 ], [ -246178.393362114264164, -3022563.386804115958512 ], [ -246174.938116204430116, -3022561.689781438093632 ], [ -246169.900804952863837, -3022560.565095358528197 ], [ -246166.487085304339416, -3022559.274067184887826 ], [ -246162.053712340595666, -3022556.036519931163639 ], [ -246158.55692518412252, -3022553.933703705202788 ], [ -246156.277836205990752, -3022551.706080725882202 ], [ -246153.915688170789508, -3022548.666568608023226 ], [ -246152.042493454355281, -3022546.397411476355046 ], [ -246149.721871707995888, -3022543.763894826639444 ], [ -246148.702109080040827, -3022541.817469768691808 ], [ -246146.423021929047536, -3022539.589846458751708 ], [ -246143.779677666490898, -3022537.809658823534846 ], [ -246140.771956879238132, -3022536.477102239150554 ], [ -246138.659201168309664, -3022535.873171148821712 ], [ -246136.140552132157609, -3022535.310773573815823 ], [ -246128.990498668455984, -3022533.582045807037503 ], [ -246125.212414697365602, -3022532.738541412167251 ], [ -246122.65223242121283, -3022531.770249123219401 ], [ -246119.561352432181593, -3022529.625792603939772 ], [ -246115.169513272237964, -3022526.794233943801373 ], [ -246112.443002967804205, -3022524.202247940469533 ], [ -246109.63322253714432, -3022520.798457901459187 ], [ -246107.635442169761518, -3022517.311516593210399 ], [ -246106.657216702442383, -3022515.770984017290175 ], [ -246103.889175220916513, -3022512.773104448802769 ], [ -246101.568458530848147, -3022510.139576309360564 ], [ -246098.800418187020114, -3022507.141696535050869 ], [ -246097.249964440707117, -3022504.01910709310323 ], [ -246093.951229266851442, -3022499.845063582528383 ], [ -246091.224723703955533, -3022497.253076727967709 ], [ -246087.727845979097765, -3022495.150243887212127 ], [ -246084.189546685258392, -3022492.641424088273197 ], [ -246081.910468361107633, -3022490.413796878885478 ], [ -246079.267021385516273, -3022488.633697283454239 ], [ -246075.645564971695421, -3022485.312979846261442 ], [ -246073.814015477255452, -3022483.449721248820424 ], [ -246070.317140488361474, -3022481.346886418759823 ], [ -246067.673805664147949, -3022479.566692389082164 ], [ -246065.436355483630905, -3022477.745067845564336 ], [ -246060.638636188668897, -3022474.955034398939461 ], [ -246058.93177851580549, -3022474.30956452479586 ], [ -246054.747911716433009, -3022473.507590384688228 ], [ -246052.187634039495606, -3022472.539282867219299 ], [ -246048.16017889342038, -3022469.260187888517976 ], [ -246043.851623274415033, -3022467.240422490984201 ], [ -246039.542957444209605, -3022465.220749869477004 ], [ -246032.507803561835317, -3022460.608982757665217 ], [ -246029.09420125716133, -3022459.317945788614452 ], [ -246024.46280978617142, -3022458.151596889365464 ], [ -246020.154146122484235, -3022456.131921141874045 ], [ -246016.376183221291285, -3022455.288306996691972 ], [ -246009.382557334436569, -3022451.082528871484101 ], [ -246004.178944842133205, -3022448.334119009319693 ], [ -246002.024665150907822, -3022447.32428389461711 ], [ -245997.39327570295427, -3022446.157930122222751 ], [ -245993.698469879076583, -3022446.126209101639688 ], [ -245987.807760092400713, -3022444.678647661115974 ], [ -245982.812000522681046, -3022443.959817358758301 ], [ -245978.992499547079206, -3022442.710406879894435 ], [ -245973.341364423977211, -3022439.597620200831443 ], [ -245970.573241419973783, -3022436.599720869213343 ], [ -245967.763588292378699, -3022433.195928555447608 ], [ -245965.037099321663845, -3022430.603930461220443 ], [ -245962.393663496623049, -3022428.823819932062179 ], [ -245956.825789172813529, -3022426.522935084998608 ], [ -245952.517141665826784, -3022424.503146346192807 ], [ -245948.16696424849215, -3022422.077464097179472 ], [ -245944.30583437968744, -3022420.422147154808044 ], [ -245939.997188313631341, -3022418.402356404345483 ], [ -245937.478549605759326, -3022417.839939139317721 ], [ -245931.223576609540032, -3022416.839898430276662 ], [ -245928.340566637576558, -3022416.725005317013711 ], [ -245923.750703728175722, -3022415.964633222203702 ], [ -245915.87203995679738, -3022415.130904408637434 ], [ -245910.834762975311605, -3022414.006064961198717 ], [ -245907.338006901991321, -3022411.903217654209584 ], [ -245905.183629756094888, -3022410.893365988973528 ], [ -245898.928657538839616, -3022409.8933175066486 ], [ -245892.756744458572939, -3022409.705053404439241 ], [ -245890.685630890395259, -3022409.507003616075963 ], [ -245885.814557340578176, -3022410.005943944677711 ], [ -245880.454540240491042, -3022409.734524730592966 ], [ -245875.906309030164266, -3022409.380045872647315 ], [ -245868.797910400666296, -3022408.057249277364463 ], [ -245864.572420445241733, -3022406.849342472385615 ], [ -245859.368824243545532, -3022404.100903605576605 ], [ -245854.165228874975583, -3022401.352463754825294 ], [ -245848.753794556658249, -3022396.574438532814384 ], [ -245846.474841836461565, -3022394.346800913568586 ], [ -245843.383992853807285, -3022392.202314139809459 ], [ -245839.887149258516729, -3022390.099347127135843 ], [ -245836.588453905744245, -3022385.925377796869725 ], [ -245834.143193212163169, -3022382.074048661161214 ], [ -245833.570982008066494, -3022380.49198851455003 ], [ -245829.294091870862758, -3022374.777377050369978 ], [ -245827.702147330361186, -3022371.248884238768369 ], [ -245825.2984178517072, -3022367.803448379039764 ], [ -245823.134366458718432, -3022362.692904966883361 ], [ -245820.689008156361524, -3022358.841568172443658 ], [ -245819.055537856474984, -3022354.907183756120503 ], [ -245816.693432821484748, -3022351.867751720361412 ], [ -245814.206548541493248, -3022347.610522845759988 ], [ -245811.802814656897681, -3022344.165189795661718 ], [ -245809.034716966707492, -3022341.167277205735445 ], [ -245804.840988345851656, -3022336.264562438707799 ], [ -245802.843259813555051, -3022332.777608090545982 ], [ -245801.12654317880515, -3022328.031321289017797 ], [ -245800.388131115381839, -3022324.825582957360893 ], [ -245798.348672403459204, -3022320.93271990865469 ], [ -245797.204258194658905, -3022317.768603327218443 ], [ -245796.341068688168889, -3022313.345070213545114 ], [ -245795.071978977619438, -3022308.963167376350611 ], [ -245793.438516774069285, -3022305.028786695096642 ], [ -245791.076317605416989, -3022301.989347372204065 ], [ -245788.672600156802218, -3022298.543914007488638 ], [ -245785.457082316657761, -3022295.181739628780633 ], [ -245782.84542341218912, -3022289.706821105442941 ], [ -245780.358551676676143, -3022285.449595743790269 ], [ -245778.319201860605972, -3022281.556743771769106 ], [ -245776.602596661425196, -3022276.810470771510154 ], [ -245774.969139921449823, -3022272.876092308200896 ], [ -245774.55337581015192, -3022268.816928803455085 ], [ -245772.753616447502282, -3022263.258865665644407 ], [ -245771.567690678872168, -3022259.688759553711861 ], [ -245769.975763189402642, -3022256.160274185240269 ], [ -245768.831356596259866, -3022252.996162174269557 ], [ -245766.427647290722234, -3022249.550731019116938 ], [ -245763.659556878614239, -3022246.552922221366316 ], [ -245761.505307036277372, -3022245.542966961394995 ], [ -245758.737217537534889, -3022242.545157849323004 ], [ -245757.228448477369966, -3022239.828464368823916 ], [ -245754.409076161158737, -3022232.323984375689179 ], [ -245752.941834846831625, -3022230.013182554394007 ], [ -245751.963733565586153, -3022228.472755857277662 ], [ -245750.163991773733869, -3022222.91459526354447 ], [ -245749.019589627248934, -3022219.750485213007778 ], [ -245747.750413058238337, -3022215.368583102244884 ], [ -245745.877375987038249, -3022213.099418996367604 ], [ -245744.691355195682263, -3022209.529308021999896 ], [ -245742.16297266606125, -3022204.866197037044913 ], [ -245739.800789441796951, -3022201.826760393567383 ], [ -245736.626816528092604, -3022198.870478132274002 ], [ -245734.753781640611123, -3022196.601314064115286 ], [ -245732.391600004979409, -3022193.561877272091806 ], [ -245729.259256915363949, -3022191.011493925005198 ], [ -245727.510903190704994, -3022189.960010504350066 ], [ -245724.014187466906151, -3022187.857145421672612 ], [ -245719.175018361711409, -3022184.661168053746223 ], [ -245716.323786524211755, -3022180.851568369660527 ], [ -245714.81502599074156, -3022178.134876540862024 ], [ -245714.118157719902229, -3022175.335039948578924 ], [ -245712.609397817839636, -3022172.618348391260952 ], [ -245709.924474991305033, -3022170.432328526396304 ], [ -245707.322705782018602, -3022169.058098176028579 ], [ -245702.649839176505338, -3022167.485800129827112 ], [ -245699.434348534559831, -3022164.123624566476792 ], [ -245698.414634148270125, -3022162.177196964155883 ], [ -245692.878496082325, -3022156.181473580654711 ], [ -245687.18591880594613, -3022152.662745349109173 ], [ -245684.823848396103131, -3022149.623315458185971 ], [ -245681.733039339393144, -3022147.47881858702749 ], [ -245680.057980028883321, -3022143.138548064045608 ], [ -245677.529615836159792, -3022138.475437657907605 ], [ -245676.509904199425364, -3022136.5290103610605 ], [ -245671.546072158962488, -3022132.11534730065614 ], [ -245669.142378569289576, -3022128.670018554199487 ], [ -245665.885269873513607, -3022124.901942661032081 ], [ -245662.794464971724665, -3022122.757444425951689 ], [ -245659.66203378883074, -3022120.2070471374318 ], [ -245654.947652085393202, -3022118.228850690182298 ], [ -245648.162065766839078, -3022116.052674561738968 ], [ -245644.748412886168808, -3022114.761581103783101 ], [ -245641.043894445931073, -3022110.629137084353715 ], [ -245636.527494936191943, -3022106.579732723068446 ], [ -245630.387408634473104, -3022102.696721978485584 ], [ -245627.338225846062414, -3022100.958220792002976 ], [ -245622.332781049277401, -3022096.138652059715241 ], [ -245617.04611307309824, -3022092.578387234825641 ], [ -245615.703667436988326, -3022091.485271667595953 ], [ -245610.781367200281238, -3022087.477592003997415 ], [ -245606.514406484027859, -3022085.863753353245556 ], [ -245602.611821040860377, -3022083.802398377098143 ], [ -245597.002407925494481, -3022081.095544073265046 ], [ -245593.672011515387567, -3022080.616241193376482 ], [ -245588.353560825402383, -3022080.750742514617741 ], [ -245584.866703448700719, -3022082.74853186821565 ], [ -245580.807555956125725, -3022083.164258338045329 ], [ -245577.924572339747101, -3022083.049320272170007 ], [ -245573.334871281927917, -3022082.288788048550487 ], [ -245569.962942592828767, -3022081.403694239910692 ], [ -245564.395054423541296, -3022079.102722637820989 ], [ -245561.429033437743783, -3022078.175900503993034 ], [ -245557.120450055052061, -3022076.15615494037047 ], [ -245554.560319511656417, -3022075.187809092923999 ], [ -245549.564609986089636, -3022074.468991050962359 ], [ -245543.268184706190368, -3022073.062960016541183 ], [ -245538.595337371865753, -3022071.490632781293243 ], [ -245536.482620187773136, -3022070.886652600951493 ], [ -245533.027452269598143, -3022069.189654448069632 ], [ -245529.124872097367188, -3022067.128288235981017 ], [ -245527.012155278003775, -3022066.524307281710207 ], [ -245522.297778324136743, -3022064.546189101878554 ], [ -245517.54168402167852, -3022062.162060672882944 ], [ -245514.003481998370262, -3022059.65317782945931 ], [ -245511.277060669846833, -3022057.061250256374478 ], [ -245508.550537761038868, -3022054.469313899520785 ], [ -245504.647960820700973, -3022052.407944262959063 ], [ -245502.816475728730438, -3022050.544658543542027 ], [ -245501.349367506161798, -3022048.233858711551875 ], [ -245498.904077054816298, -3022044.382619227748364 ], [ -245496.094512797018979, -3022040.978902339935303 ], [ -245493.284957875584951, -3022037.575083315372467 ], [ -245491.859364451695001, -3022035.670275585725904 ], [ -245488.851724964595633, -3022034.337546731811017 ], [ -245485.844077080517309, -3022033.00491961883381 ], [ -245484.137355024897261, -3022032.35942210489884 ], [ -245480.400970932882046, -3022031.921617371961474 ], [ -245471.669079143437557, -3022030.765097771771252 ], [ -245469.150475436093984, -3022030.202633558772504 ], [ -245467.079283076745924, -3022030.004537625703961 ], [ -245463.218326329108095, -3022028.349162783939391 ], [ -245459.398797719914, -3022027.09956660028547 ], [ -245456.75552854812122, -3022025.31942282943055 ], [ -245453.258848022145685, -3022023.216524730436504 ], [ -245448.295065588259604, -3022018.802824359387159 ], [ -245441.291894911671989, -3022010.496359498705715 ], [ -245437.223039864707971, -3022006.8114043045789 ], [ -245433.601604973897338, -3022003.490715581458062 ], [ -245427.867553130432498, -3021999.566148195881397 ], [ -245425.099632932862733, -3021996.56822215905413 ], [ -245423.309677013166947, -3021995.110822105780244 ], [ -245420.05261431474355, -3021991.342721938155591 ], [ -245417.773719807300949, -3021989.115164992865175 ], [ -245416.389662940579001, -3021987.616142101585865 ], [ -245412.726703938678838, -3021983.889664088841528 ], [ -245403.547321415797342, -3021982.368640213273466 ], [ -245402.246501511282986, -3021981.681515149306506 ], [ -245394.898482468823204, -3021982.023872600402683 ], [ -245389.861377191118663, -3021980.89903937606141 ], [ -245387.301155814580852, -3021979.930668784771115 ], [ -245382.139286996389274, -3021977.58814789308235 ], [ -245380.026679696398787, -3021976.984163557644933 ], [ -245376.405254444049206, -3021973.663467978127301 ], [ -245370.920630555396201, -3021972.174354660790414 ], [ -245365.477535215584794, -3021971.091027746442705 ], [ -245360.92936052204459, -3021970.73644852032885 ], [ -245354.632957884226926, -3021969.330370855052024 ], [ -245350.043263736763038, -3021968.569900063797832 ], [ -245345.13070995581802, -3021968.662829304113984 ], [ -245342.289353906729957, -3021968.953762062825263 ], [ -245336.65794756935793, -3021974.042283258866519 ], [ -245335.887780561693944, -3021974.53132226318121 ], [ -245331.67215740121901, -3021977.423993935342878 ], [ -245326.519991763023427, -3021979.182016599923372 ], [ -245323.397386040043784, -3021980.732349790632725 ], [ -245318.692832151951734, -3021982.854759716428816 ], [ -245315.081203848007135, -3021983.634720551315695 ], [ -245309.075616738322424, -3021985.070084358565509 ], [ -245304.412579293944873, -3021987.598382913507521 ], [ -245302.424629771499895, -3021988.212071500718594 ], [ -245297.678340647660661, -3021989.928673807065934 ], [ -245294.02519141236553, -3021990.302742209751159 ], [ -245290.288902534462977, -3021989.865020888857543 ], [ -245285.980453357857186, -3021987.845137000549585 ], [ -245281.307615631027147, -3021986.272865420207381 ], [ -245276.353545310703339, -3021985.959791073575616 ], [ -245272.658775045798393, -3021985.927957568783313 ], [ -245268.069076523621334, -3021985.167472931556404 ], [ -245262.667588632786646, -3021984.49012606125325 ], [ -245256.860108213819331, -3021983.854287630878389 ], [ -245253.040681154205231, -3021982.604771525133401 ], [ -245246.379893278965028, -3021981.646178587339818 ], [ -245240.530894992843969, -3021980.604446078650653 ], [ -245236.263958137482405, -3021978.9905463042669 ], [ -245231.997132316377247, -3021977.376552364788949 ], [ -245228.13608661305625, -3021975.721133492421359 ], [ -245223.098878839082317, -3021974.596259512472898 ], [ -245219.768481111415895, -3021974.117010436952114 ], [ -245214.772893145127455, -3021973.398033952340484 ], [ -245209.32979516373598, -3021972.314674796536565 ], [ -245202.627491139166523, -3021970.950180096551776 ], [ -245198.079311163251987, -3021970.595573649276048 ], [ -245193.489613916404778, -3021969.835075851529837 ], [ -245188.129746090184199, -3021969.563612753991038 ], [ -245184.757737913838355, -3021968.678357933647931 ], [ -245181.510476395778824, -3021969.010893862228841 ], [ -245174.891206531377975, -3021968.458173331338912 ], [ -245169.489727866282919, -3021967.780705156270415 ], [ -245163.401094226253917, -3021968.404256369452924 ], [ -245158.738039137562737, -3021970.932531873229891 ], [ -245155.896675633790437, -3021971.223446215968579 ], [ -245148.954639786592452, -3021971.524128486402333 ], [ -245140.462390836735722, -3021968.702196933329105 ], [ -245137.496273549215402, -3021967.775419539306313 ], [ -245133.99971656431444, -3021965.67248555785045 ], [ -245130.992083388089668, -3021964.339816574007273 ], [ -245126.642025143024512, -3021961.91400609863922 ], [ -245123.228493105300004, -3021960.622954506892711 ], [ -245121.074269190168707, -3021959.613049497827888 ], [ -245117.254855310980929, -3021958.363411136437207 ], [ -245112.582024683710188, -3021956.791108848992735 ], [ -245110.063426340464503, -3021956.228609732817858 ], [ -245106.244004429376218, -3021954.979071822483093 ], [ -245102.060207669186639, -3021954.17694000992924 ], [ -245097.428995765716536, -3021953.010534455534071 ], [ -245094.057091662602033, -3021952.125276419799775 ], [ -245090.279186087631388, -3021951.281627027783543 ], [ -245084.471808857604628, -3021950.645758948288858 ], [ -245080.693903425883036, -3021949.802108159754425 ], [ -245075.656801281991648, -3021948.677214173600078 ], [ -245071.920411403814796, -3021948.239453044719994 ], [ -245068.954398827045225, -3021947.312676398083568 ], [ -245063.428273599187378, -3021945.417504805140197 ], [ -245060.462159301940119, -3021944.490718570072204 ], [ -245057.8605316663743, -3021943.116432465612888 ], [ -245054.645029717183206, -3021939.754172038286924 ], [ -245051.554371132166125, -3021937.609712055884302 ], [ -245048.463619508838747, -3021935.465141068678349 ], [ -245046.101518222334562, -3021932.425749650690705 ], [ -245044.957209289597813, -3021929.261618155520409 ], [ -245044.218902185151819, -3021926.055878621526062 ], [ -245043.438876397383865, -3021922.444231416098773 ], [ -245042.825207616522675, -3021920.456275335513055 ], [ -245041.962050806963816, -3021916.032838789746165 ], [ -245041.712766918091802, -3021913.597375647164881 ], [ -245041.546503918973031, -3021911.973795972298831 ], [ -245041.578371154959314, -3021908.279027494136244 ], [ -245042.463534180336865, -3021904.907120664604008 ], [ -245042.859777325385949, -3021900.764948063064367 ], [ -245042.891644786694087, -3021897.070181125309318 ], [ -245042.600642666424392, -3021894.228812051005661 ], [ -245042.226611489633797, -3021890.575662651099265 ], [ -245040.270516866730759, -3021887.494666354265064 ], [ -245038.761836086428957, -3021884.777943777386099 ], [ -245036.160113287216518, -3021883.403648133389652 ], [ -245030.758639016770758, -3021882.726251644082367 ], [ -245026.210570265393471, -3021882.371622216887772 ], [ -245024.586889872385655, -3021882.537875009700656 ], [ -245020.975357061281102, -3021883.317802114412189 ], [ -245019.028908100095578, -3021884.337460208684206 ], [ -245016.63505440755398, -3021884.992742090951651 ], [ -245014.157968053099466, -3021884.836225840263069 ], [ -245011.680992360343225, -3021884.679615895263851 ], [ -245009.891153027798282, -3021883.222297784406692 ], [ -245008.101220407581422, -3021881.764868886210024 ], [ -245005.905491081153741, -3021880.349064619746059 ], [ -245002.408850211068057, -3021878.246106279548258 ], [ -244999.807128965854645, -3021876.871806892100722 ], [ -244996.924254760146141, -3021876.756811451166868 ], [ -244993.999755968339741, -3021876.236018815077841 ], [ -244991.56429446770926, -3021876.485297250095755 ], [ -244987.994265418470604, -3021877.671212423592806 ], [ -244984.788621299056103, -3021878.40962103754282 ], [ -244981.218498030590126, -3021879.595424877014011 ], [ -244978.94937939607189, -3021881.468494353815913 ], [ -244975.545505294110626, -3021884.277979306876659 ], [ -244972.141732548887376, -3021887.087472934741527 ], [ -244970.320025477092713, -3021889.324817542452365 ], [ -244967.488298546755686, -3021893.7163693937473 ], [ -244963.761762125242967, -3021897.37916730158031 ], [ -244960.639132807700662, -3021898.929458249360323 ], [ -244958.952959486254258, -3021900.0 ], [ -244950.0, -3021900.0 ], [ -244950.0, -3021901.231661145575345 ], [ -244945.297741119808052, -3021901.320551591459662 ], [ -244940.30216018675128, -3021900.601522083859891 ], [ -244934.005769288021838, -3021899.195342413149774 ], [ -244928.156884776981315, -3021898.153547846246511 ], [ -244924.097727078740718, -3021898.569170929025859 ], [ -244918.82098928198684, -3021899.109442860353738 ], [ -244913.05512146971887, -3021898.879529256839305 ], [ -244906.071579946408747, -3021898.774152589961886 ], [ -244901.52350445187767, -3021898.419502850156277 ], [ -244894.581466215226101, -3021898.720116544514894 ], [ -244888.086933152459096, -3021899.385115984361619 ], [ -244885.245566256227903, -3021899.676000676583499 ], [ -244879.157034180010669, -3021900.299392286688089 ], [ -244877.616476224269718, -3021901.277428444474936 ], [ -244873.276156231208006, -3021902.952350292820483 ], [ -244865.896340971696191, -3021906.989141549449414 ], [ -244862.856930685549742, -3021909.351224179845303 ], [ -244860.993597652879544, -3021911.182666052132845 ], [ -244855.684969730151352, -3021915.417600737884641 ], [ -244853.821635795815382, -3021917.249042775481939 ], [ -244850.782129773520865, -3021919.611014852300286 ], [ -244850.560339621035382, -3021920.0 ], [ -244850.0, -3021920.0 ], [ -244850.0, -3021920.982747826259583 ], [ -244849.043526851281058, -3021922.660251740831882 ], [ -244846.815914240229176, -3021924.939106550998986 ], [ -244843.817918736196589, -3021927.706970832310617 ], [ -244841.950915289606201, -3021930.0 ], [ -244840.0, -3021930.0 ], [ -244840.0, -3021931.763695920817554 ], [ -244836.687554024683777, -3021934.179351693019271 ], [ -244834.824217572342604, -3021936.010794383008033 ], [ -244832.232213847659295, -3021938.737155869603157 ], [ -244831.031603752722731, -3021940.0 ], [ -244830.0, -3021940.0 ], [ -244820.0, -3021940.0 ], [ -244820.0, -3021946.000150986481458 ], [ -244818.690325807256158, -3021946.686208208091557 ], [ -244813.902589332836214, -3021947.996745845302939 ], [ -244809.031633427919587, -3021948.495378711260855 ], [ -244807.043657098722178, -3021949.109135345555842 ], [ -244805.34300608758349, -3021950.0 ], [ -244790.0, -3021950.0 ], [ -244790.0, -3021951.738319127820432 ], [ -244789.266821063967654, -3021951.749534001108259 ], [ -244781.471464241767535, -3021951.727254149038345 ], [ -244778.546963547996711, -3021951.206336431670934 ], [ -244773.791013311682036, -3021948.822178143076599 ], [ -244767.775874904036755, -3021946.156659479718655 ], [ -244763.06153907548287, -3021944.178400499746203 ], [ -244757.337275701254839, -3021944.354255621787161 ], [ -244750.312201711029047, -3021943.842950000893325 ], [ -244742.350588804198196, -3021942.197172673884779 ], [ -244730.652690849237842, -3021940.113490782678127 ], [ -244721.920803505316144, -3021938.956620821263641 ], [ -244714.448215387004893, -3021938.081016686744988 ], [ -244704.415518700843677, -3021936.236979401204735 ], [ -244697.307313475030242, -3021934.913967508357018 ], [ -244686.702481252665166, -3021931.48784476518631 ], [ -244678.616248384234495, -3021928.624258669558913 ], [ -244674.432450310268905, -3021927.822058749385178 ], [ -244669.353736855555326, -3021926.291184911038727 ], [ -244661.392238330154214, -3021924.64528925344348 ], [ -244657.250043448992074, -3021924.249090150929987 ], [ -244652.535723056615097, -3021922.270708698313683 ], [ -244645.385917782725301, -3021920.541678921319544 ], [ -244639.53702255449025, -3021919.499821085948497 ], [ -244629.951723637699615, -3021918.020240915007889 ], [ -244623.696935661399039, -3021917.019888426177204 ], [ -244619.637860502698459, -3021917.435477986000478 ], [ -244616.307468886574497, -3021916.9560507517308 ], [ -244611.676261577551486, -3021915.789558481425047 ], [ -244605.255235373508185, -3021913.165612234733999 ], [ -244599.489357811165974, -3021912.935531498864293 ], [ -244593.806692275538808, -3021913.517355046235025 ], [ -244590.965312567102956, -3021913.8082110658288 ], [ -244584.553867727925535, -3021915.284937894903123 ], [ -244579.807622226740932, -3021917.00132851768285 ], [ -244574.249589381332044, -3021918.80073483614251 ], [ -244567.796633479709271, -3021919.871565301902592 ], [ -244561.218957319535548, -3021919.724595 ], [ -244554.964158516930183, -3021918.724328487645835 ], [ -244550.697344880609307, -3021917.110322051681578 ], [ -244549.032144234282896, -3021916.870655231177807 ], [ -244545.295858153054724, -3021916.43272688658908 ], [ -244540.0, -3021915.250006623100489 ], [ -244540.0, -3021910.0 ], [ -244530.0, -3021910.0 ], [ -244529.886508383904584, -3021910.0 ], [ -244528.509672736254288, -3021908.717477068770677 ], [ -244523.546110304188915, -3021904.303694136440754 ], [ -244520.0, -3021901.416249680798501 ], [ -244520.0, -3021900.0 ], [ -244518.350861458049621, -3021900.0 ], [ -244515.856111532571958, -3021897.297861619852483 ], [ -244513.983180628973059, -3021895.02860668534413 ], [ -244510.195702044293284, -3021890.084296965040267 ], [ -244506.938851789425826, -3021886.316074986476451 ], [ -244502.505710539873689, -3021883.078462317585945 ], [ -244499.820986826875014, -3021880.892322863452137 ], [ -244495.876966595387785, -3021878.424903886858374 ], [ -244488.925327607663348, -3021874.624841102864593 ], [ -244484.211020680842921, -3021872.646428997628391 ], [ -244480.714504305826267, -3021870.543403049465269 ], [ -244476.853491029702127, -3021868.887869706377387 ], [ -244474.251885223406134, -3021867.513522776775062 ], [ -244469.537571380555164, -3021865.535210146568716 ], [ -244465.270768090849742, -3021863.921190054621547 ], [ -244460.59796133209602, -3021862.348768918775022 ], [ -244454.707569009449799, -3021860.900975954718888 ], [ -244450.357652607228374, -3021858.475158562883735 ], [ -244445.643349669175223, -3021856.49673954769969 ], [ -244442.188334504229715, -3021854.799703787080944 ], [ -244438.857947863376467, -3021854.320253449492157 ], [ -244433.009062960540177, -3021853.278348648454994 ], [ -244429.314280288352165, -3021853.246398075018078 ], [ -244425.578093927557347, -3021852.808562450110912 ], [ -244421.269685831357492, -3021850.788633319083601 ], [ -244415.743581483868184, -3021848.893424109555781 ], [ -244412.37168973023654, -3021848.00807720888406 ], [ -244408.063282865681686, -3021845.988145906012505 ], [ -244401.725384762830799, -3021844.17604648321867 ], [ -244398.311886320414487, -3021842.884795948863029 ], [ -244393.233292990800692, -3021841.35387645708397 ], [ -244385.843829939869465, -3021841.28997198631987 ], [ -244382.10754222603282, -3021840.852121459320188 ], [ -244378.860259645589394, -3021841.184560634195805 ], [ -244376.913879287953023, -3021842.204186554066837 ], [ -244374.644615172699559, -3021844.077103926800191 ], [ -244372.500069448025897, -3021847.167718689888716 ], [ -244371.428698147385148, -3021850.0 ], [ -244370.0, -3021850.0 ], [ -244370.0, -3021852.892574864439666 ], [ -244367.606790068064583, -3021855.461741231847554 ], [ -244362.454738606902538, -3021857.219605396967381 ], [ -244357.989763850549934, -3021857.676659295335412 ], [ -244351.901094830187503, -3021858.299926608335227 ], [ -244345.563202431279933, -3021856.48771126428619 ], [ -244344.220795130648185, -3021855.394628659356385 ], [ -244341.858865564514417, -3021852.355171571485698 ], [ -244340.0, -3021851.037012404296547 ], [ -244340.0, -3021850.0 ], [ -244338.537607068370562, -3021850.0 ], [ -244338.320751509832917, -3021849.846223337575793 ], [ -244333.564939994306769, -3021847.461991798598319 ], [ -244329.787146054470213, -3021846.618240532465279 ], [ -244324.46877741519711, -3021846.752394777722657 ], [ -244322.033389640215319, -3021847.001725947018713 ], [ -244317.005837998440256, -3021849.977364750113338 ], [ -244316.987407034175703, -3021850.0 ], [ -244310.0, -3021850.0 ], [ -244310.0, -3021857.282575108576566 ], [ -244307.564561736217001, -3021857.916539303958416 ], [ -244303.63009136216715, -3021859.549771164078265 ], [ -244301.44403157781926, -3021862.234490690752864 ], [ -244299.622259437921457, -3021864.471803849097341 ], [ -244295.166824008076219, -3021869.029429746326059 ], [ -244294.376519615063444, -3021870.0 ], [ -244290.0, -3021870.0 ], [ -244290.0, -3021873.600294459611177 ], [ -244289.899683540395927, -3021873.670276529621333 ], [ -244284.789021811709972, -3021875.834015396423638 ], [ -244282.436739802418742, -3021876.895141373388469 ], [ -244277.565854147600476, -3021877.393789743073285 ], [ -244273.100871074100723, -3021877.850831621792167 ], [ -244268.188387626083568, -3021877.943473363760859 ], [ -244264.046189267974114, -3021877.547212867531925 ], [ -244261.121793464495568, -3021877.026245886459947 ], [ -244256.12620071839774, -3021876.307087966706604 ], [ -244253.649202747328673, -3021876.150511226151139 ], [ -244249.996118074312108, -3021876.52444928791374 ], [ -244246.342931090242928, -3021876.898378285579383 ], [ -244243.220352137810551, -3021878.44850449450314 ], [ -244239.65027294511674, -3021879.634230489842594 ], [ -244237.662277275143424, -3021880.247947011142969 ], [ -244236.486087952798698, -3021880.778453054372221 ], [ -244233.238794391480042, -3021881.110877472441643 ], [ -244230.0, -3021880.387478578370064 ], [ -244230.0, -3021880.0 ], [ -244228.265184730611509, -3021880.0 ], [ -244228.201697226148099, -3021879.985819788184017 ], [ -244223.570596968813334, -3021878.819266829639673 ], [ -244218.897798512625741, -3021877.246699057985097 ], [ -244215.036891798634315, -3021875.591133516747504 ], [ -244212.841186085657682, -3021874.175255612935871 ], [ -244208.085383267927682, -3021871.790896614547819 ], [ -244204.671874872234184, -3021870.499721554573625 ], [ -244200.238860588026, -3021867.262060705106705 ], [ -244198.407556825812208, -3021865.398682489059865 ], [ -244196.857436385005713, -3021862.276100782677531 ], [ -244195.348818775091786, -3021859.559413780923933 ], [ -244193.268195465556346, -3021855.26064262073487 ], [ -244191.436790975945769, -3021853.397255787160248 ], [ -244187.128491821349598, -3021851.377294260077178 ], [ -244182.455792235123226, -3021849.804830765817314 ], [ -244178.147391896869522, -3021847.784859160427004 ], [ -244174.733895747660426, -3021846.493578254710883 ], [ -244170.872994742676383, -3021844.838006501551718 ], [ -244167.86549563248991, -3021843.505231337156147 ], [ -244165.346997060230933, -3021842.942751494701952 ], [ -244158.114103519939817, -3021840.401789748109877 ], [ -244155.148208985570818, -3021839.474916206672788 ], [ -244150.881312926008832, -3021837.860834604594857 ], [ -244147.10351904280833, -3021837.0170569117181 ], [ -244144.137522862176411, -3021836.090173488017172 ], [ -244136.134539662278257, -3021834.038222503848374 ], [ -244131.055847180599812, -3021832.507242549676448 ], [ -244125.52985270449426, -3021830.611979041714221 ], [ -244109.97765326325316, -3021823.626110305543989 ], [ -244108.205422656290466, -3021822.830028812400997 ], [ -244098.014587750803912, -3021818.252514851745218 ], [ -244082.976921511115506, -3021811.588474445976317 ], [ -244078.585427791578695, -3021808.75668899808079 ], [ -244075.577934722532518, -3021807.423903275281191 ], [ -244070.093344690249069, -3021805.934513873886317 ], [ -244065.826557721855352, -3021804.320426991209388 ], [ -244063.224959892249899, -3021802.946139577776194 ], [ -244057.168382352450863, -3021799.874559110030532 ], [ -244053.71338552684756, -3021798.177470014430583 ], [ -244047.250906583474716, -3021795.147489456925541 ], [ -244044.16021177006769, -3021793.002894058357924 ], [ -244042.4120150807139, -3021791.951405832543969 ], [ -244037.531531318847556, -3021788.349316322710365 ], [ -244034.888444754789816, -3021786.569029772654176 ], [ -244031.756251978571527, -3021784.018538756296039 ], [ -244029.394357446057256, -3021780.979051791131496 ], [ -244027.968861549539724, -3021779.074155158828944 ], [ -244025.482375841413159, -3021774.816874622367322 ], [ -244024.015381091216113, -3021772.50608379021287 ], [ -244020.841691475710832, -3021769.549697889015079 ], [ -244016.367108399688732, -3021765.906106278765947 ], [ -244012.506223257485544, -3021764.250511624850333 ], [ -244010.758037941064686, -3021763.198919585905969 ], [ -244007.792050835763803, -3021762.272020642645657 ], [ -244002.349071516655385, -3021761.188519650604576 ], [ -243995.563801867712755, -3021759.011925403028727 ], [ -243988.372527941217413, -3021756.876921743620187 ], [ -243982.076262135262368, -3021755.470520045608282 ], [ -243977.850975215900689, -3021754.262415356468409 ], [ -243974.884989271551603, -3021753.335512633435428 ], [ -243970.087720517156413, -3021750.545217681210488 ], [ -243965.248843350069365, -3021747.349121152423322 ], [ -243958.214289702678798, -3021742.737023979891092 ], [ -243955.57110057582031, -3021740.956823667977005 ], [ -243953.250724465149688, -3021738.323123700916767 ], [ -243949.265248147246893, -3021735.449828752316535 ], [ -243946.174667868559482, -3021733.305231755133718 ], [ -243942.428899013670161, -3021728.766742098145187 ], [ -243939.61952433292754, -3021725.362844958435744 ], [ -243937.382342607539613, -3021723.541051744483411 ], [ -243930.919777757546399, -3021720.511137433350086 ], [ -243928.682596886384999, -3021718.689343573059887 ], [ -243925.102926046674838, -3021715.774437172338367 ], [ -243921.606455509754596, -3021713.671335610095412 ], [ -243916.361695200350368, -3021710.51672919280827 ], [ -243911.43974132090807, -3021706.508725683670491 ], [ -243908.266069596051238, -3021703.552328553982079 ], [ -243905.94579443600378, -3021700.918736780527979 ], [ -243903.583818192448234, -3021697.879233835730702 ], [ -243902.24153382491204, -3021696.786137814633548 ], [ -243899.598351991036907, -3021695.005932921543717 ], [ -243896.549276624020422, -3021693.267225050833076 ], [ -243892.56382028356893, -3021690.393821145873517 ], [ -243888.172462271759287, -3021687.562015914358199 ], [ -243884.592790526861791, -3021684.647207356523722 ], [ -243880.607336429937277, -3021681.773801940027624 ], [ -243876.25746898361831, -3021679.347990817390382 ], [ -243873.166899522650056, -3021677.203386745415628 ], [ -243869.181447433249559, -3021674.329979842994362 ], [ -243865.601889789104462, -3021671.415075743105263 ], [ -243863.00020884591504, -3021670.040761362295598 ], [ -243857.557348454924067, -3021668.957237681373954 ], [ -243853.737978226185078, -3021667.707514111418277 ], [ -243850.730506332882214, -3021666.374703620560467 ], [ -243845.974749281449476, -3021663.990384154953063 ], [ -243841.947702816687524, -3021660.711071116384119 ], [ -243839.138440270064166, -3021657.307277544401586 ], [ -243836.495273889391683, -3021655.526964944321662 ], [ -243832.103925625910051, -3021652.695151307620108 ], [ -243830.0, -3021651.471470886375755 ], [ -243830.0, -3021650.0 ], [ -243827.47003772194148, -3021650.0 ], [ -243827.306573844049126, -3021649.904926512390375 ], [ -243822.998321151040727, -3021647.884907296393067 ], [ -243819.137458424578654, -3021646.229285097215325 ], [ -243815.276596036361298, -3021644.573662333190441 ], [ -243810.0, -3021643.007044072728604 ], [ -243810.0, -3021640.0 ], [ -243800.607619435788365, -3021640.0 ], [ -243799.593434120819438, -3021639.616354913916439 ], [ -243795.409874747827416, -3021638.814029240515083 ], [ -243789.519426553510129, -3021637.366075675934553 ], [ -243784.971460497326916, -3021637.011239466723055 ], [ -243779.081106103520142, -3021635.563394227530807 ], [ -243772.826362108055037, -3021634.562834423501045 ], [ -243767.706309112109011, -3021632.626000478863716 ], [ -243765.552134063764242, -3021631.615981691516936 ], [ -243760.837882028863532, -3021629.637540649622679 ], [ -243756.695818654436152, -3021629.241102406289428 ], [ -243753.771444991434691, -3021628.720076855272055 ], [ -243750.076761489181081, -3021628.688138500787318 ], [ -243743.946595986490138, -3021628.905363678466529 ], [ -243738.951139336189954, -3021628.186111833434552 ], [ -243734.767470301041612, -3021627.383869865909219 ], [ -243728.273108857305488, -3021628.048497194889933 ], [ -243722.631926805304829, -3021629.036019529681653 ], [ -243717.355254316295031, -3021629.576059126760811 ], [ -243711.10050148650771, -3021628.575586743187159 ], [ -243703.139073858619668, -3021626.929395016282797 ], [ -243701.432390423549805, -3021626.283779135439545 ], [ -243696.436933250486618, -3021625.564519284758717 ], [ -243693.065060689143138, -3021624.679180506616831 ], [ -243690.182180813397281, -3021624.564041886944324 ], [ -243685.91552397236228, -3021622.950004124082625 ], [ -243680.878471172938589, -3021621.824838656932116 ], [ -243676.330504183250014, -3021621.46998379053548 ], [ -243673.00012579903705, -3021620.990536432247609 ], [ -243668.941150704020401, -3021621.405881283339113 ], [ -243664.351587758195819, -3021620.645121692679822 ], [ -243659.273033097037114, -3021619.114160037133843 ], [ -243652.93520098287263, -3021617.3017748137936 ], [ -243649.157426688005216, -3021616.458025761414319 ], [ -243643.225591451424407, -3021614.604153455700725 ], [ -243637.980869993276428, -3021611.449491858482361 ], [ -243633.506453296315158, -3021607.805847049225122 ], [ -243630.291323529992951, -3021604.443523343186826 ], [ -243626.222700819489546, -3021600.758376101497561 ], [ -243622.518591015483253, -3021596.625748181715608 ], [ -243620.115158330125269, -3021593.180327586829662 ], [ -243618.325390129670268, -3021591.722909788135439 ], [ -243616.327963052928681, -3021588.235903024673462 ], [ -243613.112735651666299, -3021584.873569876886904 ], [ -243609.731436711677816, -3021579.887652629986405 ], [ -243607.817098904983141, -3021577.212442383635789 ], [ -243605.819563782250043, -3021573.725529492367059 ], [ -243603.457730025314959, -3021570.686011511366814 ], [ -243599.836714776174631, -3021567.365178973879665 ], [ -243596.704578602366382, -3021564.814641178585589 ], [ -243593.208135001012124, -3021562.71159969130531 ], [ -243589.670106227247743, -3021560.202553425915539 ], [ -243586.173672210046789, -3021558.09940901491791 ], [ -243581.053638259181753, -3021556.162538532633334 ], [ -243578.576656465884298, -3021556.00589451007545 ], [ -243574.070189067482715, -3021556.056914078537375 ], [ -243571.999109455093276, -3021555.858675454743207 ], [ -243567.940129389753565, -3021556.274104457348585 ], [ -243562.174377778952476, -3021556.043797318357974 ], [ -243557.543332484259736, -3021554.877124348655343 ], [ -243555.472244118835079, -3021554.678986525163054 ], [ -243550.882690615340834, -3021553.918206126429141 ], [ -243549.176021702558501, -3021553.272478295490146 ], [ -243545.398366593784885, -3021552.42862035240978 ], [ -243542.838299475843087, -3021551.460176831576973 ], [ -243539.747762422601227, -3021549.315534518100321 ], [ -243537.18769567416166, -3021548.347090451512486 ], [ -243534.221735278435517, -3021547.420137444511056 ], [ -243530.444080905348528, -3021546.576277300715446 ], [ -243526.666324548394186, -3021545.732407986186445 ], [ -243522.159856386453612, -3021545.783418689388782 ], [ -243519.599790162174031, -3021544.814972866326571 ], [ -243511.919702924235025, -3021541.909540435299277 ], [ -243508.91225246101385, -3021540.576690705958754 ], [ -243505.208157640241552, -3021536.444151140283793 ], [ -243501.181151724798838, -3021533.164889638777822 ], [ -243498.132211810763692, -3021531.426145014353096 ], [ -243490.244370157597587, -3021526.491211890242994 ], [ -243483.657414281537058, -3021522.243405784480274 ], [ -243478.901699409412686, -3021519.859020361676812 ], [ -243474.104494896921096, -3021517.068740431219339 ], [ -243470.48349919100292, -3021513.747891247272491 ], [ -243467.632699325564317, -3021509.938159216661006 ], [ -243464.209842252224917, -3021504.546325799543411 ], [ -243461.764946492301533, -3021500.695001793559641 ], [ -243458.955750067601912, -3021497.291069971397519 ], [ -243456.104953766538529, -3021493.481338111683726 ], [ -243455.002329420327442, -3021490.723029442597181 ], [ -243449.268765204265947, -3021486.798139102756977 ], [ -243444.669716223375872, -3021481.936770590953529 ], [ -243440.96563880587928, -3021477.804226378910244 ], [ -243437.21997954355902, -3021473.265678028576076 ], [ -243433.5988833635638, -3021469.944919934030622 ], [ -243430.748102278244914, -3021466.135085403453559 ], [ -243428.584538257680833, -3021461.024584187194705 ], [ -243425.286367995489854, -3021456.850448172539473 ], [ -243423.371954088099301, -3021454.175221193116158 ], [ -243420.760908569325693, -3021448.700308502651751 ], [ -243418.929669548320817, -3021446.836986996233463 ], [ -243416.849096663499949, -3021442.538171164225787 ], [ -243414.362725137354573, -3021438.280955369118601 ], [ -243412.323736278311117, -3021434.388143686577678 ], [ -243409.795775436447002, -3021429.7250269302167 ], [ -243406.945002586144255, -3021425.915193425491452 ], [ -243403.688329244032502, -3021422.1469507785514 ], [ -243400.962219769426156, -3021419.554914622567594 ], [ -243397.830116042605368, -3021417.004358331207186 ], [ -243394.292213656648528, -3021414.495401050895452 ], [ -243389.453444120590575, -3021411.299208451993763 ], [ -243383.76139329362195, -3021407.780201340094209 ], [ -243380.140320885519031, -3021404.459337898064405 ], [ -243376.560831040667836, -3021401.544477419462055 ], [ -243373.064428999292431, -3021399.441308232955635 ], [ -243370.015501565503655, -3021397.702653732616454 ], [ -243366.436022108187899, -3021394.787690040189773 ], [ -243363.626738274528179, -3021391.383848824072629 ], [ -243360.088850292464485, -3021388.874785667750984 ], [ -243356.020393981394591, -3021385.189617448486388 ], [ -243354.14757355695474, -3021382.920392517466098 ], [ -243349.954451448371401, -3021378.017529331147671 ], [ -243346.125744171411498, -3021372.667183879297227 ], [ -243344.169848158955574, -3021369.586165617685765 ], [ -243342.702930782339536, -3021367.275350936222821 ], [ -243340.382724385417532, -3021364.641823313664645 ], [ -243337.656634837563615, -3021362.049681038595736 ], [ -243335.013512052770238, -3021360.269425103440881 ], [ -243332.411979046155466, -3021358.895069770049304 ], [ -243326.803021454979898, -3021356.187845673412085 ], [ -243320.663506754353875, -3021352.30441378755495 ], [ -243317.16710559654166, -3021350.201340495608747 ], [ -243313.910453219083138, -3021346.433091775514185 ], [ -243309.311553793464554, -3021341.57172107277438 ], [ -243305.482851124135777, -3021336.221475566271693 ], [ -243302.715169863804476, -3021333.223532288800925 ], [ -243300.519541146059055, -3021331.807585256639868 ], [ -243296.575663012714358, -3021329.340095963794738 ], [ -243293.485166809230577, -3021327.195431324653327 ], [ -243289.94728383544134, -3021324.686463110148907 ], [ -243287.262680503830779, -3021322.500311255920678 ], [ -243284.53649760648841, -3021319.908156569581479 ], [ -243280.103646775678499, -3021316.670461279340088 ], [ -243275.670907586551039, -3021313.432671917136759 ], [ -243272.538817472581286, -3021310.882206841837615 ], [ -243267.534030543145491, -3021306.06242015119642 ], [ -243266.150197621172993, -3021304.563396245706826 ], [ -243264.152829678991111, -3021301.076484355609864 ], [ -243262.602848742564674, -3021297.953876204323024 ], [ -243260.60537979946821, -3021294.466956011485308 ], [ -243258.119047840940766, -3021290.209738634992391 ], [ -243256.527480426972033, -3021286.681230780202895 ], [ -243254.248783538758289, -3021284.45348898973316 ], [ -243251.928592558193486, -3021281.81995760416612 ], [ -243247.694018641050206, -3021276.511196109466255 ], [ -243246.227114923211047, -3021274.200380496215075 ], [ -243238.13185391339357, -3021267.235923156142235 ], [ -243235.894636997574707, -3021265.414174063596874 ], [ -243231.743141764163738, -3021260.917203092481941 ], [ -243229.381376137200277, -3021257.877668872475624 ], [ -243227.342429637385067, -3021253.984858061186969 ], [ -243224.856107282364974, -3021249.727641499601305 ], [ -243222.858749538310803, -3021246.24073099764064 ], [ -243221.101045240357053, -3021241.088642850983888 ], [ -243219.103688812901964, -3021237.601732858922333 ], [ -243217.55371775032836, -3021234.479126947000623 ], [ -243214.74446960457135, -3021231.075280792545527 ], [ -243212.747123536741128, -3021227.588269103318453 ], [ -243210.260797910945257, -3021223.331156086642295 ], [ -243208.221866192965535, -3021219.438245191238821 ], [ -243204.517758883041097, -3021215.305680484045297 ], [ -243202.239072413096437, -3021213.077937378082424 ], [ -243197.972492931934539, -3021211.463823332451284 ], [ -243194.840430218464462, -3021208.913251630961895 ], [ -243191.749946066178381, -3021206.768681184388697 ], [ -243188.701057551224949, -3021205.029907790478319 ], [ -243186.463857528171502, -3021203.208054439630359 ], [ -243182.114107015135232, -3021200.782139014918357 ], [ -243180.158345420612022, -3021197.701128512620926 ], [ -243177.34910576834227, -3021194.297280790749937 ], [ -243174.498391231667483, -3021190.487440227996558 ], [ -243172.219700447603827, -3021188.259797502774745 ], [ -243170.429979683074635, -3021186.802358394488692 ], [ -243165.955687164969277, -3021183.158658149186522 ], [ -243163.229622996092075, -3021180.566608355846256 ], [ -243160.867872503062245, -3021177.527073137462139 ], [ -243158.630667771736626, -3021175.705320309847593 ], [ -243156.268918233399745, -3021172.66578498063609 ], [ -243154.031824880890781, -3021170.843938454985619 ], [ -243149.682081638922682, -3021168.418018598575145 ], [ -243146.591604944405844, -3021166.273444047663361 ], [ -243142.689347682608059, -3021164.21183646377176 ], [ -243139.234567033156054, -3021162.514643870294094 ], [ -243137.038958953024121, -3021161.09868659125641 ], [ -243133.542593339749146, -3021158.995594180654734 ], [ -243130.369058354815934, -3021156.0391263095662 ], [ -243126.789624980418012, -3021153.124243634287268 ], [ -243124.510949449264444, -3021150.896496012341231 ], [ -243121.295822362881154, -3021147.534230520483106 ], [ -243118.569774179311935, -3021144.94207547372207 ], [ -243116.738473459234228, -3021143.078734665177763 ], [ -243114.782621584890876, -3021139.997714210767299 ], [ -243111.526013950555352, -3021136.229557963088155 ], [ -243108.518619958369527, -3021134.896666930057108 ], [ -243105.063844357209746, -3021133.199470296967775 ], [ -243102.056450848438544, -3021131.866578535642475 ], [ -243097.665234127518488, -3021129.034760754089803 ], [ -243093.638332240487216, -3021125.755458668339998 ], [ -243088.227710798819317, -3021120.97723878081888 ], [ -243080.861245090462035, -3021113.117996723391116 ], [ -243077.198763649299508, -3021109.391218326520175 ], [ -243072.673458044620929, -3021101.241284149698913 ], [ -243068.106681992881931, -3021092.685358912218362 ], [ -243065.537335014814744, -3021087.616353761870414 ], [ -243061.136696422472596, -3021080.684006585739553 ], [ -243055.403257269092137, -3021076.75915623549372 ], [ -243050.075615823297994, -3021072.792712297290564 ], [ -243044.98784513870487, -3021067.161116359755397 ], [ -243040.222798807895742, -3021060.676242000423372 ], [ -243035.333319015451707, -3021052.973597070667893 ], [ -243030.974167273263447, -3021046.447241677436978 ], [ -243026.8227392018307, -3021041.950257319957018 ], [ -243022.348479043343104, -3021038.306643379852176 ], [ -243019.373249056312488, -3021033.279223461169749 ], [ -243014.857408099196618, -3021029.229710884392262 ], [ -243009.977262217667885, -3021025.627576670609415 ], [ -243003.016743422544096, -3021017.726744816638529 ], [ -242997.564576011529425, -3021012.542617963626981 ], [ -242991.581968935031909, -3021006.182397222612053 ], [ -242988.002568799827714, -3021003.267503033392131 ], [ -242984.662940962269204, -3020998.687452520709485 ], [ -242980.303819570166524, -3020992.160994206555188 ], [ -242977.776074479857925, -3020987.497991877608001 ], [ -242974.915986670530401, -3020979.587734024506062 ], [ -242973.15834586834535, -3020974.435764327179641 ], [ -242970.911857032013359, -3020968.513498054817319 ], [ -242967.696779414080083, -3020965.151123812887818 ], [ -242963.222539510519709, -3020961.507504863198847 ], [ -242956.594290223787539, -3020956.853916514664888 ], [ -242952.203114528325386, -3020954.022081849630922 ], [ -242946.792559975059703, -3020949.243745917454362 ], [ -242942.765693112305598, -3020945.96453314460814 ], [ -242937.521255129802739, -3020942.809869136661291 ], [ -242932.765674093650887, -3020940.42539964010939 ], [ -242927.198401570698479, -3020938.124100756831467 ], [ -242920.694710927840788, -3020934.688076463527977 ], [ -242914.149431784957414, -3020930.846255626995116 ], [ -242908.416050361120142, -3020926.921279763337225 ], [ -242904.878249494591728, -3020924.412274980451912 ], [ -242899.873485368356341, -3020919.59254570864141 ], [ -242897.511787526775151, -3020916.553002563305199 ], [ -242895.150081613857765, -3020913.513561483006924 ], [ -242892.257949863997055, -3020909.297925617080182 ], [ -242889.77161385450745, -3020905.040700539480895 ], [ -242886.838005453755613, -3020900.419176755007356 ], [ -242882.686614446341991, -3020895.922284103464335 ], [ -242879.024180374894058, -3020892.195595541037619 ], [ -242877.151434318016982, -3020889.926358771976084 ], [ -242873.281304212228861, -3020884.170203832443804 ], [ -242867.580011893936899, -3020876.550708898343146 ], [ -242866.03009759640554, -3020873.428209535311908 ], [ -242863.866701445280341, -3020868.317731860093772 ], [ -242862.681206645531347, -3020864.747765083331615 ], [ -242861.495610186335398, -3020861.177790008485317 ], [ -242859.373694257752504, -3020856.473201435990632 ], [ -242856.43999529897701, -3020851.851671081967652 ], [ -242853.100401213829173, -3020847.271720767952502 ], [ -242849.604093222646043, -3020845.168599546886981 ], [ -242843.870738236553734, -3020841.243615064769983 ], [ -242839.562647754704813, -3020839.223549898248166 ], [ -242836.961182284314418, -3020837.84915371844545 ], [ -242833.058980156871257, -3020835.787610022816807 ], [ -242829.032244356669253, -3020832.508394532836974 ], [ -242825.005415998923127, -3020829.229067885316908 ], [ -242820.895625518111046, -3020825.138067901600152 ], [ -242817.233209421829088, -3020821.411375822033733 ], [ -242814.101325672090752, -3020818.860783838201314 ], [ -242810.605014816770563, -3020816.757760137319565 ], [ -242808.077224535634741, -3020812.094648822210729 ], [ -242805.632482472690754, -3020808.243423145730048 ], [ -242803.021638350881403, -3020802.76852922141552 ], [ -242799.068473695835564, -3020796.200693493708968 ], [ -242796.540687880653422, -3020791.537583524826914 ], [ -242794.907732521445723, -3020787.603303437121212 ], [ -242792.785835507122101, -3020782.898717564065009 ], [ -242790.622462882078253, -3020777.788245157338679 ], [ -242788.500567710376345, -3020773.083660212345421 ], [ -242785.972777950577438, -3020768.420654165092856 ], [ -242783.039102384092985, -3020763.799124758690596 ], [ -242780.313115443568677, -3020761.207055284176022 ], [ -242776.775244765682146, -3020758.698031507898122 ], [ -242771.853690597083187, -3020754.690084240864962 ], [ -242768.721708100900287, -3020752.139583489391953 ], [ -242764.653422722331015, -3020748.454365704674274 ], [ -242762.333325567102293, -3020745.820819044485688 ], [ -242759.52418632680201, -3020742.416957661509514 ], [ -242757.079458599793725, -3020738.565733815543354 ], [ -242754.145893590175547, -3020733.944212746340781 ], [ -242751.825696699816035, -3020731.310657350346446 ], [ -242749.422557597252307, -3020727.865226828958839 ], [ -242746.613413373590447, -3020724.461467480752617 ], [ -242745.146585788781522, -3020722.150651745963842 ], [ -242741.161352471594, -3020719.27731592208147 ], [ -242737.217697386804502, -3020716.809874610509723 ], [ -242733.721413260471309, -3020714.706741731148213 ], [ -242730.100601660058601, -3020711.385940698441118 ], [ -242725.137484929786297, -3020706.972092865500599 ], [ -242721.599625540955458, -3020704.463063681963831 ], [ -242718.509238783357432, -3020702.318351877853274 ], [ -242711.724349108961178, -3020700.141640773508698 ], [ -242707.863759143801872, -3020698.485874649137259 ], [ -242702.619279289385304, -3020695.331267599947751 ], [ -242695.179359680070775, -3020690.76058143703267 ], [ -242690.788240074529313, -3020687.928815694525838 ], [ -242686.803024724969873, -3020685.055370627902448 ], [ -242683.712735604378395, -3020682.910765820648521 ], [ -242679.685936477791984, -3020679.631527121644467 ], [ -242676.595554952393286, -3020677.486810921225697 ], [ -242672.776434893923579, -3020676.237028070725501 ], [ -242668.874366634641774, -3020674.175472307950258 ], [ -242664.930629179027164, -3020671.707910508383065 ], [ -242660.581091012543766, -3020669.282035015989095 ], [ -242654.972319014399545, -3020666.574686006642878 ], [ -242648.957644486392383, -3020663.90901385108009 ], [ -242643.390450049220817, -3020661.607557164505124 ], [ -242638.635028530785348, -3020659.223151920828968 ], [ -242635.992011367256055, -3020657.442843699362129 ], [ -242632.006898200925207, -3020654.569501865189523 ], [ -242627.698846701794537, -3020652.549405192025006 ], [ -242623.307738129777135, -3020649.717629120219499 ], [ -242619.405582431412768, -3020647.655955641064793 ], [ -242616.439823381748283, -3020646.729010448791087 ], [ -242611.767352260212647, -3020645.156372667755932 ], [ -242607.500878251739778, -3020643.542167430743575 ], [ -242601.080324957583798, -3020640.917957643512636 ], [ -242585.305694684007904, -3020631.048000830225646 ], [ -242574.295835882076062, -3020627.66282845614478 ], [ -242566.085734321444761, -3020623.581151987891644 ], [ -242559.706761861161795, -3020621.362826817203313 ], [ -242555.034295971185202, -3020619.79017887217924 ], [ -242549.467113949853228, -3020617.488702443893999 ], [ -242544.347282104019541, -3020615.551740829367191 ], [ -242537.479379903961672, -3020612.56310165533796 ], [ -242529.882735344115645, -3020610.469389291945845 ], [ -242525.168910654116189, -3020608.490756498649716 ], [ -242520.00750729907304, -3020606.147895457688719 ], [ -242513.264227631036192, -3020604.376925258897245 ], [ -242509.039233617251739, -3020603.168590012937784 ], [ -242503.107633345178328, -3020601.314563358202577 ], [ -242497.176126999547705, -3020599.460646047256887 ], [ -242492.462194484309293, -3020597.482100786175579 ], [ -242486.895019156130729, -3020595.180611012503505 ], [ -242481.244791605306091, -3020592.067441420629621 ], [ -242477.748527606046991, -3020589.96437818929553 ], [ -242472.868518049392151, -3020586.362166081555188 ], [ -242469.330784351186594, -3020583.853215859737247 ], [ -242465.387165254825959, -3020581.385736046824604 ], [ -242458.154851691040676, -3020578.844535110983998 ], [ -242452.58768146080547, -3020576.543038200121373 ], [ -242447.06207585480297, -3020574.647536790929735 ], [ -242442.670992286439287, -3020571.815731649752706 ], [ -242438.279918124433607, -3020568.983823777642101 ], [ -242432.265283731423551, -3020566.318000464700162 ], [ -242426.333786042756401, -3020564.464067007880658 ], [ -242423.36804600150208, -3020563.53699769731611 ], [ -242420.641996924561681, -3020560.944990392774343 ], [ -242417.791444895119639, -3020557.135214505717158 ], [ -242414.452059370116331, -3020552.555238931439817 ], [ -242407.865451946418034, -3020548.307421728502959 ], [ -242404.369197362742852, -3020546.204349525272846 ], [ -242398.802035887929378, -3020543.902841511182487 ], [ -242395.430395266128471, -3020543.017442846205086 ], [ -242390.55971347304876, -3020543.515690130647272 ], [ -242387.312694128369913, -3020543.847863172180951 ], [ -242385.324716925533721, -3020544.461300604045391 ], [ -242382.326820056914585, -3020547.228814581409097 ], [ -242379.245779605640564, -3020549.18453941680491 ], [ -242374.58274865639396, -3020551.712240456137806 ], [ -242369.472352664335631, -3020553.875626429449767 ], [ -242365.496488783624955, -3020555.102610403671861 ], [ -242359.491278222005349, -3020556.537152642384171 ], [ -242355.026477987965336, -3020556.993925600778311 ], [ -242348.93822575089871, -3020557.61668473482132 ], [ -242343.85998086296604, -3020556.085578381549567 ], [ -242339.634995013882872, -3020554.877215435728431 ], [ -242336.586208064341918, -3020553.138456978369504 ], [ -242333.703509317216231, -3020553.023158533032984 ], [ -242327.771913392731221, -3020551.169193717651069 ], [ -242321.559050182113424, -3020550.574270288459957 ], [ -242315.752064589818474, -3020549.937978978268802 ], [ -242310.641669949662173, -3020552.101253105793148 ], [ -242301.993452623020858, -3020551.755544143263251 ], [ -242294.802720988343935, -3020549.620192264206707 ], [ -242287.164635419641854, -3020547.120420000981539 ], [ -242283.262601554190041, -3020545.058806803077459 ], [ -242274.365270863752812, -3020542.277743870392442 ], [ -242271.357955445360858, -3020540.944864010903984 ], [ -242265.790790168655803, -3020538.643428551498801 ], [ -242260.993939464329742, -3020535.853068069554865 ], [ -242254.979319513309747, -3020533.187202914152294 ], [ -242247.871630290959729, -3020531.863619551528245 ], [ -242242.387606554810191, -3020530.373969315551221 ], [ -242238.121055699972203, -3020528.759694660082459 ], [ -242233.36567564154393, -3020526.375215637031943 ], [ -242230.316895733791171, -3020524.636444613337517 ], [ -242227.060474421450635, -3020520.86821513203904 ], [ -242223.315224965510424, -3020516.329781842883676 ], [ -242218.112392509239726, -3020513.580872332211584 ], [ -242209.621061982412357, -3020510.758328964933753 ], [ -242203.689485436858376, -3020508.904233653564006 ], [ -242197.07082531566266, -3020508.350959446281195 ], [ -242193.261023339815438, -3020511.20148021588102 ], [ -242189.451331222779118, -3020514.051907521206886 ], [ -242185.475457497814205, -3020515.278864622116089 ], [ -242180.92772030911874, -3020514.923834708053619 ], [ -242177.150196480099112, -3020514.079874013084918 ], [ -242173.695533335994696, -3020512.382562545128167 ], [ -242169.834873214247636, -3020510.72681030863896 ], [ -242164.590578348201234, -3020507.572003003209829 ], [ -242158.940482742968015, -3020504.45887355832383 ], [ -242154.549437624722486, -3020501.626916829496622 ], [ -242150.199952620459953, -3020499.200956701301038 ], [ -242146.256372039264534, -3020496.733325928449631 ], [ -242143.770270955545129, -3020492.476268340833485 ], [ -242143.073715986218303, -3020489.676494252402335 ], [ -242140.546048495103605, -3020485.01354211801663 ], [ -242136.353362362628104, -3020480.110668391920626 ], [ -242134.886586460692342, -3020477.799925280269235 ], [ -242133.784240251465235, -3020475.041728319600224 ], [ -242131.703936427511508, -3020470.743095711804926 ], [ -242129.217849259992363, -3020466.485937468707561 ], [ -242124.785338985326234, -3020463.248193311039358 ], [ -242120.0, -3020460.719846731051803 ], [ -242120.0, -3020460.0 ], [ -242118.637563911033794, -3020460.0 ], [ -242118.281916340929456, -3020459.812092660460621 ], [ -242113.526554318290437, -3020457.427592964842916 ], [ -242107.678023030370241, -3020456.38525677472353 ], [ -242105.035142226639437, -3020454.605007067322731 ], [ -242099.5417594492028, -3020449.014948329888284 ], [ -242096.732824922917644, -3020445.61103425687179 ], [ -242092.341785746073583, -3020442.779171455651522 ], [ -242089.698915682005463, -3020440.998818455263972 ], [ -242085.953595810278784, -3020436.46036191098392 ], [ -242083.186230904451804, -3020433.46234180778265 ], [ -242079.11804968494107, -3020429.777232145890594 ], [ -242075.49733919344726, -3020426.456348065752536 ], [ -242071.02327405885444, -3020422.812701981514692 ], [ -242066.632351322739851, -3020419.980742278508842 ], [ -242063.011634844704531, -3020416.659959058277309 ], [ -242059.755247471388429, -3020412.891714863944799 ], [ -242056.946312947111437, -3020409.487900916021317 ], [ -242053.565433253272204, -3020404.501990646123886 ], [ -242051.120828770188382, -3020400.650716316420585 ], [ -242048.916051052568946, -3020395.134418395813555 ], [ -242047.730577514652396, -3020391.564536590594798 ], [ -242047.35699481354095, -3020387.911531978752464 ], [ -242046.047028639703058, -3020383.123985799960792 ], [ -242044.861556374351494, -3020379.554105172399431 ], [ -242043.187271764880279, -3020375.213917777407914 ], [ -242040.336778188706376, -3020371.404211179353297 ], [ -242037.975208598421887, -3020368.364718212746084 ], [ -242035.9365043551079, -3020364.471880451310426 ], [ -242032.680119211116107, -3020360.703739534597844 ], [ -242029.871202907088445, -3020357.299824793823063 ], [ -242027.509635838650865, -3020354.260331830009818 ], [ -242024.617683626827784, -3020350.044740178622305 ], [ -242021.725732386199525, -3020345.829148619901389 ], [ -242019.239573708182434, -3020341.571983305737376 ], [ -242017.242431262595346, -3020338.085142357740551 ], [ -242013.497139016253641, -3020333.546685754787177 ], [ -242010.522163548856042, -3020328.519316160585731 ], [ -242008.441902071179356, -3020324.220586610026658 ], [ -242005.591521502035903, -3020320.41088930843398 ], [ -242002.824067347712116, -3020317.412961584981531 ], [ -241998.838950881035998, -3020314.539523991756141 ], [ -241994.083621736092027, -3020312.155006634537131 ], [ -241990.795046451268718, -3020312.081231061834842 ], [ -241985.841443468176294, -3020311.767726638354361 ], [ -241983.406210799352266, -3020312.01681649312377 ], [ -241977.068788598466199, -3020310.20423477422446 ], [ -241974.831822645181092, -3020308.382411450147629 ], [ -241969.67061081432621, -3020306.03935191873461 ], [ -241966.580405164946569, -3020303.894669737201184 ], [ -241963.490097865607822, -3020301.749978621024638 ], [ -241959.18222149318899, -3020299.729886215180159 ], [ -241953.209225178085035, -3020297.469951810780913 ], [ -241949.837624487903668, -3020296.584392726421356 ], [ -241946.466023906861665, -3020295.698833198286593 ], [ -241940.659080089593772, -3020295.062452335841954 ], [ -241936.923150044545764, -3020294.624348872806877 ], [ -241932.333877924334956, -3020293.863376817200333 ], [ -241927.421746241976507, -3020293.955643902067095 ], [ -241925.392406668222975, -3020294.163164561614394 ], [ -241918.898272554593859, -3020294.827476154547185 ], [ -241915.162248629727401, -3020294.389258962124586 ], [ -241908.668113562045619, -3020295.053568254224956 ], [ -241904.203437426796881, -3020295.510161550715566 ], [ -241900.550531049666461, -3020295.883831752464175 ], [ -241897.303416066308273, -3020296.215929632075131 ], [ -241893.525921742490027, -3020295.371926471590996 ], [ -241888.770702460838947, -3020292.987397981341928 ], [ -241885.561837255489081, -3020291.057100125588477 ], [ -241885.274506531248335, -3020290.884260122198611 ], [ -241882.225767726427875, -3020289.145452524069697 ], [ -241879.988807953515789, -3020287.323620772920549 ], [ -241877.544238072208827, -3020283.472337926272303 ], [ -241874.818361822341103, -3020280.880290218163282 ], [ -241871.156129895913182, -3020277.153491656761616 ], [ -241868.43025485027465, -3020274.561443575657904 ], [ -241864.768015986512182, -3020270.834746630862355 ], [ -241861.511773668462411, -3020267.066495477221906 ], [ -241858.785798431956209, -3020264.474438242148608 ], [ -241855.612580568355042, -3020261.517965057399124 ], [ -241852.52228403132176, -3020259.373261214233935 ], [ -241851.180129355780082, -3020258.280183336231858 ], [ -241847.965350624144776, -3020254.917816134635359 ], [ -241843.855763549363473, -3020250.826795178931206 ], [ -241841.08834000772913, -3020247.82875005947426 ], [ -241837.384648285049479, -3020243.696166451089084 ], [ -241834.575757578393677, -3020240.292338517960161 ], [ -241831.766765519540058, -3020236.888501899782568 ], [ -241830.258569011260988, -3020234.171867836266756 ], [ -241828.344479689199943, -3020231.496795793995261 ], [ -241825.452467773196986, -3020227.281181548722088 ], [ -241822.196236238291021, -3020223.512928815558553 ], [ -241818.85687356593553, -3020218.932991961482912 ], [ -241815.559082358406158, -3020214.758846072945744 ], [ -241811.532535972510232, -3020211.479498505126685 ], [ -241808.566830576455686, -3020210.552461418323219 ], [ -241805.112211470346665, -3020208.855208140332252 ], [ -241800.804262629157165, -3020206.834980098064989 ], [ -241796.579428280616412, -3020205.626639362424612 ], [ -241792.71892585104797, -3020203.970843712799251 ], [ -241788.005187346105231, -3020201.992183457128704 ], [ -241783.24987960132421, -3020199.607731474563479 ], [ -241779.264899445028277, -3020196.734272294677794 ], [ -241775.196798133023549, -3020193.049026783555746 ], [ -241772.106616471544839, -3020190.904324102215469 ], [ -241768.974763695820002, -3020188.353821677621454 ], [ -241767.06069210122223, -3020185.678645249456167 ], [ -241763.357019481161842, -3020181.546055695507675 ], [ -241761.848833124589873, -3020178.829420655965805 ], [ -241759.445740341616329, -3020175.384121493436396 ], [ -241756.636866206739796, -3020171.980289510916919 ], [ -241753.828001424466493, -3020168.576355393975973 ], [ -241751.955382651387481, -3020166.307165152393281 ], [ -241749.676880189945223, -3020164.079433239530772 ], [ -241746.868008501507575, -3020160.675601007416844 ], [ -241744.059137537551578, -3020157.271768717560917 ], [ -241742.467834204930114, -3020153.743349041324109 ], [ -241740.387722597457469, -3020149.444722110871226 ], [ -241738.266051613463787, -3020144.740203078836203 ], [ -241737.163754088716814, -3020141.982110995333642 ], [ -241736.748552624136209, -3020137.923323905095458 ], [ -241735.438659532315796, -3020133.135788110084832 ], [ -241733.316991287429119, -3020128.431270885746926 ], [ -241731.68423392920522, -3020124.496969867497683 ], [ -241731.310594133974519, -3020120.84407708235085 ], [ -241730.083721220144071, -3020116.8683190071024 ], [ -241729.262740826467052, -3020112.851001497823745 ], [ -241729.61785963823786, -3020108.303317180834711 ], [ -241727.819061095913639, -3020102.745570045895875 ], [ -241726.592190150695387, -3020098.769814047962427 ], [ -241723.617294896714156, -3020093.742434944026172 ], [ -241721.620107947557699, -3020090.255580058321357 ], [ -241720.070372869668063, -3020087.133057464845479 ], [ -241718.479180746740894, -3020083.604651992209256 ], [ -241717.012463483144529, -3020081.293904422782362 ], [ -241713.839171791943954, -3020078.337518046144396 ], [ -241711.436206634039991, -3020074.892129697836936 ], [ -241709.397565708233742, -3020070.999392591416836 ], [ -241707.358925463719061, -3020067.106655722483993 ], [ -241705.320285897585563, -3020063.213919091038406 ], [ -241702.875764228054322, -3020059.362639809958637 ], [ -241700.837126065453049, -3020055.469903603661805 ], [ -241698.351140254206257, -3020051.212844020687044 ], [ -241695.542288626893423, -3020047.809015539940447 ], [ -241692.816453572188038, -3020045.216960893943906 ], [ -241688.831403628893895, -3020042.343487391248345 ], [ -241686.635933318204479, -3020040.92752988031134 ], [ -241682.734002074343152, -3020038.865838044788688 ], [ -241678.956543320906349, -3020038.021802102215588 ], [ -241672.171943439316237, -3020035.844830781687051 ], [ -241668.353028561308747, -3020034.594910671468824 ], [ -241663.191875387215987, -3020032.251898245885968 ], [ -241658.561178601317806, -3020031.08509362814948 ], [ -241655.719974247418577, -3020031.375593999866396 ], [ -241650.443643330509076, -3020031.915257043670863 ], [ -241646.666185349313309, -3020031.071216395124793 ], [ -241641.993939176987624, -3020029.498415424954146 ], [ -241638.945232750469586, -3020027.759687467478216 ], [ -241635.81352125009289, -3020025.209083118475974 ], [ -241634.305256058607483, -3020022.492442023474723 ], [ -241631.86084108040086, -3020018.641269139014184 ], [ -241629.82221597712487, -3020014.748529860284179 ], [ -241626.930260056571569, -3020010.532913294155151 ], [ -241622.737729072250659, -3020005.630103108007461 ], [ -241619.606021606072318, -3020003.07949786586687 ], [ -241615.256650129216723, -3020000.653463152237236 ], [ -241610.303097972093383, -3020000.339776799082756 ], [ -241610.0, -3020000.405200871173292 ], [ -241610.0, -3020000.0 ], [ -241600.0, -3020000.0 ], [ -241600.0, -3020005.799023530911654 ], [ -241599.801077141921269, -3020005.925287451129407 ], [ -241596.720109253394185, -3020007.880894809029996 ], [ -241593.381350281299092, -3020010.0 ], [ -241590.0, -3020010.0 ], [ -241584.807863919297233, -3020010.0 ], [ -241583.381489415740361, -3020008.380693811923265 ], [ -241582.754224080650602, -3020007.66868759598583 ], [ -241580.757061156153213, -3020004.181826807558537 ], [ -241578.801455918292049, -3020001.100857441313565 ], [ -241575.462264141999185, -3019996.520918178837746 ], [ -241571.717088936915388, -3019991.982425220310688 ], [ -241568.419354409561493, -3019987.808368492871523 ], [ -241565.16308430567733, -3019984.040092127397656 ], [ -241562.760136758966837, -3019980.594797356985509 ], [ -241560.357198497513309, -3019977.149400563444942 ], [ -241557.589824469090672, -3019974.151442855596542 ], [ -241554.73943993265857, -3019970.341711713932455 ], [ -241552.742386012891075, -3019966.854860512539744 ], [ -241550.339339706115425, -3019963.409557328559458 ], [ -241550.0, -3019962.725774326361716 ], [ -241550.0, -3019960.0 ], [ -241548.670602612779476, -3019960.0 ], [ -241547.15690577798523, -3019956.352836249396205 ], [ -241546.335961451695766, -3019952.335527922026813 ], [ -241546.003910216328222, -3019949.08853860758245 ], [ -241544.735519574518548, -3019944.70689684106037 ], [ -241542.738469438132597, -3019941.220047280192375 ], [ -241538.910289374965942, -3019935.869884965009987 ], [ -241532.812924504716648, -3019932.392204449046403 ], [ -241530.045660548319574, -3019929.394255405291915 ], [ -241525.373434228473343, -3019927.821434059180319 ], [ -241521.190099822240882, -3019927.018930515740067 ], [ -241516.965311751671834, -3019925.810544380918145 ], [ -241511.887297745794058, -3019924.27928503183648 ], [ -241506.684719202574342, -3019921.530361662153155 ], [ -241503.271611070173094, -3019920.238853368442506 ], [ -241497.464834677200997, -3019919.602372758090496 ], [ -241494.093273738864809, -3019918.716855879407376 ], [ -241487.516288769780658, -3019918.569170409347862 ], [ -241481.833973855245858, -3019919.150341002736241 ], [ -241475.662768022215459, -3019918.961190902162343 ], [ -241471.843872023368021, -3019917.71124219102785 ], [ -241468.389303221250884, -3019916.013949249405414 ], [ -241463.998501197813312, -3019913.18200905341655 ], [ -241460.055034814460669, -3019910.714497380424291 ], [ -241447.652853368810611, -3019901.7297732103616 ], [ -241442.367275556200184, -3019898.169064625166357 ], [ -241439.922796098253457, -3019894.31787310866639 ], [ -241437.15544244699413, -3019891.319906488992274 ], [ -241433.982301009265939, -3019888.36350281490013 ], [ -241430.850621155404951, -3019885.812878649681807 ], [ -241424.264379078900674, -3019881.564955963753164 ], [ -241420.362372031784616, -3019879.503321043681353 ], [ -241415.524237160105258, -3019876.307046368718147 ], [ -241412.143533484952059, -3019871.321206140331924 ], [ -241409.699069492897252, -3019867.469911803491414 ], [ -241406.401373894739663, -3019863.295843766070902 ], [ -241402.697789120051311, -3019859.163329520728439 ], [ -241401.065099487110274, -3019855.229029907379299 ], [ -241399.515407211583806, -3019852.106604362372309 ], [ -241398.330051765049575, -3019848.536735171917826 ], [ -241395.230677955813007, -3019842.291782995220274 ], [ -241393.639544487872627, -3019838.763374759815633 ], [ -241392.371185757161584, -3019834.381735409144312 ], [ -241391.91459010032122, -3019829.917193724308163 ], [ -241391.374998540151864, -3019824.640779640059918 ], [ -241388.44164829919464, -3019820.019270535558462 ], [ -241386.808955647691619, -3019816.085076508112252 ], [ -241386.269366021559108, -3019810.808664607349783 ], [ -241384.387652515113587, -3019804.439262038096786 ], [ -241383.608192065032199, -3019800.827843997161835 ], [ -241380.956263345811749, -3019794.947336870245636 ], [ -241378.387246690079337, -3019789.878489849623293 ], [ -241375.131026760383975, -3019786.110204549040645 ], [ -241373.622895981126931, -3019783.39367276802659 ], [ -241371.865652008214965, -3019778.241822716314346 ], [ -241371.04474392652628, -3019774.22452649846673 ], [ -241370.54670445015654, -3019769.354112392291427 ], [ -241370.412899533257587, -3019764.036248549353331 ], [ -241370.362209202576196, -3019759.530061612837017 ], [ -241370.75895218871301, -3019755.388313621748239 ], [ -241371.155593150266213, -3019751.246557645034045 ], [ -241372.322552459896542, -3019746.615918672177941 ], [ -241373.166626291204011, -3019742.838602139614522 ], [ -241373.281943322421284, -3019739.955956271849573 ], [ -241372.419476360722911, -3019735.532878794241697 ], [ -241369.892022166983224, -3019730.869928459171206 ], [ -241365.897902806231286, -3019723.896228788886219 ], [ -241363.006123789440608, -3019719.680618105456233 ], [ -241360.644678700249642, -3019716.641205206979066 ], [ -241356.982583503209753, -3019712.914477093145251 ], [ -241355.110132740519475, -3019710.645288529340178 ], [ -241352.019923740561353, -3019708.500646081753075 ], [ -241346.900401284481632, -3019706.563466751016676 ], [ -241342.717210358590819, -3019705.760838699992746 ], [ -241338.169572458951734, -3019705.40574388531968 ], [ -241332.893176765035605, -3019705.945316375698894 ], [ -241329.687757651845459, -3019706.683220906183124 ], [ -241324.983253016427625, -3019708.804776859469712 ], [ -241317.479207084164955, -3019711.622786113061011 ], [ -241312.285810147674056, -3019712.974123914726079 ], [ -241306.446756875957362, -3019716.03190638916567 ], [ -241300.118812149972655, -3019718.319470944348723 ], [ -241293.301976229558932, -3019719.836816941853613 ], [ -241287.213907560508233, -3019720.459391606971622 ], [ -241281.573167838156223, -3019721.446396076120436 ], [ -241277.233094883267768, -3019723.120515062473714 ], [ -241274.391999806888634, -3019723.411076387856156 ], [ -241267.492159319692291, -3019724.116647583898157 ], [ -241262.2157551049022, -3019724.656208389438689 ], [ -241257.262230952968821, -3019724.342549685388803 ], [ -241254.213686352304649, -3019722.603689322248101 ], [ -241250.676142523443559, -3019720.094703396316618 ], [ -241247.419937915430637, -3019716.326507643796504 ], [ -241243.435074939625338, -3019713.452987233176827 ], [ -241240.990641488489928, -3019709.601791724096984 ], [ -241237.651440305722645, -3019705.021826260257512 ], [ -241235.695896588586038, -3019701.940849614795297 ], [ -241234.187784171634121, -3019699.224313477985561 ], [ -241231.784904066764284, -3019695.77900728257373 ], [ -241228.934593986254185, -3019691.96926069073379 ], [ -241226.979052382142982, -3019688.888284357264638 ], [ -241225.148060247447575, -3019687.024965768679976 ], [ -241222.54674770773272, -3019685.650525803677738 ], [ -241219.175327441742411, -3019684.764879366848618 ], [ -241214.221808887756197, -3019684.451211356557906 ], [ -241210.080059203726705, -3019684.054544273763895 ], [ -241207.155967316793976, -3019683.533328399527818 ], [ -241204.19032542174682, -3019682.606223369948566 ], [ -241201.266233632923104, -3019682.085006833076477 ], [ -241200.0, -3019682.214478039182723 ], [ -241200.0, -3019680.0 ], [ -241186.047685204102891, -3019680.0 ], [ -241185.70935671692132, -3019678.344250056426972 ], [ -241185.21135512390174, -3019673.473839989397675 ], [ -241182.121167565026553, -3019671.329074704088271 ], [ -241178.832737606979208, -3019671.25529403006658 ], [ -241172.380237027362455, -3019672.32516799820587 ], [ -241169.746686266473262, -3019674.645144136622548 ], [ -241168.41369673088775, -3019677.652232512366027 ], [ -241165.870221158576896, -3019680.0 ], [ -241160.0, -3019680.0 ], [ -241160.0, -3019684.289134669583291 ], [ -241157.754865394963417, -3019685.714165023993701 ], [ -241152.280122317257337, -3019688.324578723870218 ], [ -241148.710252558696084, -3019689.509892615024 ], [ -241147.121796329272911, -3019690.0 ], [ -241140.0, -3019690.0 ], [ -241140.0, -3019691.630893056280911 ], [ -241135.440998099249555, -3019692.097076721489429 ], [ -241130.487475046014879, -3019691.783393816556782 ], [ -241127.72027449667803, -3019688.785412108059973 ], [ -241124.952972482162295, -3019685.787421649787575 ], [ -241122.508556049695471, -3019681.936214363202453 ], [ -241120.147135945793707, -3019678.89677703846246 ], [ -241118.763587879453553, -3019677.397790362127125 ], [ -241112.666307061503176, -3019673.920122005045414 ], [ -241109.170335691422224, -3019671.816904358100146 ], [ -241104.862595027021598, -3019669.79668133193627 ], [ -241100.87763842754066, -3019666.923232844099402 ], [ -241095.509136402921285, -3019662.550796274561435 ], [ -241091.930172838299768, -3019659.635806959122419 ], [ -241086.072790038422681, -3019654.49314770847559 ], [ -241081.516061945527326, -3019650.037714788224548 ], [ -241079.560538038320374, -3019646.95672741625458 ], [ -241076.710242718021618, -3019643.147066850680858 ], [ -241072.808397000422701, -3019641.085291065275669 ], [ -241070.207195053022588, -3019639.710844495333731 ], [ -241063.621044494037051, -3019635.462944796308875 ], [ -241061.490304290695349, -3019634.288756682537496 ], [ -241057.97121447045356, -3019632.349606394767761 ], [ -241054.152364317007596, -3019631.099597182124853 ], [ -241050.291958185145631, -3019629.443800558336079 ], [ -241047.524772132834187, -3019626.445813493803144 ], [ -241046.01657932830858, -3019623.729259693529457 ], [ -241043.20784694806207, -3019620.325383702293038 ], [ -241040.0, -3019616.612977890297771 ], [ -241040.0, -3019610.0 ], [ -241036.2440309690719, -3019610.0 ], [ -241034.449667421344202, -3019606.866884382907301 ], [ -241031.640827700466616, -3019603.463101867586374 ], [ -241030.0, -3019602.499822824727744 ], [ -241030.0, -3019600.0 ], [ -241025.741858427616535, -3019600.0 ], [ -241025.096246287372196, -3019599.620981140062213 ], [ -241023.712707159982529, -3019598.121991507709026 ], [ -241021.923177500197198, -3019596.664540192577988 ], [ -241020.415091305010719, -3019593.947995407972485 ], [ -241018.78246683391626, -3019590.013793726917356 ], [ -241016.545511235395679, -3019588.191898563876748 ], [ -241012.768214775336673, -3019587.347771992441267 ], [ -241009.521234406362055, -3019587.679848575033247 ], [ -241006.763142416777555, -3019588.782044551800936 ], [ -241002.91193085827399, -3019591.226435573771596 ], [ -241002.672033403476235, -3019592.891417527105659 ], [ -241000.850247166730696, -3019595.128279475029558 ], [ -240997.446367459691828, -3019597.937004123814404 ], [ -240995.135700529499445, -3019599.403643988072872 ], [ -240993.698633633641293, -3019600.0 ], [ -240990.0, -3019600.0 ], [ -240990.0, -3019601.724370358046144 ], [ -240987.714622683997732, -3019603.033221323508769 ], [ -240983.093184302997543, -3019605.966491808183491 ], [ -240977.701419737248216, -3019609.388633274938911 ], [ -240976.846925988851581, -3019610.0 ], [ -240970.0, -3019610.0 ], [ -240970.0, -3019613.336173301562667 ], [ -240966.793553435622016, -3019615.015273765660822 ], [ -240962.859343415067997, -3019616.647893709130585 ], [ -240960.590125367452856, -3019618.520311168394983 ], [ -240956.697358408448054, -3019620.558811353053898 ], [ -240952.481802310270723, -3019623.450534103438258 ], [ -240948.266245241422439, -3019626.342256755102426 ], [ -240946.204542893567123, -3019630.244206439703703 ], [ -240945.111427774041658, -3019631.586300466675311 ], [ -240943.778411764738848, -3019634.593379555735737 ], [ -240942.039505906082923, -3019637.642005055677146 ], [ -240940.134721730137244, -3019639.067098080180585 ], [ -240938.227291495015379, -3019640.0 ], [ -240930.0, -3019640.0 ], [ -240930.0, -3019644.302395590115339 ], [ -240927.68628154459293, -3019645.671485676430166 ], [ -240921.930165424040752, -3019649.540958974976093 ], [ -240917.391708880575607, -3019653.285896747373044 ], [ -240913.913991018227534, -3019659.383159749209881 ], [ -240911.893742951768218, -3019663.690790915396065 ], [ -240905.408940242865356, -3019668.455034992191941 ], [ -240902.046586434589699, -3019671.669650833588094 ], [ -240896.009113918495132, -3019676.798231136053801 ], [ -240894.030399196373764, -3019681.511857405304909 ], [ -240891.968592735007405, -3019685.413703329861164 ], [ -240886.410632214130601, -3019690.0 ], [ -240880.0, -3019690.0 ], [ -240880.0, -3019700.0 ], [ -240870.0, -3019700.0 ], [ -240870.0, -3019710.0 ], [ -240860.0, -3019710.0 ], [ -240860.0, -3019730.0 ], [ -240860.0, -3019740.0 ], [ -240850.0, -3019740.0 ], [ -240850.0, -3019800.0 ], [ -240850.0, -3019820.0 ], [ -240850.0, -3019830.0 ], [ -240840.0, -3019830.0 ], [ -240840.0, -3019930.0 ], [ -240850.0, -3019930.0 ], [ -240850.0, -3019940.0 ], [ -240840.0, -3019940.0 ], [ -240840.0, -3019970.0 ], [ -240830.0, -3019970.0 ], [ -240830.0, -3019980.0 ], [ -240830.0, -3019990.0 ], [ -240820.0, -3019990.0 ], [ -240820.0, -3020000.0 ], [ -240810.0, -3020000.0 ], [ -240810.0, -3020007.052993070799857 ], [ -240807.957880122063216, -3020006.923658922314644 ], [ -240804.909212101367302, -3020005.18472381029278 ], [ -240802.224987333611352, -3020002.998457385227084 ], [ -240799.623650922032539, -3020001.623964643105865 ], [ -240793.56796511230641, -3019998.551996519323438 ], [ -240791.00817529426422, -3019997.583398524671793 ], [ -240786.824931259965524, -3019996.780686126556247 ], [ -240783.130461698339786, -3019996.748303274158388 ], [ -240780.653772311168723, -3019996.591393379028887 ], [ -240774.929943686642218, -3019996.766542654950172 ], [ -240769.893473354808521, -3019995.640929816756397 ], [ -240765.668675189983333, -3019994.432420457247645 ], [ -240762.744544508343097, -3019993.911158754490316 ], [ -240758.56129206638434, -3019993.108543910551816 ], [ -240752.952838664350566, -3019990.401001183781773 ], [ -240748.645155006379355, -3019988.380714961327612 ], [ -240744.660277114337077, -3019985.507091526407748 ], [ -240742.704741518042283, -3019982.426141602918506 ], [ -240740.301885066175601, -3019978.980645754840225 ], [ -240737.899020638054935, -3019975.53525203699246 ], [ -240735.703686310094781, -3019974.119216687511653 ], [ -240730.708654175250558, -3019973.399585097562522 ], [ -240727.743082652188605, -3019972.472432390321046 ], [ -240723.684272099169903, -3019972.887379143387079 ], [ -240720.843130849476438, -3019973.177895175758749 ], [ -240715.442211539339041, -3019972.499703417997807 ], [ -240711.258961890998762, -3019971.697080812882632 ], [ -240707.357076314947335, -3019969.635234652552754 ], [ -240703.413740146002965, -3019967.167603021487594 ], [ -240700.729525147704408, -3019964.981326574459672 ], [ -240696.380201042047702, -3019962.555127742234617 ], [ -240690.043063213786809, -3019960.742349767126143 ], [ -240685.776828758098418, -3019959.12794040190056 ], [ -240679.398258397908648, -3019956.909170768689364 ], [ -240674.643143164226785, -3019954.524521108716726 ], [ -240669.888028576853685, -3019952.139870611950755 ], [ -240663.790817745699314, -3019948.661977200768888 ], [ -240656.840273333567893, -3019944.861274356488138 ], [ -240646.924163024174049, -3019940.133407830726355 ], [ -240642.657932737056399, -3019938.518991481047124 ], [ -240638.308718043816043, -3019936.092791973613203 ], [ -240630.140603086299961, -3019932.416619052644819 ], [ -240630.0, -3019932.363411696162075 ], [ -240630.0, -3019930.0 ], [ -240623.940512934903381, -3019930.0 ], [ -240606.522011246503098, -3019918.016429364215583 ], [ -240602.578586586547317, -3019915.548774897120893 ], [ -240595.909518781059887, -3019910.488947099074721 ], [ -240590.94700913480483, -3019906.074831916950643 ], [ -240586.348743163864128, -3019901.21337174391374 ], [ -240582.562362844357267, -3019896.268937139306217 ], [ -240579.306293404981261, -3019892.500730743631721 ], [ -240575.644346932560438, -3019888.773862342350185 ], [ -240571.087628801673418, -3019884.318296312354505 ], [ -240566.249549775879132, -3019881.121846675407141 ], [ -240561.775816235458478, -3019877.478061196859926 ], [ -240558.321379532455467, -3019875.780649615451694 ], [ -240554.461048035562271, -3019874.124779473058879 ], [ -240548.363864450657275, -3019870.646861816756427 ], [ -240545.19069039443275, -3019867.690323601476848 ], [ -240542.78785890142899, -3019864.244917497038841 ], [ -240539.167453714791918, -3019860.924042795784771 ], [ -240536.035831902991049, -3019858.373296916950494 ], [ -240531.562207537150243, -3019854.729516088496894 ], [ -240527.98324414237868, -3019851.814526672009379 ], [ -240522.86370810403605, -3019849.877177141606808 ], [ -240519.367837173835142, -3019847.773874497506768 ], [ -240512.052986368507845, -3019844.420470930635929 ], [ -240505.955804423807422, -3019840.94264650857076 ], [ -240500.388937244686531, -3019838.640947339124978 ], [ -240492.096443341870327, -3019833.747066425625235 ], [ -240487.664266246632906, -3019830.50916532240808 ], [ -240485.02151717999368, -3019828.728756713680923 ], [ -240481.28562077623792, -3019828.290441470686346 ], [ -240476.655066307110246, -3019827.123332152143121 ], [ -240471.254271292476915, -3019826.445095715112984 ], [ -240466.259260475664632, -3019825.725411256309599 ], [ -240459.682227408193285, -3019825.577577750198543 ], [ -240455.21762998442864, -3019826.034027235582471 ], [ -240449.046491207322106, -3019825.844651008024812 ], [ -240441.616339733271161, -3019825.373913581483066 ], [ -240437.474556431203382, -3019824.97703012265265 ], [ -240433.00995775469346, -3019825.433476106729358 ], [ -240426.474462559621315, -3019825.691529816482216 ], [ -240418.596883618360152, -3019824.856328676920384 ], [ -240412.259780289430637, -3019823.043482744600624 ], [ -240409.418641890166327, -3019823.333962076809257 ], [ -240401.05229289480485, -3019821.72852206742391 ], [ -240395.651394684275147, -3019821.050261650700122 ], [ -240391.302203444618499, -3019818.624124836176634 ], [ -240386.630111157282954, -3019817.051104214973748 ], [ -240380.210033735667821, -3019814.426468582823873 ], [ -240380.0, -3019814.284963756334037 ], [ -240380.0, -3019810.0 ], [ -240370.0, -3019810.0 ], [ -240370.0, -3019811.088703906629235 ], [ -240367.941830179886892, -3019810.759226098656654 ], [ -240360.262641120643821, -3019807.853213468100876 ], [ -240354.737324003333924, -3019805.957377985585481 ], [ -240349.576355417666491, -3019803.614209559280425 ], [ -240346.121934812894324, -3019801.916770032141358 ], [ -240340.149296198622324, -3019799.656481290236115 ], [ -240338.359774348908104, -3019798.198969138320535 ], [ -240333.480292381282197, -3019794.596590829547495 ], [ -240330.0, -3019792.086845677811652 ], [ -240330.0, -3019780.0 ], [ -240322.298448244982865, -3019780.0 ], [ -240320.124196391581791, -3019776.276416070759296 ], [ -240320.0, -3019776.116544414777309 ], [ -240320.0, -3019760.0 ], [ -240313.128867892315611, -3019760.0 ], [ -240312.980797325144522, -3019758.551446606870741 ], [ -240312.607348127494333, -3019754.898632138967514 ], [ -240310.974898656219011, -3019750.964349781628698 ], [ -240310.0, -3019748.949551997240633 ], [ -240310.0, -3019740.0 ], [ -240306.107449111674214, -3019740.0 ], [ -240305.505398081644671, -3019737.579557461198419 ], [ -240303.872951192781329, -3019733.645276578143239 ], [ -240303.176591526309494, -3019730.84568060003221 ], [ -240301.709997934842249, -3019728.534850138239563 ], [ -240299.182790790189756, -3019723.871864714194089 ], [ -240297.144349598500412, -3019719.97911367751658 ], [ -240294.700125476665562, -3019716.127806766424328 ], [ -240292.703222960990388, -3019712.640950435772538 ], [ -240291.725489509874023, -3019711.100465143099427 ], [ -240288.469487308349926, -3019707.332130870781839 ], [ -240285.255023146542953, -3019703.9696906786412 ], [ -240281.353187063679798, -3019701.907887617126107 ], [ -240277.004030994605273, -3019699.481633365154266 ], [ -240272.779282132367371, -3019698.273043702822179 ], [ -240268.190278198861051, -3019697.511893023271114 ], [ -240265.630532572075026, -3019696.543142403010279 ], [ -240262.946372313686879, -3019694.356828291900456 ], [ -240260.345183789177099, -3019692.982293696142733 ], [ -240260.0, -3019692.608305437024683 ], [ -240260.0, -3019690.0 ], [ -240257.592585509206401, -3019690.0 ], [ -240254.810914169065654, -3019686.986207190901041 ], [ -240250.0, -3019681.155684278346598 ], [ -240250.0, -3019680.0 ], [ -240249.046415226534009, -3019680.0 ], [ -240248.257380655617453, -3019679.043740132823586 ], [ -240242.483172460808419, -3019674.71264578262344 ], [ -240237.437664113240317, -3019669.486894095782191 ], [ -240234.181673939427128, -3019665.718555735889822 ], [ -240231.456084898643894, -3019663.126354228239506 ], [ -240230.0, -3019661.820412377361208 ], [ -240230.0, -3019660.0 ], [ -240227.970296326617245, -3019660.0 ], [ -240226.94087862141896, -3019659.076729890890419 ], [ -240224.215290880994871, -3019656.484527929220349 ], [ -240221.365189269912662, -3019652.674755011219531 ], [ -240219.691123251395766, -3019648.334574139211327 ], [ -240216.352159984613536, -3019643.754558470565826 ], [ -240211.837069861474447, -3019639.704839586745948 ], [ -240208.747025438555283, -3019637.560057749506086 ], [ -240203.909012776333839, -3019634.363652208354324 ], [ -240201.183429616590729, -3019631.771449033170938 ], [ -240200.0, -3019630.450839678291231 ], [ -240200.0, -3019630.0 ], [ -240199.595991785434308, -3019630.0 ], [ -240197.480019945622189, -3019627.638750824611634 ], [ -240194.26557574790786, -3019624.276304182130843 ], [ -240190.520726280927192, -3019619.737822789233178 ], [ -240186.858855138154468, -3019616.01101756375283 ], [ -240183.279953249322716, -3019613.095990385860205 ], [ -240180.47130384715274, -3019609.691999175120145 ], [ -240178.110075004951796, -3019606.652468327898532 ], [ -240173.959346006653504, -3019602.155419165734202 ], [ -240171.681086383934598, -3019599.927666273433715 ], [ -240168.591049092327012, -3019597.782880970742553 ], [ -240164.606266659829998, -3019594.909284917637706 ], [ -240159.809809082711581, -3019592.118664383422583 ], [ -240156.31388008245267, -3019590.015412539709359 ], [ -240152.817960169486469, -3019587.91205819696188 ], [ -240150.216785651573446, -3019586.537514317315072 ], [ -240147.980072169710184, -3019584.715551041066647 ], [ -240141.725995269982377, -3019583.714417090173811 ], [ -240138.801903494895669, -3019583.193082365207374 ], [ -240134.494300801103236, -3019581.172802994493395 ], [ -240129.739279711648123, -3019578.788061805535108 ], [ -240125.141245274513494, -3019573.926554085221142 ], [ -240121.479388241132256, -3019570.199742315802723 ], [ -240117.453173004061682, -3019566.920357452705503 ], [ -240110.825796310527949, -3019562.266322538256645 ], [ -240108.630510042828973, -3019560.850343016907573 ], [ -240105.540489488106687, -3019558.705449112225324 ], [ -240102.044567606877536, -3019556.602190686389804 ], [ -240097.736877223971533, -3019554.581794975325465 ], [ -240091.805827646632679, -3019552.727447990793735 ], [ -240087.904022727743722, -3019550.66561920568347 ], [ -240082.784658293472603, -3019548.728194559458643 ], [ -240076.364752558118198, -3019546.103599855210632 ], [ -240072.827411202160874, -3019543.594351133331656 ], [ -240070.060204061650438, -3019540.596338120754808 ], [ -240067.376072399609257, -3019538.410009014420211 ], [ -240065.503718567139003, -3019536.14071562839672 ], [ -240060.988656806119252, -3019532.091079131234437 ], [ -240056.597999541118043, -3019529.259001710452139 ], [ -240052.124481537379324, -3019525.615154983475804 ], [ -240049.523316072445596, -3019524.240601793397218 ], [ -240046.151906290993793, -3019523.354904706589878 ], [ -240041.968727958097588, -3019522.55206838529557 ], [ -240040.0, -3019522.321101466659456 ], [ -240040.0, -3019520.0 ], [ -240035.055812212667661, -3019520.0 ], [ -240030.752292362274602, -3019517.136812972370535 ], [ -240027.45490806575981, -3019512.962676221039146 ], [ -240023.751538512355182, -3019508.829961061943322 ], [ -240021.630285298422677, -3019504.125538665335625 ], [ -240019.757835354161216, -3019501.856234696693718 ], [ -240017.189167300297413, -3019496.787350208964199 ], [ -240015.150887349183904, -3019492.89460345543921 ], [ -240011.977900797326583, -3019489.938127774745226 ], [ -240008.399039530864684, -3019487.022979711182415 ], [ -240006.079269447393017, -3019484.389323598239571 ], [ -240002.615859215380624, -3019478.591727165039629 ], [ -240000.941935099341208, -3019474.251658700406551 ], [ -239998.290312493249075, -3019468.370999599341303 ], [ -239994.628485644730972, -3019464.644176758825779 ], [ -239991.008191391068976, -3019461.323246041312814 ], [ -239987.429327450605342, -3019458.408198734279722 ], [ -239982.549937059142394, -3019454.805875986348838 ], [ -239979.501357090193778, -3019453.066956091672182 ], [ -239976.535848780360539, -3019452.139718441758305 ], [ -239971.010614145197906, -3019450.243804296012968 ], [ -239964.300316664099228, -3019444.778065711725503 ], [ -239960.389608337020036, -3019438.616013958118856 ], [ -239956.769321187282912, -3019435.29507983289659 ], [ -239952.378687992051709, -3019432.462988680228591 ], [ -239948.394041186082177, -3019429.589476759545505 ], [ -239944.898153296351666, -3019427.486098526511341 ], [ -239941.03790441819001, -3019425.830142725259066 ], [ -239936.324451650114497, -3019423.851262042298913 ], [ -239931.163678751065163, -3019421.508027554955333 ], [ -239927.792180061427644, -3019420.622306290548295 ], [ -239923.286185188277159, -3019420.672764707356691 ], [ -239915.89764433685923, -3019420.607753633521497 ], [ -239911.672941740951501, -3019419.399105248041451 ], [ -239907.199457930459175, -3019415.755239504855126 ], [ -239905.004191216197796, -3019414.339245330076665 ], [ -239900.290741501376033, -3019412.360358116216958 ], [ -239896.347538016445469, -3019409.892619993537664 ], [ -239891.509593082038919, -3019406.696165471803397 ], [ -239888.378166616137605, -3019404.145468578208238 ], [ -239885.569564602395985, -3019400.741559472866356 ], [ -239883.249812770925928, -3019398.107896098401397 ], [ -239879.348142168048071, -3019396.0460479198955 ], [ -239877.194314289576141, -3019395.035833085421473 ], [ -239873.334071886725724, -3019393.379867468960583 ], [ -239868.984980841196375, -3019390.953655302990228 ], [ -239864.677419843937969, -3019388.933334509842098 ], [ -239861.347565364500042, -3019388.453403174411505 ], [ -239856.509627181018004, -3019385.256942897103727 ], [ -239853.659603573498316, -3019381.447147916071117 ], [ -239852.234587768121855, -3019379.542301466688514 ], [ -239848.092848185711773, -3019379.145418075378984 ], [ -239846.063516114256345, -3019379.352766079828143 ], [ -239841.0776833925338, -3019382.733173962216824 ], [ -239840.0, -3019383.065656587481499 ], [ -239840.0, -3019380.0 ], [ -239830.0, -3019380.0 ], [ -239830.0, -3019384.128199309110641 ], [ -239829.713326315541053, -3019383.894701469689608 ], [ -239828.080964928230969, -3019379.960520496126264 ], [ -239827.135793202673085, -3019374.725708110257983 ], [ -239826.149093329237076, -3019369.085004593711346 ], [ -239822.247429414506769, -3019367.023148267995566 ], [ -239819.447842169320211, -3019367.719443432055414 ], [ -239813.973065949685406, -3019370.329487837385386 ], [ -239810.726159382495098, -3019370.661427507176995 ], [ -239806.386085615522461, -3019372.335313855204731 ], [ -239800.745388449140592, -3019373.321907286532223 ], [ -239795.916457753512077, -3019374.225647147279233 ], [ -239790.31728755790391, -3019375.618131001014262 ], [ -239785.529892513062805, -3019376.927659567911178 ], [ -239780.742394734319532, -3019378.237178863957524 ], [ -239775.954998368484667, -3019379.546706158667803 ], [ -239775.18886183280847, -3019380.0 ], [ -239770.0, -3019380.0 ], [ -239770.0, -3019382.891861466225237 ], [ -239768.169468757405411, -3019383.62328434176743 ], [ -239762.736210188391851, -3019386.639214912895113 ], [ -239759.332285485579632, -3019389.447803083341569 ], [ -239758.716057827870827, -3019390.0 ], [ -239750.0, -3019390.0 ], [ -239750.0, -3019400.0 ], [ -239740.0, -3019400.0 ], [ -239730.0, -3019400.0 ], [ -239730.0, -3019413.269067012239248 ], [ -239729.790239917201689, -3019413.382751955650747 ], [ -239724.108000265492592, -3019413.963441168889403 ], [ -239721.266977988154395, -3019414.253845042549074 ], [ -239715.178946339437971, -3019414.87606871407479 ], [ -239708.560642863303656, -3019414.322155933361501 ], [ -239698.86123404459795, -3019415.723615745082498 ], [ -239694.562669621576788, -3019417.803384539205581 ], [ -239692.65770786406938, -3019419.228385712020099 ], [ -239690.156587952806149, -3019420.0 ], [ -239680.0, -3019420.0 ], [ -239680.0, -3019423.199992653448135 ], [ -239675.214372468442889, -3019425.112206186633557 ], [ -239664.546256632776931, -3019429.073275544214994 ], [ -239663.158399714535335, -3019430.0 ], [ -239660.0, -3019430.0 ], [ -239650.0, -3019430.0 ], [ -239650.0, -3019437.587725195102394 ], [ -239645.082433318981202, -3019439.264739882666618 ], [ -239641.674693025677698, -3019440.0 ], [ -239640.0, -3019440.0 ], [ -239640.0, -3019440.361334750894457 ], [ -239637.859778237179853, -3019440.823112811893225 ], [ -239633.478150417475263, -3019442.091088212560862 ], [ -239626.379970127978595, -3019444.867132478859276 ], [ -239623.257438889791956, -3019446.416515300516039 ], [ -239619.323220827849582, -3019448.048959134612232 ], [ -239615.508200982236303, -3019450.0 ], [ -239610.0, -3019450.0 ], [ -239610.0, -3019452.753287800122052 ], [ -239608.009314244496636, -3019453.71643191203475 ], [ -239604.522412230988266, -3019455.713234247174114 ], [ -239598.444029125239467, -3019460.0 ], [ -239590.0, -3019460.0 ], [ -239590.0, -3019464.242659375071526 ], [ -239587.858148220606381, -3019465.208399165887386 ], [ -239584.777137556433445, -3019467.163674717303365 ], [ -239581.331655425485224, -3019469.566362143494189 ], [ -239580.246468764496967, -3019470.0 ], [ -239580.0, -3019470.0 ], [ -239570.0, -3019470.0 ], [ -239550.0, -3019470.0 ], [ -239550.0, -3019472.644481532275677 ], [ -239546.583919123891974, -3019470.656869810074568 ], [ -239543.129660425736802, -3019468.959436696954072 ], [ -239540.081092862092191, -3019467.220460618846118 ], [ -239537.88584070734214, -3019465.804328747093678 ], [ -239528.666370064514922, -3019463.875767574645579 ], [ -239522.453932506614365, -3019463.280388733372092 ], [ -239518.718168387538753, -3019462.841940900310874 ], [ -239513.723305038991384, -3019462.122078655287623 ], [ -239509.581645856291289, -3019461.725154378917068 ], [ -239506.251776733872248, -3019461.245179996360093 ], [ -239500.569603773503331, -3019461.825939236674458 ], [ -239497.769999308686238, -3019462.522107171826065 ], [ -239494.117181839304976, -3019462.895437540486455 ], [ -239490.141424576984718, -3019464.121971619781107 ], [ -239486.082719953672495, -3019464.536723490338773 ], [ -239480.806440032349201, -3019465.075954587664455 ], [ -239476.58183292549802, -3019463.867243480402976 ], [ -239471.909908580506453, -3019462.29416932258755 ], [ -239469.350287834735354, -3019461.325450724922121 ], [ -239465.895939086854924, -3019459.627896260004491 ], [ -239462.035695421829587, -3019457.971865448635072 ], [ -239458.987233947729692, -3019456.232888081111014 ], [ -239455.897248808701988, -3019454.088015150744468 ], [ -239452.72441175809945, -3019451.131470845080912 ], [ -239448.499806981300935, -3019449.92275515710935 ], [ -239444.681097624095855, -3019448.672514987178147 ], [ -239440.862277769105276, -3019447.422367697115988 ], [ -239435.70151636240189, -3019445.07902900967747 ], [ -239432.975998819369124, -3019442.486845443956554 ], [ -239430.0, -3019438.404443710111082 ], [ -239430.0, -3019430.0 ], [ -239428.829197182960343, -3019430.0 ], [ -239428.807680793630425, -3019429.789421721827239 ], [ -239427.738099369977135, -3019423.336992004420608 ], [ -239425.211058676301036, -3019418.673930331133306 ], [ -239420.977605840773322, -3019413.365087602287531 ], [ -239417.274414916522801, -3019409.232388739008456 ], [ -239413.123815889266552, -3019404.735215959139168 ], [ -239410.439725807867944, -3019402.548918377608061 ], [ -239405.477450191567186, -3019398.134697577450424 ], [ -239403.605142038461054, -3019395.865455676801503 ], [ -239403.024510026967619, -3019390.183297236915678 ], [ -239404.953016181709245, -3019380.963842899072915 ], [ -239406.120318356726784, -3019376.333364178426564 ], [ -239405.788424600788858, -3019373.086439212784171 ], [ -239405.332166775915539, -3019368.621848970651627 ], [ -239404.064222891844111, -3019364.240313552785665 ], [ -239401.49566234316444, -3019359.171464953105897 ], [ -239399.54041471821256, -3019356.090445484034717 ], [ -239395.83724479956436, -3019351.957647219765931 ], [ -239393.517524784372654, -3019349.324035805650055 ], [ -239389.897299541218672, -3019346.003016722388566 ], [ -239385.954132429877063, -3019343.535197075456381 ], [ -239380.876337050256552, -3019342.00362982461229 ], [ -239377.099166568979854, -3019341.159274367615581 ], [ -239373.404836409987183, -3019341.126689234282821 ], [ -239368.940350759425201, -3019341.582948547322303 ], [ -239364.152921318949666, -3019342.892406847793609 ], [ -239355.712579911283683, -3019344.575162710621953 ], [ -239348.250010784162441, -3019347.798441260121763 ], [ -239342.410906348522985, -3019350.855724916793406 ], [ -239336.936053753976012, -3019353.465787346940488 ], [ -239333.084769340086496, -3019355.90986454160884 ], [ -239329.233484161144588, -3019358.353941607289016 ], [ -239326.477872996387305, -3019360.0 ], [ -239320.0, -3019360.0 ], [ -239320.0, -3019363.99757377570495 ], [ -239317.273729300912237, -3019365.727693535387516 ], [ -239313.786907744448399, -3019367.724464460276067 ], [ -239305.835387523344252, -3019370.177469152957201 ], [ -239299.548957765480736, -3019372.870383964851499 ], [ -239296.832291534927208, -3019374.378309664316475 ], [ -239292.616625890950672, -3019377.269801193848252 ], [ -239289.535593505715951, -3019379.225040892604738 ], [ -239284.914039690513164, -3019382.157951320521533 ], [ -239281.750057264755014, -3019383.301511145662516 ], [ -239278.263128003483871, -3019385.298271546605974 ], [ -239272.788370737776859, -3019387.90823467168957 ], [ -239268.448239079472842, -3019389.582047787960619 ], [ -239259.279138636717107, -3019392.159411347005516 ], [ -239257.374249839660479, -3019393.584395694546402 ], [ -239254.657578475045739, -3019395.092319583985955 ], [ -239251.899479427724145, -3019396.194458551239222 ], [ -239246.664622596872505, -3019397.139426441863179 ], [ -239241.877172764769057, -3019398.448870532680303 ], [ -239238.285946049145423, -3019400.0 ], [ -239230.0, -3019400.0 ], [ -239230.0, -3019402.123251913581043 ], [ -239229.94996371207526, -3019402.12836506171152 ], [ -239225.526988926692866, -3019402.990399393253028 ], [ -239223.133160554978531, -3019403.645111473742872 ], [ -239217.492506158479955, -3019404.631603832356632 ], [ -239213.516835506918142, -3019405.858105513267219 ], [ -239204.181834912218619, -3019406.81199087947607 ], [ -239200.24758089473471, -3019408.444378351327032 ], [ -239195.46012487958069, -3019409.753816124983132 ], [ -239191.119982199772494, -3019411.42762071127072 ], [ -239186.65547453777981, -3019411.883855849970132 ], [ -239184.626121924899053, -3019412.091157861985266 ], [ -239179.391247841384029, -3019413.036217162851244 ], [ -239168.714307662565261, -3019412.896886546630412 ], [ -239161.690083484834759, -3019412.384360251482576 ], [ -239157.912901314877672, -3019411.539973692968488 ], [ -239154.218656103417743, -3019411.507370508741587 ], [ -239147.923270216502715, -3019410.10022183554247 ], [ -239141.13906045324984, -3019407.922704841475934 ], [ -239136.102679267467465, -3019406.796874489635229 ], [ -239130.743550847982988, -3019406.524261512327939 ], [ -239125.06135978869861, -3019407.104941987432539 ], [ -239120.315322422422469, -3019408.820153389591724 ], [ -239116.464004393201321, -3019411.264212807640433 ], [ -239112.935637789109023, -3019412.855070832185447 ], [ -239108.678421778429765, -3019415.340648766141385 ], [ -239105.150054005411221, -3019416.93150630267337 ], [ -239098.697703623678535, -3019418.00092111621052 ], [ -239093.01550781482365, -3019418.581596115604043 ], [ -239088.467955935164355, -3019418.226022888440639 ], [ -239082.578473060653778, -3019416.777237937785685 ], [ -239077.542183060460957, -3019415.651507129427046 ], [ -239069.830732078378787, -3019416.439480379689485 ], [ -239068.207264121243497, -3019416.605358029715717 ], [ -239063.419794334127801, -3019417.914775560144335 ], [ -239057.779122604639269, -3019418.901238394901156 ], [ -239052.544245060213143, -3019419.846173519734293 ], [ -239051.479480900656199, -3019420.0 ], [ -239050.0, -3019420.0 ], [ -239040.0, -3019420.0 ], [ -239040.0, -3019421.133379463106394 ], [ -239037.079808081733063, -3019421.016310434788465 ], [ -239030.420056493981974, -3019420.056344429962337 ], [ -239027.007243046566145, -3019418.76462627761066 ], [ -239022.658184795378475, -3019416.338260347954929 ], [ -239018.673600116977468, -3019413.46458982815966 ], [ -239013.918756850878708, -3019411.07964667212218 ], [ -239010.05863243015483, -3019409.423555406741798 ], [ -239006.198508350265911, -3019407.767463572788984 ], [ -239002.661238434317056, -3019405.258161884266883 ], [ -238997.17754428848275, -3019403.767933696974069 ], [ -238990.476372076751431, -3019402.402170868124813 ], [ -238983.49366713190102, -3019402.295393145177513 ], [ -238978.498802473593969, -3019401.575429554563016 ], [ -238973.098142774397274, -3019400.896990501787513 ], [ -238967.697483053896576, -3019400.218550344463438 ], [ -238962.578170431923354, -3019398.280900903977454 ], [ -238958.312151938356692, -3019396.66631855815649 ], [ -238955.794067944661947, -3019396.10334348352626 ], [ -238950.434823103481904, -3019395.830788256600499 ], [ -238947.510841958079254, -3019395.309328875970095 ], [ -238944.62827517290134, -3019395.193757732864469 ], [ -238940.85109395661857, -3019394.34933976829052 ], [ -238935.814704863616498, -3019393.223572871182114 ], [ -238929.643784555926686, -3019393.033850485924631 ], [ -238927.167106209497433, -3019392.876863347366452 ], [ -238922.702594089467311, -3019393.332954118493944 ], [ -238916.614602975343587, -3019393.955014849081635 ], [ -238910.120713835407514, -3019394.618590256199241 ], [ -238906.467884537123609, -3019394.991740186233073 ], [ -238902.782408963801572, -3019399.059244010131806 ], [ -238899.825780649203807, -3019402.232134280726314 ], [ -238899.064286075095879, -3019406.821103751659393 ], [ -238897.772652485582512, -3019410.233922715298831 ], [ -238898.187326445506187, -3019414.292550384998322 ], [ -238896.291187366296072, -3019419.817661043722183 ], [ -238896.309824982628925, -3019420.0 ], [ -238890.0, -3019420.0 ], [ -238890.0, -3019429.36786128859967 ], [ -238889.897881946526468, -3019429.493219352792948 ], [ -238887.794459354045102, -3019432.988970830105245 ], [ -238881.069413594639627, -3019439.417586444411427 ], [ -238877.822466711280867, -3019439.749321256764233 ], [ -238877.343667181849014, -3019440.0 ], [ -238870.0, -3019440.0 ], [ -238870.0, -3019442.661823449656367 ], [ -238867.112836658518063, -3019443.304238662589341 ], [ -238861.513564174820203, -3019444.696453579235822 ], [ -238855.872868844016921, -3019445.682879886589944 ], [ -238847.672661625634646, -3019445.700532224960625 ], [ -238842.603618113556877, -3019448.269008847884834 ], [ -238836.358614306605887, -3019451.367742339149117 ], [ -238833.318942242767662, -3019453.728837813716382 ], [ -238830.925202025333419, -3019454.383427645545453 ], [ -238827.71976631556754, -3019455.121056132484227 ], [ -238824.712840748979943, -3019453.787897122558206 ], [ -238822.559023635403719, -3019452.777589215431362 ], [ -238820.0, -3019452.105176254175603 ], [ -238820.0, -3019450.0 ], [ -238815.010236662637908, -3019450.0 ], [ -238813.579670129023725, -3019449.183897397946566 ], [ -238810.332719164958689, -3019449.515624986495823 ], [ -238806.274081242852844, -3019449.930288291536272 ], [ -238805.591826393530937, -3019450.0 ], [ -238790.0, -3019450.0 ], [ -238780.0, -3019450.0 ], [ -238780.0, -3019440.0 ], [ -238760.0, -3019440.0 ], [ -238760.0, -3019450.0 ], [ -238750.0, -3019450.0 ], [ -238750.0, -3019460.0 ], [ -238740.0, -3019460.0 ], [ -238740.0, -3019470.0 ], [ -238740.0, -3019480.0 ], [ -238730.0, -3019480.0 ], [ -238730.0, -3019489.595430506858975 ], [ -238728.880480929248733, -3019490.0 ], [ -238720.0, -3019490.0 ], [ -238720.0, -3019495.054579326882958 ], [ -238719.455958499282133, -3019495.29986619669944 ], [ -238716.250409805506933, -3019496.037476393394172 ], [ -238713.003449238603935, -3019496.369195002596825 ], [ -238710.974171029083664, -3019496.576576472725719 ], [ -238707.528691396291833, -3019498.979086554609239 ], [ -238705.578707698237849, -3019500.0 ], [ -238700.0, -3019500.0 ], [ -238690.0, -3019500.0 ], [ -238680.0, -3019500.0 ], [ -238680.0, -3019510.0 ], [ -238690.0, -3019510.0 ], [ -238690.0, -3019530.0 ], [ -238680.0, -3019530.0 ], [ -238680.0, -3019539.208574425894767 ], [ -238677.493452056485694, -3019540.0 ], [ -238670.0, -3019540.0 ], [ -238670.0, -3019542.366006847005337 ], [ -238668.934570192242973, -3019542.702409108635038 ], [ -238664.552943492017221, -3019543.97026174608618 ], [ -238657.860484816919779, -3019546.704487462062389 ], [ -238654.73796190606663, -3019548.253793872892857 ], [ -238653.525783325399971, -3019550.0 ], [ -238650.0, -3019550.0 ], [ -238650.0, -3019560.0 ], [ -238640.0, -3019560.0 ], [ -238630.0, -3019560.0 ], [ -238630.0, -3019570.0 ], [ -238640.0, -3019570.0 ], [ -238650.0, -3019570.0 ], [ -238660.0, -3019570.0 ], [ -238660.0, -3019580.0 ], [ -238670.0, -3019580.0 ], [ -238680.0, -3019580.0 ], [ -238680.0, -3019570.0 ], [ -238690.0, -3019570.0 ], [ -238690.0, -3019580.0 ], [ -238700.0, -3019580.0 ], [ -238700.0, -3019600.0 ], [ -238690.0, -3019600.0 ], [ -238690.0, -3019610.0 ], [ -238690.0, -3019620.0 ], [ -238680.0, -3019620.0 ], [ -238680.0, -3019630.0 ], [ -238690.0, -3019630.0 ], [ -238690.0, -3019640.0 ], [ -238700.0, -3019640.0 ], [ -238710.0, -3019640.0 ], [ -238710.0, -3019650.0 ], [ -238720.0, -3019650.0 ], [ -238720.0, -3019660.0 ], [ -238730.0, -3019660.0 ], [ -238730.0, -3019670.0 ], [ -238730.0, -3019680.0 ], [ -238730.0, -3019690.0 ], [ -238730.0, -3019710.0 ], [ -238730.0, -3019720.0 ], [ -238720.0, -3019720.0 ], [ -238720.0, -3019740.0 ], [ -238720.0, -3019750.0 ], [ -238730.0, -3019750.0 ], [ -238730.0, -3019740.0 ], [ -238737.606970661319792, -3019740.0 ], [ -238738.579615420341725, -3019742.691349389031529 ], [ -238740.0, -3019745.84178399015218 ], [ -238740.0, -3019750.0 ], [ -238740.0, -3019760.0 ], [ -238740.0, -3019770.0 ], [ -238740.0, -3019780.0 ], [ -238750.0, -3019780.0 ], [ -238750.0, -3019790.0 ], [ -238750.0, -3019800.0 ], [ -238750.0, -3019810.0 ], [ -238760.0, -3019810.0 ], [ -238760.0, -3019820.0 ], [ -238760.0, -3019830.0 ], [ -238770.0, -3019830.0 ], [ -238777.850137521279976, -3019830.0 ], [ -238780.0, -3019832.329525312408805 ], [ -238780.0, -3019840.0 ], [ -238786.716339453152614, -3019840.0 ], [ -238787.628868847183185, -3019841.437967312987894 ], [ -238789.012333829159616, -3019842.937111147679389 ], [ -238790.0, -3019843.555275685153902 ], [ -238790.0, -3019850.0 ], [ -238798.818868865579134, -3019850.0 ], [ -238800.0, -3019851.043387411627918 ], [ -238800.0, -3019860.0 ], [ -238800.0, -3019870.0 ], [ -238810.0, -3019870.0 ], [ -238810.0, -3019880.0 ], [ -238820.0, -3019880.0 ], [ -238820.0, -3019890.0 ], [ -238850.0, -3019890.0 ], [ -238850.0, -3019900.0 ], [ -238870.0, -3019900.0 ], [ -238870.0, -3019910.0 ], [ -238880.0, -3019910.0 ], [ -238880.0, -3019920.0 ], [ -238899.186984259897145, -3019920.0 ], [ -238899.438237654598197, -3019920.238974014297128 ], [ -238900.0, -3019920.860956742428243 ], [ -238900.0, -3019930.0 ], [ -238909.436060438427376, -3019930.0 ], [ -238910.0, -3019930.352949013467878 ], [ -238910.0, -3019940.0 ], [ -238920.0, -3019940.0 ], [ -238920.0, -3019950.0 ], [ -238930.0, -3019950.0 ], [ -238930.0, -3019960.0 ], [ -238940.0, -3019960.0 ], [ -238960.0, -3019960.0 ], [ -238960.0, -3019970.0 ], [ -238970.0, -3019970.0 ], [ -238980.0, -3019970.0 ], [ -238980.0, -3019980.0 ], [ -238990.0, -3019980.0 ], [ -239010.0, -3019980.0 ], [ -239010.0, -3019970.0 ], [ -239110.0, -3019970.0 ], [ -239110.0, -3019960.0 ], [ -239120.0, -3019960.0 ], [ -239120.0, -3019970.0 ], [ -239130.0, -3019970.0 ], [ -239130.0, -3019980.0 ], [ -239140.0, -3019980.0 ], [ -239150.0, -3019980.0 ], [ -239150.0, -3019990.0 ], [ -239160.0, -3019990.0 ], [ -239160.0, -3020000.0 ], [ -239170.0, -3020000.0 ], [ -239180.0, -3020000.0 ], [ -239180.0, -3020010.0 ], [ -239190.0, -3020010.0 ], [ -239190.0, -3020020.0 ], [ -239200.0, -3020020.0 ], [ -239210.0, -3020020.0 ], [ -239210.0, -3020030.0 ], [ -239220.0, -3020030.0 ], [ -239220.0, -3020040.0 ], [ -239230.0, -3020040.0 ], [ -239240.0, -3020040.0 ], [ -239250.0, -3020040.0 ], [ -239250.0, -3020050.0 ], [ -239260.0, -3020050.0 ], [ -239260.0, -3020060.0 ], [ -239270.0, -3020060.0 ], [ -239280.0, -3020060.0 ], [ -239280.0, -3020070.0 ], [ -239290.0, -3020070.0 ], [ -239300.0, -3020070.0 ], [ -239300.0, -3020080.0 ], [ -239310.0, -3020080.0 ], [ -239320.0, -3020080.0 ], [ -239320.0, -3020090.0 ], [ -239330.0, -3020090.0 ], [ -239350.0, -3020090.0 ], [ -239350.0, -3020080.0 ], [ -239360.0, -3020080.0 ], [ -239360.0, -3020090.0 ], [ -239370.0, -3020090.0 ], [ -239370.0, -3020100.0 ], [ -239380.0, -3020100.0 ], [ -239390.0, -3020100.0 ], [ -239390.0, -3020110.0 ], [ -239400.0, -3020110.0 ], [ -239410.0, -3020110.0 ], [ -239410.0, -3020120.0 ], [ -239440.0, -3020120.0 ], [ -239440.0, -3020130.0 ], [ -239450.0, -3020130.0 ], [ -239460.0, -3020130.0 ], [ -239460.0, -3020140.0 ], [ -239470.0, -3020140.0 ], [ -239470.0, -3020130.0 ], [ -239480.0, -3020130.0 ], [ -239480.0, -3020140.0 ], [ -239490.0, -3020140.0 ], [ -239500.0, -3020140.0 ], [ -239500.0, -3020150.0 ], [ -239510.0, -3020150.0 ], [ -239520.0, -3020150.0 ], [ -239520.0, -3020160.0 ], [ -239530.0, -3020160.0 ], [ -239540.0, -3020160.0 ], [ -239540.0, -3020170.0 ], [ -239550.0, -3020170.0 ], [ -239550.0, -3020180.0 ], [ -239560.0, -3020180.0 ], [ -239570.0, -3020180.0 ], [ -239570.0, -3020190.0 ], [ -239580.0, -3020190.0 ], [ -239580.0, -3020200.0 ], [ -239580.0, -3020210.0 ], [ -239590.0, -3020210.0 ], [ -239590.0, -3020200.0 ], [ -239600.0, -3020200.0 ], [ -239600.0, -3020210.0 ], [ -239610.0, -3020210.0 ], [ -239610.0, -3020220.0 ], [ -239610.0, -3020230.0 ], [ -239620.0, -3020230.0 ], [ -239620.0, -3020240.0 ], [ -239630.0, -3020240.0 ], [ -239630.0, -3020250.0 ], [ -239647.98731621861225, -3020250.0 ], [ -239649.857907338242512, -3020252.442920782137662 ], [ -239650.0, -3020252.601492760237306 ], [ -239650.0, -3020260.0 ], [ -239650.0, -3020270.0 ], [ -239660.0, -3020270.0 ], [ -239660.0, -3020280.0 ], [ -239660.0, -3020290.0 ], [ -239670.0, -3020290.0 ], [ -239670.0, -3020300.0 ], [ -239680.0, -3020300.0 ], [ -239700.0, -3020300.0 ], [ -239700.0, -3020310.0 ], [ -239720.0, -3020310.0 ], [ -239720.0, -3020320.0 ], [ -239730.0, -3020320.0 ], [ -239730.0, -3020310.0 ], [ -239740.0, -3020310.0 ], [ -239740.0, -3020320.0 ], [ -239750.0, -3020320.0 ], [ -239760.0, -3020320.0 ], [ -239780.0, -3020320.0 ], [ -239780.0, -3020330.0 ], [ -239790.0, -3020330.0 ], [ -239800.0, -3020330.0 ], [ -239800.0, -3020340.0 ], [ -239810.0, -3020340.0 ], [ -239830.0, -3020340.0 ], [ -239830.0, -3020330.0 ], [ -239840.0, -3020330.0 ], [ -239850.0, -3020330.0 ], [ -239880.0, -3020330.0 ], [ -239880.0, -3020340.0 ], [ -239890.0, -3020340.0 ], [ -239900.0, -3020340.0 ], [ -239940.0, -3020340.0 ], [ -239940.0, -3020330.0 ], [ -240000.0, -3020330.0 ], [ -240000.0, -3020340.0 ], [ -240010.0, -3020340.0 ], [ -240040.0, -3020340.0 ], [ -240050.0, -3020340.0 ], [ -240060.0, -3020340.0 ], [ -240070.0, -3020340.0 ], [ -240070.0, -3020350.0 ], [ -240090.0, -3020350.0 ], [ -240090.0, -3020360.0 ], [ -240100.0, -3020360.0 ], [ -240110.0, -3020360.0 ], [ -240110.0, -3020370.0 ], [ -240120.0, -3020370.0 ], [ -240130.0, -3020370.0 ], [ -240140.0, -3020370.0 ], [ -240140.0, -3020360.0 ], [ -240140.0, -3020350.187107816338539 ], [ -240142.5565143613494, -3020350.139242636971176 ], [ -240143.918799334322102, -3020350.0 ], [ -240170.0, -3020350.0 ], [ -240180.0, -3020350.0 ], [ -240180.0, -3020341.107067069970071 ], [ -240181.75218256766675, -3020340.391105895396322 ], [ -240182.783494539035019, -3020340.0 ], [ -240200.0, -3020340.0 ], [ -240210.0, -3020340.0 ], [ -240210.0, -3020330.0 ], [ -240220.0, -3020330.0 ], [ -240230.0, -3020330.0 ], [ -240240.0, -3020330.0 ], [ -240240.0, -3020320.0 ], [ -240250.0, -3020320.0 ], [ -240270.0, -3020320.0 ], [ -240280.0, -3020320.0 ], [ -240310.0, -3020320.0 ], [ -240310.0, -3020330.0 ], [ -240320.0, -3020330.0 ], [ -240320.0, -3020340.0 ], [ -240340.0, -3020340.0 ], [ -240340.0, -3020332.101553712505847 ], [ -240342.946973376907408, -3020332.526123797986656 ], [ -240349.441144503041869, -3020331.862259921617806 ], [ -240350.0, -3020331.805136244744062 ], [ -240350.0, -3020340.0 ], [ -240360.0, -3020340.0 ], [ -240370.0, -3020340.0 ], [ -240370.0, -3020350.0 ], [ -240380.0, -3020350.0 ], [ -240380.0, -3020360.0 ], [ -240390.0, -3020360.0 ], [ -240390.0, -3020370.0 ], [ -240400.0, -3020370.0 ], [ -240400.0, -3020390.0 ], [ -240400.0, -3020400.0 ], [ -240410.0, -3020400.0 ], [ -240410.0, -3020410.0 ], [ -240420.0, -3020410.0 ], [ -240420.0, -3020420.0 ], [ -240420.0, -3020430.0 ], [ -240420.0, -3020440.0 ], [ -240430.0, -3020440.0 ], [ -240430.0, -3020442.33382496284321 ], [ -240429.786498654662864, -3020443.815479900687933 ], [ -240430.0, -3020445.903768457472324 ], [ -240430.0, -3020450.0 ], [ -240430.0, -3020460.0 ], [ -240430.0, -3020470.0 ], [ -240430.0, -3020480.0 ], [ -240430.0, -3020500.0 ], [ -240430.0, -3020510.0 ], [ -240430.0, -3020520.0 ], [ -240430.0, -3020540.0 ], [ -240430.0, -3020560.0 ], [ -240430.0, -3020580.0 ], [ -240430.0, -3020590.0 ], [ -240430.0, -3020610.0 ], [ -240450.0, -3020610.0 ], [ -240450.0, -3020620.0 ], [ -240460.0, -3020620.0 ], [ -240460.0, -3020630.0 ], [ -240460.0, -3020640.0 ], [ -240470.0, -3020640.0 ], [ -240470.0, -3020650.0 ], [ -240480.0, -3020650.0 ], [ -240480.0, -3020660.0 ], [ -240470.0, -3020660.0 ], [ -240470.0, -3020670.0 ], [ -240470.0, -3020700.0 ], [ -240460.0, -3020700.0 ], [ -240460.0, -3020720.0 ], [ -240470.0, -3020720.0 ], [ -240470.0, -3020730.0 ], [ -240470.0, -3020760.0 ], [ -240480.0, -3020760.0 ], [ -240480.0, -3020770.0 ], [ -240490.0, -3020770.0 ], [ -240490.0, -3020780.0 ], [ -240500.0, -3020780.0 ], [ -240500.0, -3020790.0 ], [ -240508.983008823852288, -3020790.0 ], [ -240510.0, -3020791.775785071309656 ], [ -240510.0, -3020800.0 ], [ -240510.0, -3020810.0 ], [ -240510.0, -3020820.0 ], [ -240520.0, -3020820.0 ], [ -240520.0, -3020830.0 ], [ -240520.0, -3020840.0 ], [ -240530.0, -3020840.0 ], [ -240530.0, -3020870.0 ], [ -240530.0, -3020880.0 ], [ -240539.997443615895463, -3020880.0 ], [ -240540.0, -3020880.025008619297296 ], [ -240540.0, -3020910.0 ], [ -240540.0, -3020930.0 ], [ -240540.0, -3020940.0 ], [ -240540.0, -3020970.0 ], [ -240550.0, -3020970.0 ], [ -240559.254715061513707, -3020970.0 ], [ -240559.522334546083584, -3020970.693818647880107 ], [ -240560.0, -3020971.753199390135705 ], [ -240560.0, -3020980.0 ], [ -240560.0, -3020990.0 ], [ -240569.737717932381202, -3020990.0 ], [ -240570.0, -3020990.26691840402782 ], [ -240570.0, -3021000.0 ], [ -240570.0, -3021010.0 ], [ -240580.0, -3021010.0 ], [ -240580.0, -3021020.0 ], [ -240580.0, -3021030.0 ], [ -240590.0, -3021030.0 ], [ -240590.0, -3021040.0 ], [ -240590.0, -3021050.0 ], [ -240600.0, -3021050.0 ], [ -240610.0, -3021050.0 ], [ -240610.0, -3021060.0 ], [ -240620.0, -3021060.0 ], [ -240620.0, -3021070.0 ], [ -240620.0, -3021080.0 ], [ -240630.0, -3021080.0 ], [ -240640.0, -3021080.0 ], [ -240650.0, -3021080.0 ], [ -240650.0, -3021090.0 ], [ -240660.0, -3021090.0 ], [ -240660.0, -3021100.0 ], [ -240670.0, -3021100.0 ], [ -240670.0, -3021110.0 ], [ -240670.0, -3021120.0 ], [ -240680.0, -3021120.0 ], [ -240690.0, -3021120.0 ], [ -240720.0, -3021120.0 ], [ -240720.0, -3021130.0 ], [ -240730.0, -3021130.0 ], [ -240730.0, -3021140.0 ], [ -240740.0, -3021140.0 ], [ -240740.0, -3021150.0 ], [ -240750.0, -3021150.0 ], [ -240750.0, -3021160.0 ], [ -240750.0, -3021170.0 ], [ -240760.0, -3021170.0 ], [ -240760.0, -3021180.0 ], [ -240770.0, -3021180.0 ], [ -240770.0, -3021190.0 ], [ -240780.0, -3021190.0 ], [ -240780.0, -3021200.0 ], [ -240770.0, -3021200.0 ], [ -240770.0, -3021220.0 ], [ -240760.0, -3021220.0 ], [ -240710.0, -3021220.0 ], [ -240710.0, -3021230.0 ], [ -240700.0, -3021230.0 ], [ -240700.0, -3021240.0 ], [ -240680.0, -3021240.0 ], [ -240680.0, -3021250.0 ], [ -240680.0, -3021260.0 ], [ -240720.0, -3021260.0 ], [ -240720.0, -3021270.0 ], [ -240710.0, -3021270.0 ], [ -240710.0, -3021290.0 ], [ -240710.0, -3021300.0 ], [ -240700.0, -3021300.0 ], [ -240700.0, -3021310.0 ], [ -240670.0, -3021310.0 ], [ -240670.0, -3021320.0 ], [ -240640.0, -3021320.0 ], [ -240640.0, -3021340.0 ], [ -240630.0, -3021340.0 ], [ -240630.0, -3021370.0 ], [ -240620.0, -3021370.0 ], [ -240620.0, -3021380.0 ], [ -240630.0, -3021380.0 ], [ -240630.0, -3021400.0 ], [ -240610.0, -3021400.0 ], [ -240610.0, -3021410.0 ], [ -240620.0, -3021410.0 ], [ -240620.0, -3021440.0 ], [ -240640.0, -3021440.0 ], [ -240640.0, -3021480.0 ], [ -240620.0, -3021480.0 ], [ -240620.0, -3021470.0 ], [ -240610.0, -3021470.0 ], [ -240610.0, -3021450.0 ], [ -240590.0, -3021450.0 ], [ -240590.0, -3021440.0 ], [ -240580.0, -3021440.0 ], [ -240580.0, -3021450.0 ], [ -240560.0, -3021450.0 ], [ -240560.0, -3021470.0 ], [ -240570.0, -3021470.0 ], [ -240570.0, -3021490.0 ], [ -240560.0, -3021490.0 ], [ -240560.0, -3021520.0 ], [ -240570.0, -3021520.0 ], [ -240570.0, -3021530.0 ], [ -240580.0, -3021530.0 ], [ -240580.0, -3021550.0 ], [ -240590.0, -3021550.0 ], [ -240590.0, -3021570.0 ], [ -240600.0, -3021570.0 ], [ -240600.0, -3021580.0 ], [ -240610.0, -3021580.0 ], [ -240610.0, -3021600.0 ], [ -240620.0, -3021600.0 ], [ -240620.0, -3021640.0 ], [ -240630.0, -3021640.0 ], [ -240630.0, -3021660.0 ], [ -240640.0, -3021660.0 ], [ -240640.0, -3021670.0 ], [ -240660.0, -3021670.0 ], [ -240660.0, -3021660.0 ], [ -240670.0, -3021660.0 ], [ -240670.0, -3021640.0 ], [ -240680.0, -3021640.0 ], [ -240680.0, -3021630.0 ], [ -240690.0, -3021630.0 ], [ -240690.0, -3021620.0 ], [ -240700.0, -3021620.0 ], [ -240700.0, -3021610.0 ], [ -240740.0, -3021610.0 ], [ -240740.0, -3021620.0 ], [ -240750.0, -3021620.0 ], [ -240750.0, -3021640.0 ], [ -240760.0, -3021640.0 ], [ -240760.0, -3021650.0 ], [ -240770.0, -3021650.0 ], [ -240770.0, -3021660.0 ], [ -240780.0, -3021660.0 ], [ -240780.0, -3021680.0 ], [ -240790.0, -3021680.0 ], [ -240790.0, -3021690.0 ], [ -240810.0, -3021690.0 ], [ -240810.0, -3021700.0 ], [ -240820.0, -3021700.0 ], [ -240820.0, -3021710.0 ], [ -240830.0, -3021710.0 ], [ -240830.0, -3021720.0 ], [ -240840.0, -3021720.0 ], [ -240840.0, -3021730.0 ], [ -240850.0, -3021730.0 ], [ -240850.0, -3021740.0 ], [ -240860.0, -3021740.0 ], [ -240860.0, -3021800.0 ], [ -240860.0, -3021810.0 ], [ -240850.0, -3021810.0 ], [ -240850.0, -3021820.0 ], [ -240840.0, -3021820.0 ], [ -240840.0, -3021860.0 ], [ -240850.0, -3021860.0 ], [ -240850.0, -3021870.0 ], [ -240830.0, -3021870.0 ], [ -240830.0, -3021880.0 ], [ -240810.0, -3021880.0 ], [ -240810.0, -3021890.0 ], [ -240770.0, -3021890.0 ], [ -240770.0, -3021900.0 ], [ -240760.0, -3021900.0 ], [ -240760.0, -3021920.0 ], [ -240750.0, -3021920.0 ], [ -240750.0, -3021940.0 ], [ -240750.0, -3021950.0 ], [ -240740.0, -3021950.0 ], [ -240740.0, -3021960.0 ], [ -240740.0, -3021970.0 ], [ -240740.0, -3022000.0 ], [ -240730.0, -3022000.0 ], [ -240730.0, -3022040.0 ], [ -240730.0, -3022050.0 ], [ -240740.0, -3022050.0 ], [ -240740.0, -3022060.0 ], [ -240750.0, -3022060.0 ], [ -240750.0, -3022070.0 ], [ -240760.0, -3022070.0 ], [ -240760.0, -3022080.0 ], [ -240770.0, -3022080.0 ], [ -240770.0, -3022090.0 ], [ -240780.0, -3022090.0 ], [ -240790.0, -3022090.0 ], [ -240790.0, -3022100.0 ], [ -240800.0, -3022100.0 ], [ -240800.0, -3022110.0 ], [ -240820.0, -3022110.0 ], [ -240820.0, -3022120.0 ], [ -240830.0, -3022120.0 ], [ -240840.0, -3022120.0 ], [ -240840.0, -3022130.0 ], [ -240850.0, -3022130.0 ], [ -240850.0, -3022140.0 ], [ -240860.0, -3022140.0 ], [ -240860.0, -3022170.0 ], [ -240870.0, -3022170.0 ], [ -240870.0, -3022190.0 ], [ -240860.0, -3022190.0 ], [ -240860.0, -3022230.0 ], [ -240870.0, -3022230.0 ], [ -240870.0, -3022260.0 ], [ -240880.0, -3022260.0 ], [ -240880.0, -3022290.0 ], [ -240890.0, -3022290.0 ], [ -240890.0, -3022310.0 ], [ -240900.0, -3022310.0 ], [ -240900.0, -3022320.0 ], [ -240910.0, -3022320.0 ], [ -240910.0, -3022340.0 ], [ -240920.0, -3022340.0 ], [ -240920.0, -3022360.0 ], [ -240930.0, -3022360.0 ], [ -240930.0, -3022380.0 ], [ -240940.0, -3022380.0 ], [ -240940.0, -3022390.0 ], [ -240950.0, -3022390.0 ], [ -240950.0, -3022410.0 ], [ -240960.0, -3022410.0 ], [ -240960.0, -3022420.0 ], [ -240980.0, -3022420.0 ], [ -240980.0, -3022430.0 ], [ -241000.0, -3022430.0 ], [ -241000.0, -3022420.0 ], [ -241040.0, -3022420.0 ], [ -241040.0, -3022360.0 ], [ -241030.0, -3022360.0 ], [ -241030.0, -3022310.0 ], [ -241020.0, -3022310.0 ], [ -241020.0, -3022290.0 ], [ -241010.0, -3022290.0 ], [ -241010.0, -3022270.0 ], [ -241000.0, -3022270.0 ], [ -241000.0, -3022260.0 ], [ -240980.0, -3022260.0 ], [ -240980.0, -3022250.0 ], [ -240970.0, -3022250.0 ], [ -240970.0, -3022240.0 ], [ -240960.0, -3022240.0 ], [ -240960.0, -3022220.0 ], [ -240950.0, -3022220.0 ], [ -240950.0, -3022200.0 ], [ -240940.0, -3022200.0 ], [ -240940.0, -3022180.0 ], [ -240990.0, -3022180.0 ], [ -240990.0, -3022190.0 ], [ -241010.0, -3022190.0 ], [ -241010.0, -3022200.0 ], [ -241020.0, -3022200.0 ], [ -241020.0, -3022210.0 ], [ -241040.0, -3022210.0 ], [ -241040.0, -3022220.0 ], [ -241070.0, -3022220.0 ], [ -241070.0, -3022230.0 ], [ -241090.0, -3022230.0 ], [ -241090.0, -3022240.0 ], [ -241120.0, -3022240.0 ], [ -241120.0, -3022250.0 ], [ -241130.0, -3022250.0 ], [ -241140.0, -3022250.0 ], [ -241140.0, -3022260.0 ], [ -241150.0, -3022260.0 ], [ -241150.0, -3022270.0 ], [ -241150.0, -3022280.0 ], [ -241160.0, -3022280.0 ], [ -241160.0, -3022290.0 ], [ -241160.0, -3022320.0 ], [ -241150.0, -3022320.0 ], [ -241150.0, -3022330.0 ], [ -241140.0, -3022330.0 ], [ -241140.0, -3022340.0 ], [ -241120.0, -3022340.0 ], [ -241120.0, -3022350.0 ], [ -241100.0, -3022350.0 ], [ -241100.0, -3022360.0 ], [ -241090.0, -3022360.0 ], [ -241090.0, -3022380.0 ], [ -241080.0, -3022380.0 ], [ -241080.0, -3022410.0 ], [ -241090.0, -3022410.0 ], [ -241090.0, -3022440.0 ], [ -241100.0, -3022440.0 ], [ -241100.0, -3022450.0 ], [ -241100.0, -3022500.0 ], [ -241110.0, -3022500.0 ], [ -241110.0, -3022510.0 ], [ -241120.0, -3022510.0 ], [ -241120.0, -3022520.0 ], [ -241130.0, -3022520.0 ], [ -241140.0, -3022520.0 ], [ -241140.0, -3022530.0 ], [ -241150.0, -3022530.0 ], [ -241150.0, -3022540.0 ], [ -241160.0, -3022540.0 ], [ -241160.0, -3022550.0 ], [ -241190.0, -3022550.0 ], [ -241190.0, -3022560.0 ], [ -241200.0, -3022560.0 ], [ -241200.0, -3022570.0 ], [ -241210.0, -3022570.0 ], [ -241210.0, -3022580.0 ], [ -241220.0, -3022580.0 ], [ -241240.0, -3022580.0 ], [ -241240.0, -3022590.0 ], [ -241270.0, -3022590.0 ], [ -241270.0, -3022600.0 ], [ -241290.0, -3022600.0 ], [ -241290.0, -3022610.0 ], [ -241320.0, -3022610.0 ], [ -241320.0, -3022600.0 ], [ -241330.0, -3022600.0 ], [ -241330.0, -3022610.0 ], [ -241330.0, -3022620.0 ], [ -241340.0, -3022620.0 ], [ -241340.0, -3022630.0 ], [ -241350.0, -3022630.0 ], [ -241350.0, -3022640.0 ], [ -241360.0, -3022640.0 ], [ -241360.0, -3022660.0 ], [ -241360.0, -3022680.0 ], [ -241370.0, -3022680.0 ], [ -241370.0, -3022700.0 ], [ -241370.0, -3022710.0 ], [ -241380.0, -3022710.0 ], [ -241380.0, -3022720.0 ], [ -241370.0, -3022720.0 ], [ -241370.0, -3022730.0 ], [ -241380.0, -3022730.0 ], [ -241380.0, -3022750.0 ], [ -241390.0, -3022750.0 ], [ -241390.0, -3022760.0 ], [ -241400.0, -3022760.0 ], [ -241400.0, -3022770.0 ], [ -241410.0, -3022770.0 ], [ -241410.0, -3022780.0 ], [ -241410.0, -3022790.0 ], [ -241430.0, -3022790.0 ], [ -241430.0, -3022800.0 ], [ -241440.0, -3022800.0 ], [ -241440.0, -3022810.0 ], [ -241450.0, -3022810.0 ], [ -241460.0, -3022810.0 ], [ -241460.0, -3022820.0 ], [ -241470.0, -3022820.0 ], [ -241470.0, -3022830.0 ], [ -241480.0, -3022830.0 ], [ -241490.0, -3022830.0 ], [ -241490.0, -3022840.0 ], [ -241500.0, -3022840.0 ], [ -241500.0, -3022850.0 ], [ -241510.0, -3022850.0 ], [ -241510.0, -3022860.0 ], [ -241520.0, -3022860.0 ], [ -241530.0, -3022860.0 ], [ -241530.0, -3022870.0 ], [ -241540.0, -3022870.0 ], [ -241540.0, -3022880.0 ], [ -241550.0, -3022880.0 ], [ -241560.0, -3022880.0 ], [ -241560.0, -3022890.0 ], [ -241570.0, -3022890.0 ], [ -241570.0, -3022900.0 ], [ -241570.0, -3022910.0 ], [ -241580.0, -3022910.0 ], [ -241590.0, -3022910.0 ], [ -241600.0, -3022910.0 ], [ -241600.0, -3022920.0 ], [ -241620.0, -3022920.0 ], [ -241620.0, -3022930.0 ], [ -241640.0, -3022930.0 ], [ -241640.0, -3022940.0 ], [ -241650.0, -3022940.0 ], [ -241650.0, -3022950.0 ], [ -241660.0, -3022950.0 ], [ -241660.0, -3022960.0 ], [ -241670.0, -3022960.0 ], [ -241670.0, -3022970.0 ], [ -241680.0, -3022970.0 ], [ -241680.0, -3022980.0 ], [ -241690.0, -3022980.0 ], [ -241690.0, -3022990.0 ], [ -241690.0, -3023000.0 ], [ -241700.0, -3023000.0 ], [ -241710.0, -3023000.0 ], [ -241710.0, -3023010.0 ], [ -241720.0, -3023010.0 ], [ -241720.0, -3023020.0 ], [ -241780.0, -3023020.0 ], [ -241780.0, -3023010.0 ], [ -241800.0, -3023010.0 ], [ -241810.0, -3023010.0 ], [ -241810.0, -3023020.0 ], [ -241820.0, -3023020.0 ], [ -241830.0, -3023020.0 ], [ -241840.0, -3023020.0 ], [ -241840.0, -3023030.0 ], [ -241850.0, -3023030.0 ], [ -241850.0, -3023040.0 ], [ -241860.0, -3023040.0 ], [ -241860.0, -3023050.0 ], [ -241870.0, -3023050.0 ], [ -241870.0, -3023060.0 ], [ -241880.0, -3023060.0 ], [ -241890.0, -3023060.0 ], [ -241890.0, -3023070.0 ], [ -241900.0, -3023070.0 ], [ -241900.0, -3023080.0 ], [ -241900.0, -3023090.0 ], [ -241910.0, -3023090.0 ], [ -241910.0, -3023110.0 ], [ -241920.0, -3023110.0 ], [ -241920.0, -3023120.0 ], [ -241920.0, -3023130.0 ], [ -241920.0, -3023139.035465355962515 ], [ -241919.214468229503836, -3023140.0 ], [ -241910.0, -3023140.0 ], [ -241910.0, -3023150.0 ], [ -241900.0, -3023150.0 ], [ -241900.0, -3023159.128218416590244 ], [ -241899.683652288746089, -3023159.411722624674439 ], [ -241899.085023420804646, -3023160.0 ], [ -241890.0, -3023160.0 ], [ -241890.0, -3023165.471780615858734 ], [ -241888.857355793996248, -3023165.851176416035742 ], [ -241883.986313187575433, -3023166.349315833766013 ], [ -241880.572871051816037, -3023165.057724479585886 ], [ -241875.577193723380333, -3023164.338067505043 ], [ -241872.089945598505437, -3023166.335384836886078 ], [ -241869.216108167835046, -3023170.320863962173462 ], [ -241868.007570265472168, -3023174.546167537104338 ], [ -241865.133731608657399, -3023178.531647810712457 ], [ -241864.14453256528941, -3023180.0 ], [ -241860.0, -3023180.0 ], [ -241860.0, -3023188.489634275902063 ], [ -241859.676703202159842, -3023189.344017807859927 ], [ -241859.330103078798857, -3023190.0 ], [ -241850.0, -3023190.0 ], [ -241850.0, -3023196.397334221750498 ], [ -241847.392787564283935, -3023197.57309794286266 ], [ -241841.792929999850458, -3023198.966149063315243 ], [ -241838.139564945973689, -3023199.33974287007004 ], [ -241832.332018359185895, -3023198.703133441042155 ], [ -241827.013452838873491, -3023198.836908437777311 ], [ -241820.518676532432437, -3023199.501148208044469 ], [ -241815.564569473441225, -3023199.187416159547865 ], [ -241810.651938259630697, -3023199.279609938152134 ], [ -241802.897793456329964, -3023199.662440342828631 ], [ -241796.928506954398472, -3023200.0 ], [ -241790.0, -3023200.0 ], [ -241790.0, -3023200.571265551727265 ], [ -241789.054803947947221, -3023200.667923524510115 ], [ -241783.413259852299234, -3023201.655019849538803 ], [ -241779.072659841476707, -3023203.329457654152066 ], [ -241775.137892702972749, -3023204.962308811489493 ], [ -241769.985437242110493, -3023206.719696696847677 ], [ -241765.321858790324768, -3023209.247462787199765 ], [ -241761.428658370539779, -3023211.286350692622364 ], [ -241758.024343746976228, -3023214.095515435095876 ], [ -241752.954835298558464, -3023216.664756092242897 ], [ -241748.291355177148944, -3023219.192529744468629 ], [ -241742.409981045522727, -3023221.84482196578756 ], [ -241737.986321732809301, -3023222.707392550539225 ], [ -241734.051548145100242, -3023224.340240451972932 ], [ -241728.816024088504491, -3023225.285861985292286 ], [ -241724.350786249910016, -3023225.742494561709464 ], [ -241719.479722531832522, -3023226.240609930362552 ], [ -241713.067888613819377, -3023227.716580961830914 ], [ -241708.321349962556269, -3023229.43248633807525 ], [ -241707.062882484577131, -3023230.0 ], [ -241700.0, -3023230.0 ], [ -241700.0, -3023231.924127620179206 ], [ -241699.151044817088405, -3023232.010947976727039 ], [ -241690.26213963443297, -3023233.330140525009483 ], [ -241685.796898195374524, -3023233.786767571233213 ], [ -241681.737695077696117, -3023234.201826145872474 ], [ -241676.013186149240937, -3023234.37704883236438 ], [ -241669.153934560337802, -3023235.488659650087357 ], [ -241666.353997215803247, -3023236.185119559522718 ], [ -241662.825143033609493, -3023237.776485708542168 ], [ -241653.65482698235428, -3023240.354935032315552 ], [ -241644.609134230035124, -3023244.151184149552137 ], [ -241640.591401179233799, -3023244.972165774088353 ], [ -241636.126154903875431, -3023245.428785772062838 ], [ -241630.443216566141928, -3023246.009936871938407 ], [ -241625.894920195889426, -3023245.654689872637391 ], [ -241622.52304619338247, -3023244.768999552354217 ], [ -241615.986674445681274, -3023245.02715775789693 ], [ -241609.897806124761701, -3023245.649778211954981 ], [ -241602.632607541512698, -3023246.802950034383684 ], [ -241593.213234521943377, -3023246.945793644525111 ], [ -241587.85318159792223, -3023246.673495242837816 ], [ -241579.933009578584461, -3023245.432545281946659 ], [ -241575.79074244434014, -3023245.035825550556183 ], [ -241567.183233472809661, -3023245.09561230102554 ], [ -241560.688423688610783, -3023245.759797145612538 ], [ -241557.07661340245977, -3023246.539294796530157 ], [ -241551.518197143275756, -3023248.338123388588428 ], [ -241546.448645203694468, -3023250.907438615337014 ], [ -241542.149494913348462, -3023252.9876753333956 ], [ -241534.362939440354239, -3023257.065296491608024 ], [ -241529.293494396813912, -3023259.63451681425795 ], [ -241523.693489457829855, -3023261.027506172191352 ], [ -241515.823992240068037, -3023264.2931640278548 ], [ -241511.566300032020081, -3023266.77942964527756 ], [ -241504.748605752160074, -3023268.296841135248542 ], [ -241497.441917638847372, -3023269.044059779960662 ], [ -241491.353034380677855, -3023269.666656983084977 ], [ -241486.4818456453213, -3023270.164726946502924 ], [ -241479.58109345001867, -3023270.870367351453751 ], [ -241473.533679914893582, -3023271.898890531621873 ], [ -241464.197330699156737, -3023272.853561050724238 ], [ -241458.431328753998969, -3023272.622812014073133 ], [ -241451.000127630424686, -3023272.152119236532599 ], [ -241448.241646552167367, -3023273.254490398336202 ], [ -241444.389984850509791, -3023275.699183853343129 ], [ -241442.03743289259728, -3023276.760083498433232 ], [ -241437.821200488106115, -3023279.652271214872599 ], [ -241436.694227332540322, -3023280.0 ], [ -241430.0, -3023280.0 ], [ -241430.0, -3023281.797488372307271 ], [ -241427.839072350820061, -3023282.313610387966037 ], [ -241418.867173145583365, -3023282.820866343099624 ], [ -241414.235922152496642, -3023281.653724951669574 ], [ -241410.905522506101988, -3023281.17383516440168 ], [ -241408.022515071526868, -3023281.058506454341114 ], [ -241401.809107876906637, -3023280.463286509737372 ], [ -241395.595598480431363, -3023279.868056487292051 ], [ -241389.912634694454027, -3023280.44916244642809 ], [ -241387.11266973943566, -3023281.145700616762042 ], [ -241381.231237186904764, -3023283.79783334909007 ], [ -241380.460940359625965, -3023284.286815073806792 ], [ -241377.702453478530515, -3023285.389180819503963 ], [ -241372.955869442870608, -3023287.10504090692848 ], [ -241369.791442747577094, -3023288.248978479299694 ], [ -241364.597354687022744, -3023289.600368693005294 ], [ -241360.621168173267506, -3023290.827254422008991 ], [ -241355.749967166455463, -3023291.325303518678993 ], [ -241351.649156959669199, -3023291.334481296129525 ], [ -241347.871345981810009, -3023290.490225277841091 ], [ -241341.856311542214826, -3023287.823851830791682 ], [ -241336.00736101550865, -3023286.781216641422361 ], [ -241331.094689411722356, -3023286.873330642469227 ], [ -241323.746509729971876, -3023287.214576084632427 ], [ -241319.322817811393179, -3023288.076986419502646 ], [ -241315.263476025109412, -3023288.49208943080157 ], [ -241310.756835896201665, -3023288.542739128228277 ], [ -241305.479701170464978, -3023289.082248883321881 ], [ -241301.212910187692614, -3023287.467687264550477 ], [ -241293.781696088379249, -3023286.996952550951391 ], [ -241289.233484052529093, -3023286.641659214161336 ], [ -241283.020070792903425, -3023286.046412229072303 ], [ -241276.806657419772819, -3023285.451163794845343 ], [ -241269.292496324633248, -3023284.168662534561008 ], [ -241260.113032187276985, -3023282.646196152083576 ], [ -241253.493687681591837, -3023282.092410852666944 ], [ -241248.498075695184525, -3023281.372648064512759 ], [ -241243.377845805778634, -3023279.43517610616982 ], [ -241236.592517541110283, -3023277.257755927275866 ], [ -241228.349431811599061, -3023276.870041430462152 ], [ -241222.58351956869592, -3023276.639251738321036 ], [ -241217.223444743984146, -3023276.366882134228945 ], [ -241210.645559060445521, -3023276.219119324814528 ], [ -241206.180392496695276, -3023276.675580619368702 ], [ -241201.71521696090349, -3023277.132143334951252 ], [ -241198.873681182361906, -3023277.422621721401811 ], [ -241197.655878860154189, -3023277.547126955352724 ], [ -241192.212858891987707, -3023276.462992090731859 ], [ -241189.163772112864535, -3023274.723898055963218 ], [ -241183.148849344142945, -3023272.057495252694935 ], [ -241177.945687813276891, -3023269.308147702366114 ], [ -241173.231503655551933, -3023267.329100850969553 ], [ -241167.539375888474751, -3023263.809347557835281 ], [ -241161.971854867180809, -3023261.507403993979096 ], [ -241157.257570488436613, -3023259.528345680329949 ], [ -241148.682536660024198, -3023255.893241202458739 ], [ -241141.532751268940046, -3023254.163194110617042 ], [ -241137.796410886425292, -3023253.724838722962886 ], [ -241134.101537157577695, -3023253.692414052784443 ], [ -241131.260103183449246, -3023253.982893441338092 ], [ -241124.317854997731047, -3023254.282515288330615 ], [ -241120.539945661672391, -3023253.438217566348612 ], [ -241116.679094954568427, -3023251.782158734276891 ], [ -241111.194612763152691, -3023250.292075417470187 ], [ -241106.157435009430628, -3023249.166345309466124 ], [ -241098.560244975989917, -3023247.071923358831555 ], [ -241092.669730320834788, -3023245.623293610755354 ], [ -241088.80889004986966, -3023243.967128524091095 ], [ -241085.801378752832534, -3023242.633962392807007 ], [ -241083.647306984697934, -3023241.623702045530081 ], [ -241079.016062003647676, -3023240.456500738393515 ], [ -241071.907848040631507, -3023239.132374399341643 ], [ -241068.129940518381773, -3023238.288069001398981 ], [ -241062.156496542243985, -3023236.027569510508329 ], [ -241056.183044606208568, -3023233.767170737497509 ], [ -241054.070448110345751, -3023233.162737239152193 ], [ -241049.845135926443618, -3023231.954065271653235 ], [ -241047.69096354424255, -3023230.943793305195868 ], [ -241043.830117881210754, -3023229.287723632995039 ], [ -241039.198977028747322, -3023228.120523806661367 ], [ -241033.797438629175304, -3023227.442184793762863 ], [ -241032.173695632518502, -3023227.608249348588288 ], [ -241027.791557955613825, -3023228.876551400870085 ], [ -241025.761883248458616, -3023229.08408065000549 ], [ -241024.179715677164495, -3023229.655982835683972 ], [ -241020.244871389440959, -3023231.288741908967495 ], [ -241017.038959923142102, -3023232.026707684155554 ], [ -241014.644920042745071, -3023232.681641353759915 ], [ -241011.522048462182283, -3023234.231376429088414 ], [ -241009.128008144907653, -3023234.886309762019664 ], [ -241005.599093444878235, -3023236.477602711878717 ], [ -240999.427247033891035, -3023236.288228979799896 ], [ -240993.213825036684284, -3023235.693015543278307 ], [ -240987.687788213865133, -3023233.796863525640219 ], [ -240984.680279985885136, -3023232.463685294147581 ], [ -240979.883076725964202, -3023229.672730601392686 ], [ -240975.897737763792975, -3023226.798846546560526 ], [ -240969.153992696024943, -3023225.027296233456582 ], [ -240961.764240787597373, -3023224.962399408221245 ], [ -240956.039790379116312, -3023225.137483071535826 ], [ -240950.638241522305179, -3023224.459229332860559 ], [ -240941.74032699901727, -3023221.677391337230802 ], [ -240936.29732336444431, -3023220.593100661877543 ], [ -240932.519408925028984, -3023219.748877648729831 ], [ -240925.328168061707402, -3023217.612839017529041 ], [ -240920.249633490020642, -3023216.081149564124644 ], [ -240917.283592019695789, -3023215.15389535529539 ], [ -240914.234624001051998, -3023213.414777018595487 ], [ -240909.437428279023152, -3023210.623809219803661 ], [ -240905.046267320052721, -3023207.791386070195585 ], [ -240898.948232176044257, -3023204.313137803692371 ], [ -240895.857803117309231, -3023202.168085654266179 ], [ -240889.718315723876003, -3023198.283801515586674 ], [ -240886.221947465906851, -3023196.180313354358077 ], [ -240883.495895618252689, -3023193.587754612322897 ], [ -240878.73115811846219, -3023187.102009562775493 ], [ -240873.975534231052734, -3023184.716976370662451 ], [ -240867.679091922298539, -3023183.309859986416996 ], [ -240859.43611147851334, -3023182.922036889009178 ], [ -240848.674598025914747, -3023181.971325328573585 ], [ -240842.461191058682743, -3023181.375973018817604 ], [ -240835.717355301574571, -3023179.604379204101861 ], [ -240826.372055372659815, -3023176.458133880980313 ], [ -240820.762999386584852, -3023173.750176104716957 ], [ -240814.706652822729666, -3023170.67775563756004 ], [ -240809.139060235494981, -3023168.375727258156985 ], [ -240804.664879257878056, -3023164.731517742853612 ], [ -240797.026252673182171, -3023162.231075284536928 ], [ -240792.353559400566155, -3023160.657890755683184 ], [ -240786.015771420090459, -3023158.844729167409241 ], [ -240779.230480247322703, -3023156.667188754305243 ], [ -240771.75780246432987, -3023155.790474805980921 ], [ -240767.657099002564792, -3023155.799467436503619 ], [ -240762.255558592180023, -3023155.121173787862062 ], [ -240753.117683425283758, -3023154.004468124359846 ], [ -240747.757705675001489, -3023153.732112089637667 ], [ -240742.356173729436705, -3023153.05371229397133 ], [ -240732.323504777625203, -3023151.208158645778894 ], [ -240726.880503936787136, -3023150.123925729189068 ], [ -240719.324803237250308, -3023148.435324241407216 ], [ -240712.216605792025803, -3023147.111099060159177 ], [ -240706.773605495662196, -3023146.026861927006394 ], [ -240701.413635926379357, -3023145.754394392948598 ], [ -240693.982417684863321, -3023145.283590510021895 ], [ -240689.84025281589129, -3023144.886639080010355 ], [ -240683.709869414975401, -3023145.103121830616146 ], [ -240678.391349999961676, -3023145.236684054136276 ], [ -240674.332103815919254, -3023145.65159472823143 ], [ -240668.566089914762415, -3023145.420673761982471 ], [ -240664.382354220928391, -3023144.617879606317729 ], [ -240657.680088856635848, -3023143.252180263400078 ], [ -240653.902294319937937, -3023142.40782303083688 ], [ -240648.094923030235805, -3023141.770973902661353 ], [ -240641.798488379514311, -3023140.363802677486092 ], [ -240633.066655258095125, -3023139.205502938479185 ], [ -240626.770323134463979, -3023137.798336695414037 ], [ -240619.703585158305941, -3023136.880018805153668 ], [ -240611.82507570341113, -3023136.044726969208568 ], [ -240606.017602236213861, -3023135.40785993123427 ], [ -240603.499073044222314, -3023134.844950163271278 ], [ -240597.525655253586592, -3023132.58444474125281 ], [ -240593.747861830051988, -3023131.740078749600798 ], [ -240589.158194848016137, -3023130.978730824775994 ], [ -240584.038110122608487, -3023129.041136173531413 ], [ -240578.918034518690547, -3023127.103438424412161 ], [ -240573.798052862373879, -3023125.165850393474102 ], [ -240567.783086658106185, -3023122.499294902663678 ], [ -240562.621546237118309, -3023120.155763552058488 ], [ -240559.655619384982856, -3023119.228476891294122 ], [ -240553.400757511059055, -3023118.227123193442822 ], [ -240547.916303207428427, -3023116.736920267343521 ], [ -240540.974042430520058, -3023117.036387178115547 ], [ -240535.291147026786348, -3023117.617319328244776 ], [ -240530.742938778188545, -3023117.2618936910294 ], [ -240524.52963596538757, -3023116.666474441066384 ], [ -240518.2747651480895, -3023115.665214508306235 ], [ -240513.685099575115601, -3023114.903853258583695 ], [ -240506.941382172080921, -3023113.132182294037193 ], [ -240498.002054767828668, -3023109.944258572068065 ], [ -240494.099782824254362, -3023107.882173355203122 ], [ -240489.385645939968526, -3023105.903001008555293 ], [ -240483.329324330232339, -3023102.830603728536516 ], [ -240479.957467097527115, -3023101.944764498155564 ], [ -240472.849276683147764, -3023100.620473878458142 ], [ -240464.564837989135412, -3023099.826593768782914 ], [ -240457.904036790336249, -3023098.866775527130812 ], [ -240452.991454609204084, -3023098.958733935374767 ], [ -240447.225541771331336, -3023098.727772880811244 ], [ -240440.564740299683763, -3023097.7679502828978 ], [ -240432.644777794455877, -3023096.526671400759369 ], [ -240425.213659777218709, -3023096.055800224188715 ], [ -240418.552866909187287, -3023095.095869969576597 ], [ -240413.515805923467269, -3023093.970115819945931 ], [ -240407.625423689896706, -3023092.521338673308492 ], [ -240402.994304708263371, -3023091.354024910833687 ], [ -240399.622448842972517, -3023090.468175205867738 ], [ -240392.1083180422429, -3023089.185420045629144 ], [ -240384.718765567609807, -3023089.120377011131495 ], [ -240375.175054159539286, -3023088.045105394907296 ], [ -240368.961649710283382, -3023087.449640635866672 ], [ -240364.289076660730643, -3023085.876386845018715 ], [ -240357.50390300177969, -3023083.69884587218985 ], [ -240353.154150429443689, -3023081.272251882124692 ], [ -240346.608897579921177, -3023077.429401705507189 ], [ -240343.560067593236454, -3023075.690223992802203 ], [ -240339.699261047382606, -3023074.034048227127641 ], [ -240334.496283998305444, -3023071.284537739120424 ], [ -240326.045825939741917, -3023068.866864077281207 ], [ -240319.873971464723581, -3023068.677431103773415 ], [ -240314.43108359107282, -3023067.59312036074698 ], [ -240307.604367986583384, -3023065.009522484615445 ], [ -240302.401394392392831, -3023062.260005541145802 ], [ -240296.022067364363465, -3023060.040883956942707 ], [ -240288.830976827215636, -3023057.904676636680961 ], [ -240282.128727045026608, -3023056.538880124688148 ], [ -240277.008663283399073, -3023054.601224409881979 ], [ -240273.59535865104408, -3023053.309425099752843 ], [ -240266.528723304858431, -3023052.391121769323945 ], [ -240262.386459106230177, -3023051.994093815330416 ], [ -240258.733136422233656, -3023052.367487154901028 ], [ -240253.008779007388512, -3023052.542424955870956 ], [ -240246.306529971334385, -3023051.176619224715978 ], [ -240240.780636792915175, -3023049.280417820438743 ], [ -240234.401314053451642, -3023047.061280951369554 ], [ -240228.104999387287535, -3023045.654017725493759 ], [ -240224.202849459368736, -3023043.591900003142655 ], [ -240214.327219377359143, -3023039.269076684024185 ], [ -240209.331721650727559, -3023038.549224633723497 ], [ -240206.001333294028882, -3023038.069180866703391 ], [ -240200.599800180731108, -3023037.390770826954395 ], [ -240190.973192623932846, -3023035.5035643982701 ], [ -240182.199912828509696, -3023033.939281812869012 ], [ -240175.862148854212137, -3023032.126072479877621 ], [ -240170.013230885146186, -3023031.083174563013017 ], [ -240163.675467644701712, -3023029.269962239544839 ], [ -240156.931771435338305, -3023027.498199916444719 ], [ -240154.247333753359271, -3023025.311606187839061 ], [ -240149.939154225023231, -3023023.290920107159764 ], [ -240144.943666597537231, -3023022.570953555870801 ], [ -240138.647356767643942, -3023021.163668524939567 ], [ -240135.275509625003906, -3023020.277784313540906 ], [ -240129.83252690397785, -3023019.193426068872213 ], [ -240123.171837340807542, -3023018.233530499506742 ], [ -240121.059250634571072, -3023017.629122731741518 ], [ -240111.10961626766948, -3023016.595204597804695 ], [ -240106.072678207390709, -3023015.469297090079635 ], [ -240101.607476659031818, -3023015.925672149285674 ], [ -240094.988237627287162, -3023015.371703039389104 ], [ -240088.004617391881766, -3023015.265125061385334 ], [ -240081.343927490292117, -3023014.305218942929059 ], [ -240070.822455122775864, -3023011.688992835581303 ], [ -240065.743956743215676, -3023010.157237295992672 ], [ -240059.166167543939082, -3023010.009192898403853 ], [ -240053.400356212834595, -3023009.778153510764241 ], [ -240046.416632580861915, -3023009.671556041110307 ], [ -240040.932200922776246, -3023008.181245481595397 ], [ -240033.25228453319869, -3023005.274651200510561 ], [ -240029.068563050561352, -3023004.471754571888596 ], [ -240021.512996600416955, -3023002.782958228141069 ], [ -240013.998990630730987, -3023001.500000072643161 ], [ -240010.0, -3023000.108839546330273 ], [ -240010.0, -3023000.0 ], [ -240009.687132923630998, -3023000.0 ], [ -240007.619785766088171, -3022999.280815579462796 ], [ -240001.116123334155418, -3022995.843921425752342 ], [ -239997.495371833618265, -3022992.522501125466079 ], [ -239994.197554815706098, -3022988.347755298484117 ], [ -239993.741198707808508, -3022983.882551702670753 ], [ -239989.142676046933047, -3022979.0203877822496 ], [ -239985.521928293601377, -3022975.69896693713963 ], [ -239979.87159810931189, -3022972.585002335719764 ], [ -239974.710108509723796, -3022970.24135309131816 ], [ -239967.519036272802623, -3022968.105158403981477 ], [ -239963.699813653307501, -3022966.85476668830961 ], [ -239957.196162515814649, -3022963.417862680274993 ], [ -239952.482168205577182, -3022961.43860088288784 ], [ -239946.873291402502218, -3022958.730562953278422 ], [ -239942.565129753638757, -3022956.709842565469444 ], [ -239936.914806423359551, -3022953.595868970267475 ], [ -239930.817102639906807, -3022950.117408568039536 ], [ -239927.320810122037074, -3022948.01378992991522 ], [ -239923.335586839355528, -3022945.139742912258953 ], [ -239918.580140480655245, -3022942.754643698222935 ], [ -239913.783051610924304, -3022939.963490765541792 ], [ -239908.621673109330004, -3022937.619837425183505 ], [ -239903.220253620238509, -3022936.941373288631439 ], [ -239898.672157248918666, -3022936.585844767745584 ], [ -239892.41731249197619, -3022935.584433069452643 ], [ -239887.015892940020422, -3022934.905965613666922 ], [ -239881.208539741986897, -3022934.268944183364511 ], [ -239874.912350134836743, -3022932.861603307537735 ], [ -239869.958319868135732, -3022932.54751688009128 ], [ -239865.774607860570541, -3022931.744593451730907 ], [ -239859.478418678685557, -3022930.337248835712671 ], [ -239853.67106551057077, -3022929.700221314560622 ], [ -239849.445907107088715, -3022928.491361546330154 ], [ -239844.773368611728074, -3022926.918013935443014 ], [ -239842.213400732143782, -3022925.949198299553245 ], [ -239839.081509185896721, -3022923.3980767657049 ], [ -239833.348306725325529, -3022919.472213426139206 ], [ -239829.852022703038529, -3022917.368581752292812 ], [ -239825.055037063924829, -3022914.577523108571768 ], [ -239820.299498374661198, -3022912.192397302947938 ], [ -239815.626963175600395, -3022910.61904450180009 ], [ -239810.912973692553351, -3022908.639859291724861 ], [ -239807.010758538235677, -3022906.577670692466199 ], [ -239801.120414921577321, -3022905.128755100537091 ], [ -239797.7901302188111, -3022904.648769088555127 ], [ -239795.594550889218226, -3022903.232560853008181 ], [ -239789.173928743402939, -3022900.607389390468597 ], [ -239780.234788608562667, -3022897.419328352436423 ], [ -239776.051089675689582, -3022896.616288173012435 ], [ -239765.00831096075126, -3022896.924500523600727 ], [ -239757.1712756085617, -3022896.494881528429687 ], [ -239753.029115077835741, -3022896.097882192116231 ], [ -239746.940370974509278, -3022896.720094320364296 ], [ -239743.287042536772788, -3022897.093414093833417 ], [ -239739.269326977548189, -3022897.914120852481574 ], [ -239732.857537057891022, -3022899.389642911963165 ], [ -239727.174622487975284, -3022899.970397637225688 ], [ -239726.884896677889628, -3022900.0 ], [ -239695.313681681203889, -3022900.0 ], [ -239689.249200370686594, -3022898.103667351882905 ], [ -239683.234414904814912, -3022895.43701598001644 ], [ -239678.073053359083133, -3022893.093315939884633 ], [ -239674.212391462089727, -3022891.437049318104982 ], [ -239668.644986172497738, -3022889.134884838014841 ], [ -239663.566624698054511, -3022887.602956824470311 ], [ -239653.534114236186724, -3022885.757095902226865 ], [ -239650.609670376550639, -3022885.235536897089332 ], [ -239643.095780641131569, -3022883.952581130433828 ], [ -239638.995062384143239, -3022883.96149825071916 ], [ -239633.593645835760981, -3022883.282978330273181 ], [ -239628.473731720587239, -3022881.345202589407563 ], [ -239625.019015606521862, -3022879.647383241914213 ], [ -239623.104946370527614, -3022876.971905139740556 ], [ -239620.577625792036997, -3022872.308190539944917 ], [ -239619.027946622780291, -3022869.185326755512506 ], [ -239615.365804780478356, -3022865.457920568995178 ], [ -239612.639971549069742, -3022862.865337128285319 ], [ -239609.18514774783398, -3022861.167609491851181 ], [ -239602.764542165445164, -3022858.542391407303512 ], [ -239599.392715357273119, -3022857.656437220051885 ], [ -239591.472897863859544, -3022856.414908754639328 ], [ -239589.401767410046887, -3022856.216391638386995 ], [ -239583.470084830798442, -3022854.36160306725651 ], [ -239579.28638161640265, -3022853.558633246459067 ], [ -239574.978351502417354, -3022851.537860302254558 ], [ -239570.26437909930246, -3022849.558630998712033 ], [ -239563.52072783219046, -3022847.786713695619255 ], [ -239558.806756419187877, -3022845.807482315227389 ], [ -239550.679518602730241, -3022842.536355398129672 ], [ -239546.006990347610554, -3022840.963055862113833 ], [ -239537.515262143337168, -3022838.13930083764717 ], [ -239530.407214635197306, -3022836.814861480146646 ], [ -239523.257725823990768, -3022835.084485983476043 ], [ -239517.897867875028169, -3022834.81178213050589 ], [ -239509.12463391685742, -3022833.247270458377898 ], [ -239504.941035203868523, -3022832.444297220557928 ], [ -239499.050799936754629, -3022830.995423524640501 ], [ -239494.378282970777946, -3022829.422012538649142 ], [ -239490.600516872334993, -3022828.577587288804352 ], [ -239483.898413801740389, -3022827.211592118255794 ], [ -239479.95477390816086, -3022824.743521609343588 ], [ -239476.947444824472768, -3022823.410176331643015 ], [ -239471.338730218849378, -3022820.70194198563695 ], [ -239467.113590317574563, -3022819.493019683752209 ], [ -239463.78330239711795, -3022819.013092795852572 ], [ -239458.829277246288257, -3022818.698927492368966 ], [ -239455.62342998717213, -3022819.436607026495039 ], [ -239452.8649486109789, -3022820.538882305379957 ], [ -239449.294606772105908, -3022821.723936080466956 ], [ -239446.08874999472755, -3022822.461716848425567 ], [ -239443.330276347871404, -3022823.563889398705214 ], [ -239439.271007691568229, -3022823.97860699519515 ], [ -239433.182252991420683, -3022824.6007463443093 ], [ -239426.687554435542552, -3022825.264426611829549 ], [ -239419.298003865755163, -3022825.199107517953962 ], [ -239411.867004294821527, -3022824.727953873109072 ], [ -239410.0, -3022824.819946753792465 ], [ -239410.0, -3022820.0 ], [ -239400.0, -3022820.0 ], [ -239400.0, -3022810.0 ], [ -239380.0, -3022810.0 ], [ -239380.0, -3022800.0 ], [ -239360.0, -3022800.0 ], [ -239360.0, -3022790.0 ], [ -239330.0, -3022790.0 ], [ -239330.0, -3022780.0 ], [ -239320.0, -3022780.0 ], [ -239320.0, -3022790.0 ], [ -239300.172972949891118, -3022790.0 ], [ -239291.97338044908247, -3022787.349092319607735 ], [ -239283.158717481244821, -3022785.378569554071873 ], [ -239280.0, -3022784.474816864356399 ], [ -239280.0, -3022780.0 ], [ -239268.702568043052452, -3022780.0 ], [ -239266.133964351320174, -3022779.325059216003865 ], [ -239261.337027551315259, -3022776.533997068181634 ], [ -239256.946043625677703, -3022773.701292560435832 ], [ -239251.618853174586548, -3022769.733963935635984 ], [ -239245.968612376251258, -3022766.619839017279446 ], [ -239240.682870271033607, -3022763.058341131079942 ], [ -239238.810389640391804, -3022760.788676638156176 ], [ -239233.972029671393102, -3022757.591573220212013 ], [ -239230.840291772037745, -3022755.040488716214895 ], [ -239227.219644004333531, -3022751.718962848652154 ], [ -239223.193155918444972, -3022748.43898414960131 ], [ -239214.254084346961463, -3022745.250727151054889 ], [ -239203.815882595634321, -3022743.446144837886095 ], [ -239200.891441223560832, -3022742.924636818468571 ], [ -239196.624878183705732, -3022741.309735622256994 ], [ -239190.974749213608447, -3022738.195608055684716 ], [ -239186.749623308685841, -3022736.986639907583594 ], [ -239180.859407669835491, -3022735.537693606689572 ], [ -239174.844782265718095, -3022732.870933318510652 ], [ -239167.570900603430346, -3022729.922748808283359 ], [ -239161.191880238446174, -3022727.703364555723965 ], [ -239157.331255071767373, -3022726.047021173872054 ], [ -239149.56845946222893, -3022722.328491517808288 ], [ -239144.00121716214926, -3022720.026121198199689 ], [ -239138.83990153981722, -3022717.682416400872171 ], [ -239134.167511203675531, -3022716.108949037734419 ], [ -239129.859509886824526, -3022714.088204397354275 ], [ -239125.634388037025928, -3022712.879226265940815 ], [ -239122.17970057745697, -3022711.18144256202504 ], [ -239116.612452888075495, -3022708.879168527200818 ], [ -239111.98149935217225, -3022707.711631822865456 ], [ -239106.497233173926361, -3022706.221131468191743 ], [ -239101.543206353409914, -3022705.906999187078327 ], [ -239097.84853761002887, -3022705.874300959985703 ], [ -239092.977490599150769, -3022706.371943111065775 ], [ -239086.524325565609615, -3022707.441479097120464 ], [ -239081.247342716058483, -3022707.980553944595158 ], [ -239074.429684315633494, -3022709.497354718390852 ], [ -239069.558635137451347, -3022709.994993118569255 ], [ -239064.281744051259011, -3022710.534175741951913 ], [ -239058.963324816664681, -3022710.667311717756093 ], [ -239053.562028332904447, -3022709.988678755238652 ], [ -239050.59615503042005, -3022709.061218796763569 ], [ -239044.581532160984352, -3022706.394529924262315 ], [ -239040.356513802020345, -3022705.185546453576535 ], [ -239036.412924913980532, -3022702.717306142672896 ], [ -239031.980516821582569, -3022699.478833291679621 ], [ -239029.337712342792656, -3022697.698067205026746 ], [ -239026.61183663844713, -3022695.105413717217743 ], [ -239024.739366992464056, -3022692.835836365353316 ], [ -239023.918772390519734, -3022688.818099300377071 ], [ -239023.056642527371878, -3022684.394419277086854 ], [ -239022.236040103336563, -3022680.376785338390619 ], [ -239021.009511999582173, -3022676.400483292061836 ], [ -239018.242299498087959, -3022673.402006225194782 ], [ -239015.152019704022678, -3022671.256831742357463 ], [ -239010.968440471770009, -3022670.453778178896755 ], [ -239010.156571108032949, -3022670.536644799634814 ], [ -239007.3566397781251, -3022671.232936034910381 ], [ -239003.504849711694987, -3022673.677180921658874 ], [ -238999.611514972464647, -3022675.715584308840334 ], [ -238994.500477028544992, -3022677.878295486327261 ], [ -238992.106487717945129, -3022678.533050465397537 ], [ -238987.964340073318454, -3022678.135928250849247 ], [ -238982.968880913307657, -3022677.415838476736099 ], [ -238979.597178820578847, -3022676.529812008142471 ], [ -238976.26690968949697, -3022676.049720046110451 ], [ -238972.04179433430545, -3022674.840716784819961 ], [ -238964.445071011636173, -3022672.745795111171901 ], [ -238958.919277484499617, -3022670.849319827277213 ], [ -238954.735697611205978, -3022670.046257347799838 ], [ -238949.698806743690511, -3022668.920226174406707 ], [ -238944.173107698414242, -3022667.023858458735049 ], [ -238940.8014068986231, -3022666.137826927471906 ], [ -238934.952637977607083, -3022665.094759546220303 ], [ -238931.580937415623339, -3022664.208726813551039 ], [ -238926.544047453789972, -3022663.082691129762679 ], [ -238922.766403456713306, -3022662.238191406708211 ], [ -238920.653846930363216, -3022661.633685488253832 ], [ -238916.793237167672487, -3022659.977306155022234 ], [ -238911.78908152243821, -3022655.156496621668339 ], [ -238909.552119505649898, -3022653.334278245922178 ], [ -238904.8382009358902, -3022651.354927885346115 ], [ -238899.842846912710229, -3022650.634830583352596 ], [ -238895.659269503725227, -3022649.831758486572653 ], [ -238891.923067346768221, -3022649.393087158445269 ], [ -238886.438804754900048, -3022647.90264217602089 ], [ -238880.101241036260035, -3022646.089123634621501 ], [ -238876.605138342216378, -3022643.985372030641884 ], [ -238873.10893401154317, -3022641.88161135930568 ], [ -238871.600991320592584, -3022639.164555321913213 ], [ -238868.386318856093567, -3022635.80165151739493 ], [ -238866.472331380093237, -3022633.126120108179748 ], [ -238863.829540656384779, -3022631.34533787984401 ], [ -238860.457844378863228, -3022630.459295842796564 ], [ -238855.743931343167787, -3022628.479936751537025 ], [ -238853.225442699418636, -3022627.916856207419187 ], [ -238848.594493942218833, -3022626.749374345410615 ], [ -238838.76962568401359, -3022626.932803151197731 ], [ -238832.680863291956484, -3022627.554798339027911 ], [ -238827.321007415215718, -3022627.282052532304078 ], [ -238822.491488392901374, -3022628.185587152838707 ], [ -238820.180364307103446, -3022629.652094283606857 ], [ -238815.641078067710623, -3022633.396987483371049 ], [ -238811.101781900651986, -3022637.141982873436064 ], [ -238807.18086601048708, -3022640.0 ], [ -238800.0, -3022640.0 ], [ -238790.0, -3022640.0 ], [ -238790.0, -3022648.079311227891594 ], [ -238787.700562523503322, -3022648.966020687948912 ], [ -238783.919823882257333, -3022650.0 ], [ -238780.0, -3022650.0 ], [ -238775.850502629968105, -3022650.0 ], [ -238775.075645094766514, -3022649.84558796370402 ], [ -238769.955896889994619, -3022647.907650653272867 ], [ -238763.253818793746177, -3022646.541570910718292 ], [ -238758.540007190371398, -3022644.562201669905335 ], [ -238752.649809821945382, -3022643.113157894462347 ], [ -238747.08268965294701, -3022640.810811930336058 ], [ -238742.774721790628973, -3022638.789899717550725 ], [ -238738.831150120560778, -3022636.321715296246111 ], [ -238733.628436278057052, -3022633.571992940269411 ], [ -238730.132341437449213, -3022631.4682203726843 ], [ -238726.313169484841637, -3022630.217747769318521 ], [ -238721.069028582453029, -3022627.062087356112897 ], [ -238716.272261854435783, -3022624.270830668043345 ], [ -238711.276806366397068, -3022623.550688849296421 ], [ -238703.274162497109501, -3022621.497119174338877 ], [ -238697.061002206144622, -3022620.90126928081736 ], [ -238692.471482616092544, -3022620.139695279765874 ], [ -238687.965032786683878, -3022620.18990713916719 ], [ -238684.270258738950361, -3022620.157142119016498 ], [ -238679.805236864514882, -3022620.613288449123502 ], [ -238675.340112560137641, -3022621.069425466936082 ], [ -238670.552019210183062, -3022622.378768316004425 ], [ -238668.199447198974667, -3022623.439430759288371 ], [ -238663.212863765103975, -3022626.819906543940306 ], [ -238658.91356917921803, -3022628.899589884094894 ], [ -238654.291389334568521, -3022631.832692470401525 ], [ -238648.815899442823138, -3022634.442816752940416 ], [ -238643.215920393995475, -3022635.835114545654505 ], [ -238640.457511549873743, -3022636.937212301418185 ], [ -238636.564140594127821, -3022638.975568039342761 ], [ -238634.335968038125429, -3022641.253842439968139 ], [ -238631.50325680046808, -3022645.64477389678359 ], [ -238630.211341701098718, -3022649.058011176995933 ], [ -238628.877905142959207, -3022652.065201653167605 ], [ -238627.544459729775554, -3022655.072494555264711 ], [ -238626.169586316187633, -3022657.673851180821657 ], [ -238624.842533682473004, -3022660.0 ], [ -238620.0, -3022660.0 ], [ -238620.0, -3022663.865846077911556 ], [ -238618.7146914586192, -3022664.997785847168416 ], [ -238616.080561459501041, -3022667.317693793680519 ], [ -238613.350256513105705, -3022670.0 ], [ -238610.0, -3022670.0 ], [ -238610.0, -3022674.325019292533398 ], [ -238609.478971491393168, -3022674.964609338901937 ], [ -238605.221193819277687, -3022677.450236773118377 ], [ -238602.462676667084452, -3022678.552325319033116 ], [ -238600.35186876586522, -3022680.0 ], [ -238600.0, -3022680.0 ], [ -238600.0, -3022680.241325372830033 ], [ -238598.246418575901771, -3022681.444000152871013 ], [ -238593.864245470962487, -3022682.711908965371549 ], [ -238586.963670015509706, -3022683.41682208282873 ], [ -238582.987432861380512, -3022684.643302117008716 ], [ -238580.14595693355659, -3022684.933506016153842 ], [ -238577.023029480071273, -3022686.482966025359929 ], [ -238575.159349465597188, -3022688.313979460857809 ], [ -238573.332296745560598, -3022690.0 ], [ -238550.0, -3022690.0 ], [ -238530.0, -3022690.0 ], [ -238530.0, -3022700.0 ], [ -238520.0, -3022700.0 ], [ -238520.0, -3022710.0 ], [ -238510.0, -3022710.0 ], [ -238510.0, -3022730.0 ], [ -238510.0, -3022740.0 ], [ -238500.0, -3022740.0 ], [ -238500.0, -3022750.0 ], [ -238490.0, -3022750.0 ], [ -238490.0, -3022760.0 ], [ -238490.0, -3022768.518314209766686 ], [ -238487.877792701445287, -3022769.416272692847997 ], [ -238485.529988201247761, -3022770.0 ], [ -238480.0, -3022770.0 ], [ -238480.0, -3022771.186008331365883 ], [ -238475.824640227889176, -3022771.877868295181543 ], [ -238469.495786810992286, -3022774.16499813226983 ], [ -238466.289886698767077, -3022774.902568160556257 ], [ -238457.484063252370106, -3022777.032424343749881 ], [ -238451.478191400266951, -3022778.466237959451973 ], [ -238447.419078659208026, -3022778.880829529371113 ], [ -238442.100602364400402, -3022779.013954273425043 ], [ -238437.271036029676907, -3022779.917335486970842 ], [ -238432.888927754713222, -3022781.18534042313695 ], [ -238429.683024751779158, -3022781.922906904947013 ], [ -238421.647544651670614, -3022783.563954100478441 ], [ -238414.788362845167285, -3022784.674672591034323 ], [ -238409.958784744871082, -3022785.578151845373213 ], [ -238403.058175878104521, -3022786.2829281212762 ], [ -238398.593111018592026, -3022786.739040601998568 ], [ -238393.15035487874411, -3022785.654337336309254 ], [ -238388.154861628107028, -3022784.934138923883438 ], [ -238384.866096856130753, -3022784.859923359006643 ], [ -238379.995091330405558, -3022785.357457907404751 ], [ -238375.165518962894566, -3022786.26082939049229 ], [ -238370.137334689206909, -3022789.235341696999967 ], [ -238366.649863807513611, -3022791.232155138626695 ], [ -238360.851324268791359, -3022794.695465138182044 ], [ -238356.353461465012515, -3022798.846278734505177 ], [ -238352.584424098604359, -3022802.102345563005656 ], [ -238348.409547657327494, -3022805.399845799431205 ], [ -238345.046559423848521, -3022808.614394756034017 ], [ -238340.590125095535768, -3022813.171047447249293 ], [ -238337.955953983124346, -3022815.490951650310308 ], [ -238333.863931307918392, -3022819.600231260526925 ], [ -238331.271294225240126, -3022822.32598281186074 ], [ -238328.314140481961658, -3022825.499099644366652 ], [ -238324.868196484923828, -3022827.901759759988636 ], [ -238322.557012404926354, -3022829.368349922355264 ], [ -238321.673970469244523, -3022830.0 ], [ -238310.0, -3022830.0 ], [ -238310.0, -3022838.350525672081858 ], [ -238309.179049722879427, -3022838.937760870438069 ], [ -238308.412904315977357, -3022840.0 ], [ -238300.0, -3022840.0 ], [ -238300.0, -3022850.0 ], [ -238280.0, -3022850.0 ], [ -238280.0, -3022860.0 ], [ -238270.0, -3022860.0 ], [ -238270.0, -3022868.886294415220618 ], [ -238267.062479251500918, -3022870.0 ], [ -238260.0, -3022870.0 ], [ -238250.0, -3022870.0 ], [ -238250.0, -3022880.0 ], [ -238240.0, -3022880.0 ], [ -238240.0, -3022888.079367257654667 ], [ -238238.121636636642506, -3022890.0 ], [ -238230.0, -3022890.0 ], [ -238230.0, -3022897.521269496530294 ], [ -238228.753745334019186, -3022898.831503259949386 ], [ -238226.648210665094666, -3022900.0 ], [ -238220.0, -3022900.0 ], [ -238220.0, -3022904.439247726928443 ], [ -238218.00979155258392, -3022906.081098919734359 ], [ -238214.522394222993171, -3022908.077917339745909 ], [ -238209.286837215709966, -3022909.022796733770519 ], [ -238204.821750084956875, -3022909.478784298989922 ], [ -238202.792122292099521, -3022909.686112978495657 ], [ -238200.688260522001656, -3022913.182226922363043 ], [ -238199.520570331602357, -3022917.813118786085397 ], [ -238199.686373710021144, -3022919.43679602490738 ], [ -238199.743897557636956, -3022920.0 ], [ -238190.0, -3022920.0 ], [ -238190.0, -3022930.0 ], [ -238190.0, -3022940.0 ], [ -238180.0, -3022940.0 ], [ -238180.0, -3022950.0 ], [ -238170.0, -3022950.0 ], [ -238170.0, -3022960.0 ], [ -238170.0, -3022967.169111957773566 ], [ -238166.537519102334045, -3022968.349635165184736 ], [ -238162.257252109353431, -3022970.0 ], [ -238160.0, -3022970.0 ], [ -238160.0, -3022970.700884101912379 ], [ -238156.232287443213863, -3022971.862973981536925 ], [ -238151.850032846967224, -3022973.130844476632774 ], [ -238146.614560901536606, -3022974.075726870447397 ], [ -238141.784930040885229, -3022974.979177116882056 ], [ -238136.507932231615996, -3022975.518105399329215 ], [ -238132.531627858057618, -3022976.74444873817265 ], [ -238125.266518837655894, -3022977.896653038915247 ], [ -238120.238274983334122, -3022980.87105543538928 ], [ -238117.885651207587216, -3022981.93159700371325 ], [ -238112.327177355036838, -3022983.729793132748455 ], [ -238109.485653554933378, -3022984.019961788319051 ], [ -238103.355434781289659, -3022984.235895676072687 ], [ -238096.048796432674862, -3022984.982140699867159 ], [ -238091.989634793164441, -3022985.396693184971809 ], [ -238085.17179174523335, -3022986.913299955893308 ], [ -238080.425108269759221, -3022988.628536288160831 ], [ -238075.637002218165435, -3022989.937827706336975 ], [ -238075.475769318611128, -3022990.0 ], [ -238070.0, -3022990.0 ], [ -238070.0, -3022992.14935953123495 ], [ -238067.361371426319238, -3022993.243921762797982 ], [ -238061.355421237356495, -3022994.677578504662961 ], [ -238056.119937669689534, -3022995.62244653981179 ], [ -238048.937666818790603, -3022997.586421015206724 ], [ -238043.874060615169583, -3023000.0 ], [ -238040.0, -3023000.0 ], [ -238040.0, -3023001.661244264338166 ], [ -238038.350921909324825, -3023002.358999810181558 ], [ -238032.42791990697151, -3023004.604447874706239 ], [ -238027.72264918248402, -3023006.725622878875583 ], [ -238022.205589796532877, -3023008.929648383520544 ], [ -238012.910828700318234, -3023010.289044617209584 ], [ -238006.45749439613428, -3023011.358270223252475 ], [ -237999.96273835140164, -3023012.021549409721047 ], [ -237994.561359164159512, -3023011.342610144987702 ], [ -237988.754119625635212, -3023010.705303270369768 ], [ -237985.340952076570829, -3023009.413202795665711 ], [ -237978.315877131593879, -3023008.900155446957797 ], [ -237970.520434041711269, -3023008.875900931656361 ], [ -237965.64936296333326, -3023009.373379688709974 ], [ -237961.996135955385398, -3023009.74649471277371 ], [ -237957.365124399366323, -3023008.578753389883786 ], [ -237948.840824880666332, -3023009.449343214277178 ], [ -237943.928230149205774, -3023009.540864300448447 ], [ -237938.60979183553718, -3023009.673813127912581 ], [ -237934.59203792369226, -3023010.4942900496535 ], [ -237930.292708433582447, -3023012.573929323814809 ], [ -237924.817054760816973, -3023015.18388394266367 ], [ -237916.772989012184553, -3023019.22795346332714 ], [ -237912.409517928404966, -3023020.0 ], [ -237910.0, -3023020.0 ], [ -237900.0, -3023020.0 ], [ -237900.0, -3023022.195666054263711 ], [ -237895.899034906411543, -3023022.921266347635537 ], [ -237867.244466094998643, -3023032.011323526967317 ], [ -237841.888755110121565, -3023042.892152701038867 ], [ -237834.382284997176612, -3023050.0 ], [ -237830.0, -3023050.0 ], [ -237830.0, -3023054.149568587075919 ], [ -237823.82146426307736, -3023060.0 ], [ -237820.0, -3023060.0 ], [ -237810.0, -3023060.0 ], [ -237810.0, -3023069.089618368539959 ], [ -237808.316691736981738, -3023070.0 ], [ -237800.0, -3023070.0 ], [ -237800.0, -3023074.49790662759915 ], [ -237794.702973111590836, -3023077.362691460642964 ], [ -237785.364620073698461, -3023090.0 ], [ -237780.0, -3023090.0 ], [ -237780.0, -3023097.259776835795492 ], [ -237777.975109080289258, -3023100.0 ], [ -237770.0, -3023100.0 ], [ -237760.0, -3023100.0 ], [ -237760.0, -3023108.349372735247016 ], [ -237758.655037908931263, -3023108.906012085732073 ], [ -237737.258510807150742, -3023109.905214115977287 ], [ -237721.184423321392387, -3023102.283420469611883 ], [ -237699.100081357144518, -3023098.551764630246907 ], [ -237676.815392075106502, -3023100.303860865999013 ], [ -237645.962540186767001, -3023109.564587858971208 ], [ -237613.012661140150158, -3023116.255742649547756 ], [ -237582.266169016598724, -3023126.874440529383719 ], [ -237574.775618899555411, -3023130.0 ], [ -237570.0, -3023130.0 ], [ -237570.0, -3023131.992708231788129 ], [ -237551.993618606153177, -3023139.506177205126733 ], [ -237551.000984758487903, -3023140.0 ], [ -237550.0, -3023140.0 ], [ -237550.0, -3023140.497977267485112 ], [ -237530.899971642676974, -3023150.0 ], [ -237530.0, -3023150.0 ], [ -237520.0, -3023150.0 ], [ -237520.0, -3023155.539537648204714 ], [ -237512.750781281589298, -3023160.0 ], [ -237510.0, -3023160.0 ], [ -237500.0, -3023160.0 ], [ -237490.0, -3023160.0 ], [ -237490.0, -3023170.0 ], [ -237480.0, -3023170.0 ], [ -237470.0, -3023170.0 ], [ -237470.0, -3023180.0 ], [ -237460.0, -3023180.0 ], [ -237460.0, -3023190.0 ], [ -237450.0, -3023190.0 ], [ -237440.0, -3023190.0 ], [ -237440.0, -3023200.0 ], [ -237430.0, -3023200.0 ], [ -237430.0, -3023205.281412087846547 ], [ -237411.376752261858201, -3023210.0 ], [ -237410.0, -3023210.0 ], [ -237410.0, -3023210.348828876391053 ], [ -237399.543828577094246, -3023212.998117806855589 ], [ -237368.576348703878466, -3023216.796711531933397 ], [ -237350.009107583580771, -3023220.0 ], [ -237340.0, -3023220.0 ], [ -237340.0, -3023225.205489796586335 ], [ -237333.279861970804632, -3023229.820653122849762 ], [ -237305.818197665386833, -3023234.026830654591322 ], [ -237300.106712418724783, -3023240.0 ], [ -237300.0, -3023240.0 ], [ -237300.0, -3023240.111601680051535 ], [ -237292.392641066748183, -3023248.067508281674236 ], [ -237290.431172572687501, -3023250.0 ], [ -237290.0, -3023250.0 ], [ -237290.0, -3023250.424802859779447 ], [ -237280.281227424362442, -3023260.0 ], [ -237280.0, -3023260.0 ], [ -237260.0, -3023260.0 ], [ -237260.0, -3023270.0 ], [ -237250.0, -3023270.0 ], [ -237250.0, -3023280.0 ], [ -237240.0, -3023280.0 ], [ -237240.0, -3023290.0 ], [ -237230.0, -3023290.0 ], [ -237230.0, -3023299.606817580293864 ], [ -237229.398116959404433, -3023300.0 ], [ -237220.0, -3023300.0 ], [ -237220.0, -3023306.139356183819473 ], [ -237218.392973176843952, -3023307.189152659848332 ], [ -237214.814183726528427, -3023310.0 ], [ -237210.0, -3023310.0 ], [ -237200.0, -3023310.0 ], [ -237200.0, -3023320.0 ], [ -237190.0, -3023320.0 ], [ -237190.0, -3023330.0 ], [ -237180.0, -3023330.0 ], [ -237180.0, -3023340.0 ], [ -237170.0, -3023340.0 ], [ -237170.0, -3023360.0 ], [ -237160.0, -3023360.0 ], [ -237160.0, -3023370.0 ], [ -237160.0, -3023380.0 ], [ -237160.0, -3023390.0 ], [ -237150.0, -3023390.0 ], [ -237150.0, -3023400.0 ], [ -237150.0, -3023410.0 ], [ -237150.0, -3023420.0 ], [ -237150.0, -3023430.0 ], [ -237140.0, -3023430.0 ], [ -237140.0, -3023440.0 ], [ -237130.0, -3023440.0 ], [ -237130.0, -3023450.0 ], [ -237120.0, -3023450.0 ], [ -237120.0, -3023460.0 ], [ -237120.0, -3023470.0 ], [ -237110.0, -3023470.0 ], [ -237100.0, -3023470.0 ], [ -237100.0, -3023478.328834849409759 ], [ -237093.480921604117611, -3023478.297654560767114 ], [ -237076.417562184797134, -3023474.167542765848339 ], [ -237053.608848264004337, -3023477.322888799477369 ], [ -237046.583766290423227, -3023480.0 ], [ -237040.0, -3023480.0 ], [ -237040.0, -3023482.508935062214732 ], [ -237028.768065169628244, -3023486.789189534727484 ], [ -237000.367727233155165, -3023495.167188504710793 ], [ -236976.249894228909397, -3023497.741122636012733 ], [ -236949.940129282476846, -3023504.587675502058119 ], [ -236920.751921381102875, -3023510.976102796848863 ], [ -236891.084530983469449, -3023511.250132782384753 ], [ -236861.465008945990121, -3023508.102507563773543 ], [ -236830.281330481928308, -3023509.178331636358052 ], [ -236799.475347423343919, -3023519.109833810478449 ], [ -236772.909801290137693, -3023530.759505193680525 ], [ -236744.247700428968528, -3023539.839021573774517 ], [ -236743.90633810008876, -3023540.0 ], [ -236740.0, -3023540.0 ], [ -236740.0, -3023541.84213695069775 ], [ -236714.702218768157763, -3023553.771974151022732 ], [ -236691.647380456794053, -3023569.930670734494925 ], [ -236675.816148524434539, -3023590.0 ], [ -236670.0, -3023590.0 ], [ -236670.0, -3023597.328046054579318 ], [ -236667.677615050954046, -3023600.0 ], [ -236660.0, -3023600.0 ], [ -236660.0, -3023608.833261614665389 ], [ -236651.261336073308485, -3023618.887282832991332 ], [ -236650.7379967267334, -3023620.0 ], [ -236650.0, -3023620.0 ], [ -236650.0, -3023621.569118837360293 ], [ -236646.034740930132102, -3023630.0 ], [ -236640.0, -3023630.0 ], [ -236640.0, -3023640.0 ], [ -236640.0, -3023642.830986004322767 ], [ -236636.909632895083632, -3023649.401683492586017 ], [ -236636.655745920113986, -3023650.0 ], [ -236630.0, -3023650.0 ], [ -236630.0, -3023660.0 ], [ -236630.0, -3023665.685100244358182 ], [ -236624.909545668779174, -3023677.681394488550723 ], [ -236623.98384251142852, -3023680.0 ], [ -236620.0, -3023680.0 ], [ -236620.0, -3023689.978316623717546 ], [ -236616.458730156620732, -3023698.848123009782284 ], [ -236615.691164496995043, -3023700.0 ], [ -236610.0, -3023700.0 ], [ -236610.0, -3023708.540665348060429 ], [ -236609.027556610497413, -3023710.0 ], [ -236600.0, -3023710.0 ], [ -236600.0, -3023720.0 ], [ -236600.0, -3023730.0 ], [ -236600.0, -3023735.766690250951797 ], [ -236599.434177847171668, -3023740.0 ], [ -236590.0, -3023740.0 ], [ -236590.0, -3023750.0 ], [ -236590.0, -3023760.0 ], [ -236580.0, -3023760.0 ], [ -236580.0, -3023780.0 ], [ -236570.0, -3023780.0 ], [ -236570.0, -3023790.0 ], [ -236570.0, -3023798.529185952153057 ], [ -236568.63514241357916, -3023800.0 ], [ -236560.0, -3023800.0 ], [ -236560.0, -3023807.028683017939329 ], [ -236555.555935527925612, -3023810.0 ], [ -236550.0, -3023810.0 ], [ -236540.0, -3023810.0 ], [ -236540.0, -3023815.977674541994929 ], [ -236531.936159422009951, -3023817.55761332437396 ], [ -236508.491817882750183, -3023816.657304959371686 ], [ -236479.546213902416639, -3023810.035497509408742 ], [ -236458.550756175187416, -3023800.057701228186488 ], [ -236443.636069953412516, -3023799.173356710933149 ], [ -236440.0, -3023800.126797075849026 ], [ -236440.0, -3023800.0 ], [ -236430.0, -3023800.0 ], [ -236430.0, -3023802.748969852458686 ], [ -236417.636786307703005, -3023805.990818090736866 ], [ -236399.693728086829651, -3023810.811297257430851 ], [ -236384.530454497260507, -3023820.0 ], [ -236380.0, -3023820.0 ], [ -236380.0, -3023822.745383404195309 ], [ -236377.678736417205073, -3023824.152032233774662 ], [ -236361.672640673525166, -3023830.0 ], [ -236360.0, -3023830.0 ], [ -236360.0, -3023830.61111397203058 ], [ -236349.119028825574787, -3023834.586572429165244 ], [ -236333.544401975930668, -3023840.0 ], [ -236330.0, -3023840.0 ], [ -236330.0, -3023841.231962958816439 ], [ -236318.675621125032194, -3023845.168089674320072 ], [ -236299.50126843014732, -3023860.0 ], [ -236290.0, -3023860.0 ], [ -236290.0, -3023862.845178302377462 ], [ -236274.58663738402538, -3023867.068251913413405 ], [ -236256.169785590929678, -3023869.874290610197932 ], [ -236233.034676958690397, -3023864.846610799897462 ], [ -236214.356989796942798, -3023868.356278010178357 ], [ -236192.371700022369623, -3023861.871420893352479 ], [ -236165.146694702329114, -3023848.960662390105426 ], [ -236140.495324380870443, -3023844.734231419395655 ], [ -236111.921843439718941, -3023842.864486361853778 ], [ -236086.642715460795444, -3023838.686633353121579 ], [ -236064.711023252806626, -3023832.88033218216151 ], [ -236043.574807512428379, -3023837.264304607640952 ], [ -236022.487453225068748, -3023838.226854071486741 ], [ -235994.431828473461792, -3023830.847415557596833 ], [ -235973.079415175423492, -3023828.412825239822268 ], [ -235949.741469879227225, -3023828.866956257726997 ], [ -235919.337826878385385, -3023827.821716081351042 ], [ -235889.252052722091321, -3023830.852356685791165 ], [ -235855.700979862594977, -3023821.849861925002187 ], [ -235832.55925339271198, -3023808.617784846574068 ], [ -235809.527529994986253, -3023800.845001601614058 ], [ -235782.679694735357771, -3023796.787027325946838 ], [ -235762.012470786139602, -3023799.082014392130077 ], [ -235741.602428978396347, -3023796.572311618365347 ], [ -235716.116390874463832, -3023793.774600350763649 ], [ -235687.438020879082615, -3023790.542116971686482 ], [ -235667.550143690750701, -3023786.624168455600739 ], [ -235643.327456246479414, -3023791.929398129228503 ], [ -235620.277570408390602, -3023800.0 ], [ -235610.0, -3023800.0 ], [ -235610.0, -3023802.552951558958739 ], [ -235588.289225992339198, -3023803.053048256319016 ], [ -235560.813925730763003, -3023799.042055553756654 ], [ -235530.206377761991462, -3023803.476837117690593 ], [ -235495.672666114929598, -3023806.166437100153416 ], [ -235460.504204832541291, -3023800.703279932495207 ], [ -235439.318761316360906, -3023810.0 ], [ -235430.0, -3023810.0 ], [ -235430.0, -3023813.484227688517421 ], [ -235404.004780793882674, -3023817.405180647969246 ], [ -235379.728719515638659, -3023822.028993429150432 ], [ -235341.477172733226325, -3023821.588853330351412 ], [ -235309.874559787102044, -3023825.415212236810476 ], [ -235274.868135000288021, -3023826.088690596632659 ], [ -235239.600657416624017, -3023827.465555840637535 ], [ -235213.5885655140155, -3023830.0 ], [ -235210.0, -3023830.0 ], [ -235210.0, -3023830.34964580880478 ], [ -235204.805548689968418, -3023830.855758382473141 ], [ -235175.030572310293792, -3023829.754188741091639 ], [ -235140.335079694195883, -3023826.30096674663946 ], [ -235121.700723259855295, -3023818.181188384070992 ], [ -235102.077728876785841, -3023817.65645449841395 ], [ -235085.485573934827698, -3023811.428038379177451 ], [ -235074.441829682735261, -3023807.502240039873868 ], [ -235070.57184612454148, -3023810.536974248476326 ], [ -235070.723708402598277, -3023820.0 ], [ -235070.0, -3023820.0 ], [ -235070.0, -3023830.0 ], [ -235060.0, -3023830.0 ], [ -235060.0, -3023847.153797106351703 ], [ -235059.243373322038678, -3023847.64250298961997 ], [ -235041.401255880511599, -3023849.712947403546423 ], [ -235040.626828191248933, -3023850.0 ], [ -235040.0, -3023850.0 ], [ -235040.0, -3023850.232342751231045 ], [ -235018.06931825861102, -3023858.361260690260679 ], [ -234988.983400199183961, -3023870.190565743949264 ], [ -234964.820928976929281, -3023880.0 ], [ -234960.0, -3023880.0 ], [ -234960.0, -3023881.95719160605222 ], [ -234957.752433741727145, -3023882.869654294103384 ], [ -234924.423680789099308, -3023888.876666904427111 ], [ -234892.925631656195037, -3023894.057496102992445 ], [ -234860.799698266084306, -3023899.286784355062991 ], [ -234826.478585387929343, -3023908.787092700134963 ], [ -234783.728222911711782, -3023911.423103387467563 ], [ -234747.050924153911183, -3023919.054967078380287 ], [ -234721.14850033656694, -3023919.015217825304717 ], [ -234695.663045926019549, -3023916.208920667413622 ], [ -234668.607889344333671, -3023913.524274581111968 ], [ -234641.763674841145985, -3023913.556924292817712 ], [ -234619.103945250739343, -3023910.53080227971077 ], [ -234590.481508210359607, -3023912.067924058996141 ], [ -234557.6744913533621, -3023916.663339622318745 ], [ -234531.616362908069277, -3023918.684474261943251 ], [ -234488.766926570853684, -3023932.259703956544399 ], [ -234449.625761143543059, -3023932.560704640112817 ], [ -234420.217229235597188, -3023932.106707359198481 ], [ -234399.338191103335703, -3023931.674847459886223 ], [ -234381.752368261222728, -3023940.0 ], [ -234380.0, -3023940.0 ], [ -234380.0, -3023940.829573526978493 ], [ -234373.441825346642872, -3023943.934222360607237 ], [ -234357.416253961069742, -3023950.0 ], [ -234350.0, -3023950.0 ], [ -234340.0, -3023950.0 ], [ -234340.0, -3023955.205899558030069 ], [ -234326.876698862499325, -3023958.478552668821067 ], [ -234301.652796682756161, -3023954.965215862728655 ], [ -234281.873446951358346, -3023956.497662319801748 ], [ -234259.377525617892388, -3023960.0 ], [ -234240.0, -3023960.0 ], [ -234240.0, -3023961.405314847361296 ], [ -234227.977907075808616, -3023962.039755465462804 ], [ -234201.080978024401702, -3023961.389072360470891 ], [ -234168.273116183641832, -3023965.980214262846857 ], [ -234147.259935472276993, -3023970.0 ], [ -234140.0, -3023970.0 ], [ -234140.0, -3023971.388813310302794 ], [ -234126.256871572317323, -3023974.01785040833056 ], [ -234102.206315736111719, -3023980.0 ], [ -234090.0, -3023980.0 ], [ -234090.0, -3023982.476631722413003 ], [ -234062.106979909498477, -3023985.818641799036413 ], [ -234050.339514147490263, -3023990.0 ], [ -234050.0, -3023990.0 ], [ -234050.0, -3023990.120640271343291 ], [ -234037.515935723728035, -3023994.556628920137882 ], [ -234014.019867022172548, -3023992.957650839816779 ], [ -234001.770907303580316, -3023981.603037097956985 ], [ -234000.0, -3023980.079292609822005 ], [ -234000.0, -3023980.0 ], [ -233999.907845532259671, -3023980.0 ], [ -233990.0, -3023971.474977269303054 ], [ -233990.0, -3023970.0 ], [ -233988.285770324640907, -3023970.0 ], [ -233982.822250164754223, -3023965.299014967400581 ], [ -233970.0, -3023960.889306854922324 ], [ -233970.0, -3023960.0 ], [ -233967.414133842947194, -3023960.0 ], [ -233958.486844872066285, -3023956.929810439702123 ], [ -233950.0, -3023951.549193216022104 ], [ -233950.0, -3023950.0 ], [ -233947.556458310224116, -3023950.0 ], [ -233931.584671831136802, -3023939.873967214487493 ], [ -233911.119455072301207, -3023924.37039155466482 ], [ -233890.707002920069499, -3023909.546142598148435 ], [ -233859.567911862803157, -3023894.867833292111754 ], [ -233829.108242230198812, -3023876.719326650723815 ], [ -233789.805915070406627, -3023858.57082456164062 ], [ -233749.877327135385713, -3023844.571072156541049 ], [ -233714.659407332655974, -3023834.307554041035473 ], [ -233680.070736898836913, -3023828.095747018232942 ], [ -233654.165595776197733, -3023811.644050534814596 ], [ -233619.732867144659394, -3023799.268434248864651 ], [ -233584.147687048767693, -3023780.146945916581899 ], [ -233537.680057001125533, -3023763.232383291702718 ], [ -233496.392584003682714, -3023743.866859272122383 ], [ -233455.837537766725291, -3023721.710483266040683 ], [ -233427.107610012521036, -3023697.273844785988331 ], [ -233398.06499678248656, -3023676.961768980138004 ], [ -233368.185866776417242, -3023658.081058907322586 ], [ -233340.0, -3023641.473595887422562 ], [ -233340.0, -3023640.0 ], [ -233337.499041406204924, -3023640.0 ], [ -233337.417717744887341, -3023639.952083087991923 ], [ -233297.284734339686111, -3023623.228846303652972 ], [ -233259.82019087698427, -3023604.2490319237113 ], [ -233211.578091582079651, -3023584.733177220914513 ], [ -233210.0, -3023583.724231169559062 ], [ -233210.0, -3023580.0 ], [ -233204.174933484755456, -3023580.0 ], [ -233174.375649391789921, -3023560.947956154122949 ], [ -233134.924068910593633, -3023536.652449748944491 ], [ -233130.0, -3023531.270691816229373 ], [ -233130.0, -3023530.0 ], [ -233128.837373559683328, -3023530.0 ], [ -233106.302486749307718, -3023505.370510028675199 ], [ -233077.315274269989459, -3023473.433064876589924 ], [ -233046.339773585379589, -3023432.080624027177691 ], [ -233023.840890877676429, -3023398.275947234127671 ], [ -233004.377072110713925, -3023366.970966260414571 ], [ -232978.321699964842992, -3023336.173974805511534 ], [ -232945.884461152600124, -3023304.501592968590558 ], [ -232914.860170701460447, -3023270.669840564019978 ], [ -232888.178356781776529, -3023227.618809545878321 ], [ -232867.618013933766633, -3023190.247027880046517 ], [ -232844.547005888278363, -3023148.96790230460465 ], [ -232816.402488926803926, -3023115.597151774447411 ], [ -232791.135579386114841, -3023082.688167221378535 ], [ -232765.032280832383549, -3023051.210231621284038 ], [ -232750.0, -3023031.04475803533569 ], [ -232750.0, -3023030.0 ], [ -232749.221188824274577, -3023030.0 ], [ -232737.569464890839299, -3023014.369469022843987 ], [ -232707.910058504261542, -3022989.999187243171036 ], [ -232675.269463312637527, -3022967.908517878968269 ], [ -232656.019981491030194, -3022959.822126378770918 ], [ -232628.767584092449397, -3022946.200794481206685 ], [ -232606.275658994563855, -3022928.795738039538264 ], [ -232590.0, -3022910.390739716589451 ], [ -232590.0, -3022910.0 ], [ -232589.654466342879459, -3022910.0 ], [ -232581.378281031938968, -3022900.641043977346271 ], [ -232559.20130205550231, -3022875.010479207616299 ], [ -232539.692724291817285, -3022843.023906762711704 ], [ -232527.45496415780508, -3022811.16132682794705 ], [ -232515.113310954533517, -3022773.83940696856007 ], [ -232505.909547030896647, -3022744.477131274994463 ], [ -232494.822118681651773, -3022727.561214551795274 ], [ -232471.75734961690614, -3022706.782590276096016 ], [ -232450.027082721469924, -3022685.599335712380707 ], [ -232419.274725852359552, -3022660.08098724950105 ], [ -232396.304362267226679, -3022647.085450158920139 ], [ -232379.046112945245113, -3022629.550221250392497 ], [ -232368.001403739937814, -3022613.997476092074066 ], [ -232363.484620373434154, -3022594.66260784631595 ], [ -232355.265759443223942, -3022566.591341495979577 ], [ -232348.238334153400501, -3022549.089619946666062 ], [ -232331.985337238409556, -3022529.836829297244549 ], [ -232317.866503705939976, -3022508.779744696803391 ], [ -232309.898311530094361, -3022488.89007491664961 ], [ -232293.645705265545985, -3022469.637108487077057 ], [ -232272.622691728232894, -3022457.31138236168772 ], [ -232250.345564594317693, -3022438.521183483768255 ], [ -232240.0, -3022430.70458847656846 ], [ -232240.0, -3022430.0 ], [ -232239.067450009577442, -3022430.0 ], [ -232230.641329916805262, -3022423.633641968481243 ], [ -232220.0, -3022414.999961074441671 ], [ -232220.0, -3022410.0 ], [ -232213.837363690137863, -3022410.0 ], [ -232211.251124576374423, -3022407.901694299653172 ], [ -232192.236914668319514, -3022397.061296486761421 ], [ -232190.0, -3022396.130046194884926 ], [ -232190.0, -3022380.0 ], [ -232180.0, -3022380.0 ], [ -232180.0, -3022370.0 ], [ -232180.0, -3022360.0 ], [ -232180.0, -3022354.644894771277905 ], [ -232181.449779489717912, -3022350.32551584020257 ], [ -232180.197214378422359, -3022334.020158724393696 ], [ -232180.0, -3022333.29233290720731 ], [ -232180.0, -3022320.0 ], [ -232180.0, -3022310.0 ], [ -232190.0, -3022310.0 ], [ -232190.0, -3022300.0 ], [ -232190.0, -3022290.0 ], [ -232190.0, -3022270.0 ], [ -232200.0, -3022270.0 ], [ -232200.0, -3022250.0 ], [ -232210.0, -3022250.0 ], [ -232210.0, -3022240.0 ], [ -232210.0, -3022232.744607574306428 ], [ -232213.419013549922965, -3022230.0 ], [ -232220.0, -3022230.0 ], [ -232220.0, -3022220.0 ], [ -232220.0, -3022216.156419820152223 ], [ -232220.001731225813273, -3022216.151339890900999 ], [ -232220.0, -3022215.255164188798517 ], [ -232220.0, -3022190.0 ], [ -232219.951212254411075, -3022190.0 ], [ -232219.943123892735457, -3022185.813028470147401 ], [ -232213.606159563554684, -3022177.279109580907971 ], [ -232210.0, -3022165.225243504159153 ], [ -232210.0, -3022160.0 ], [ -232210.0, -3022156.357417895458639 ], [ -232210.220841736561852, -3022152.937046406324953 ], [ -232212.105428310955176, -3022138.030936264432967 ], [ -232213.201100269478047, -3022130.0 ], [ -232220.0, -3022130.0 ], [ -232220.0, -3022120.0 ], [ -232214.565414369892096, -3022120.0 ], [ -232215.497500846773619, -3022113.168094674125314 ], [ -232216.624504578416236, -3022090.0 ], [ -232220.0, -3022090.0 ], [ -232220.0, -3022070.0 ], [ -232214.383005449431948, -3022070.0 ], [ -232212.994313572969986, -3022060.875942156650126 ], [ -232210.0, -3022044.322877421509475 ], [ -232210.0, -3022040.0 ], [ -232210.0, -3021920.0 ], [ -232200.0, -3021920.0 ], [ -232200.0, -3021890.0 ], [ -232195.212071222777013, -3021890.0 ], [ -232193.314841592102312, -3021878.692911898251623 ], [ -232184.658768597757444, -3021854.756017460022122 ], [ -232180.0, -3021843.165630626957864 ], [ -232180.0, -3021840.0 ], [ -232178.727571325231111, -3021840.0 ], [ -232171.549020727630705, -3021822.140735995024443 ], [ -232157.058196674886858, -3021796.191975412890315 ], [ -232139.305154469038825, -3021767.213587108068168 ], [ -232115.150917580845999, -3021748.567543141078204 ], [ -232092.063055182778044, -3021733.939738105982542 ], [ -232066.656416042213095, -3021703.908848882187158 ], [ -232045.074947372515453, -3021689.165051430929452 ], [ -232015.400220287032425, -3021672.582455823197961 ], [ -232000.0, -3021660.458630107808858 ], [ -232000.0, -3021660.0 ], [ -231999.417427728214534, -3021660.0 ], [ -231990.0, -3021652.586128617636859 ], [ -231990.0, -3021650.0 ], [ -231986.714984911493957, -3021650.0 ], [ -231985.977957020135364, -3021649.419774682726711 ], [ -231970.0, -3021644.138449653983116 ], [ -231970.0, -3021640.0 ], [ -231960.0, -3021640.0 ], [ -231959.773449299478671, -3021640.0 ], [ -231941.748066957981791, -3021630.673837766516954 ], [ -231912.952441866218578, -3021615.662947685457766 ], [ -231891.622719933715416, -3021604.179126418661326 ], [ -231880.0, -3021602.762326685711741 ], [ -231880.0, -3021600.0 ], [ -231870.0, -3021600.0 ], [ -231850.0, -3021600.0 ], [ -231840.0, -3021600.0 ], [ -231840.0, -3021601.803667451720685 ], [ -231832.03184794014669, -3021599.075188712682575 ], [ -231812.709458287019515, -3021590.717126922216266 ], [ -231784.856727878388483, -3021573.172651109751314 ], [ -231758.342512630770216, -3021556.618737638462335 ], [ -231738.392817163345171, -3021549.948382806964219 ], [ -231719.025853191647911, -3021554.167130288667977 ], [ -231699.990409254038241, -3021569.294286839198321 ], [ -231677.77273176194285, -3021595.599321391899139 ], [ -231670.5362506750389, -3021602.484334889333695 ], [ -231657.773589506134158, -3021614.626955963205546 ], [ -231642.169680969585897, -3021621.836866719182581 ], [ -231624.475682963675354, -3021624.833318557124585 ], [ -231608.455090230127098, -3021626.608049103990197 ], [ -231597.243594649306033, -3021631.84094519354403 ], [ -231582.265340407582698, -3021643.922895327676088 ], [ -231574.530593913252233, -3021650.0 ], [ -231570.0, -3021650.0 ], [ -231560.0, -3021650.0 ], [ -231560.0, -3021659.796273605898023 ], [ -231552.477256630314514, -3021663.70001753885299 ], [ -231542.287715885875514, -3021670.0 ], [ -231540.0, -3021670.0 ], [ -231540.0, -3021671.414447453338653 ], [ -231536.328249753103592, -3021673.684614749159664 ], [ -231528.970728521118872, -3021680.0 ], [ -231520.0, -3021680.0 ], [ -231520.0, -3021688.237209453713149 ], [ -231518.512945657566888, -3021690.0 ], [ -231510.0, -3021690.0 ], [ -231510.0, -3021699.951206610538065 ], [ -231500.971942784497514, -3021706.461840585805476 ], [ -231495.197109829023248, -3021713.464662228710949 ], [ -231494.389941509871278, -3021720.0 ], [ -231490.0, -3021720.0 ], [ -231490.0, -3021740.0 ], [ -231500.0, -3021740.0 ], [ -231500.0, -3021750.0 ], [ -231510.0, -3021750.0 ], [ -231510.0, -3021760.0 ], [ -231510.0, -3021770.0 ], [ -231520.0, -3021770.0 ], [ -231520.0, -3021780.0 ], [ -231520.0, -3021790.0 ], [ -231530.0, -3021790.0 ], [ -231538.042511795560131, -3021790.0 ], [ -231539.592750896263169, -3021792.067817403934896 ], [ -231540.0, -3021792.711653024889529 ], [ -231540.0, -3021800.0 ], [ -231540.0, -3021810.0 ], [ -231540.0, -3021820.0 ], [ -231550.0, -3021820.0 ], [ -231550.0, -3021830.0 ], [ -231550.0, -3021840.0 ], [ -231560.0, -3021840.0 ], [ -231560.0, -3021850.0 ], [ -231570.0, -3021850.0 ], [ -231570.0, -3021860.0 ], [ -231580.0, -3021860.0 ], [ -231580.0, -3021870.0 ], [ -231600.0, -3021870.0 ], [ -231600.0, -3021880.0 ], [ -231610.0, -3021880.0 ], [ -231610.0, -3021890.0 ], [ -231620.0, -3021890.0 ], [ -231620.0, -3021900.0 ], [ -231630.0, -3021900.0 ], [ -231630.0, -3021910.0 ], [ -231640.0, -3021910.0 ], [ -231640.0, -3021920.0 ], [ -231640.0, -3021930.0 ], [ -231650.0, -3021930.0 ], [ -231650.0, -3021940.0 ], [ -231640.0, -3021940.0 ], [ -231640.0, -3021950.0 ], [ -231650.0, -3021950.0 ], [ -231650.0, -3021960.0 ], [ -231660.0, -3021960.0 ], [ -231660.0, -3021970.0 ], [ -231660.0, -3021990.0 ], [ -231670.0, -3021990.0 ], [ -231670.0, -3022000.0 ], [ -231670.0, -3022010.0 ], [ -231670.0, -3022030.0 ], [ -231680.0, -3022030.0 ], [ -231690.0, -3022030.0 ], [ -231690.0, -3022040.0 ], [ -231700.0, -3022040.0 ], [ -231700.0, -3022050.0 ], [ -231710.0, -3022050.0 ], [ -231710.0, -3022060.0 ], [ -231720.0, -3022060.0 ], [ -231730.0, -3022060.0 ], [ -231730.0, -3022070.0 ], [ -231730.0, -3022080.0 ], [ -231740.0, -3022080.0 ], [ -231740.0, -3022090.0 ], [ -231740.0, -3022100.0 ], [ -231740.0, -3022110.0 ], [ -231750.0, -3022110.0 ], [ -231750.0, -3022120.0 ], [ -231760.0, -3022120.0 ], [ -231770.0, -3022120.0 ], [ -231770.0, -3022130.0 ], [ -231780.0, -3022130.0 ], [ -231780.0, -3022140.0 ], [ -231780.0, -3022160.0 ], [ -231780.0, -3022170.0 ], [ -231770.0, -3022170.0 ], [ -231770.0, -3022200.0 ], [ -231780.0, -3022200.0 ], [ -231780.0, -3022210.0 ], [ -231780.0, -3022220.0 ], [ -231800.0, -3022220.0 ], [ -231800.0, -3022230.0 ], [ -231810.0, -3022230.0 ], [ -231810.0, -3022240.0 ], [ -231820.0, -3022240.0 ], [ -231820.0, -3022250.0 ], [ -231820.0, -3022270.0 ], [ -231820.0, -3022275.321695892140269 ], [ -231819.143188716174336, -3022276.885420918464661 ], [ -231817.984640644775936, -3022280.0 ], [ -231810.0, -3022280.0 ], [ -231810.0, -3022290.0 ], [ -231810.0, -3022300.0 ], [ -231810.0, -3022310.0 ], [ -231816.985787315788912, -3022310.0 ], [ -231817.376217360724695, -3022313.103920875117183 ], [ -231818.585135615343461, -3022328.865816655568779 ], [ -231820.0, -3022334.35271015111357 ], [ -231820.0, -3022350.0 ], [ -231820.0, -3022360.0 ], [ -231820.0, -3022364.26366454269737 ], [ -231819.7887538728246, -3022364.309871617238969 ], [ -231804.056036275113001, -3022369.890263635199517 ], [ -231803.867689770995639, -3022370.0 ], [ -231800.0, -3022370.0 ], [ -231800.0, -3022372.253432935103774 ], [ -231785.686027416028082, -3022380.593185905367136 ], [ -231768.612735299975611, -3022391.743324290029705 ], [ -231755.555861166823888, -3022402.585393332876265 ], [ -231750.389220963377738, -3022410.0 ], [ -231750.0, -3022410.0 ], [ -231750.0, -3022411.305936600081623 ], [ -231747.67729850061005, -3022420.0 ], [ -231740.0, -3022420.0 ], [ -231740.0, -3022430.0 ], [ -231745.644269513722975, -3022430.0 ], [ -231744.206619604141451, -3022438.991965140216053 ], [ -231743.87542893900536, -3022440.0 ], [ -231740.0, -3022440.0 ], [ -231740.0, -3022450.0 ], [ -231740.0, -3022451.795524084474891 ], [ -231738.678661105019273, -3022455.817242713645101 ], [ -231735.204499748768285, -3022470.0 ], [ -231730.0, -3022470.0 ], [ -231730.0, -3022480.0 ], [ -231730.0, -3022485.402763223275542 ], [ -231726.702821474464145, -3022487.351420542690903 ], [ -231722.460130970808677, -3022490.0 ], [ -231720.0, -3022490.0 ], [ -231720.0, -3022491.535783094819635 ], [ -231712.725581640785094, -3022496.07697576796636 ], [ -231702.933779954531929, -3022500.107914478052408 ], [ -231695.568030109920073, -3022506.139699663035572 ], [ -231693.975280241109431, -3022515.009189220611006 ], [ -231693.533585035067517, -3022520.0 ], [ -231690.0, -3022520.0 ], [ -231690.0, -3022530.0 ], [ -231680.0, -3022530.0 ], [ -231680.0, -3022540.0 ], [ -231680.0, -3022550.0 ], [ -231690.0, -3022550.0 ], [ -231690.0, -3022560.0 ], [ -231690.0, -3022570.0 ], [ -231690.0, -3022580.0 ], [ -231690.0, -3022590.0 ], [ -231690.0, -3022610.0 ], [ -231690.0, -3022620.0 ], [ -231680.0, -3022620.0 ], [ -231680.0, -3022640.0 ], [ -231680.0, -3022650.0 ], [ -231670.0, -3022650.0 ], [ -231670.0, -3022660.0 ], [ -231660.0, -3022660.0 ], [ -231660.0, -3022670.0 ], [ -231660.0, -3022674.841997484210879 ], [ -231658.105415063997498, -3022676.306083586066961 ], [ -231651.162837932235561, -3022680.0 ], [ -231650.0, -3022680.0 ], [ -231650.0, -3022680.618707728106529 ], [ -231635.2971756469924, -3022688.441595854237676 ], [ -231632.248841454478679, -3022690.0 ], [ -231630.0, -3022690.0 ], [ -231630.0, -3022691.149678356945515 ], [ -231613.911805072333664, -3022699.374468714464456 ], [ -231612.573787385161268, -3022700.0 ], [ -231610.0, -3022700.0 ], [ -231610.0, -3022701.203261023387313 ], [ -231587.337249744887231, -3022711.798232552595437 ], [ -231559.924738647969207, -3022726.472824589814991 ], [ -231545.42041987075936, -3022740.0 ], [ -231540.0, -3022740.0 ], [ -231540.0, -3022745.030924981459975 ], [ -231533.281804445607122, -3022750.0 ], [ -231530.0, -3022750.0 ], [ -231520.0, -3022750.0 ], [ -231520.0, -3022758.402882273308933 ], [ -231515.42052647517994, -3022760.0 ], [ -231510.0, -3022760.0 ], [ -231510.0, -3022761.890439779497683 ], [ -231499.530041788239032, -3022765.541897914372385 ], [ -231477.769047455047257, -3022771.582164674066007 ], [ -231455.927512928843498, -3022769.974309177137911 ], [ -231433.625479105452541, -3022768.948330431710929 ], [ -231408.472923991794232, -3022780.168172776699066 ], [ -231382.944223761442117, -3022789.7764269602485 ], [ -231382.028059085889254, -3022790.0 ], [ -231370.0, -3022790.0 ], [ -231370.0, -3022792.935225297231227 ], [ -231363.359297496732324, -3022794.555765888188034 ], [ -231331.180788441561162, -3022796.471891296096146 ], [ -231305.482307585974922, -3022810.466133727692068 ], [ -231281.166866934654536, -3022819.433861006051302 ], [ -231258.653597987111425, -3022822.249810145702213 ], [ -231241.968485349672846, -3022830.0 ], [ -231240.0, -3022830.0 ], [ -231240.0, -3022830.91435613995418 ], [ -231233.290457147901179, -3022834.030920712742954 ], [ -231204.957508513412904, -3022843.305406650528312 ], [ -231181.310020891251042, -3022854.408055812120438 ], [ -231153.728178222547285, -3022866.904868474695832 ], [ -231121.794801018579165, -3022878.640705419238657 ], [ -231088.060332797816955, -3022893.247425204608589 ], [ -231070.590601253847126, -3022900.0 ], [ -231070.0, -3022900.0 ], [ -231070.0, -3022900.228285084478557 ], [ -231059.851037574437214, -3022904.151163218077272 ], [ -231031.807816330750939, -3022917.228811780456454 ], [ -230997.947873093071394, -3022930.203925445210189 ], [ -230982.425682839617366, -3022940.0 ], [ -230980.0, -3022940.0 ], [ -230970.0, -3022940.0 ], [ -230970.0, -3022945.649678840767592 ], [ -230949.562654249253683, -3022951.395657648332417 ], [ -230924.778072344808606, -3022970.0 ], [ -230920.0, -3022970.0 ], [ -230920.0, -3022973.586620667017996 ], [ -230918.750613777636318, -3022974.524462148547173 ], [ -230910.073819855839247, -3022980.0 ], [ -230910.0, -3022980.0 ], [ -230910.0, -3022980.046584420371801 ], [ -230897.066363239253405, -3022988.208426026627421 ], [ -230893.747523854923202, -3022990.0 ], [ -230890.0, -3022990.0 ], [ -230880.0, -3022990.0 ], [ -230880.0, -3022997.4211804443039 ], [ -230871.113403042196296, -3023002.218338118400425 ], [ -230852.570415888534626, -3023010.74160938616842 ], [ -230831.308839599834755, -3023016.738910577725619 ], [ -230813.98371395826689, -3023018.061747988220304 ], [ -230810.43472436958109, -3023020.0 ], [ -230800.0, -3023020.0 ], [ -230800.0, -3023025.698840471915901 ], [ -230796.527809801424155, -3023027.595149116590619 ], [ -230772.043381773022702, -3023034.384743054397404 ], [ -230748.853686751943314, -3023044.902222105301917 ], [ -230742.355204556311946, -3023050.0 ], [ -230740.0, -3023050.0 ], [ -230740.0, -3023051.847555992659181 ], [ -230729.607528353313683, -3023060.0 ], [ -230720.0, -3023060.0 ], [ -230720.0, -3023066.01750602805987 ], [ -230713.632298017269932, -3023070.0 ], [ -230710.0, -3023070.0 ], [ -230710.0, -3023072.271715132985264 ], [ -230706.652799882867839, -3023074.365124078001827 ], [ -230687.139308581390651, -3023093.348949608393013 ], [ -230677.040555718325777, -3023113.254373659845442 ], [ -230670.486572733789217, -3023120.0 ], [ -230670.0, -3023120.0 ], [ -230670.0, -3023120.500800483860075 ], [ -230665.566346420120681, -3023125.06409740447998 ], [ -230660.973069351370214, -3023130.0 ], [ -230660.0, -3023130.0 ], [ -230660.0, -3023131.045653345994651 ], [ -230651.667219043592922, -3023140.0 ], [ -230650.0, -3023140.0 ], [ -230650.0, -3023141.064105842728168 ], [ -230636.759310299239587, -3023148.036939255427569 ], [ -230634.695400523050921, -3023150.0 ], [ -230630.0, -3023150.0 ], [ -230630.0, -3023154.465968693606555 ], [ -230620.511473775928607, -3023163.490856103599072 ], [ -230614.795621747965924, -3023180.0 ], [ -230610.0, -3023180.0 ], [ -230610.0, -3023190.0 ], [ -230600.0, -3023190.0 ], [ -230600.0, -3023200.0 ], [ -230600.0, -3023210.0 ], [ -230590.0, -3023210.0 ], [ -230590.0, -3023220.0 ], [ -230595.478640262561385, -3023220.0 ], [ -230593.728201651450945, -3023222.938480072189122 ], [ -230589.413192623585928, -3023229.281439187936485 ], [ -230588.821032535488484, -3023238.073919177055359 ], [ -230590.0, -3023240.40593850472942 ], [ -230590.0, -3023250.0 ], [ -230590.0, -3023260.0 ], [ -230590.0, -3023270.0 ], [ -230590.0, -3023280.0 ], [ -230600.0, -3023280.0 ], [ -230600.0, -3023290.0 ], [ -230600.0, -3023300.0 ], [ -230600.0, -3023310.0 ], [ -230610.0, -3023310.0 ], [ -230619.199698040320072, -3023310.0 ], [ -230620.0, -3023311.555016236379743 ], [ -230620.0, -3023330.0 ], [ -230620.0, -3023340.0 ], [ -230630.0, -3023340.0 ], [ -230630.0, -3023350.0 ], [ -230630.0, -3023360.0 ], [ -230640.0, -3023360.0 ], [ -230640.0, -3023370.0 ], [ -230650.0, -3023370.0 ], [ -230650.0, -3023380.0 ], [ -230650.0, -3023390.0 ], [ -230660.0, -3023390.0 ], [ -230660.0, -3023400.0 ], [ -230680.0, -3023400.0 ], [ -230680.0, -3023410.0 ], [ -230690.0, -3023410.0 ], [ -230690.0, -3023420.0 ], [ -230700.0, -3023420.0 ], [ -230700.0, -3023430.0 ], [ -230710.0, -3023430.0 ], [ -230710.0, -3023440.0 ], [ -230730.0, -3023440.0 ], [ -230730.0, -3023450.0 ], [ -230730.0, -3023460.0 ], [ -230730.0, -3023470.0 ], [ -230740.0, -3023470.0 ], [ -230750.0, -3023470.0 ], [ -230750.0, -3023480.0 ], [ -230750.0, -3023490.0 ], [ -230760.0, -3023490.0 ], [ -230760.0, -3023500.0 ], [ -230770.0, -3023500.0 ], [ -230770.0, -3023510.0 ], [ -230780.0, -3023510.0 ], [ -230780.0, -3023520.0 ], [ -230790.0, -3023520.0 ], [ -230790.0, -3023530.0 ], [ -230800.0, -3023530.0 ], [ -230810.0, -3023530.0 ], [ -230810.0, -3023540.0 ], [ -230820.0, -3023540.0 ], [ -230840.0, -3023540.0 ], [ -230840.0, -3023550.0 ], [ -230850.0, -3023550.0 ], [ -230850.0, -3023560.0 ], [ -230860.0, -3023560.0 ], [ -230860.0, -3023550.0 ], [ -230870.0, -3023550.0 ], [ -230870.0, -3023560.0 ], [ -230880.0, -3023560.0 ], [ -230880.0, -3023570.0 ], [ -230890.0, -3023570.0 ], [ -230890.0, -3023580.0 ], [ -230900.0, -3023580.0 ], [ -230900.0, -3023590.0 ], [ -230900.0, -3023600.0 ], [ -230910.0, -3023600.0 ], [ -230910.0, -3023610.0 ], [ -230910.0, -3023620.0 ], [ -230920.0, -3023620.0 ], [ -230930.0, -3023620.0 ], [ -230930.0, -3023630.0 ], [ -230930.0, -3023650.0 ], [ -230930.0, -3023660.0 ], [ -230940.0, -3023660.0 ], [ -230940.0, -3023670.0 ], [ -230940.0, -3023680.0 ], [ -230950.0, -3023680.0 ], [ -230950.0, -3023690.0 ], [ -230950.0, -3023700.0 ], [ -230960.0, -3023700.0 ], [ -230970.0, -3023700.0 ], [ -230970.0, -3023710.0 ], [ -230980.0, -3023710.0 ], [ -230990.0, -3023710.0 ], [ -231000.0, -3023710.0 ], [ -231000.0, -3023720.0 ], [ -231010.0, -3023720.0 ], [ -231010.0, -3023710.0 ], [ -231030.0, -3023710.0 ], [ -231040.0, -3023710.0 ], [ -231050.0, -3023710.0 ], [ -231070.0, -3023710.0 ], [ -231100.0, -3023710.0 ], [ -231110.0, -3023710.0 ], [ -231110.0, -3023700.0 ], [ -231120.0, -3023700.0 ], [ -231120.0, -3023710.0 ], [ -231130.0, -3023710.0 ], [ -231140.0, -3023710.0 ], [ -231140.0, -3023720.0 ], [ -231150.0, -3023720.0 ], [ -231160.0, -3023720.0 ], [ -231160.0, -3023710.0 ], [ -231190.0, -3023710.0 ], [ -231200.0, -3023710.0 ], [ -231210.0, -3023710.0 ], [ -231210.0, -3023700.0 ], [ -231210.0, -3023693.367599945049733 ], [ -231218.272470437455922, -3023690.0 ], [ -231240.0, -3023690.0 ], [ -231240.0, -3023700.0 ], [ -231250.0, -3023700.0 ], [ -231280.0, -3023700.0 ], [ -231300.0, -3023700.0 ], [ -231300.0, -3023710.0 ], [ -231310.0, -3023710.0 ], [ -231320.0, -3023710.0 ], [ -231330.0, -3023710.0 ], [ -231340.0, -3023710.0 ], [ -231340.0, -3023720.0 ], [ -231350.0, -3023720.0 ], [ -231350.0, -3023730.0 ], [ -231360.0, -3023730.0 ], [ -231380.0, -3023730.0 ], [ -231420.0, -3023730.0 ], [ -231420.0, -3023740.0 ], [ -231430.0, -3023740.0 ], [ -231430.0, -3023730.0 ], [ -231440.0, -3023730.0 ], [ -231440.0, -3023720.0 ], [ -231460.0, -3023720.0 ], [ -231460.0, -3023730.0 ], [ -231470.0, -3023730.0 ], [ -231500.0, -3023730.0 ], [ -231510.0, -3023730.0 ], [ -231510.0, -3023740.0 ], [ -231520.0, -3023740.0 ], [ -231530.0, -3023740.0 ], [ -231530.0, -3023730.0 ], [ -231540.0, -3023730.0 ], [ -231540.0, -3023740.0 ], [ -231550.0, -3023740.0 ], [ -231550.0, -3023750.0 ], [ -231580.0, -3023750.0 ], [ -231600.0, -3023750.0 ], [ -231600.0, -3023760.0 ], [ -231610.0, -3023760.0 ], [ -231610.0, -3023770.0 ], [ -231620.0, -3023770.0 ], [ -231630.0, -3023770.0 ], [ -231640.0, -3023770.0 ], [ -231650.0, -3023770.0 ], [ -231670.0, -3023770.0 ], [ -231700.0, -3023770.0 ], [ -231700.0, -3023780.0 ], [ -231710.0, -3023780.0 ], [ -231730.0, -3023780.0 ], [ -231730.0, -3023790.0 ], [ -231740.0, -3023790.0 ], [ -231750.0, -3023790.0 ], [ -231760.0, -3023790.0 ], [ -231780.0, -3023790.0 ], [ -231780.0, -3023800.0 ], [ -231790.0, -3023800.0 ], [ -231790.0, -3023810.0 ], [ -231800.0, -3023810.0 ], [ -231800.0, -3023820.0 ], [ -231800.0, -3023830.0 ], [ -231810.0, -3023830.0 ], [ -231820.0, -3023830.0 ], [ -231820.0, -3023840.0 ], [ -231830.0, -3023840.0 ], [ -231830.0, -3023850.0 ], [ -231840.0, -3023850.0 ], [ -231840.0, -3023860.0 ], [ -231840.0, -3023870.0 ], [ -231850.0, -3023870.0 ], [ -231850.0, -3023880.0 ], [ -231860.0, -3023880.0 ], [ -231860.0, -3023890.0 ], [ -231870.0, -3023890.0 ], [ -231870.0, -3023900.0 ], [ -231880.0, -3023900.0 ], [ -231880.0, -3023910.0 ], [ -231890.0, -3023910.0 ], [ -231890.0, -3023900.0 ], [ -231910.0, -3023900.0 ], [ -231910.0, -3023910.0 ], [ -231920.0, -3023910.0 ], [ -231920.0, -3023920.0 ], [ -231930.0, -3023920.0 ], [ -231930.0, -3023930.0 ], [ -231930.0, -3023950.0 ], [ -231930.0, -3023960.0 ], [ -231930.0, -3023970.0 ], [ -231930.0, -3023980.0 ], [ -231920.0, -3023980.0 ], [ -231920.0, -3023990.0 ], [ -231920.0, -3024010.0 ], [ -231910.0, -3024010.0 ], [ -231910.0, -3024014.347278619650751 ], [ -231907.812940298375906, -3024015.242033022921532 ], [ -231903.930744382028934, -3024020.0 ], [ -231900.0, -3024020.0 ], [ -231900.0, -3024024.817467322107404 ], [ -231884.256620786123676, -3024044.112340641673654 ], [ -231870.901999070338206, -3024050.0 ], [ -231870.0, -3024050.0 ], [ -231870.0, -3024050.397664822172374 ], [ -231868.493539862131001, -3024051.061818724498153 ], [ -231848.962743701064028, -3024058.300064160022885 ], [ -231840.178519493259955, -3024070.0 ], [ -231840.0, -3024070.0 ], [ -231840.0, -3024070.237774739041924 ], [ -231835.895868700696155, -3024075.704173563048244 ], [ -231831.386227291513933, -3024090.0 ], [ -231830.0, -3024090.0 ], [ -231830.0, -3024094.394421410281211 ], [ -231829.798120992607437, -3024095.034389644861221 ], [ -231829.364753094443586, -3024100.0 ], [ -231820.0, -3024100.0 ], [ -231820.0, -3024120.0 ], [ -231820.0, -3024130.0 ], [ -231828.526963634969434, -3024130.0 ], [ -231829.528875869436888, -3024145.902410617563874 ], [ -231830.0, -3024152.048027560580522 ], [ -231830.0, -3024180.0 ], [ -231830.0, -3024190.0 ], [ -231830.0, -3024200.0 ], [ -231840.0, -3024200.0 ], [ -231840.0, -3024210.0 ], [ -231850.0, -3024210.0 ], [ -231850.0, -3024220.0 ], [ -231870.0, -3024220.0 ], [ -231870.0, -3024230.0 ], [ -231880.0, -3024230.0 ], [ -231890.0, -3024230.0 ], [ -231890.0, -3024240.0 ], [ -231900.0, -3024240.0 ], [ -231900.0, -3024250.0 ], [ -231910.0, -3024250.0 ], [ -231910.0, -3024260.0 ], [ -231910.0, -3024270.0 ], [ -231910.0, -3024280.0 ], [ -231910.0, -3024300.0 ], [ -231920.0, -3024300.0 ], [ -231930.0, -3024300.0 ], [ -231960.0, -3024300.0 ], [ -231960.0, -3024310.0 ], [ -231970.0, -3024310.0 ], [ -231980.0, -3024310.0 ], [ -231980.0, -3024320.0 ], [ -231980.0, -3024330.0 ], [ -231990.0, -3024330.0 ], [ -231990.0, -3024340.0 ], [ -231990.0, -3024350.0 ], [ -231990.0, -3024360.0 ], [ -231990.0, -3024380.0 ], [ -231993.640988770668628, -3024380.0 ], [ -231993.409835657454096, -3024385.113803178071976 ], [ -231992.450168219482293, -3024390.0 ], [ -231990.0, -3024390.0 ], [ -231990.0, -3024400.0 ], [ -231990.0, -3024402.475159303285182 ], [ -231989.321323881624267, -3024405.930674163624644 ], [ -231990.0, -3024417.462592628318816 ], [ -231990.0, -3024420.0 ], [ -231990.0, -3024450.0 ], [ -231980.0, -3024450.0 ], [ -231980.0, -3024460.0 ], [ -231980.0, -3024480.0 ], [ -231990.0, -3024480.0 ], [ -231990.0, -3024490.0 ], [ -231990.0, -3024520.0 ], [ -231990.0, -3024530.0 ], [ -231980.0, -3024530.0 ], [ -231980.0, -3024550.0 ], [ -231980.0, -3024552.224093890283257 ], [ -231978.660428658331512, -3024553.552111227530986 ], [ -231972.316902439313708, -3024554.858770450111479 ], [ -231972.473040064040106, -3024560.0 ], [ -231970.0, -3024560.0 ], [ -231970.0, -3024570.0 ], [ -231960.0, -3024570.0 ], [ -231960.0, -3024580.0 ], [ -231970.0, -3024580.0 ], [ -231970.0, -3024590.0 ], [ -231980.0, -3024590.0 ], [ -231980.0, -3024600.0 ], [ -231990.0, -3024600.0 ], [ -231990.0, -3024610.0 ], [ -232000.0, -3024610.0 ], [ -232000.0, -3024620.0 ], [ -232000.0, -3024630.0 ], [ -232010.0, -3024630.0 ], [ -232010.0, -3024640.0 ], [ -232010.0, -3024670.0 ], [ -232020.0, -3024670.0 ], [ -232030.0, -3024670.0 ], [ -232030.0, -3024680.0 ], [ -232030.0, -3024690.0 ], [ -232040.0, -3024690.0 ], [ -232040.0, -3024700.0 ], [ -232030.0, -3024700.0 ], [ -232030.0, -3024710.0 ], [ -232030.0, -3024711.914240630343556 ], [ -232020.309557990840403, -3024716.025138603989035 ], [ -232008.059728513238952, -3024724.346113946754485 ], [ -231990.346307796309702, -3024730.625573796220124 ], [ -231986.470345290232217, -3024740.0 ], [ -231980.0, -3024740.0 ], [ -231980.0, -3024750.0 ], [ -231970.0, -3024750.0 ], [ -231970.0, -3024760.0 ], [ -231970.0, -3024770.0 ], [ -231970.0, -3024773.178927479777485 ], [ -231967.757268939254573, -3024780.0 ], [ -231960.0, -3024780.0 ], [ -231960.0, -3024800.0 ], [ -231962.735270325123565, -3024800.0 ], [ -231960.426524583483115, -3024810.0 ], [ -231960.0, -3024810.0 ], [ -231960.0, -3024813.982191393617541 ], [ -231958.291131206962746, -3024830.0 ], [ -231950.0, -3024830.0 ], [ -231950.0, -3024840.0 ], [ -231950.0, -3024850.0 ], [ -231950.0, -3024852.736976005136967 ], [ -231946.726583678915631, -3024860.0 ], [ -231940.0, -3024860.0 ], [ -231940.0, -3024870.0 ], [ -231940.0, -3024873.321064291521907 ], [ -231934.570447316567879, -3024880.0 ], [ -231930.0, -3024880.0 ], [ -231930.0, -3024885.622143400367349 ], [ -231928.112267356045777, -3024887.94425825914368 ], [ -231926.352188076940365, -3024890.0 ], [ -231920.0, -3024890.0 ], [ -231920.0, -3024897.419244309421629 ], [ -231917.790415729221422, -3024900.0 ], [ -231910.0, -3024900.0 ], [ -231910.0, -3024909.099068992771208 ], [ -231909.324275243125157, -3024909.888303662184626 ], [ -231901.319247497624019, -3024920.0 ], [ -231900.0, -3024920.0 ], [ -231900.0, -3024921.66643146192655 ], [ -231897.573401007422945, -3024924.731634098105133 ], [ -231887.04764239769429, -3024930.0 ], [ -231880.0, -3024930.0 ], [ -231880.0, -3024933.527494812849909 ], [ -231878.224296426429646, -3024934.416272192727774 ], [ -231872.84705848727026, -3024940.0 ], [ -231870.0, -3024940.0 ], [ -231870.0, -3024942.956387614831328 ], [ -231863.21686495927861, -3024950.0 ], [ -231860.0, -3024950.0 ], [ -231860.0, -3024953.162049367558211 ], [ -231837.637481474113883, -3024963.771792784333229 ], [ -231818.22548314978485, -3024972.640738629736006 ], [ -231805.284758617955958, -3024976.913014718331397 ], [ -231803.523339445586316, -3024983.609147999435663 ], [ -231807.854382634279318, -3024990.65856617456302 ], [ -231810.0, -3024991.123767839279026 ], [ -231810.0, -3025000.0 ], [ -231820.0, -3025000.0 ], [ -231820.0, -3025010.0 ], [ -231820.0, -3025030.0 ], [ -231810.0, -3025030.0 ], [ -231810.0, -3025055.904625203926116 ], [ -231803.114301711932058, -3025062.374264682177454 ], [ -231799.907729937578551, -3025070.001265338622034 ], [ -231800.0, -3025074.917526850942522 ], [ -231800.0, -3025080.0 ], [ -231800.0, -3025090.0 ], [ -231800.0, -3025100.0 ], [ -231800.0, -3025110.0 ], [ -231810.0, -3025110.0 ], [ -231810.0, -3025120.0 ], [ -231820.0, -3025120.0 ], [ -231820.0, -3025130.0 ], [ -231820.0, -3025140.0 ], [ -231830.0, -3025140.0 ], [ -231837.012851328734541, -3025140.0 ], [ -231840.0, -3025147.701615861617029 ], [ -231840.0, -3025150.0 ], [ -231840.0, -3025160.0 ], [ -231840.0, -3025170.0 ], [ -231850.0, -3025170.0 ], [ -231850.0, -3025180.0 ], [ -231850.0, -3025190.0 ], [ -231860.0, -3025190.0 ], [ -231880.0, -3025190.0 ], [ -231880.0, -3025200.0 ], [ -231890.0, -3025200.0 ], [ -231890.0, -3025210.0 ], [ -231900.0, -3025210.0 ], [ -231910.0, -3025210.0 ], [ -231910.0, -3025200.0 ], [ -231920.0, -3025200.0 ], [ -231920.0, -3025210.0 ], [ -231930.0, -3025210.0 ], [ -231940.0, -3025210.0 ], [ -231940.0, -3025220.0 ], [ -231950.0, -3025220.0 ], [ -231950.0, -3025230.0 ], [ -231960.0, -3025230.0 ], [ -231960.0, -3025240.0 ], [ -231960.0, -3025250.0 ], [ -231970.0, -3025250.0 ], [ -231970.0, -3025260.0 ], [ -231980.0, -3025260.0 ], [ -231980.0, -3025270.0 ], [ -231990.0, -3025270.0 ], [ -232000.0, -3025270.0 ], [ -232010.0, -3025270.0 ], [ -232010.0, -3025280.0 ], [ -232020.0, -3025280.0 ], [ -232030.0, -3025280.0 ], [ -232030.0, -3025270.0 ], [ -232060.0, -3025270.0 ], [ -232060.0, -3025280.0 ], [ -232070.0, -3025280.0 ], [ -232110.0, -3025280.0 ], [ -232110.0, -3025290.0 ], [ -232120.0, -3025290.0 ], [ -232130.0, -3025290.0 ], [ -232130.0, -3025280.0 ], [ -232140.0, -3025280.0 ], [ -232140.0, -3025272.35178300132975 ], [ -232150.0, -3025271.971876541152596 ], [ -232150.0, -3025280.0 ], [ -232160.0, -3025280.0 ], [ -232180.0, -3025280.0 ], [ -232190.0, -3025280.0 ], [ -232190.0, -3025290.0 ], [ -232200.0, -3025290.0 ], [ -232230.0, -3025290.0 ], [ -232230.0, -3025300.0 ], [ -232240.0, -3025300.0 ], [ -232240.0, -3025310.0 ], [ -232250.0, -3025310.0 ], [ -232260.0, -3025310.0 ], [ -232260.0, -3025320.0 ], [ -232270.0, -3025320.0 ], [ -232270.0, -3025330.0 ], [ -232280.0, -3025330.0 ], [ -232290.0, -3025330.0 ], [ -232290.0, -3025340.0 ], [ -232300.0, -3025340.0 ], [ -232300.0, -3025350.0 ], [ -232310.0, -3025350.0 ], [ -232320.0, -3025350.0 ], [ -232320.0, -3025360.0 ], [ -232330.0, -3025360.0 ], [ -232330.0, -3025370.0 ], [ -232330.0, -3025380.0 ], [ -232340.0, -3025380.0 ], [ -232350.0, -3025380.0 ], [ -232350.0, -3025390.0 ], [ -232360.0, -3025390.0 ], [ -232370.0, -3025390.0 ], [ -232370.0, -3025400.0 ], [ -232380.0, -3025400.0 ], [ -232380.0, -3025390.0 ], [ -232390.0, -3025390.0 ], [ -232390.0, -3025400.0 ], [ -232400.0, -3025400.0 ], [ -232400.0, -3025410.0 ], [ -232420.0, -3025410.0 ], [ -232430.0, -3025410.0 ], [ -232430.0, -3025420.0 ], [ -232440.0, -3025420.0 ], [ -232450.0, -3025420.0 ], [ -232450.0, -3025430.0 ], [ -232460.0, -3025430.0 ], [ -232470.0, -3025430.0 ], [ -232470.0, -3025440.0 ], [ -232480.0, -3025440.0 ], [ -232490.0, -3025440.0 ], [ -232500.0, -3025440.0 ], [ -232500.0, -3025450.0 ], [ -232510.0, -3025450.0 ], [ -232510.0, -3025460.0 ], [ -232516.068002997082658, -3025460.0 ], [ -232516.518478941870853, -3025464.250527656171471 ], [ -232516.804138668085216, -3025476.189409731887281 ], [ -232514.494358384574298, -3025490.0 ], [ -232510.0, -3025490.0 ], [ -232510.0, -3025496.770126088522375 ], [ -232507.716346411412815, -3025499.784283523913473 ], [ -232499.469733572914265, -3025505.544159272685647 ], [ -232496.009821398532949, -3025510.0 ], [ -232490.0, -3025510.0 ], [ -232490.0, -3025520.0 ], [ -232490.0, -3025530.0 ], [ -232480.0, -3025530.0 ], [ -232480.0, -3025540.0 ], [ -232480.0, -3025550.0 ], [ -232480.0, -3025551.568233406171203 ], [ -232478.185014028829755, -3025553.399836932774633 ], [ -232471.265754231979372, -3025560.0 ], [ -232470.0, -3025560.0 ], [ -232470.0, -3025561.207381220068783 ], [ -232464.936918211198645, -3025566.036967969033867 ], [ -232455.616694089170778, -3025572.220807695295662 ], [ -232452.204460711102001, -3025580.0 ], [ -232450.0, -3025580.0 ], [ -232450.0, -3025590.0 ], [ -232450.0, -3025600.0 ], [ -232450.0, -3025620.0 ], [ -232450.0, -3025640.0 ], [ -232450.0, -3025650.0 ], [ -232460.0, -3025650.0 ], [ -232480.0, -3025650.0 ], [ -232480.0, -3025660.0 ], [ -232490.0, -3025660.0 ], [ -232500.0, -3025660.0 ], [ -232500.0, -3025670.0 ], [ -232510.0, -3025670.0 ], [ -232510.0, -3025680.0 ], [ -232520.0, -3025680.0 ], [ -232520.0, -3025690.0 ], [ -232530.0, -3025690.0 ], [ -232550.0, -3025690.0 ], [ -232550.0, -3025700.0 ], [ -232560.0, -3025700.0 ], [ -232570.0, -3025700.0 ], [ -232570.0, -3025710.0 ], [ -232580.0, -3025710.0 ], [ -232600.0, -3025710.0 ], [ -232610.0, -3025710.0 ], [ -232620.0, -3025710.0 ], [ -232620.0, -3025720.0 ], [ -232630.0, -3025720.0 ], [ -232640.0, -3025720.0 ], [ -232640.0, -3025730.0 ], [ -232650.0, -3025730.0 ], [ -232660.0, -3025730.0 ], [ -232660.0, -3025740.0 ], [ -232680.0, -3025740.0 ], [ -232680.0, -3025750.0 ], [ -232690.0, -3025750.0 ], [ -232690.0, -3025760.0 ], [ -232700.0, -3025760.0 ], [ -232700.0, -3025750.0 ], [ -232720.0, -3025750.0 ], [ -232720.0, -3025760.0 ], [ -232730.0, -3025760.0 ], [ -232750.0, -3025760.0 ], [ -232750.0, -3025770.0 ], [ -232760.0, -3025770.0 ], [ -232800.0, -3025770.0 ], [ -232800.0, -3025780.0 ], [ -232810.0, -3025780.0 ], [ -232810.0, -3025770.0 ], [ -232820.0, -3025770.0 ], [ -232820.0, -3025780.0 ], [ -232830.0, -3025780.0 ], [ -232840.0, -3025780.0 ], [ -232840.0, -3025790.0 ], [ -232850.0, -3025790.0 ], [ -232860.0, -3025790.0 ], [ -232870.0, -3025790.0 ], [ -232880.0, -3025790.0 ], [ -232880.0, -3025800.0 ], [ -232880.0, -3025810.0 ], [ -232890.0, -3025810.0 ], [ -232900.0, -3025810.0 ], [ -232900.0, -3025820.0 ], [ -232900.0, -3025830.0 ], [ -232910.0, -3025830.0 ], [ -232910.0, -3025840.0 ], [ -232920.0, -3025840.0 ], [ -232920.0, -3025850.0 ], [ -232920.0, -3025860.0 ], [ -232910.0, -3025860.0 ], [ -232910.0, -3025870.0 ], [ -232910.0, -3025873.575067008379847 ], [ -232905.310310572880553, -3025876.648126897402108 ], [ -232887.717519766185433, -3025878.002201298717409 ], [ -232850.175959072978003, -3025878.840871549211442 ], [ -232848.404977953148773, -3025880.0 ], [ -232840.0, -3025880.0 ], [ -232840.0, -3025885.501159196253866 ], [ -232833.126420010434231, -3025890.0 ], [ -232830.0, -3025890.0 ], [ -232830.0, -3025891.370623795781285 ], [ -232811.846712755621411, -3025898.193944404367357 ], [ -232782.262395008816384, -3025907.988504488021135 ], [ -232765.139270317682531, -3025919.558050855994225 ], [ -232762.531858113390626, -3025920.0 ], [ -232760.0, -3025920.0 ], [ -232760.0, -3025920.429142934735864 ], [ -232742.990479807020165, -3025923.312209477648139 ], [ -232725.658069375378545, -3025932.163781623821706 ], [ -232709.790685547224712, -3025947.73736844304949 ], [ -232695.86094832138042, -3025959.744509226642549 ], [ -232695.030112130538328, -3025960.0 ], [ -232690.0, -3025960.0 ], [ -232680.0, -3025960.0 ], [ -232680.0, -3025964.532385079190135 ], [ -232657.426802229078021, -3025969.5347287398763 ], [ -232640.303596738347551, -3025977.002646194770932 ], [ -232618.154379271756625, -3025980.755878628231585 ], [ -232609.978540350391995, -3025990.0 ], [ -232600.0, -3025990.0 ], [ -232600.0, -3025991.036845543421805 ], [ -232590.8723282229912, -3025991.738466508220881 ], [ -232576.419744041457307, -3025996.950215852353722 ], [ -232561.444053583953064, -3025999.468170407228172 ], [ -232545.84165055656922, -3025993.832379261031747 ], [ -232522.539091467100661, -3026003.141392764169723 ], [ -232503.471756820450537, -3026010.0 ], [ -232500.0, -3026010.0 ], [ -232500.0, -3026011.248806762509048 ], [ -232488.711209708824754, -3026015.30943611683324 ], [ -232480.564782522502355, -3026020.0 ], [ -232480.0, -3026020.0 ], [ -232480.0, -3026020.325191454030573 ], [ -232463.197089875699021, -3026030.0 ], [ -232461.12634783636895, -3026030.0 ], [ -232444.725091500353301, -3026026.890431435778737 ], [ -232427.339176517940359, -3026035.060796826612204 ], [ -232406.033250138250878, -3026040.0 ], [ -232400.0, -3026040.0 ], [ -232400.0, -3026040.196223252918571 ], [ -232386.338881794450572, -3026040.2601991542615 ], [ -232369.582224574201973, -3026044.280882315710187 ], [ -232351.04364244590397, -3026053.906327937263995 ], [ -232323.70800785892061, -3026064.206908538471907 ], [ -232312.229262449458474, -3026070.0 ], [ -232310.0, -3026070.0 ], [ -232300.0, -3026070.0 ], [ -232300.0, -3026075.846425276715308 ], [ -232283.436275252490304, -3026083.01868558768183 ], [ -232258.981126744212816, -3026089.6801219121553 ], [ -232236.943374924856471, -3026100.0 ], [ -232230.0, -3026100.0 ], [ -232230.0, -3026103.251456107012928 ], [ -232227.559267309115967, -3026104.394406804814935 ], [ -232212.749367904325482, -3026110.0 ], [ -232210.0, -3026110.0 ], [ -232210.0, -3026111.040644341614097 ], [ -232191.320142129668966, -3026118.11102890688926 ], [ -232150.996173220133642, -3026132.140563915483654 ], [ -232131.247222202597186, -3026140.0 ], [ -232130.0, -3026140.0 ], [ -232130.0, -3026140.496353612747043 ], [ -232116.955644411355024, -3026145.687580170575529 ], [ -232089.561956636200193, -3026167.609653292223811 ], [ -232085.225671448832145, -3026170.0 ], [ -232080.0, -3026170.0 ], [ -232080.0, -3026172.880614628549665 ], [ -232072.278500673448434, -3026177.137036818545312 ], [ -232048.97643434323254, -3026178.240386582911015 ], [ -232017.398044240952004, -3026186.81305252853781 ], [ -231984.88026180214365, -3026187.25559489428997 ], [ -231954.929802634578664, -3026184.083539966959506 ], [ -231918.643518131983001, -3026180.713279826566577 ], [ -231884.348442283051554, -3026174.456089883111417 ], [ -231849.57951326170587, -3026174.386241894681007 ], [ -231815.126605694124009, -3026170.190783477388322 ], [ -231783.601778288779315, -3026175.339472935535014 ], [ -231758.363478596322238, -3026174.265135569497943 ], [ -231711.866768275795039, -3026171.26436323300004 ], [ -231681.020504356158199, -3026159.683068026322871 ], [ -231646.594052794447634, -3026145.91520681604743 ], [ -231621.159130680869566, -3026120.796462638769299 ], [ -231596.028817987738876, -3026114.518153826706111 ], [ -231576.551270784111694, -3026112.728004246484488 ], [ -231563.992764865542995, -3026097.285695294383913 ], [ -231536.231757008237764, -3026076.445236501749605 ], [ -231501.310647712700302, -3026051.231371136847883 ], [ -231469.403384533943608, -3026030.707631957251579 ], [ -231435.668230818235315, -3026020.985450594685972 ], [ -231389.874931148631731, -3026002.343042578082532 ], [ -231341.760855508269742, -3025978.136413493659347 ], [ -231303.885851840866962, -3025958.887506582308561 ], [ -231270.728370870987419, -3025931.896271590609103 ], [ -231244.226531206484651, -3025912.597588054370135 ], [ -231230.0, -3025900.695113768801093 ], [ -231230.0, -3025890.0 ], [ -231221.300801429752028, -3025890.0 ], [ -231220.0, -3025886.950132006779313 ], [ -231220.0, -3025880.0 ], [ -231220.0, -3025850.0 ], [ -231210.0, -3025850.0 ], [ -231210.0, -3025840.0 ], [ -231200.318576385063352, -3025840.0 ], [ -231203.689720402588136, -3025833.679817932192236 ], [ -231206.038305794791086, -3025830.0 ], [ -231210.0, -3025830.0 ], [ -231210.0, -3025810.0 ], [ -231207.108743330318248, -3025810.0 ], [ -231206.721315116912592, -3025808.843672418966889 ], [ -231200.0, -3025804.279055388178676 ], [ -231200.0, -3025800.0 ], [ -231190.0, -3025800.0 ], [ -231190.0, -3025800.657904574647546 ], [ -231175.002306998794666, -3025795.684286712203175 ], [ -231156.979294555581873, -3025783.118676282465458 ], [ -231140.277430434856797, -3025767.991644234862179 ], [ -231115.216732257540571, -3025757.603720183484256 ], [ -231100.206718482048018, -3025749.728502170648426 ], [ -231092.110071952251019, -3025738.044687289744616 ], [ -231077.732946176431142, -3025723.559987413696945 ], [ -231063.349198057840113, -3025718.917382542975247 ], [ -231042.425695673649898, -3025722.975656282156706 ], [ -231037.58396068617003, -3025729.086345350835472 ], [ -231036.131494682806078, -3025739.859144291840494 ], [ -231034.1775790246611, -3025749.029933370649815 ], [ -231033.129419853357831, -3025750.0 ], [ -231030.0, -3025750.0 ], [ -231030.0, -3025752.89626409066841 ], [ -231023.55322146799881, -3025758.862728814594448 ], [ -231021.652382045402192, -3025760.0 ], [ -231020.0, -3025760.0 ], [ -231010.0, -3025760.0 ], [ -231010.0, -3025766.971613795496523 ], [ -231004.93834367900854, -3025770.0 ], [ -231001.379550232697511, -3025770.0 ], [ -230984.154170308698667, -3025769.252007398754358 ], [ -230981.144443314376986, -3025770.0 ], [ -230980.0, -3025770.0 ], [ -230980.0, -3025770.284422850701958 ], [ -230960.33892702931189, -3025775.170692317187786 ], [ -230933.317516804119805, -3025783.794278230983764 ], [ -230908.367509776115185, -3025794.719958452507854 ], [ -230896.741102090716595, -3025800.0 ], [ -230890.0, -3025800.0 ], [ -230890.0, -3025803.061418460216373 ], [ -230880.148982560815057, -3025807.535180500242859 ], [ -230855.948894939821912, -3025823.324133899062872 ], [ -230835.608442973461933, -3025840.0 ], [ -230830.0, -3025840.0 ], [ -230830.0, -3025843.564379531890154 ], [ -230812.642895162251079, -3025847.131420515943319 ], [ -230791.341343341948232, -3025851.216623711865395 ], [ -230780.144656672899146, -3025868.473525557667017 ], [ -230763.992498390056426, -3025875.446333289146423 ], [ -230737.471016290772241, -3025885.67028307588771 ], [ -230730.675592941435752, -3025890.0 ], [ -230730.0, -3025890.0 ], [ -230730.0, -3025890.430455328896642 ], [ -230703.840843906655209, -3025907.097811435349286 ], [ -230672.658601067174459, -3025930.798861601389945 ], [ -230665.02743892496801, -3025940.0 ], [ -230660.0, -3025940.0 ], [ -230660.0, -3025946.061745311599225 ], [ -230656.733723721874412, -3025950.0 ], [ -230650.0, -3025950.0 ], [ -230650.0, -3025958.119067941326648 ], [ -230648.697022265085252, -3025959.69011023407802 ], [ -230648.313461328914855, -3025960.0 ], [ -230640.0, -3025960.0 ], [ -230630.0, -3025960.0 ], [ -230630.0, -3025970.0 ], [ -230620.0, -3025970.0 ], [ -230620.0, -3025980.0 ], [ -230610.0, -3025980.0 ], [ -230610.0, -3025990.0 ], [ -230600.0, -3025990.0 ], [ -230600.0, -3025999.780776962637901 ], [ -230599.743316347448854, -3026000.0 ], [ -230590.0, -3026000.0 ], [ -230590.0, -3026008.321369060315192 ], [ -230588.778609061613679, -3026009.364509239792824 ], [ -230587.91459665709408, -3026010.0 ], [ -230570.0, -3026010.0 ], [ -230570.0, -3026020.0 ], [ -230560.0, -3026020.0 ], [ -230560.0, -3026030.0 ], [ -230550.0, -3026030.0 ], [ -230550.0, -3026037.87420344306156 ], [ -230547.097371292678872, -3026040.0 ], [ -230530.0, -3026040.0 ], [ -230530.0, -3026050.0 ], [ -230520.0, -3026050.0 ], [ -230520.0, -3026059.624109176918864 ], [ -230519.422156140732113, -3026060.0 ], [ -230510.0, -3026060.0 ], [ -230510.0, -3026066.129167892504483 ], [ -230504.049504737195093, -3026070.0 ], [ -230500.0, -3026070.0 ], [ -230500.0, -3026072.634226608555764 ], [ -230492.714041234750766, -3026077.37378556560725 ], [ -230483.977701341238571, -3026080.0 ], [ -230480.0, -3026080.0 ], [ -230470.0, -3026080.0 ], [ -230470.0, -3026084.201810079626739 ], [ -230467.134847007022472, -3026085.063098243437707 ], [ -230433.62474695610581, -3026108.118509936146438 ], [ -230398.357785112806596, -3026128.02685300912708 ], [ -230370.120410104893381, -3026155.60102410428226 ], [ -230332.022503565793158, -3026178.184427302330732 ], [ -230295.182442854478722, -3026210.0 ], [ -230290.0, -3026210.0 ], [ -230290.0, -3026214.475627460982651 ], [ -230289.323411591292825, -3026215.059938325081021 ], [ -230282.70608963270206, -3026220.0 ], [ -230280.0, -3026220.0 ], [ -230280.0, -3026222.020190307870507 ], [ -230269.310868289263453, -3026230.0 ], [ -230260.0, -3026230.0 ], [ -230260.0, -3026237.643436677753925 ], [ -230238.373663688427769, -3026260.0 ], [ -230230.0, -3026260.0 ], [ -230230.0, -3026268.656405772548169 ], [ -230229.012292711500777, -3026269.677463626489043 ], [ -230228.594024055317277, -3026270.0 ], [ -230220.0, -3026270.0 ], [ -230220.0, -3026276.62704534875229 ], [ -230215.625915942568099, -3026280.0 ], [ -230210.0, -3026280.0 ], [ -230210.0, -3026284.338270389009267 ], [ -230208.952666906552622, -3026285.145892506465316 ], [ -230200.507235334604047, -3026300.0 ], [ -230200.0, -3026300.0 ], [ -230200.0, -3026300.892142470460385 ], [ -230191.894417353731114, -3026315.148512307554483 ], [ -230179.688374299294082, -3026330.0 ], [ -230170.0, -3026330.0 ], [ -230170.0, -3026340.0 ], [ -230160.0, -3026340.0 ], [ -230160.0, -3026350.0 ], [ -230130.0, -3026350.0 ], [ -230130.0, -3026360.0 ], [ -230110.0, -3026360.0 ], [ -230110.0, -3026370.0 ], [ -230100.0, -3026370.0 ], [ -230100.0, -3026400.0 ], [ -230100.0, -3026410.0 ], [ -230090.0, -3026410.0 ], [ -230090.0, -3026420.0 ], [ -230070.0, -3026420.0 ], [ -230070.0, -3026430.0 ], [ -230060.0, -3026430.0 ], [ -230050.0, -3026430.0 ], [ -230050.0, -3026440.0 ], [ -230040.0, -3026440.0 ], [ -230040.0, -3026450.0 ], [ -230040.0, -3026460.0 ], [ -230050.0, -3026460.0 ], [ -230050.0, -3026470.0 ], [ -230040.0, -3026470.0 ], [ -230040.0, -3026480.0 ], [ -230040.0, -3026483.13787440257147 ], [ -230039.71835656647454, -3026483.366713034454733 ], [ -230033.59918759248103, -3026490.0 ], [ -230020.0, -3026490.0 ], [ -230020.0, -3026500.0 ], [ -230010.0, -3026500.0 ], [ -230010.0, -3026510.0 ], [ -230010.0, -3026512.761966460384429 ], [ -230003.453241678827908, -3026517.843543575610965 ], [ -229983.747980081825517, -3026533.79578443383798 ], [ -229972.230150173680158, -3026541.531349677126855 ], [ -229961.957977448531892, -3026550.0 ], [ -229960.0, -3026550.0 ], [ -229960.0, -3026551.614208288490772 ], [ -229958.607042069488671, -3026552.76259957253933 ], [ -229950.012360250781057, -3026560.0 ], [ -229950.0, -3026560.0 ], [ -229950.0, -3026560.010408306494355 ], [ -229941.984205995860975, -3026566.760339505504817 ], [ -229937.049905346211744, -3026570.0 ], [ -229930.0, -3026570.0 ], [ -229930.0, -3026574.628680224530399 ], [ -229922.76009794845595, -3026579.382104534655809 ], [ -229907.031864000367932, -3026594.109164863359183 ], [ -229900.534520627872553, -3026600.0 ], [ -229900.0, -3026600.0 ], [ -229880.0, -3026600.0 ], [ -229880.0, -3026610.0 ], [ -229870.0, -3026610.0 ], [ -229870.0, -3026620.0 ], [ -229850.0, -3026620.0 ], [ -229850.0, -3026630.0 ], [ -229830.0, -3026630.0 ], [ -229830.0, -3026640.0 ], [ -229820.0, -3026640.0 ], [ -229820.0, -3026650.0 ], [ -229800.0, -3026650.0 ], [ -229800.0, -3026660.0 ], [ -229780.0, -3026660.0 ], [ -229780.0, -3026670.0 ], [ -229760.0, -3026670.0 ], [ -229760.0, -3026680.0 ], [ -229750.0, -3026680.0 ], [ -229750.0, -3026686.227914773393422 ], [ -229742.751446624024538, -3026688.767502851784229 ], [ -229724.407284763641655, -3026693.916383480653167 ], [ -229700.544645645393757, -3026701.267714132089168 ], [ -229680.824574511178071, -3026709.017640270292759 ], [ -229666.540097600867739, -3026713.753203093074262 ], [ -229650.30102056931355, -3026715.40622988389805 ], [ -229633.580677276098868, -3026720.389748765621334 ], [ -229611.342045712925028, -3026727.575724474154413 ], [ -229595.268363942916039, -3026730.852601534686983 ], [ -229576.029484322847566, -3026735.272072808351368 ], [ -229559.226453211012995, -3026739.443570664152503 ], [ -229543.964737550733844, -3026742.637771593406796 ], [ -229522.455281913746148, -3026748.929045984055847 ], [ -229504.675032184430165, -3026751.559303220361471 ], [ -229485.436218362796353, -3026755.97862936090678 ], [ -229472.128851677727653, -3026762.255332017317414 ], [ -229458.009693197382148, -3026768.614697436802089 ], [ -229441.123957770614652, -3026771.974150202702731 ], [ -229422.366489328094758, -3026773.063041713554412 ], [ -229405.962123932637041, -3026773.092074564192444 ], [ -229387.768687454808969, -3026771.662429636809975 ], [ -229370.71762884609052, -3026773.397965427488089 ], [ -229352.538690482644597, -3026780.170434448402375 ], [ -229332.405160658323439, -3026783.860428624786437 ], [ -229316.166174838639563, -3026785.513297931291163 ], [ -229308.775919911277015, -3026785.445136198308319 ], [ -229293.912866427155677, -3026784.496824564412236 ], [ -229278.56841332098702, -3026786.87890863744542 ], [ -229260.870828750106739, -3026790.320924045983702 ], [ -229263.39185927901417, -3026813.793266372289509 ], [ -229265.790149262873456, -3026830.640052759554237 ], [ -229267.293230579147348, -3026838.69073024019599 ], [ -229267.05922821679269, -3026840.0 ], [ -229260.0, -3026840.0 ], [ -229260.0, -3026860.0 ], [ -229260.0, -3026870.0 ], [ -229250.0, -3026870.0 ], [ -229250.0, -3026880.0 ], [ -229250.0, -3026900.0 ], [ -229240.0, -3026900.0 ], [ -229240.0, -3026910.0 ], [ -229240.0, -3026918.582586761564016 ], [ -229239.890434131491929, -3026918.730861040297896 ], [ -229237.888772026199149, -3026920.0 ], [ -229230.0, -3026920.0 ], [ -229230.0, -3026925.001817187760025 ], [ -229229.615370600717142, -3026925.245688595809042 ], [ -229219.879128663189476, -3026930.338447870220989 ], [ -229209.672783967573196, -3026937.52997615095228 ], [ -229200.280824846064206, -3026946.00589252775535 ], [ -229191.565572034829529, -3026954.412978937383741 ], [ -229186.153700950409984, -3026960.0 ], [ -229180.0, -3026960.0 ], [ -229170.0, -3026960.0 ], [ -229170.0, -3026970.0 ], [ -229160.0, -3026970.0 ], [ -229160.0, -3026980.0 ], [ -229150.0, -3026980.0 ], [ -229150.0, -3026990.0 ], [ -229130.0, -3026990.0 ], [ -229130.0, -3027000.0 ], [ -229140.0, -3027000.0 ], [ -229140.0, -3027010.0 ], [ -229130.0, -3027010.0 ], [ -229130.0, -3027040.0 ], [ -229120.0, -3027040.0 ], [ -229120.0, -3027050.0 ], [ -229110.0, -3027050.0 ], [ -229110.0, -3027060.0 ], [ -229100.0, -3027060.0 ], [ -229100.0, -3027070.0 ], [ -229090.0, -3027070.0 ], [ -229080.0, -3027070.0 ], [ -229080.0, -3027080.0 ], [ -229050.0, -3027080.0 ], [ -229050.0, -3027090.0 ], [ -229030.0, -3027090.0 ], [ -229030.0, -3027100.0 ], [ -229020.0, -3027100.0 ], [ -229020.0, -3027110.0 ], [ -229010.0, -3027110.0 ], [ -229010.0, -3027120.0 ], [ -229000.0, -3027120.0 ], [ -229000.0, -3027130.0 ], [ -229000.0, -3027160.0 ], [ -228990.0, -3027160.0 ], [ -228990.0, -3027170.0 ], [ -228990.0, -3027180.0 ], [ -228990.0, -3027190.0 ], [ -228980.0, -3027190.0 ], [ -228980.0, -3027220.0 ], [ -228970.0, -3027220.0 ], [ -228970.0, -3027230.0 ], [ -228960.0, -3027230.0 ], [ -228960.0, -3027240.0 ], [ -228940.0, -3027240.0 ], [ -228940.0, -3027250.0 ], [ -228890.0, -3027250.0 ], [ -228890.0, -3027240.0 ], [ -228860.0, -3027240.0 ], [ -228860.0, -3027250.0 ], [ -228820.0, -3027250.0 ], [ -228820.0, -3027260.0 ], [ -228790.0, -3027260.0 ], [ -228790.0, -3027262.279792408458889 ], [ -228779.893070953112328, -3027262.244761972688138 ], [ -228766.360305400099605, -3027263.62179448781535 ], [ -228752.288672770868288, -3027266.421006619464606 ], [ -228739.570278810395394, -3027269.082549167796969 ], [ -228736.802451070776442, -3027270.0 ], [ -228730.0, -3027270.0 ], [ -228720.0, -3027270.0 ], [ -228720.0, -3027271.874837628565729 ], [ -228713.181345389020862, -3027271.767741111572832 ], [ -228707.768249825952807, -3027272.318585473112762 ], [ -228699.109696153900586, -3027274.566929670516402 ], [ -228694.109677001339151, -3027279.17761605931446 ], [ -228692.283622306509642, -3027280.0 ], [ -228690.0, -3027280.0 ], [ -228680.0, -3027280.0 ], [ -228680.0, -3027270.0 ], [ -228661.638006793014938, -3027270.0 ], [ -228655.712257212551776, -3027264.626351040787995 ], [ -228650.0, -3027261.185961972456425 ], [ -228650.0, -3027260.0 ], [ -228648.030885549436789, -3027260.0 ], [ -228638.233650795737049, -3027254.099302938673645 ], [ -228624.012378974846797, -3027248.70992406597361 ], [ -228620.0, -3027246.986536372452974 ], [ -228620.0, -3027220.0 ], [ -228610.0, -3027220.0 ], [ -228610.0, -3027210.0 ], [ -228610.0, -3027199.027107301168144 ], [ -228615.25888806313742, -3027196.276501512620598 ], [ -228619.306766363995848, -3027189.028272977098823 ], [ -228615.980634479201399, -3027183.213878598995507 ], [ -228610.0, -3027181.87435495108366 ], [ -228610.0, -3027180.0 ], [ -228600.0, -3027180.0 ], [ -228590.0, -3027180.0 ], [ -228590.0, -3027170.0 ], [ -228580.0, -3027170.0 ], [ -228570.0, -3027170.0 ], [ -228560.0, -3027170.0 ], [ -228560.0, -3027160.0 ], [ -228540.0, -3027160.0 ], [ -228540.0, -3027150.0 ], [ -228530.0, -3027150.0 ], [ -228530.0, -3027140.0 ], [ -228500.0, -3027140.0 ], [ -228500.0, -3027150.0 ], [ -228481.585689194849692, -3027150.0 ], [ -228481.854974895803025, -3027148.322840644977987 ], [ -228482.049730835773516, -3027143.517557604238391 ], [ -228480.0, -3027140.580801735632122 ], [ -228480.0, -3027140.0 ], [ -228479.594625062309206, -3027140.0 ], [ -228474.825701599416789, -3027133.167315570637584 ], [ -228470.0, -3027131.025293511804193 ], [ -228470.0, -3027130.0 ], [ -228467.690144917723956, -3027130.0 ], [ -228466.806715911137871, -3027129.607865430414677 ], [ -228458.521879816951696, -3027128.810132679995149 ], [ -228446.768945813906612, -3027126.177556455601007 ], [ -228440.0, -3027124.237713036127388 ], [ -228440.0, -3027120.0 ], [ -228430.738830123125808, -3027120.0 ], [ -228427.914445315866033, -3027118.251566496212035 ], [ -228420.0, -3027112.688251801300794 ], [ -228420.0, -3027110.0 ], [ -228413.693803041882347, -3027110.0 ], [ -228411.114964072243311, -3027109.02271200530231 ], [ -228410.0, -3027108.047824733424932 ], [ -228410.0, -3027100.0 ], [ -228400.445071743160952, -3027100.0 ], [ -228400.0, -3027099.671094563324004 ], [ -228400.0, -3027090.0 ], [ -228390.0, -3027090.0 ], [ -228387.17395464706351, -3027090.0 ], [ -228383.73641947779106, -3027087.197380526456982 ], [ -228380.0, -3027085.538882269058377 ], [ -228380.0, -3027080.0 ], [ -228370.083329880406382, -3027080.0 ], [ -228369.863832502625883, -3027079.85827053617686 ], [ -228361.8449627449736, -3027076.298899832647294 ], [ -228352.853655813203659, -3027073.932236376218498 ], [ -228340.0, -3027074.166919301263988 ], [ -228340.0, -3027070.0 ], [ -228330.0, -3027070.0 ], [ -228310.0, -3027070.0 ], [ -228300.0, -3027070.0 ], [ -228300.0, -3027060.0 ], [ -228290.0, -3027060.0 ], [ -228280.0, -3027060.0 ], [ -228280.0, -3027050.0 ], [ -228270.0, -3027050.0 ], [ -228260.0, -3027050.0 ], [ -228260.0, -3027040.0 ], [ -228250.0, -3027040.0 ], [ -228250.0, -3027050.0 ], [ -228240.0, -3027050.0 ], [ -228230.0, -3027050.0 ], [ -228220.0, -3027050.0 ], [ -228220.0, -3027060.0 ], [ -228200.0, -3027060.0 ], [ -228190.0, -3027060.0 ], [ -228190.0, -3027070.0 ], [ -228180.0, -3027070.0 ], [ -228170.0, -3027070.0 ], [ -228170.0, -3027080.0 ], [ -228160.0, -3027080.0 ], [ -228160.0, -3027090.0 ], [ -228150.0, -3027090.0 ], [ -228150.0, -3027100.0 ], [ -228140.0, -3027100.0 ], [ -228130.0, -3027100.0 ], [ -228130.0, -3027110.0 ], [ -228120.0, -3027110.0 ], [ -228120.0, -3027120.0 ], [ -228110.0, -3027120.0 ], [ -228100.0, -3027120.0 ], [ -228090.0, -3027120.0 ], [ -228090.0, -3027130.0 ], [ -228080.0, -3027130.0 ], [ -228080.0, -3027150.0 ], [ -228070.0, -3027150.0 ], [ -228060.0, -3027150.0 ], [ -228060.0, -3027130.0 ], [ -228050.0, -3027130.0 ], [ -228050.0, -3027120.0 ], [ -228030.0, -3027120.0 ], [ -228030.0, -3027110.0 ], [ -228020.0, -3027110.0 ], [ -228020.0, -3027100.0 ], [ -228000.0, -3027100.0 ], [ -228000.0, -3027110.0 ], [ -227980.0, -3027110.0 ], [ -227980.0, -3027120.0 ], [ -227970.0, -3027120.0 ], [ -227970.0, -3027130.0 ], [ -227960.0, -3027130.0 ], [ -227960.0, -3027140.0 ], [ -227950.0, -3027140.0 ], [ -227950.0, -3027150.0 ], [ -227940.0, -3027150.0 ], [ -227930.0, -3027150.0 ], [ -227930.0, -3027160.0 ], [ -227920.0, -3027160.0 ], [ -227880.0, -3027160.0 ], [ -227880.0, -3027170.0 ], [ -227870.0, -3027170.0 ], [ -227870.0, -3027190.0 ], [ -227860.0, -3027190.0 ], [ -227860.0, -3027210.0 ], [ -227870.0, -3027210.0 ], [ -227870.0, -3027220.0 ], [ -227870.0, -3027230.0 ], [ -227860.0, -3027230.0 ], [ -227850.0, -3027230.0 ], [ -227850.0, -3027220.0 ], [ -227840.0, -3027220.0 ], [ -227840.0, -3027210.0 ], [ -227830.0, -3027210.0 ], [ -227830.0, -3027200.0 ], [ -227800.0, -3027200.0 ], [ -227800.0, -3027210.0 ], [ -227790.0, -3027210.0 ], [ -227790.0, -3027230.0 ], [ -227780.0, -3027230.0 ], [ -227780.0, -3027240.0 ], [ -227770.0, -3027240.0 ], [ -227770.0, -3027250.0 ], [ -227760.0, -3027250.0 ], [ -227760.0, -3027270.0 ], [ -227780.0, -3027270.0 ], [ -227780.0, -3027290.0 ], [ -227770.0, -3027290.0 ], [ -227770.0, -3027300.0 ], [ -227760.0, -3027300.0 ], [ -227760.0, -3027310.0 ], [ -227740.0, -3027310.0 ], [ -227740.0, -3027320.0 ], [ -227730.0, -3027320.0 ], [ -227730.0, -3027340.0 ], [ -227740.0, -3027340.0 ], [ -227740.0, -3027400.0 ], [ -227750.0, -3027400.0 ], [ -227750.0, -3027480.0 ], [ -227740.0, -3027480.0 ], [ -227740.0, -3027500.0 ], [ -227750.0, -3027500.0 ], [ -227750.0, -3027570.0 ], [ -227760.0, -3027570.0 ], [ -227760.0, -3027600.0 ], [ -227770.0, -3027600.0 ], [ -227770.0, -3027620.0 ], [ -227780.0, -3027620.0 ], [ -227780.0, -3027640.0 ], [ -227790.0, -3027640.0 ], [ -227790.0, -3027650.0 ], [ -227790.0, -3027670.0 ], [ -227780.0, -3027670.0 ], [ -227780.0, -3027710.0 ], [ -227770.0, -3027710.0 ], [ -227770.0, -3027770.0 ], [ -227780.0, -3027770.0 ], [ -227780.0, -3027860.0 ], [ -227790.0, -3027860.0 ], [ -227790.0, -3027890.0 ], [ -227810.0, -3027890.0 ], [ -227810.0, -3027900.0 ], [ -227830.0, -3027900.0 ], [ -227830.0, -3027930.0 ], [ -227840.0, -3027930.0 ], [ -227840.0, -3027970.0 ], [ -227850.0, -3027970.0 ], [ -227850.0, -3027990.0 ], [ -227860.0, -3027990.0 ], [ -227860.0, -3028000.0 ], [ -227870.0, -3028000.0 ], [ -227870.0, -3028010.0 ], [ -227890.0, -3028010.0 ], [ -227890.0, -3028020.0 ], [ -227900.0, -3028020.0 ], [ -227910.0, -3028020.0 ], [ -227920.0, -3028020.0 ], [ -227930.0, -3028020.0 ], [ -227930.0, -3028030.0 ], [ -227940.0, -3028030.0 ], [ -227940.0, -3028040.0 ], [ -227940.0, -3028050.0 ], [ -227960.0, -3028050.0 ], [ -227970.0, -3028050.0 ], [ -227970.0, -3028040.0 ], [ -227980.0, -3028040.0 ], [ -227980.0, -3028050.0 ], [ -227990.0, -3028050.0 ], [ -228010.0, -3028050.0 ], [ -228029.784571514144773, -3028050.0 ], [ -228027.607907331053866, -3028055.743257650639862 ], [ -228030.0, -3028059.032429731450975 ], [ -228030.0, -3028060.0 ], [ -228030.703677913028514, -3028060.0 ], [ -228035.145589540858055, -3028066.10771142039448 ], [ -228040.0, -3028068.675982926040888 ], [ -228040.0, -3028070.0 ], [ -228042.50258678526734, -3028070.0 ], [ -228045.550256010261364, -3028071.612398064695299 ], [ -228050.0, -3028072.396750120446086 ], [ -228050.0, -3028080.0 ], [ -228060.0, -3028080.0 ], [ -228070.0, -3028080.0 ], [ -228070.0, -3028090.0 ], [ -228090.0, -3028090.0 ], [ -228090.0, -3028081.218836374115199 ], [ -228091.69652896001935, -3028081.685087379999459 ], [ -228105.500372151960619, -3028080.280811875592917 ], [ -228106.944584322161973, -3028080.0 ], [ -228130.0, -3028080.0 ], [ -228130.0, -3028073.929821862373501 ], [ -228135.777687142108334, -3028071.457960104569793 ], [ -228137.466684669750975, -3028070.0 ], [ -228160.0, -3028070.0 ], [ -228170.0, -3028070.0 ], [ -228170.0, -3028060.0 ], [ -228180.0, -3028060.0 ], [ -228180.0, -3028050.0 ], [ -228190.0, -3028050.0 ], [ -228210.0, -3028050.0 ], [ -228210.0, -3028045.933028308209032 ], [ -228211.099384918896249, -3028045.746628536377102 ], [ -228227.820712171815103, -3028040.76383353350684 ], [ -228229.24590919885668, -3028040.0 ], [ -228230.0, -3028040.0 ], [ -228240.0, -3028040.0 ], [ -228240.0, -3028034.23635117104277 ], [ -228241.046181930345483, -3028033.675650562159717 ], [ -228247.835984589211876, -3028030.0 ], [ -228250.0, -3028030.0 ], [ -228260.0, -3028030.0 ], [ -228260.0, -3028021.844523644540459 ], [ -228262.618007551180199, -3028020.0 ], [ -228270.0, -3028020.0 ], [ -228270.0, -3028016.137687500100583 ], [ -228278.204238211590564, -3028011.846663466654718 ], [ -228282.459545814228477, -3028010.0 ], [ -228290.0, -3028010.0 ], [ -228290.0, -3028006.727691023144871 ], [ -228295.489757492643548, -3028004.345316927414387 ], [ -228308.599564156786073, -3028000.0 ], [ -228310.0, -3028000.0 ], [ -228320.0, -3028000.0 ], [ -228330.0, -3028000.0 ], [ -228330.0, -3027992.71392427245155 ], [ -228336.693832350429147, -3027990.0 ], [ -228340.0, -3027990.0 ], [ -228350.0, -3027990.0 ], [ -228360.0, -3027990.0 ], [ -228360.0, -3027980.654304665513337 ], [ -228360.337855080113513, -3027980.519481477793306 ], [ -228375.91672251210548, -3027972.371339732315391 ], [ -228381.337247526622377, -3027970.0 ], [ -228390.0, -3027970.0 ], [ -228390.0, -3027966.210269470699131 ], [ -228397.908787361549912, -3027962.750379210337996 ], [ -228414.065883991948795, -3027960.286038842983544 ], [ -228415.218305620277533, -3027960.0 ], [ -228450.0, -3027960.0 ], [ -228450.0, -3027951.08872647723183 ], [ -228453.842988609831082, -3027950.0 ], [ -228470.0, -3027950.0 ], [ -228480.0, -3027950.0 ], [ -228490.0, -3027950.0 ], [ -228500.0, -3027950.0 ], [ -228510.0, -3027950.0 ], [ -228530.0, -3027950.0 ], [ -228540.0, -3027950.0 ], [ -228550.0, -3027950.0 ], [ -228550.0, -3027940.0 ], [ -228560.0, -3027940.0 ], [ -228570.0, -3027940.0 ], [ -228580.0, -3027940.0 ], [ -228600.0, -3027940.0 ], [ -228600.0, -3027930.0 ], [ -228630.0, -3027930.0 ], [ -228640.0, -3027930.0 ], [ -228640.0, -3027920.0 ], [ -228640.0, -3027912.565201000776142 ], [ -228644.298577717796434, -3027910.0 ], [ -228650.0, -3027910.0 ], [ -228650.0, -3027906.597643429413438 ], [ -228661.055852164659882, -3027900.0 ], [ -228670.0, -3027900.0 ], [ -228680.0, -3027900.0 ], [ -228680.0, -3027890.0 ], [ -228690.0, -3027890.0 ], [ -228700.0, -3027890.0 ], [ -228710.0, -3027890.0 ], [ -228710.0, -3027880.0 ], [ -228720.0, -3027880.0 ], [ -228730.0, -3027880.0 ], [ -228730.0, -3027870.0 ], [ -228730.0, -3027861.915458905044943 ], [ -228732.749346974713262, -3027860.0 ], [ -228740.0, -3027860.0 ], [ -228740.0, -3027854.30213520815596 ], [ -228745.036227069416782, -3027850.0 ], [ -228750.0, -3027850.0 ], [ -228760.0, -3027850.0 ], [ -228760.0, -3027840.0 ], [ -228790.0, -3027840.0 ], [ -228790.0, -3027850.0 ], [ -228800.0, -3027850.0 ], [ -228810.0, -3027850.0 ], [ -228820.0, -3027850.0 ], [ -228820.0, -3027840.0 ], [ -228830.0, -3027840.0 ], [ -228830.0, -3027850.0 ], [ -228840.0, -3027850.0 ], [ -228860.0, -3027850.0 ], [ -228860.0, -3027860.0 ], [ -228870.0, -3027860.0 ], [ -228880.0, -3027860.0 ], [ -228880.0, -3027870.0 ], [ -228890.0, -3027870.0 ], [ -228900.0, -3027870.0 ], [ -228900.0, -3027860.0 ], [ -228910.0, -3027860.0 ], [ -228920.0, -3027860.0 ], [ -228930.0, -3027860.0 ], [ -228940.0, -3027860.0 ], [ -228950.0, -3027860.0 ], [ -228950.0, -3027850.0 ], [ -228970.0, -3027850.0 ], [ -228980.0, -3027850.0 ], [ -229000.0, -3027850.0 ], [ -229010.0, -3027850.0 ], [ -229020.0, -3027850.0 ], [ -229020.0, -3027840.0 ], [ -229030.0, -3027840.0 ], [ -229040.0, -3027840.0 ], [ -229050.0, -3027840.0 ], [ -229060.0, -3027840.0 ], [ -229060.0, -3027830.0 ], [ -229080.0, -3027830.0 ], [ -229090.0, -3027830.0 ], [ -229090.0, -3027840.0 ], [ -229100.0, -3027840.0 ], [ -229110.0, -3027840.0 ], [ -229120.0, -3027840.0 ], [ -229120.0, -3027830.0 ], [ -229150.0, -3027830.0 ], [ -229150.0, -3027820.0 ], [ -229160.0, -3027820.0 ], [ -229160.0, -3027830.0 ], [ -229170.0, -3027830.0 ], [ -229180.0, -3027830.0 ], [ -229200.0, -3027830.0 ], [ -229200.0, -3027840.0 ], [ -229220.0, -3027840.0 ], [ -229220.0, -3027850.0 ], [ -229230.0, -3027850.0 ], [ -229230.0, -3027830.0 ], [ -229250.0, -3027830.0 ], [ -229260.0, -3027830.0 ], [ -229260.0, -3027840.0 ], [ -229270.0, -3027840.0 ], [ -229280.0, -3027840.0 ], [ -229280.0, -3027850.0 ], [ -229289.073810222063912, -3027850.0 ], [ -229289.355026864184765, -3027852.763022449333221 ], [ -229290.0, -3027855.912077874876559 ], [ -229290.0, -3027860.0 ], [ -229290.0, -3027870.0 ], [ -229295.494342539925128, -3027870.0 ], [ -229300.0, -3027874.085735168773681 ], [ -229300.0, -3027880.0 ], [ -229300.0, -3027890.0 ], [ -229300.0, -3027900.0 ], [ -229310.0, -3027900.0 ], [ -229320.0, -3027900.0 ], [ -229320.0, -3027910.0 ], [ -229320.0, -3027920.0 ], [ -229320.0, -3027930.0 ], [ -229330.0, -3027930.0 ], [ -229330.0, -3027940.0 ], [ -229320.0, -3027940.0 ], [ -229320.0, -3027950.0 ], [ -229330.0, -3027950.0 ], [ -229330.0, -3027960.0 ], [ -229330.0, -3027970.0 ], [ -229330.0, -3027990.0 ], [ -229340.0, -3027990.0 ], [ -229340.0, -3028000.0 ], [ -229360.0, -3028000.0 ], [ -229360.0, -3028010.0 ], [ -229370.0, -3028010.0 ], [ -229370.0, -3028020.0 ], [ -229380.0, -3028020.0 ], [ -229380.0, -3028030.0 ], [ -229390.0, -3028030.0 ], [ -229400.0, -3028030.0 ], [ -229400.0, -3028040.0 ], [ -229410.0, -3028040.0 ], [ -229410.0, -3028050.0 ], [ -229420.0, -3028050.0 ], [ -229420.0, -3028060.0 ], [ -229430.0, -3028060.0 ], [ -229440.0, -3028060.0 ], [ -229440.0, -3028070.0 ], [ -229450.0, -3028070.0 ], [ -229450.0, -3028080.0 ], [ -229460.0, -3028080.0 ], [ -229470.0, -3028080.0 ], [ -229470.0, -3028090.0 ], [ -229480.0, -3028090.0 ], [ -229490.0, -3028090.0 ], [ -229520.0, -3028090.0 ], [ -229530.0, -3028090.0 ], [ -229530.0, -3028080.0 ], [ -229530.0, -3028070.0 ], [ -229540.0, -3028070.0 ], [ -229550.0, -3028070.0 ], [ -229560.0, -3028070.0 ], [ -229570.0, -3028070.0 ], [ -229580.0, -3028070.0 ], [ -229580.0, -3028060.0 ], [ -229580.0, -3028050.0 ], [ -229590.0, -3028050.0 ], [ -229600.0, -3028050.0 ], [ -229610.0, -3028050.0 ], [ -229620.0, -3028050.0 ], [ -229630.0, -3028050.0 ], [ -229640.0, -3028050.0 ], [ -229640.0, -3028070.0 ], [ -229630.0, -3028070.0 ], [ -229620.0, -3028070.0 ], [ -229620.0, -3028080.0 ], [ -229610.0, -3028080.0 ], [ -229610.0, -3028090.0 ], [ -229600.0, -3028090.0 ], [ -229600.0, -3028100.0 ], [ -229590.0, -3028100.0 ], [ -229580.0, -3028100.0 ], [ -229580.0, -3028110.0 ], [ -229580.0, -3028120.0 ], [ -229600.0, -3028120.0 ], [ -229610.0, -3028120.0 ], [ -229610.0, -3028130.0 ], [ -229620.0, -3028130.0 ], [ -229620.0, -3028120.0 ], [ -229630.0, -3028120.0 ], [ -229630.0, -3028130.0 ], [ -229640.0, -3028130.0 ], [ -229640.0, -3028140.0 ], [ -229640.0, -3028150.0 ], [ -229630.0, -3028150.0 ], [ -229630.0, -3028170.0 ], [ -229640.0, -3028170.0 ], [ -229640.0, -3028160.0 ], [ -229660.0, -3028160.0 ], [ -229660.0, -3028150.0 ], [ -229670.0, -3028150.0 ], [ -229700.0, -3028150.0 ], [ -229710.0, -3028150.0 ], [ -229710.0, -3028160.0 ], [ -229740.0, -3028160.0 ], [ -229740.0, -3028140.0 ], [ -229750.0, -3028140.0 ], [ -229750.0, -3028130.0 ], [ -229760.0, -3028130.0 ], [ -229770.0, -3028130.0 ], [ -229770.0, -3028120.0 ], [ -229780.0, -3028120.0 ], [ -229790.0, -3028120.0 ], [ -229790.0, -3028130.0 ], [ -229830.0, -3028130.0 ], [ -229830.0, -3028120.0 ], [ -229840.0, -3028120.0 ], [ -229840.0, -3028110.0 ], [ -229830.0, -3028110.0 ], [ -229830.0, -3028100.0 ], [ -229810.0, -3028100.0 ], [ -229800.0, -3028100.0 ], [ -229800.0, -3028090.0 ], [ -229770.0, -3028090.0 ], [ -229760.0, -3028090.0 ], [ -229720.0, -3028090.0 ], [ -229720.0, -3028080.0 ], [ -229710.0, -3028080.0 ], [ -229700.0, -3028080.0 ], [ -229700.0, -3028070.0 ], [ -229690.0, -3028070.0 ], [ -229680.0, -3028070.0 ], [ -229680.0, -3028060.0 ], [ -229690.0, -3028060.0 ], [ -229700.0, -3028060.0 ], [ -229700.0, -3028050.0 ], [ -229710.0, -3028050.0 ], [ -229720.0, -3028050.0 ], [ -229730.0, -3028050.0 ], [ -229730.0, -3028040.0 ], [ -229740.0, -3028040.0 ], [ -229750.0, -3028040.0 ], [ -229760.0, -3028040.0 ], [ -229760.0, -3028030.0 ], [ -229780.0, -3028030.0 ], [ -229790.0, -3028030.0 ], [ -229790.0, -3028040.0 ], [ -229800.0, -3028040.0 ], [ -229810.0, -3028040.0 ], [ -229810.0, -3028050.0 ], [ -229810.0, -3028060.0 ], [ -229820.0, -3028060.0 ], [ -229830.0, -3028060.0 ], [ -229830.0, -3028070.0 ], [ -229840.0, -3028070.0 ], [ -229840.0, -3028080.0 ], [ -229870.0, -3028080.0 ], [ -229870.0, -3028070.0 ], [ -229850.0, -3028070.0 ], [ -229850.0, -3028060.0 ], [ -229860.0, -3028060.0 ], [ -229890.0, -3028060.0 ], [ -229890.0, -3028070.0 ], [ -229900.0, -3028070.0 ], [ -229910.0, -3028070.0 ], [ -229910.0, -3028060.0 ], [ -229910.0, -3028050.0 ], [ -229920.0, -3028050.0 ], [ -229920.0, -3028040.0 ], [ -230000.0, -3028040.0 ], [ -230000.0, -3028030.0 ], [ -230010.0, -3028030.0 ], [ -230010.0, -3028020.511008311994374 ], [ -230011.722278687782818, -3028020.0 ], [ -230040.0, -3028020.0 ], [ -230050.0, -3028020.0 ], [ -230050.0, -3028010.0 ], [ -230090.0, -3028010.0 ], [ -230090.0, -3028000.0 ], [ -230100.0, -3028000.0 ], [ -230110.0, -3028000.0 ], [ -230110.0, -3027990.0 ], [ -230120.0, -3027990.0 ], [ -230120.0, -3028000.0 ], [ -230130.0, -3028000.0 ], [ -230140.0, -3028000.0 ], [ -230140.0, -3028010.0 ], [ -230150.0, -3028010.0 ], [ -230160.0, -3028010.0 ], [ -230160.0, -3028020.0 ], [ -230170.0, -3028020.0 ], [ -230180.0, -3028020.0 ], [ -230200.0, -3028020.0 ], [ -230200.0, -3028011.851050403900445 ], [ -230201.609591625019675, -3028012.312229780014604 ], [ -230210.0, -3028012.971342909615487 ], [ -230210.0, -3028020.0 ], [ -230220.0, -3028020.0 ], [ -230230.0, -3028020.0 ], [ -230240.0, -3028020.0 ], [ -230250.0, -3028020.0 ], [ -230290.0, -3028020.0 ], [ -230290.0, -3028030.0 ], [ -230300.0, -3028030.0 ], [ -230300.0, -3028020.0 ], [ -230310.0, -3028020.0 ], [ -230320.0, -3028020.0 ], [ -230320.0, -3028030.0 ], [ -230330.0, -3028030.0 ], [ -230330.0, -3028040.0 ], [ -230330.0, -3028050.0 ], [ -230340.0, -3028050.0 ], [ -230340.0, -3028060.0 ], [ -230350.0, -3028060.0 ], [ -230360.0, -3028060.0 ], [ -230360.0, -3028050.0 ], [ -230380.0, -3028050.0 ], [ -230390.0, -3028050.0 ], [ -230390.0, -3028040.0 ], [ -230410.0, -3028040.0 ], [ -230410.0, -3028030.0 ], [ -230420.0, -3028030.0 ], [ -230420.0, -3028020.0 ], [ -230430.0, -3028020.0 ], [ -230440.0, -3028020.0 ], [ -230440.0, -3028010.0 ], [ -230450.0, -3028010.0 ], [ -230460.0, -3028010.0 ], [ -230470.0, -3028010.0 ], [ -230480.0, -3028010.0 ], [ -230490.0, -3028010.0 ], [ -230490.0, -3028000.0 ], [ -230490.0, -3027990.0 ], [ -230500.0, -3027990.0 ], [ -230500.0, -3027980.0 ], [ -230500.0, -3027975.726414245553315 ], [ -230501.948072245635558, -3027972.708909582346678 ], [ -230503.966986557497876, -3027970.0 ], [ -230510.0, -3027970.0 ], [ -230510.0, -3027961.952154838945717 ], [ -230512.116738956799963, -3027960.0 ], [ -230520.0, -3027960.0 ], [ -230520.0, -3027952.729691045824438 ], [ -230522.959828422084684, -3027950.0 ], [ -230530.0, -3027950.0 ], [ -230540.0, -3027950.0 ], [ -230540.0, -3027940.0 ], [ -230550.0, -3027940.0 ], [ -230560.0, -3027940.0 ], [ -230560.0, -3027930.0 ], [ -230560.0, -3027914.995608430821449 ], [ -230561.367676203284645, -3027911.691553756594658 ], [ -230561.553858063096413, -3027910.0 ], [ -230570.0, -3027910.0 ], [ -230570.0, -3027890.0 ], [ -230580.0, -3027890.0 ], [ -230580.0, -3027880.943550700321794 ], [ -230581.596181167813484, -3027880.0 ], [ -230600.0, -3027880.0 ], [ -230610.0, -3027880.0 ], [ -230610.0, -3027870.0 ], [ -230620.0, -3027870.0 ], [ -230620.0, -3027860.0 ], [ -230630.0, -3027860.0 ], [ -230630.0, -3027850.0 ], [ -230650.0, -3027850.0 ], [ -230650.0, -3027840.0 ], [ -230670.0, -3027840.0 ], [ -230680.0, -3027840.0 ], [ -230690.0, -3027840.0 ], [ -230690.0, -3027830.0 ], [ -230710.0, -3027830.0 ], [ -230720.0, -3027830.0 ], [ -230720.0, -3027820.0 ], [ -230740.0, -3027820.0 ], [ -230740.0, -3027810.0 ], [ -230750.0, -3027810.0 ], [ -230750.0, -3027801.477717268746346 ], [ -230750.31438493099995, -3027801.38686054199934 ], [ -230753.226158091245452, -3027800.0 ], [ -230780.0, -3027800.0 ], [ -230780.0, -3027790.0 ], [ -230790.0, -3027790.0 ], [ -230800.0, -3027790.0 ], [ -230800.0, -3027780.0 ], [ -230820.0, -3027780.0 ], [ -230830.0, -3027780.0 ], [ -230830.0, -3027770.0 ], [ -230840.0, -3027770.0 ], [ -230840.0, -3027760.0 ], [ -230850.0, -3027760.0 ], [ -230860.0, -3027760.0 ], [ -230860.0, -3027750.0 ], [ -230870.0, -3027750.0 ], [ -230880.0, -3027750.0 ], [ -230880.0, -3027740.0 ], [ -230890.0, -3027740.0 ], [ -230900.0, -3027740.0 ], [ -230900.0, -3027750.0 ], [ -230910.0, -3027750.0 ], [ -230920.0, -3027750.0 ], [ -230920.0, -3027740.0 ], [ -230940.0, -3027740.0 ], [ -230950.0, -3027740.0 ], [ -230970.0, -3027740.0 ], [ -230980.0, -3027740.0 ], [ -230980.0, -3027730.0 ], [ -231010.0, -3027730.0 ], [ -231010.0, -3027720.0 ], [ -231020.0, -3027720.0 ], [ -231030.0, -3027720.0 ], [ -231030.0, -3027710.0 ], [ -231040.0, -3027710.0 ], [ -231040.0, -3027720.0 ], [ -231050.0, -3027720.0 ], [ -231050.0, -3027710.0 ], [ -231080.0, -3027710.0 ], [ -231080.0, -3027720.0 ], [ -231100.0, -3027720.0 ], [ -231100.0, -3027730.0 ], [ -231110.0, -3027730.0 ], [ -231120.0, -3027730.0 ], [ -231120.0, -3027720.0 ], [ -231130.0, -3027720.0 ], [ -231140.0, -3027720.0 ], [ -231140.0, -3027710.367142071481794 ], [ -231141.016911619226448, -3027710.0 ], [ -231200.0, -3027710.0 ], [ -231210.0, -3027710.0 ], [ -231210.0, -3027700.0 ], [ -231230.0, -3027700.0 ], [ -231230.0, -3027710.0 ], [ -231240.0, -3027710.0 ], [ -231250.0, -3027710.0 ], [ -231250.0, -3027730.0 ], [ -231270.0, -3027730.0 ], [ -231270.0, -3027720.0 ], [ -231280.0, -3027720.0 ], [ -231280.0, -3027730.0 ], [ -231290.0, -3027730.0 ], [ -231300.0, -3027730.0 ], [ -231310.0, -3027730.0 ], [ -231310.0, -3027740.0 ], [ -231320.0, -3027740.0 ], [ -231320.0, -3027750.0 ], [ -231330.0, -3027750.0 ], [ -231330.0, -3027740.0 ], [ -231370.0, -3027740.0 ], [ -231370.0, -3027750.0 ], [ -231400.0, -3027750.0 ], [ -231400.0, -3027740.0 ], [ -231410.0, -3027740.0 ], [ -231420.0, -3027740.0 ], [ -231420.0, -3027730.0 ], [ -231430.0, -3027730.0 ], [ -231430.0, -3027740.0 ], [ -231440.0, -3027740.0 ], [ -231440.0, -3027750.0 ], [ -231450.0, -3027750.0 ], [ -231460.0, -3027750.0 ], [ -231460.0, -3027760.0 ], [ -231480.0, -3027760.0 ], [ -231480.0, -3027770.0 ], [ -231500.0, -3027770.0 ], [ -231500.0, -3027750.0 ], [ -231510.0, -3027750.0 ], [ -231510.0, -3027760.0 ], [ -231530.0, -3027760.0 ], [ -231530.0, -3027750.0 ], [ -231540.0, -3027750.0 ], [ -231540.0, -3027760.0 ], [ -231550.0, -3027760.0 ], [ -231560.0, -3027760.0 ], [ -231560.0, -3027770.0 ], [ -231570.0, -3027770.0 ], [ -231570.0, -3027780.0 ], [ -231580.0, -3027780.0 ], [ -231590.0, -3027780.0 ], [ -231590.0, -3027790.0 ], [ -231600.0, -3027790.0 ], [ -231610.0, -3027790.0 ], [ -231620.0, -3027790.0 ], [ -231620.0, -3027800.0 ], [ -231630.0, -3027800.0 ], [ -231640.0, -3027800.0 ], [ -231640.0, -3027810.0 ], [ -231660.0, -3027810.0 ], [ -231660.0, -3027820.0 ], [ -231660.0, -3027830.0 ], [ -231670.0, -3027830.0 ], [ -231690.0, -3027830.0 ], [ -231690.0, -3027840.0 ], [ -231710.0, -3027840.0 ], [ -231710.0, -3027850.0 ], [ -231720.0, -3027850.0 ], [ -231730.0, -3027850.0 ], [ -231730.0, -3027870.0 ], [ -231750.0, -3027870.0 ], [ -231750.0, -3027880.0 ], [ -231770.0, -3027880.0 ], [ -231770.0, -3027870.0 ], [ -231810.0, -3027870.0 ], [ -231820.0, -3027870.0 ], [ -231820.0, -3027850.0 ], [ -231810.0, -3027850.0 ], [ -231810.0, -3027840.0 ], [ -231800.0, -3027840.0 ], [ -231800.0, -3027830.0 ], [ -231780.0, -3027830.0 ], [ -231780.0, -3027840.0 ], [ -231770.0, -3027840.0 ], [ -231760.0, -3027840.0 ], [ -231760.0, -3027850.0 ], [ -231750.0, -3027850.0 ], [ -231750.0, -3027840.0 ], [ -231740.0, -3027840.0 ], [ -231730.0, -3027840.0 ], [ -231730.0, -3027820.0 ], [ -231740.0, -3027820.0 ], [ -231740.0, -3027810.0 ], [ -231740.0, -3027790.0 ], [ -231730.0, -3027790.0 ], [ -231710.0, -3027790.0 ], [ -231710.0, -3027780.0 ], [ -231700.0, -3027780.0 ], [ -231700.0, -3027770.0 ], [ -231710.0, -3027770.0 ], [ -231730.0, -3027770.0 ], [ -231730.0, -3027780.0 ], [ -231740.0, -3027780.0 ], [ -231750.0, -3027780.0 ], [ -231760.0, -3027780.0 ], [ -231760.0, -3027790.0 ], [ -231770.0, -3027790.0 ], [ -231780.0, -3027790.0 ], [ -231790.0, -3027790.0 ], [ -231800.0, -3027790.0 ], [ -231800.0, -3027800.0 ], [ -231810.0, -3027800.0 ], [ -231820.0, -3027800.0 ], [ -231840.0, -3027800.0 ], [ -231840.0, -3027810.0 ], [ -231850.0, -3027810.0 ], [ -231850.0, -3027820.0 ], [ -231860.0, -3027820.0 ], [ -231860.0, -3027810.0 ], [ -231870.0, -3027810.0 ], [ -231870.0, -3027820.0 ], [ -231870.0, -3027850.0 ], [ -231890.0, -3027850.0 ], [ -231890.0, -3027820.0 ], [ -231910.0, -3027820.0 ], [ -231910.0, -3027830.0 ], [ -231920.0, -3027830.0 ], [ -231920.0, -3027840.0 ], [ -231930.0, -3027840.0 ], [ -231930.0, -3027850.0 ], [ -231940.0, -3027850.0 ], [ -231960.0, -3027850.0 ], [ -231960.0, -3027860.0 ], [ -231970.0, -3027860.0 ], [ -231970.0, -3027850.0 ], [ -231980.0, -3027850.0 ], [ -231990.0, -3027850.0 ], [ -231990.0, -3027860.0 ], [ -232000.0, -3027860.0 ], [ -232010.0, -3027860.0 ], [ -232020.0, -3027860.0 ], [ -232020.0, -3027870.0 ], [ -232030.0, -3027870.0 ], [ -232040.0, -3027870.0 ], [ -232040.0, -3027880.0 ], [ -232050.0, -3027880.0 ], [ -232060.0, -3027880.0 ], [ -232060.0, -3027890.0 ], [ -232070.0, -3027890.0 ], [ -232080.0, -3027890.133808662183583 ], [ -232080.0, -3027900.0 ], [ -232090.0, -3027900.0 ], [ -232090.0, -3027890.624570474494249 ], [ -232120.0, -3027892.137175516691059 ], [ -232120.0, -3027900.0 ], [ -232130.0, -3027900.0 ], [ -232140.0, -3027900.0 ], [ -232140.0, -3027910.0 ], [ -232150.0, -3027910.0 ], [ -232160.0, -3027910.0 ], [ -232170.0, -3027910.0 ], [ -232180.0, -3027910.0 ], [ -232190.0, -3027910.0 ], [ -232190.0, -3027900.0 ], [ -232200.0, -3027900.0 ], [ -232210.0, -3027900.0 ], [ -232210.0, -3027910.0 ], [ -232220.0, -3027910.0 ], [ -232230.0, -3027910.0 ], [ -232240.0, -3027910.0 ], [ -232240.0, -3027920.0 ], [ -232250.0, -3027920.0 ], [ -232270.0, -3027920.0 ], [ -232270.0, -3027930.0 ], [ -232280.0, -3027930.0 ], [ -232290.0, -3027930.0 ], [ -232300.0, -3027930.0 ], [ -232310.0, -3027930.0 ], [ -232330.0, -3027930.0 ], [ -232330.0, -3027940.0 ], [ -232350.0, -3027940.0 ], [ -232370.0, -3027940.0 ], [ -232390.0, -3027940.0 ], [ -232390.0, -3027930.0 ], [ -232400.0, -3027930.0 ], [ -232400.0, -3027920.0 ], [ -232410.0, -3027920.0 ], [ -232440.0, -3027920.0 ], [ -232450.0, -3027920.0 ], [ -232460.0, -3027920.0 ], [ -232460.0, -3027930.0 ], [ -232480.0, -3027930.0 ], [ -232480.0, -3027920.0 ], [ -232490.0, -3027920.0 ], [ -232490.0, -3027930.0 ], [ -232500.0, -3027930.0 ], [ -232500.0, -3027920.0 ], [ -232510.0, -3027920.0 ], [ -232520.0, -3027920.0 ], [ -232540.0, -3027920.0 ], [ -232550.0, -3027920.0 ], [ -232590.0, -3027920.0 ], [ -232600.0, -3027920.0 ], [ -232600.0, -3027910.0 ], [ -232600.0, -3027900.0 ], [ -232610.0, -3027900.0 ], [ -232620.0, -3027900.0 ], [ -232630.0, -3027900.0 ], [ -232630.0, -3027890.0 ], [ -232640.0, -3027890.0 ], [ -232650.0, -3027890.0 ], [ -232660.0, -3027890.0 ], [ -232670.0, -3027890.0 ], [ -232680.0, -3027890.0 ], [ -232690.0, -3027890.0 ], [ -232690.0, -3027880.0 ], [ -232770.0, -3027880.0 ], [ -232770.0, -3027890.0 ], [ -232780.0, -3027890.0 ], [ -232780.0, -3027880.0 ], [ -232790.0, -3027880.0 ], [ -232790.0, -3027870.0 ], [ -232800.0, -3027870.0 ], [ -232820.0, -3027870.0 ], [ -232830.0, -3027870.0 ], [ -232830.0, -3027860.0 ], [ -232850.0, -3027860.0 ], [ -232850.0, -3027850.0 ], [ -232860.0, -3027850.0 ], [ -232880.0, -3027850.0 ], [ -232880.0, -3027840.0 ], [ -232890.0, -3027840.0 ], [ -232910.0, -3027840.0 ], [ -232920.0, -3027840.0 ], [ -232920.0, -3027830.0 ], [ -232950.0, -3027830.0 ], [ -232950.0, -3027840.0 ], [ -232960.0, -3027840.0 ], [ -232960.0, -3027860.0 ], [ -232980.0, -3027860.0 ], [ -232980.0, -3027840.0 ], [ -232970.0, -3027840.0 ], [ -232970.0, -3027830.0 ], [ -232980.0, -3027830.0 ], [ -233020.0, -3027830.0 ], [ -233020.0, -3027820.0 ], [ -233020.0, -3027810.0 ], [ -233030.0, -3027810.0 ], [ -233030.0, -3027800.0 ], [ -233040.0, -3027800.0 ], [ -233050.0, -3027800.0 ], [ -233070.0, -3027800.0 ], [ -233070.0, -3027780.0 ], [ -233090.0, -3027780.0 ], [ -233100.0, -3027780.0 ], [ -233110.0, -3027780.0 ], [ -233110.0, -3027770.0 ], [ -233120.0, -3027770.0 ], [ -233120.0, -3027780.0 ], [ -233150.0, -3027780.0 ], [ -233160.0, -3027780.0 ], [ -233160.0, -3027770.0 ], [ -233170.0, -3027770.0 ], [ -233170.0, -3027780.0 ], [ -233180.0, -3027780.0 ], [ -233180.0, -3027760.0 ], [ -233190.0, -3027760.0 ], [ -233190.0, -3027750.0 ], [ -233200.0, -3027750.0 ], [ -233200.0, -3027780.0 ], [ -233210.0, -3027780.0 ], [ -233210.0, -3027800.0 ], [ -233230.0, -3027800.0 ], [ -233230.0, -3027790.0 ], [ -233240.0, -3027790.0 ], [ -233240.0, -3027770.0 ], [ -233250.0, -3027770.0 ], [ -233250.0, -3027740.0 ], [ -233250.0, -3027730.0 ], [ -233250.0, -3027723.934409047011286 ], [ -233252.851778755750274, -3027723.643725726287812 ], [ -233261.452527134300908, -3027719.485397709067911 ], [ -233268.09835676845978, -3027712.244716981891543 ], [ -233268.664804461266613, -3027710.0 ], [ -233270.0, -3027710.0 ], [ -233270.0, -3027704.708891680464149 ], [ -233270.43581755287596, -3027702.981835370883346 ], [ -233272.478808873012895, -3027700.0 ], [ -233280.0, -3027700.0 ], [ -233290.0, -3027700.0 ], [ -233290.0, -3027690.0 ], [ -233300.0, -3027690.0 ], [ -233320.0, -3027690.0 ], [ -233330.0, -3027690.0 ], [ -233330.0, -3027680.0 ], [ -233340.0, -3027680.0 ], [ -233340.0, -3027670.0 ], [ -233350.0, -3027670.0 ], [ -233360.0, -3027670.0 ], [ -233370.0, -3027670.0 ], [ -233380.0, -3027670.0 ], [ -233420.0, -3027670.0 ], [ -233430.0, -3027670.0 ], [ -233430.0, -3027660.0 ], [ -233430.0, -3027650.0 ], [ -233440.0, -3027650.0 ], [ -233440.0, -3027640.435436167288572 ], [ -233441.060406615957618, -3027640.0 ], [ -233450.0, -3027640.0 ], [ -233460.0, -3027640.0 ], [ -233460.0, -3027630.20507907634601 ], [ -233460.358341266372008, -3027630.0 ], [ -233480.0, -3027630.0 ], [ -233490.0, -3027630.0 ], [ -233490.0, -3027620.0 ], [ -233500.0, -3027620.0 ], [ -233510.0, -3027620.0 ], [ -233510.0, -3027610.0 ], [ -233520.0, -3027610.0 ], [ -233530.0, -3027610.0 ], [ -233530.0, -3027600.0 ], [ -233550.0, -3027600.0 ], [ -233560.0, -3027600.0 ], [ -233570.0, -3027600.0 ], [ -233570.0, -3027590.0 ], [ -233580.0, -3027590.0 ], [ -233610.0, -3027590.0 ], [ -233610.0, -3027580.0 ], [ -233620.0, -3027580.0 ], [ -233620.0, -3027570.0 ], [ -233640.0, -3027570.0 ], [ -233640.0, -3027560.0 ], [ -233660.0, -3027560.0 ], [ -233670.0, -3027560.0 ], [ -233670.0, -3027550.0 ], [ -233690.0, -3027550.0 ], [ -233690.0, -3027540.0 ], [ -233700.0, -3027540.0 ], [ -233700.0, -3027530.0 ], [ -233710.0, -3027530.0 ], [ -233720.0, -3027530.0 ], [ -233720.0, -3027520.0 ], [ -233740.0, -3027520.0 ], [ -233750.0, -3027520.0 ], [ -233770.0, -3027520.0 ], [ -233780.0, -3027520.0 ], [ -233780.0, -3027510.0 ], [ -233780.0, -3027500.0 ], [ -233790.0, -3027500.0 ], [ -233800.0, -3027500.0 ], [ -233810.0, -3027500.0 ], [ -233810.0, -3027490.0 ], [ -233820.0, -3027490.0 ], [ -233830.0, -3027490.0 ], [ -233830.0, -3027480.0 ], [ -233840.0, -3027480.0 ], [ -233850.0, -3027480.0 ], [ -233850.0, -3027470.0 ], [ -233870.0, -3027470.0 ], [ -233870.0, -3027460.0 ], [ -233880.0, -3027460.0 ], [ -233880.0, -3027450.0 ], [ -233890.0, -3027450.0 ], [ -233900.0, -3027450.0 ], [ -233910.0, -3027450.0 ], [ -233910.0, -3027440.0 ], [ -233920.0, -3027440.0 ], [ -233930.0, -3027440.0 ], [ -233930.0, -3027430.0 ], [ -233940.0, -3027430.0 ], [ -233940.0, -3027440.0 ], [ -233950.0, -3027440.0 ], [ -233950.0, -3027430.0 ], [ -233960.0, -3027430.0 ], [ -233960.0, -3027420.0 ], [ -233970.0, -3027420.0 ], [ -233970.0, -3027410.0 ], [ -233980.0, -3027410.0 ], [ -233980.0, -3027400.0 ], [ -233990.0, -3027400.0 ], [ -233990.0, -3027390.0 ], [ -234000.0, -3027390.0 ], [ -234000.0, -3027380.0 ], [ -234010.0, -3027380.0 ], [ -234020.0, -3027380.0 ], [ -234020.0, -3027370.0 ], [ -234030.0, -3027370.0 ], [ -234030.0, -3027360.0 ], [ -234030.0, -3027350.0 ], [ -234030.0, -3027344.180993786081672 ], [ -234034.44815236175782, -3027340.0 ], [ -234040.0, -3027340.0 ], [ -234050.0, -3027340.0 ], [ -234050.0, -3027330.0 ], [ -234060.0, -3027330.0 ], [ -234060.0, -3027320.0 ], [ -234070.0, -3027320.0 ], [ -234080.0, -3027320.0 ], [ -234080.0, -3027310.0 ], [ -234090.0, -3027310.0 ], [ -234090.0, -3027300.0 ], [ -234100.0, -3027300.0 ], [ -234100.0, -3027290.0 ], [ -234110.0, -3027290.0 ], [ -234110.0, -3027280.0 ], [ -234110.0, -3027274.3994055474177 ], [ -234111.793286256230203, -3027272.638288270682096 ], [ -234114.83302273415029, -3027270.0 ], [ -234120.0, -3027270.0 ], [ -234130.0, -3027270.0 ], [ -234130.0, -3027260.0 ], [ -234140.0, -3027260.0 ], [ -234140.0, -3027250.0 ], [ -234150.0, -3027250.0 ], [ -234150.0, -3027240.0 ], [ -234150.0, -3027231.585845980327576 ], [ -234151.352852130454266, -3027230.0 ], [ -234160.0, -3027230.0 ], [ -234160.0, -3027220.0 ], [ -234170.0, -3027220.0 ], [ -234170.0, -3027210.0 ], [ -234170.0, -3027200.0 ], [ -234170.0, -3027190.860694873612374 ], [ -234170.381824858312029, -3027190.0 ], [ -234180.0, -3027190.0 ], [ -234180.0, -3027180.0 ], [ -234180.0, -3027171.271534803323448 ], [ -234187.41475223688758, -3027153.352168076205999 ], [ -234188.684316836326616, -3027150.0 ], [ -234190.0, -3027150.0 ], [ -234190.0, -3027146.526060114149004 ], [ -234192.471610822074581, -3027140.0 ], [ -234200.0, -3027140.0 ], [ -234200.0, -3027130.0 ], [ -234200.0, -3027120.0 ], [ -234200.0, -3027110.0 ], [ -234210.0, -3027110.0 ], [ -234210.0, -3027100.0 ], [ -234220.0, -3027100.0 ], [ -234220.0, -3027080.0 ], [ -234230.0, -3027080.0 ], [ -234230.0, -3027070.0 ], [ -234240.0, -3027070.0 ], [ -234240.0, -3027060.0 ], [ -234250.0, -3027060.0 ], [ -234250.0, -3027050.0 ], [ -234250.0, -3027040.0 ], [ -234260.0, -3027040.0 ], [ -234260.0, -3027030.0 ], [ -234270.0, -3027030.0 ], [ -234270.0, -3027020.0 ], [ -234280.0, -3027020.0 ], [ -234280.0, -3027010.0 ], [ -234290.0, -3027010.0 ], [ -234290.0, -3027000.0 ], [ -234300.0, -3027000.0 ], [ -234300.0, -3026990.0 ], [ -234310.0, -3026990.0 ], [ -234320.0, -3026990.0 ], [ -234320.0, -3026980.0 ], [ -234320.0, -3026970.0 ], [ -234320.0, -3026960.0 ], [ -234330.0, -3026960.0 ], [ -234330.0, -3026950.0 ], [ -234330.0, -3026945.636134961154312 ], [ -234331.726921651570592, -3026943.380853795912117 ], [ -234334.482112510071602, -3026940.0 ], [ -234340.0, -3026940.0 ], [ -234340.0, -3026933.229082185775042 ], [ -234341.206109438033309, -3026931.749083201400936 ], [ -234343.421334404702066, -3026930.0 ], [ -234350.0, -3026930.0 ], [ -234350.0, -3026924.80565917538479 ], [ -234356.086397821345599, -3026920.0 ], [ -234360.0, -3026920.0 ], [ -234370.0, -3026920.0 ], [ -234380.0, -3026920.0 ], [ -234390.0, -3026920.0 ], [ -234400.0, -3026920.0 ], [ -234400.0, -3026910.0 ], [ -234400.0, -3026900.0 ], [ -234410.0, -3026900.0 ], [ -234420.0, -3026900.0 ], [ -234430.0, -3026900.0 ], [ -234430.0, -3026890.0 ], [ -234450.0, -3026890.0 ], [ -234470.0, -3026890.0 ], [ -234480.0, -3026890.0 ], [ -234480.0, -3026880.0 ], [ -234490.0, -3026880.0 ], [ -234490.0, -3026870.0 ], [ -234510.0, -3026870.0 ], [ -234520.0, -3026870.0 ], [ -234530.0, -3026870.0 ], [ -234550.0, -3026870.0 ], [ -234570.0, -3026870.0 ], [ -234570.0, -3026880.0 ], [ -234590.0, -3026880.0 ], [ -234590.0, -3026870.0 ], [ -234620.0, -3026870.0 ], [ -234620.0, -3026860.0 ], [ -234630.0, -3026860.0 ], [ -234630.0, -3026840.0 ], [ -234660.0, -3026840.0 ], [ -234670.0, -3026840.0 ], [ -234670.0, -3026830.0 ], [ -234670.0, -3026820.0 ], [ -234680.0, -3026820.0 ], [ -234690.0, -3026820.0 ], [ -234690.0, -3026810.0 ], [ -234710.0, -3026810.0 ], [ -234720.0, -3026810.0 ], [ -234730.0, -3026810.0 ], [ -234740.0, -3026810.0 ], [ -234750.0, -3026810.0 ], [ -234760.0, -3026810.0 ], [ -234770.0, -3026810.0 ], [ -234770.0, -3026800.0 ], [ -234780.0, -3026800.0 ], [ -234790.0, -3026800.0 ], [ -234790.0, -3026790.0 ], [ -234830.0, -3026790.0 ], [ -234840.0, -3026790.0 ], [ -234860.0, -3026790.0 ], [ -234860.0, -3026780.0 ], [ -234860.0, -3026770.0 ], [ -234870.0, -3026770.0 ], [ -234900.0, -3026770.0 ], [ -234910.0, -3026770.0 ], [ -234940.0, -3026770.0 ], [ -234940.0, -3026760.0 ], [ -234940.0, -3026750.0 ], [ -234950.0, -3026750.0 ], [ -234950.0, -3026740.0 ], [ -234960.0, -3026740.0 ], [ -234960.0, -3026732.252040223684162 ], [ -234962.825216018594801, -3026730.0 ], [ -234970.0, -3026730.0 ], [ -234970.0, -3026722.898757654242218 ], [ -234972.362191439431626, -3026720.0 ], [ -234980.0, -3026720.0 ], [ -234980.0, -3026711.986978739500046 ], [ -234982.153741536458256, -3026710.0 ], [ -234990.0, -3026710.0 ], [ -234990.0, -3026702.636541354004294 ], [ -234992.788841051951749, -3026700.0 ], [ -235010.0, -3026700.0 ], [ -235010.0, -3026690.0 ], [ -235020.0, -3026690.0 ], [ -235020.0, -3026680.0 ], [ -235020.0, -3026670.0 ], [ -235020.0, -3026662.766121641267091 ], [ -235020.618852018524194, -3026660.0 ], [ -235030.0, -3026660.0 ], [ -235030.0, -3026650.0 ], [ -235040.0, -3026650.0 ], [ -235040.0, -3026640.34526952682063 ], [ -235040.578256779175717, -3026640.0 ], [ -235050.0, -3026640.0 ], [ -235060.0, -3026640.0 ], [ -235060.0, -3026630.0 ], [ -235070.0, -3026630.0 ], [ -235090.0, -3026630.0 ], [ -235090.0, -3026620.0 ], [ -235100.0, -3026620.0 ], [ -235110.0, -3026620.0 ], [ -235110.0, -3026610.0 ], [ -235110.0, -3026600.0 ], [ -235110.0, -3026590.0 ], [ -235130.0, -3026590.0 ], [ -235130.0, -3026580.0 ], [ -235140.0, -3026580.0 ], [ -235140.0, -3026571.010859630070627 ], [ -235141.190593541046837, -3026570.0 ], [ -235150.0, -3026570.0 ], [ -235150.0, -3026562.059062793385237 ], [ -235151.239459457807243, -3026560.0 ], [ -235160.0, -3026560.0 ], [ -235170.0, -3026560.0 ], [ -235170.0, -3026550.0 ], [ -235190.0, -3026550.0 ], [ -235190.0, -3026540.0 ], [ -235200.0, -3026540.0 ], [ -235200.0, -3026530.0 ], [ -235210.0, -3026530.0 ], [ -235210.0, -3026540.0 ], [ -235220.0, -3026540.0 ], [ -235240.0, -3026540.0 ], [ -235250.0, -3026540.0 ], [ -235250.0, -3026550.0 ], [ -235260.0, -3026550.0 ], [ -235280.0, -3026550.0 ], [ -235280.0, -3026560.0 ], [ -235290.0, -3026560.0 ], [ -235290.0, -3026550.0 ], [ -235300.0, -3026550.0 ], [ -235300.0, -3026560.0 ], [ -235310.0, -3026560.0 ], [ -235320.0, -3026560.0 ], [ -235320.0, -3026570.0 ], [ -235330.0, -3026570.0 ], [ -235360.0, -3026570.0 ], [ -235360.0, -3026580.0 ], [ -235370.0, -3026580.0 ], [ -235380.0, -3026580.0 ], [ -235390.0, -3026580.0 ], [ -235400.0, -3026580.0 ], [ -235400.0, -3026590.0 ], [ -235410.0, -3026590.0 ], [ -235410.0, -3026580.0 ], [ -235420.0, -3026580.0 ], [ -235420.0, -3026590.0 ], [ -235430.0, -3026590.0 ], [ -235450.0, -3026590.0 ], [ -235450.0, -3026600.0 ], [ -235460.0, -3026600.0 ], [ -235470.0, -3026600.0 ], [ -235480.0, -3026600.0 ], [ -235510.0, -3026600.0 ], [ -235510.0, -3026590.0 ], [ -235520.0, -3026590.0 ], [ -235520.0, -3026600.0 ], [ -235530.0, -3026600.0 ], [ -235540.0, -3026600.0 ], [ -235550.0, -3026600.0 ], [ -235550.0, -3026610.0 ], [ -235560.0, -3026610.0 ], [ -235570.0, -3026610.0 ], [ -235580.0, -3026610.0 ], [ -235580.0, -3026620.0 ], [ -235590.0, -3026620.0 ], [ -235620.0, -3026620.0 ], [ -235620.0, -3026610.0 ], [ -235630.0, -3026610.0 ], [ -235630.0, -3026620.0 ], [ -235640.0, -3026620.0 ], [ -235660.0, -3026620.0 ], [ -235660.0, -3026630.0 ], [ -235670.0, -3026630.0 ], [ -235680.0, -3026630.0 ], [ -235690.0, -3026630.0 ], [ -235700.0, -3026630.0 ], [ -235700.0, -3026620.0 ], [ -235710.0, -3026620.0 ], [ -235710.0, -3026630.0 ], [ -235720.0, -3026630.0 ], [ -235720.0, -3026620.0 ], [ -235730.0, -3026620.0 ], [ -235740.0, -3026620.0 ], [ -235740.0, -3026630.0 ], [ -235750.0, -3026630.0 ], [ -235760.0, -3026630.0 ], [ -235760.0, -3026640.0 ], [ -235770.0, -3026640.0 ], [ -235780.0, -3026640.0 ], [ -235780.0, -3026650.0 ], [ -235790.0, -3026650.0 ], [ -235790.0, -3026660.0 ], [ -235800.0, -3026660.0 ], [ -235810.0, -3026660.0 ], [ -235810.0, -3026670.0 ], [ -235820.0, -3026670.0 ], [ -235840.0, -3026670.0 ], [ -235840.0, -3026660.0 ], [ -235850.0, -3026660.0 ], [ -235850.0, -3026670.0 ], [ -235860.0, -3026670.0 ], [ -235870.0, -3026670.0 ], [ -235880.0, -3026670.0 ], [ -235940.0, -3026670.0 ], [ -235940.0, -3026660.0 ], [ -236040.0, -3026660.0 ], [ -236040.0, -3026650.0 ], [ -236130.0, -3026650.0 ], [ -236130.0, -3026660.0 ], [ -236140.0, -3026660.0 ], [ -236140.0, -3026650.0 ], [ -236190.0, -3026650.0 ], [ -236210.0, -3026650.0 ], [ -236220.0, -3026650.0 ], [ -236220.0, -3026640.0 ], [ -236220.0, -3026630.454042324330658 ], [ -236221.154168649169151, -3026630.051696490496397 ], [ -236221.224090817617252, -3026630.0 ], [ -236230.0, -3026630.0 ], [ -236230.0, -3026623.511589874979109 ], [ -236234.749606334255077, -3026620.0 ], [ -236240.0, -3026620.0 ], [ -236240.0, -3026616.118156339973211 ], [ -236241.751218138670083, -3026614.823404848575592 ], [ -236245.987928982242011, -3026610.0 ], [ -236250.0, -3026610.0 ], [ -236260.0, -3026610.0 ], [ -236270.0, -3026610.0 ], [ -236270.0, -3026600.0 ], [ -236290.0, -3026600.0 ], [ -236290.0, -3026610.0 ], [ -236300.0, -3026610.0 ], [ -236350.0, -3026610.0 ], [ -236360.0, -3026610.0 ], [ -236360.0, -3026600.0 ], [ -236370.0, -3026600.0 ], [ -236380.0, -3026600.0 ], [ -236380.0, -3026590.0 ], [ -236370.0, -3026590.0 ], [ -236370.0, -3026580.0 ], [ -236380.0, -3026580.0 ], [ -236390.0, -3026580.0 ], [ -236390.0, -3026570.0 ], [ -236400.0, -3026570.0 ], [ -236410.0, -3026570.0 ], [ -236410.0, -3026560.0 ], [ -236410.0, -3026550.0 ], [ -236430.0, -3026550.0 ], [ -236440.0, -3026550.0 ], [ -236440.0, -3026540.0 ], [ -236460.0, -3026540.0 ], [ -236480.0, -3026540.0 ], [ -236490.0, -3026540.0 ], [ -236490.0, -3026530.0 ], [ -236500.0, -3026530.0 ], [ -236500.0, -3026520.0 ], [ -236520.0, -3026520.0 ], [ -236530.0, -3026520.0 ], [ -236530.0, -3026510.0 ], [ -236580.0, -3026510.0 ], [ -236580.0, -3026520.0 ], [ -236590.0, -3026520.0 ], [ -236596.335091585700866, -3026520.0 ], [ -236597.1202382943884, -3026527.693503639660776 ], [ -236603.632531911658589, -3026535.233045373111963 ], [ -236610.0, -3026536.774985860101879 ], [ -236610.0, -3026540.0 ], [ -236620.0, -3026540.0 ], [ -236630.0, -3026540.0 ], [ -236630.0, -3026550.0 ], [ -236640.0, -3026550.0 ], [ -236650.0, -3026550.0 ], [ -236650.0, -3026540.0 ], [ -236710.0, -3026540.0 ], [ -236710.0, -3026530.0 ], [ -236720.0, -3026530.0 ], [ -236740.0, -3026530.0 ], [ -236750.0, -3026530.0 ], [ -236760.0, -3026530.0 ], [ -236770.0, -3026530.0 ], [ -236770.0, -3026520.0 ], [ -236780.0, -3026520.0 ], [ -236790.0, -3026520.0 ], [ -236790.0, -3026510.0 ], [ -236800.0, -3026510.0 ], [ -236800.0, -3026500.0 ], [ -236810.0, -3026500.0 ], [ -236820.0, -3026500.0 ], [ -236820.0, -3026490.0 ], [ -236830.0, -3026490.0 ], [ -236830.0, -3026480.613979569636285 ], [ -236830.762231895729201, -3026480.0 ], [ -236840.0, -3026480.0 ], [ -236850.0, -3026480.0 ], [ -236850.0, -3026470.0 ], [ -236860.0, -3026470.0 ], [ -236860.0, -3026460.0 ], [ -236870.0, -3026460.0 ], [ -236870.0, -3026450.0 ], [ -236880.0, -3026450.0 ], [ -236880.0, -3026434.462334687821567 ], [ -236886.79272100343951, -3026430.0 ], [ -236900.0, -3026430.0 ], [ -236910.0, -3026430.0 ], [ -236920.0, -3026430.0 ], [ -236920.0, -3026420.0 ], [ -236930.0, -3026420.0 ], [ -236940.0, -3026420.0 ], [ -236940.0, -3026410.0 ], [ -236950.0, -3026410.0 ], [ -236960.0, -3026410.0 ], [ -236960.0, -3026400.0 ], [ -236960.0, -3026390.0 ], [ -236970.0, -3026390.0 ], [ -236970.0, -3026380.0 ], [ -236980.0, -3026380.0 ], [ -236980.0, -3026370.73442789632827 ], [ -236980.929971425473923, -3026370.0 ], [ -236990.0, -3026370.0 ], [ -236990.0, -3026362.477627355605364 ], [ -236992.868332813726738, -3026360.0 ], [ -237000.0, -3026360.0 ], [ -237010.0, -3026360.0 ], [ -237010.0, -3026350.0 ], [ -237020.0, -3026350.0 ], [ -237030.0, -3026350.0 ], [ -237030.0, -3026340.0 ], [ -237040.0, -3026340.0 ], [ -237040.0, -3026330.0 ], [ -237040.0, -3026320.0 ], [ -237050.0, -3026320.0 ], [ -237050.0, -3026310.0 ], [ -237060.0, -3026310.0 ], [ -237070.0, -3026310.0 ], [ -237070.0, -3026300.0 ], [ -237080.0, -3026300.0 ], [ -237090.0, -3026300.0 ], [ -237090.0, -3026290.0 ], [ -237100.0, -3026290.0 ], [ -237100.0, -3026280.0 ], [ -237110.0, -3026280.0 ], [ -237110.0, -3026270.0 ], [ -237120.0, -3026270.0 ], [ -237120.0, -3026260.0 ], [ -237130.0, -3026260.0 ], [ -237130.0, -3026250.0 ], [ -237140.0, -3026250.0 ], [ -237140.0, -3026240.0 ], [ -237150.0, -3026240.0 ], [ -237160.0, -3026240.0 ], [ -237180.0, -3026240.0 ], [ -237180.0, -3026250.0 ], [ -237190.0, -3026250.0 ], [ -237210.0, -3026250.0 ], [ -237210.0, -3026260.0 ], [ -237220.0, -3026260.0 ], [ -237220.0, -3026250.0 ], [ -237230.0, -3026250.0 ], [ -237230.0, -3026240.0 ], [ -237270.0, -3026240.0 ], [ -237280.0, -3026240.0 ], [ -237280.0, -3026230.0 ], [ -237290.0, -3026230.0 ], [ -237290.0, -3026220.0 ], [ -237300.0, -3026220.0 ], [ -237300.0, -3026190.0 ], [ -237300.0, -3026180.0 ], [ -237310.0, -3026180.0 ], [ -237310.0, -3026190.0 ], [ -237320.0, -3026190.0 ], [ -237320.0, -3026210.0 ], [ -237340.0, -3026210.0 ], [ -237340.0, -3026160.0 ], [ -237350.0, -3026160.0 ], [ -237360.0, -3026160.0 ], [ -237360.0, -3026150.0 ], [ -237370.0, -3026150.0 ], [ -237370.0, -3026140.0 ], [ -237380.0, -3026140.0 ], [ -237380.0, -3026130.0 ], [ -237400.0, -3026130.0 ], [ -237400.0, -3026120.0 ], [ -237420.0, -3026120.0 ], [ -237420.0, -3026110.0 ], [ -237430.0, -3026110.0 ], [ -237430.0, -3026100.0 ], [ -237420.0, -3026100.0 ], [ -237400.0, -3026100.0 ], [ -237400.0, -3026090.0 ], [ -237390.0, -3026090.0 ], [ -237390.0, -3026100.0 ], [ -237380.0, -3026100.0 ], [ -237380.0, -3026060.0 ], [ -237390.0, -3026060.0 ], [ -237400.0, -3026060.0 ], [ -237400.0, -3026050.0 ], [ -237390.0, -3026050.0 ], [ -237390.0, -3026042.490502559579909 ], [ -237391.606908662593924, -3026040.0 ], [ -237400.0, -3026040.0 ], [ -237400.0, -3026030.0 ], [ -237400.0, -3026022.154075339902192 ], [ -237405.1551477224275, -3026004.660968803334981 ], [ -237404.475111960753566, -3025989.963216342963278 ], [ -237403.877936434728326, -3025976.077452424913645 ], [ -237405.045006456639385, -3025970.0 ], [ -237410.0, -3025970.0 ], [ -237410.0, -3025960.0 ], [ -237420.0, -3025960.0 ], [ -237420.0, -3025950.0 ], [ -237420.0, -3025930.0 ], [ -237430.0, -3025930.0 ], [ -237430.0, -3025920.0 ], [ -237440.0, -3025920.0 ], [ -237440.0, -3025910.0 ], [ -237450.0, -3025910.0 ], [ -237450.0, -3025900.0 ], [ -237460.0, -3025900.0 ], [ -237460.0, -3025890.0 ], [ -237470.0, -3025890.0 ], [ -237470.0, -3025880.0 ], [ -237480.0, -3025880.0 ], [ -237480.0, -3025870.0 ], [ -237490.0, -3025870.0 ], [ -237490.0, -3025860.0 ], [ -237490.0, -3025850.0 ], [ -237500.0, -3025850.0 ], [ -237500.0, -3025840.0 ], [ -237510.0, -3025840.0 ], [ -237510.0, -3025830.0 ], [ -237530.0, -3025830.0 ], [ -237530.0, -3025820.0 ], [ -237540.0, -3025820.0 ], [ -237540.0, -3025800.0 ], [ -237550.0, -3025800.0 ], [ -237550.0, -3025780.0 ], [ -237560.0, -3025780.0 ], [ -237570.0, -3025780.0 ], [ -237570.0, -3025770.0 ], [ -237570.0, -3025760.0 ], [ -237580.0, -3025760.0 ], [ -237590.0, -3025760.0 ], [ -237600.0, -3025760.0 ], [ -237600.0, -3025750.0 ], [ -237610.0, -3025750.0 ], [ -237620.0, -3025750.0 ], [ -237620.0, -3025740.0 ], [ -237640.0, -3025740.0 ], [ -237650.0, -3025740.0 ], [ -237650.0, -3025730.0 ], [ -237650.0, -3025720.0 ], [ -237660.0, -3025720.0 ], [ -237710.0, -3025720.0 ], [ -237710.0, -3025710.0 ], [ -237690.0, -3025710.0 ], [ -237690.0, -3025700.0 ], [ -237670.0, -3025700.0 ], [ -237660.0, -3025700.0 ], [ -237660.0, -3025680.0 ], [ -237670.0, -3025680.0 ], [ -237670.0, -3025670.0 ], [ -237680.0, -3025670.0 ], [ -237690.0, -3025670.0 ], [ -237690.0, -3025660.0 ], [ -237710.0, -3025660.0 ], [ -237710.0, -3025670.0 ], [ -237710.0, -3025680.0 ], [ -237710.0, -3025690.0 ], [ -237720.0, -3025690.0 ], [ -237730.0, -3025690.0 ], [ -237730.0, -3025700.0 ], [ -237740.0, -3025700.0 ], [ -237740.0, -3025710.0 ], [ -237750.0, -3025710.0 ], [ -237750.0, -3025720.0 ], [ -237740.0, -3025720.0 ], [ -237730.0, -3025720.0 ], [ -237730.0, -3025710.0 ], [ -237720.0, -3025710.0 ], [ -237720.0, -3025720.0 ], [ -237720.0, -3025730.0 ], [ -237730.0, -3025730.0 ], [ -237730.0, -3025740.0 ], [ -237720.0, -3025740.0 ], [ -237720.0, -3025750.0 ], [ -237710.0, -3025750.0 ], [ -237710.0, -3025760.0 ], [ -237700.0, -3025760.0 ], [ -237690.0, -3025760.0 ], [ -237690.0, -3025770.0 ], [ -237670.0, -3025770.0 ], [ -237670.0, -3025780.0 ], [ -237690.0, -3025780.0 ], [ -237700.0, -3025780.0 ], [ -237710.0, -3025780.0 ], [ -237720.0, -3025780.0 ], [ -237730.0, -3025780.0 ], [ -237730.0, -3025770.0 ], [ -237740.0, -3025770.0 ], [ -237750.0, -3025770.0 ], [ -237760.0, -3025770.0 ], [ -237770.0, -3025770.0 ], [ -237770.0, -3025760.0 ], [ -237780.0, -3025760.0 ], [ -237780.0, -3025770.0 ], [ -237790.0, -3025770.0 ], [ -237790.0, -3025760.0 ], [ -237810.0, -3025760.0 ], [ -237810.0, -3025770.0 ], [ -237820.0, -3025770.0 ], [ -237820.0, -3025780.0 ], [ -237830.0, -3025780.0 ], [ -237850.0, -3025780.0 ], [ -237850.0, -3025790.0 ], [ -237860.0, -3025790.0 ], [ -237870.0, -3025790.0 ], [ -237870.0, -3025800.0 ], [ -237870.0, -3025810.0 ], [ -237860.0, -3025810.0 ], [ -237840.0, -3025810.0 ], [ -237840.0, -3025820.0 ], [ -237810.0, -3025820.0 ], [ -237790.0, -3025820.0 ], [ -237790.0, -3025830.0 ], [ -237790.0, -3025840.0 ], [ -237780.0, -3025840.0 ], [ -237770.0, -3025840.0 ], [ -237760.0, -3025840.0 ], [ -237760.0, -3025850.0 ], [ -237750.0, -3025850.0 ], [ -237740.0, -3025850.0 ], [ -237740.0, -3025860.0 ], [ -237730.0, -3025860.0 ], [ -237730.0, -3025870.0 ], [ -237720.0, -3025870.0 ], [ -237720.0, -3025880.0 ], [ -237710.0, -3025880.0 ], [ -237710.0, -3025890.0 ], [ -237710.0, -3025900.0 ], [ -237740.0, -3025900.0 ], [ -237740.0, -3025890.0 ], [ -237750.0, -3025890.0 ], [ -237790.0, -3025890.0 ], [ -237800.0, -3025890.0 ], [ -237810.0, -3025890.0 ], [ -237810.0, -3025880.0 ], [ -237820.0, -3025880.0 ], [ -237830.0, -3025880.0 ], [ -237840.0, -3025880.0 ], [ -237850.0, -3025880.0 ], [ -237860.0, -3025880.0 ], [ -237890.0, -3025880.0 ], [ -237900.0, -3025880.0 ], [ -237910.0, -3025880.0 ], [ -237920.0, -3025880.0 ], [ -237930.0, -3025880.0 ], [ -237930.0, -3025890.0 ], [ -237940.0, -3025890.0 ], [ -237950.0, -3025890.0 ], [ -237950.0, -3025900.0 ], [ -237960.0, -3025900.0 ], [ -237960.0, -3025910.0 ], [ -237960.0, -3025920.0 ], [ -237940.0, -3025920.0 ], [ -237940.0, -3025960.0 ], [ -237950.0, -3025960.0 ], [ -237950.0, -3025990.0 ], [ -237960.0, -3025990.0 ], [ -237960.0, -3026000.0 ], [ -237970.0, -3026000.0 ], [ -237970.0, -3026010.0 ], [ -237980.0, -3026010.0 ], [ -237980.0, -3026020.0 ], [ -237990.0, -3026020.0 ], [ -237990.0, -3026030.0 ], [ -238000.0, -3026030.0 ], [ -238000.0, -3026040.0 ], [ -238010.0, -3026040.0 ], [ -238020.0, -3026040.0 ], [ -238020.0, -3026050.0 ], [ -238030.0, -3026050.0 ], [ -238030.0, -3026060.0 ], [ -238040.0, -3026060.0 ], [ -238040.0, -3026070.0 ], [ -238050.0, -3026070.0 ], [ -238070.0, -3026070.0 ], [ -238070.0, -3026080.0 ], [ -238090.0, -3026080.0 ], [ -238090.0, -3026090.0 ], [ -238100.0, -3026090.0 ], [ -238110.0, -3026090.0 ], [ -238120.0, -3026090.0 ], [ -238120.0, -3026100.0 ], [ -238130.0, -3026100.0 ], [ -238140.0, -3026100.0 ], [ -238150.0, -3026100.0 ], [ -238160.0, -3026100.0 ], [ -238160.0, -3026110.0 ], [ -238170.0, -3026110.0 ], [ -238180.0, -3026110.0 ], [ -238180.0, -3026120.0 ], [ -238190.0, -3026120.0 ], [ -238190.0, -3026110.0 ], [ -238200.0, -3026110.0 ], [ -238220.0, -3026110.0 ], [ -238220.0, -3026120.0 ], [ -238230.0, -3026120.0 ], [ -238240.0, -3026120.0 ], [ -238240.0, -3026130.0 ], [ -238250.0, -3026130.0 ], [ -238250.0, -3026140.0 ], [ -238260.0, -3026140.0 ], [ -238270.0, -3026140.0 ], [ -238280.0, -3026140.0 ], [ -238290.0, -3026140.0 ], [ -238290.0, -3026150.0 ], [ -238300.0, -3026150.0 ], [ -238300.0, -3026140.0 ], [ -238320.0, -3026140.0 ], [ -238360.0, -3026140.0 ], [ -238370.0, -3026140.0 ], [ -238370.0, -3026150.0 ], [ -238380.0, -3026150.0 ], [ -238380.0, -3026160.0 ], [ -238390.0, -3026160.0 ], [ -238390.0, -3026170.0 ], [ -238410.0, -3026170.0 ], [ -238410.0, -3026180.0 ], [ -238450.0, -3026180.0 ], [ -238450.0, -3026190.0 ], [ -238460.0, -3026190.0 ], [ -238470.0, -3026190.0 ], [ -238470.0, -3026200.0 ], [ -238480.0, -3026200.0 ], [ -238480.0, -3026220.0 ], [ -238490.0, -3026220.0 ], [ -238490.0, -3026230.0 ], [ -238500.0, -3026230.0 ], [ -238500.0, -3026240.0 ], [ -238510.0, -3026240.0 ], [ -238510.0, -3026260.0 ], [ -238520.0, -3026260.0 ], [ -238520.0, -3026270.0 ], [ -238540.0, -3026270.0 ], [ -238540.0, -3026280.0 ], [ -238560.0, -3026280.0 ], [ -238560.0, -3026270.0 ], [ -238580.0, -3026270.0 ], [ -238580.0, -3026280.0 ], [ -238600.0, -3026280.0 ], [ -238600.0, -3026290.0 ], [ -238620.0, -3026290.0 ], [ -238620.0, -3026300.0 ], [ -238620.0, -3026310.0 ], [ -238630.0, -3026310.0 ], [ -238630.0, -3026320.0 ], [ -238640.0, -3026320.0 ], [ -238650.0, -3026320.0 ], [ -238650.0, -3026330.0 ], [ -238660.0, -3026330.0 ], [ -238660.0, -3026340.0 ], [ -238670.0, -3026340.0 ], [ -238670.0, -3026350.0 ], [ -238680.0, -3026350.0 ], [ -238680.0, -3026360.0 ], [ -238670.0, -3026360.0 ], [ -238670.0, -3026370.0 ], [ -238660.0, -3026370.0 ], [ -238650.0, -3026370.0 ], [ -238650.0, -3026380.0 ], [ -238630.0, -3026380.0 ], [ -238630.0, -3026390.0 ], [ -238650.0, -3026390.0 ], [ -238680.0, -3026390.0 ], [ -238690.0, -3026390.0 ], [ -238700.0, -3026390.0 ], [ -238700.0, -3026400.0 ], [ -238710.0, -3026400.0 ], [ -238740.0, -3026400.0 ], [ -238760.0, -3026400.0 ], [ -238760.0, -3026390.0 ], [ -238780.0, -3026390.0 ], [ -238780.0, -3026380.0 ], [ -238800.0, -3026380.0 ], [ -238800.0, -3026390.0 ], [ -238810.0, -3026390.0 ], [ -238820.0, -3026390.0 ], [ -238830.0, -3026390.0 ], [ -238830.0, -3026400.0 ], [ -238840.0, -3026400.0 ], [ -238840.0, -3026410.0 ], [ -238860.0, -3026410.0 ], [ -238860.0, -3026390.0 ], [ -238870.0, -3026390.0 ], [ -238880.0, -3026390.0 ], [ -238880.0, -3026400.0 ], [ -238880.0, -3026410.0 ], [ -238870.0, -3026410.0 ], [ -238870.0, -3026420.0 ], [ -238860.0, -3026420.0 ], [ -238860.0, -3026430.0 ], [ -238860.0, -3026440.0 ], [ -238870.0, -3026440.0 ], [ -238880.0, -3026440.0 ], [ -238890.0, -3026440.0 ], [ -238900.0, -3026440.0 ], [ -238910.0, -3026440.0 ], [ -238910.0, -3026430.0 ], [ -238920.0, -3026430.0 ], [ -238940.0, -3026430.0 ], [ -238940.0, -3026440.0 ], [ -238950.0, -3026440.0 ], [ -238960.0, -3026440.0 ], [ -238960.0, -3026450.0 ], [ -238980.0, -3026450.0 ], [ -238990.0, -3026450.0 ], [ -239000.0, -3026450.0 ], [ -239000.0, -3026440.0 ], [ -239010.0, -3026440.0 ], [ -239020.0, -3026440.0 ], [ -239020.0, -3026430.0 ], [ -239030.0, -3026430.0 ], [ -239030.0, -3026440.0 ], [ -239040.0, -3026440.0 ], [ -239050.0, -3026440.0 ], [ -239060.0, -3026440.0 ], [ -239070.0, -3026440.0 ], [ -239070.0, -3026430.0 ], [ -239080.0, -3026430.0 ], [ -239080.0, -3026410.0 ], [ -239090.0, -3026410.0 ], [ -239090.0, -3026400.0 ], [ -239090.0, -3026390.0 ], [ -239120.0, -3026390.0 ], [ -239130.0, -3026390.0 ], [ -239130.0, -3026400.0 ], [ -239140.0, -3026400.0 ], [ -239150.0, -3026400.0 ], [ -239160.0, -3026400.0 ], [ -239160.0, -3026390.0 ], [ -239170.0, -3026390.0 ], [ -239170.0, -3026400.0 ], [ -239180.0, -3026400.0 ], [ -239190.0, -3026400.0 ], [ -239190.0, -3026390.0 ], [ -239190.0, -3026380.0 ], [ -239200.0, -3026380.0 ], [ -239200.0, -3026390.0 ], [ -239210.0, -3026390.0 ], [ -239220.0, -3026390.0 ], [ -239230.0, -3026390.0 ], [ -239230.0, -3026400.0 ], [ -239240.0, -3026400.0 ], [ -239260.0, -3026400.0 ], [ -239270.0, -3026400.0 ], [ -239280.0, -3026400.0 ], [ -239290.0, -3026400.0 ], [ -239290.0, -3026390.0 ], [ -239300.0, -3026390.0 ], [ -239310.0, -3026390.0 ], [ -239320.0, -3026390.0 ], [ -239320.0, -3026380.0 ], [ -239340.0, -3026380.0 ], [ -239350.0, -3026380.0 ], [ -239350.0, -3026390.0 ], [ -239360.0, -3026390.0 ], [ -239370.0, -3026390.0 ], [ -239370.0, -3026380.0 ], [ -239390.0, -3026380.0 ], [ -239390.0, -3026370.0 ], [ -239400.0, -3026370.0 ], [ -239400.0, -3026380.0 ], [ -239410.0, -3026380.0 ], [ -239420.0, -3026380.0 ], [ -239430.0, -3026380.0 ], [ -239440.0, -3026380.0 ], [ -239440.0, -3026390.0 ], [ -239470.0, -3026390.0 ], [ -239480.0, -3026390.0 ], [ -239490.0, -3026390.0 ], [ -239510.0, -3026390.0 ], [ -239520.0, -3026390.0 ], [ -239520.0, -3026400.0 ], [ -239530.0, -3026400.0 ], [ -239540.0, -3026400.0 ], [ -239550.0, -3026400.0 ], [ -239550.0, -3026410.0 ], [ -239530.0, -3026410.0 ], [ -239510.0, -3026410.0 ], [ -239500.0, -3026410.0 ], [ -239500.0, -3026420.0 ], [ -239490.0, -3026420.0 ], [ -239480.0, -3026420.0 ], [ -239450.0, -3026420.0 ], [ -239450.0, -3026430.0 ], [ -239440.0, -3026430.0 ], [ -239430.0, -3026430.0 ], [ -239410.0, -3026430.0 ], [ -239410.0, -3026440.0 ], [ -239400.0, -3026440.0 ], [ -239390.0, -3026440.0 ], [ -239380.0, -3026440.0 ], [ -239370.0, -3026440.0 ], [ -239370.0, -3026450.0 ], [ -239380.0, -3026450.0 ], [ -239380.0, -3026460.0 ], [ -239380.0, -3026470.0 ], [ -239390.0, -3026470.0 ], [ -239400.0, -3026470.0 ], [ -239400.0, -3026480.0 ], [ -239410.0, -3026480.0 ], [ -239420.0, -3026480.0 ], [ -239420.0, -3026470.0 ], [ -239430.0, -3026470.0 ], [ -239440.0, -3026470.0 ], [ -239450.0, -3026470.0 ], [ -239450.0, -3026480.0 ], [ -239460.0, -3026480.0 ], [ -239480.0, -3026480.0 ], [ -239480.0, -3026490.0 ], [ -239490.0, -3026490.0 ], [ -239500.0, -3026490.0 ], [ -239500.0, -3026500.0 ], [ -239510.0, -3026500.0 ], [ -239520.0, -3026500.0 ], [ -239520.0, -3026510.0 ], [ -239530.0, -3026510.0 ], [ -239530.0, -3026500.0 ], [ -239540.0, -3026500.0 ], [ -239550.0, -3026500.0 ], [ -239560.0, -3026500.0 ], [ -239560.0, -3026510.0 ], [ -239560.0, -3026520.0 ], [ -239560.0, -3026530.0 ], [ -239570.0, -3026530.0 ], [ -239580.0, -3026530.0 ], [ -239580.0, -3026540.0 ], [ -239590.0, -3026540.0 ], [ -239590.0, -3026550.0 ], [ -239580.0, -3026550.0 ], [ -239580.0, -3026560.0 ], [ -239580.0, -3026570.0 ], [ -239590.0, -3026570.0 ], [ -239600.0, -3026570.0 ], [ -239610.0, -3026570.0 ], [ -239610.0, -3026560.0 ], [ -239620.0, -3026560.0 ], [ -239630.0, -3026560.0 ], [ -239630.0, -3026550.0 ], [ -239640.0, -3026550.0 ], [ -239640.0, -3026540.0 ], [ -239650.0, -3026540.0 ], [ -239700.0, -3026540.0 ], [ -239720.0, -3026540.0 ], [ -239730.0, -3026540.0 ], [ -239730.0, -3026530.0 ], [ -239740.0, -3026530.0 ], [ -239740.0, -3026520.0 ], [ -239750.0, -3026520.0 ], [ -239750.0, -3026510.0 ], [ -239760.0, -3026510.0 ], [ -239770.0, -3026510.0 ], [ -239780.0, -3026510.0 ], [ -239790.0, -3026510.0 ], [ -239790.0, -3026520.0 ], [ -239790.0, -3026530.0 ], [ -239800.0, -3026530.0 ], [ -239800.0, -3026520.0 ], [ -239810.0, -3026520.0 ], [ -239810.0, -3026510.0 ], [ -239830.0, -3026510.0 ], [ -239830.0, -3026520.0 ], [ -239840.0, -3026520.0 ], [ -239840.0, -3026510.0 ], [ -239850.0, -3026510.0 ], [ -239860.0, -3026510.0 ], [ -239860.0, -3026530.0 ], [ -239890.0, -3026530.0 ], [ -239900.0, -3026530.0 ], [ -239930.0, -3026530.0 ], [ -239940.0, -3026530.0 ], [ -239960.0, -3026530.0 ], [ -240000.0, -3026530.0 ], [ -240000.0, -3026540.0 ], [ -240010.0, -3026540.0 ], [ -240010.0, -3026550.0 ], [ -240020.0, -3026550.0 ], [ -240020.0, -3026560.0 ], [ -240040.0, -3026560.0 ], [ -240050.0, -3026560.0 ], [ -240050.0, -3026550.0 ], [ -240050.0, -3026540.0 ], [ -240060.0, -3026540.0 ], [ -240060.0, -3026550.0 ], [ -240060.0, -3026560.0 ], [ -240070.0, -3026560.0 ], [ -240070.0, -3026570.0 ], [ -240080.0, -3026570.0 ], [ -240090.0, -3026570.0 ], [ -240090.0, -3026580.0 ], [ -240100.0, -3026580.0 ], [ -240120.0, -3026580.0 ], [ -240120.0, -3026590.0 ], [ -240130.0, -3026590.0 ], [ -240140.0, -3026590.0 ], [ -240150.0, -3026590.0 ], [ -240150.0, -3026600.0 ], [ -240160.0, -3026600.0 ], [ -240170.0, -3026600.0 ], [ -240170.0, -3026610.0 ], [ -240230.0, -3026610.0 ], [ -240240.0, -3026610.0 ], [ -240250.0, -3026610.0 ], [ -240250.0, -3026600.0 ], [ -240250.0, -3026590.0 ], [ -240260.0, -3026590.0 ], [ -240260.0, -3026600.0 ], [ -240270.0, -3026600.0 ], [ -240280.0, -3026600.0 ], [ -240290.0, -3026600.0 ], [ -240290.0, -3026610.0 ], [ -240300.0, -3026610.0 ], [ -240330.0, -3026610.0 ], [ -240330.0, -3026620.0 ], [ -240340.0, -3026620.0 ], [ -240340.0, -3026630.0 ], [ -240360.0, -3026630.0 ], [ -240360.0, -3026620.0 ], [ -240370.0, -3026620.0 ], [ -240370.0, -3026630.0 ], [ -240380.0, -3026630.0 ], [ -240380.0, -3026620.0 ], [ -240390.0, -3026620.0 ], [ -240390.0, -3026610.0 ], [ -240390.0, -3026600.0 ], [ -240400.0, -3026600.0 ], [ -240410.0, -3026600.0 ], [ -240410.0, -3026610.0 ], [ -240420.0, -3026610.0 ], [ -240420.0, -3026600.0 ], [ -240430.0, -3026600.0 ], [ -240430.0, -3026590.0 ], [ -240440.0, -3026590.0 ], [ -240440.0, -3026580.0 ], [ -240450.0, -3026580.0 ], [ -240450.0, -3026570.0 ], [ -240460.0, -3026570.0 ], [ -240460.0, -3026560.0 ], [ -240430.0, -3026560.0 ], [ -240420.0, -3026560.0 ], [ -240420.0, -3026550.0 ], [ -240410.0, -3026550.0 ], [ -240400.0, -3026550.0 ], [ -240400.0, -3026540.0 ], [ -240390.0, -3026540.0 ], [ -240380.0, -3026540.0 ], [ -240380.0, -3026530.0 ], [ -240390.0, -3026530.0 ], [ -240390.0, -3026520.0 ], [ -240400.0, -3026520.0 ], [ -240410.0, -3026520.0 ], [ -240420.0, -3026520.0 ], [ -240420.0, -3026530.0 ], [ -240430.0, -3026530.0 ], [ -240440.0, -3026530.0 ], [ -240440.0, -3026540.0 ], [ -240460.0, -3026540.0 ], [ -240470.0, -3026540.0 ], [ -240470.0, -3026550.0 ], [ -240480.0, -3026550.0 ], [ -240500.0, -3026550.0 ], [ -240520.0, -3026550.0 ], [ -240520.0, -3026560.0 ], [ -240520.0, -3026570.0 ], [ -240510.0, -3026570.0 ], [ -240510.0, -3026590.0 ], [ -240520.0, -3026590.0 ], [ -240540.0, -3026590.0 ], [ -240550.0, -3026590.0 ], [ -240560.0, -3026590.0 ], [ -240570.0, -3026590.0 ], [ -240570.0, -3026580.0 ], [ -240580.0, -3026580.0 ], [ -240580.0, -3026590.0 ], [ -240590.0, -3026590.0 ], [ -240600.0, -3026590.0 ], [ -240610.0, -3026590.0 ], [ -240620.0, -3026590.0 ], [ -240630.0, -3026590.0 ], [ -240640.0, -3026590.0 ], [ -240640.0, -3026580.0 ], [ -240650.0, -3026580.0 ], [ -240670.0, -3026580.0 ], [ -240670.0, -3026570.0 ], [ -240690.0, -3026570.0 ], [ -240700.0, -3026570.0 ], [ -240710.0, -3026570.0 ], [ -240720.0, -3026570.0 ], [ -240720.0, -3026560.0 ], [ -240740.0, -3026560.0 ], [ -240740.0, -3026550.0 ], [ -240750.0, -3026550.0 ], [ -240760.0, -3026550.0 ], [ -240760.0, -3026530.0 ], [ -240770.0, -3026530.0 ], [ -240780.0, -3026530.0 ], [ -240780.0, -3026540.0 ], [ -240790.0, -3026540.0 ], [ -240800.0, -3026540.0 ], [ -240800.0, -3026530.0 ], [ -240810.0, -3026530.0 ], [ -240820.0, -3026530.0 ], [ -240820.0, -3026540.0 ], [ -240830.0, -3026540.0 ], [ -240850.0, -3026540.0 ], [ -240850.0, -3026550.0 ], [ -240860.0, -3026550.0 ], [ -240860.0, -3026530.0 ], [ -240850.0, -3026530.0 ], [ -240850.0, -3026520.0 ], [ -240860.0, -3026520.0 ], [ -240870.0, -3026520.0 ], [ -240870.0, -3026530.0 ], [ -240890.0, -3026530.0 ], [ -240890.0, -3026520.0 ], [ -240880.0, -3026520.0 ], [ -240880.0, -3026510.0 ], [ -240890.0, -3026510.0 ], [ -240900.0, -3026510.0 ], [ -240910.0, -3026510.0 ], [ -240930.0, -3026510.0 ], [ -240950.0, -3026510.0 ], [ -240950.0, -3026500.0 ], [ -240940.0, -3026500.0 ], [ -240940.0, -3026490.0 ], [ -240930.0, -3026490.0 ], [ -240930.0, -3026480.0 ], [ -240940.0, -3026480.0 ], [ -240940.0, -3026470.0 ], [ -240950.0, -3026470.0 ], [ -240950.0, -3026460.0 ], [ -240960.0, -3026460.0 ], [ -240960.0, -3026470.0 ], [ -240970.0, -3026470.0 ], [ -240980.0, -3026470.0 ], [ -240980.0, -3026460.0 ], [ -240990.0, -3026460.0 ], [ -241000.0, -3026460.0 ], [ -241010.0, -3026460.0 ], [ -241010.0, -3026450.0 ], [ -241000.0, -3026450.0 ], [ -241000.0, -3026440.0 ], [ -241000.0, -3026430.0 ], [ -241010.0, -3026430.0 ], [ -241010.0, -3026420.0 ], [ -241020.0, -3026420.0 ], [ -241020.0, -3026400.0 ], [ -241030.0, -3026400.0 ], [ -241030.0, -3026390.0 ], [ -241040.0, -3026390.0 ], [ -241040.0, -3026380.0 ], [ -241030.0, -3026380.0 ], [ -241030.0, -3026370.0 ], [ -241020.0, -3026370.0 ], [ -241020.0, -3026360.0 ], [ -241030.0, -3026360.0 ], [ -241030.0, -3026350.0 ], [ -241020.0, -3026350.0 ], [ -241020.0, -3026330.0 ], [ -241030.0, -3026330.0 ], [ -241030.0, -3026320.0 ], [ -241040.0, -3026320.0 ], [ -241050.0, -3026320.0 ], [ -241060.0, -3026320.0 ], [ -241070.0, -3026320.0 ], [ -241080.0, -3026320.0 ], [ -241080.0, -3026330.0 ], [ -241070.0, -3026330.0 ], [ -241070.0, -3026350.0 ], [ -241080.0, -3026350.0 ], [ -241090.0, -3026350.0 ], [ -241100.0, -3026350.0 ], [ -241100.0, -3026360.0 ], [ -241090.0, -3026360.0 ], [ -241090.0, -3026380.0 ], [ -241090.0, -3026390.0 ], [ -241080.0, -3026390.0 ], [ -241080.0, -3026400.0 ], [ -241080.0, -3026410.0 ], [ -241070.0, -3026410.0 ], [ -241070.0, -3026420.0 ], [ -241070.0, -3026430.0 ], [ -241060.0, -3026430.0 ], [ -241060.0, -3026440.0 ], [ -241050.0, -3026440.0 ], [ -241050.0, -3026450.0 ], [ -241040.0, -3026450.0 ], [ -241040.0, -3026460.0 ], [ -241040.0, -3026470.0 ], [ -241050.0, -3026470.0 ], [ -241050.0, -3026480.0 ], [ -241040.0, -3026480.0 ], [ -241040.0, -3026490.0 ], [ -241040.0, -3026510.0 ], [ -241030.0, -3026510.0 ], [ -241030.0, -3026520.0 ], [ -241030.0, -3026530.0 ], [ -241020.0, -3026530.0 ], [ -241020.0, -3026540.0 ], [ -241010.0, -3026540.0 ], [ -241010.0, -3026550.0 ], [ -241000.0, -3026550.0 ], [ -241000.0, -3026560.0 ], [ -241000.0, -3026570.0 ], [ -240990.0, -3026570.0 ], [ -240990.0, -3026580.0 ], [ -240980.0, -3026580.0 ], [ -240980.0, -3026590.0 ], [ -240990.0, -3026590.0 ], [ -240990.0, -3026600.0 ], [ -240980.0, -3026600.0 ], [ -240980.0, -3026610.0 ], [ -240980.0, -3026630.0 ], [ -240970.0, -3026630.0 ], [ -240970.0, -3026640.0 ], [ -240960.0, -3026640.0 ], [ -240960.0, -3026650.0 ], [ -240960.0, -3026660.0 ], [ -240950.0, -3026660.0 ], [ -240940.0, -3026660.0 ], [ -240940.0, -3026670.0 ], [ -240930.0, -3026670.0 ], [ -240930.0, -3026680.0 ], [ -240920.0, -3026680.0 ], [ -240920.0, -3026690.0 ], [ -240910.0, -3026690.0 ], [ -240910.0, -3026700.0 ], [ -240910.0, -3026710.0 ], [ -240900.0, -3026710.0 ], [ -240900.0, -3026720.0 ], [ -240910.0, -3026720.0 ], [ -240910.0, -3026730.0 ], [ -240920.0, -3026730.0 ], [ -240920.0, -3026720.0 ], [ -240930.0, -3026720.0 ], [ -240940.0, -3026720.0 ], [ -240940.0, -3026730.0 ], [ -240950.0, -3026730.0 ], [ -240960.0, -3026730.0 ], [ -240970.0, -3026730.0 ], [ -240970.0, -3026710.0 ], [ -240980.0, -3026710.0 ], [ -240980.0, -3026720.0 ], [ -240990.0, -3026720.0 ], [ -240990.0, -3026710.0 ], [ -241000.0, -3026710.0 ], [ -241000.0, -3026700.0 ], [ -240990.0, -3026700.0 ], [ -240990.0, -3026690.0 ], [ -241010.0, -3026690.0 ], [ -241010.0, -3026680.0 ], [ -241000.0, -3026680.0 ], [ -241000.0, -3026670.0 ], [ -241010.0, -3026670.0 ], [ -241030.0, -3026670.0 ], [ -241040.0, -3026670.0 ], [ -241040.0, -3026660.0 ], [ -241050.0, -3026660.0 ], [ -241050.0, -3026670.0 ], [ -241070.0, -3026670.0 ], [ -241080.0, -3026670.0 ], [ -241080.0, -3026660.0 ], [ -241100.0, -3026660.0 ], [ -241100.0, -3026650.0 ], [ -241090.0, -3026650.0 ], [ -241090.0, -3026640.0 ], [ -241110.0, -3026640.0 ], [ -241120.0, -3026640.0 ], [ -241130.0, -3026640.0 ], [ -241140.0, -3026640.0 ], [ -241150.0, -3026640.0 ], [ -241170.0, -3026640.0 ], [ -241170.0, -3026630.0 ], [ -241150.0, -3026630.0 ], [ -241150.0, -3026620.0 ], [ -241140.0, -3026620.0 ], [ -241140.0, -3026610.0 ], [ -241130.0, -3026610.0 ], [ -241130.0, -3026600.0 ], [ -241140.0, -3026600.0 ], [ -241140.0, -3026590.0 ], [ -241150.0, -3026590.0 ], [ -241170.0, -3026590.0 ], [ -241170.0, -3026580.0 ], [ -241180.0, -3026580.0 ], [ -241180.0, -3026570.0 ], [ -241220.0, -3026570.0 ], [ -241230.0, -3026570.0 ], [ -241230.0, -3026560.0 ], [ -241240.0, -3026560.0 ], [ -241240.0, -3026550.0 ], [ -241260.0, -3026550.0 ], [ -241260.0, -3026540.0 ], [ -241270.0, -3026540.0 ], [ -241270.0, -3026530.0 ], [ -241290.0, -3026530.0 ], [ -241300.0, -3026530.0 ], [ -241300.0, -3026520.0 ], [ -241310.0, -3026520.0 ], [ -241320.0, -3026520.0 ], [ -241320.0, -3026510.0 ], [ -241330.0, -3026510.0 ], [ -241330.0, -3026500.0 ], [ -241340.0, -3026500.0 ], [ -241340.0, -3026510.0 ], [ -241350.0, -3026510.0 ], [ -241350.0, -3026500.0 ], [ -241350.0, -3026490.0 ], [ -241360.0, -3026490.0 ], [ -241420.0, -3026490.0 ], [ -241420.0, -3026470.0 ], [ -241390.0, -3026470.0 ], [ -241390.0, -3026480.0 ], [ -241370.0, -3026480.0 ], [ -241370.0, -3026470.0 ], [ -241360.0, -3026470.0 ], [ -241340.0, -3026470.0 ], [ -241330.0, -3026470.0 ], [ -241330.0, -3026450.0 ], [ -241340.0, -3026450.0 ], [ -241340.0, -3026440.0 ], [ -241350.0, -3026440.0 ], [ -241380.0, -3026440.0 ], [ -241380.0, -3026430.0 ], [ -241390.0, -3026430.0 ], [ -241390.0, -3026420.0 ], [ -241400.0, -3026420.0 ], [ -241400.0, -3026410.0 ], [ -241400.0, -3026400.0 ], [ -241390.0, -3026400.0 ], [ -241380.0, -3026400.0 ], [ -241380.0, -3026410.0 ], [ -241370.0, -3026410.0 ], [ -241370.0, -3026390.0 ], [ -241390.0, -3026390.0 ], [ -241410.0, -3026390.0 ], [ -241410.0, -3026380.0 ], [ -241420.0, -3026380.0 ], [ -241430.0, -3026380.0 ], [ -241440.0, -3026380.0 ], [ -241450.0, -3026380.0 ], [ -241450.0, -3026370.0 ], [ -241460.0, -3026370.0 ], [ -241470.0, -3026370.0 ], [ -241470.0, -3026360.0 ], [ -241460.0, -3026360.0 ], [ -241460.0, -3026350.0 ], [ -241430.0, -3026350.0 ], [ -241430.0, -3026340.0 ], [ -241440.0, -3026340.0 ], [ -241460.0, -3026340.0 ], [ -241460.0, -3026330.0 ], [ -241490.0, -3026330.0 ], [ -241490.0, -3026320.0 ], [ -241520.0, -3026320.0 ], [ -241520.0, -3026310.0 ], [ -241500.0, -3026310.0 ], [ -241500.0, -3026300.0 ], [ -241490.0, -3026300.0 ], [ -241490.0, -3026310.0 ], [ -241480.0, -3026310.0 ], [ -241480.0, -3026320.0 ], [ -241440.0, -3026320.0 ], [ -241440.0, -3026310.0 ], [ -241450.0, -3026310.0 ], [ -241450.0, -3026300.0 ], [ -241460.0, -3026300.0 ], [ -241480.0, -3026300.0 ], [ -241480.0, -3026290.0 ], [ -241480.0, -3026280.0 ], [ -241560.0, -3026280.0 ], [ -241560.0, -3026290.0 ], [ -241580.0, -3026290.0 ], [ -241580.0, -3026280.0 ], [ -241580.0, -3026270.0 ], [ -241590.0, -3026270.0 ], [ -241590.0, -3026250.0 ], [ -241620.0, -3026250.0 ], [ -241650.0, -3026250.0 ], [ -241660.0, -3026250.0 ], [ -241660.0, -3026260.0 ], [ -241670.0, -3026260.0 ], [ -241670.0, -3026250.0 ], [ -241710.0, -3026250.0 ], [ -241710.0, -3026260.0 ], [ -241720.0, -3026260.0 ], [ -241730.0, -3026260.0 ], [ -241770.0, -3026260.0 ], [ -241770.0, -3026270.0 ], [ -241760.0, -3026270.0 ], [ -241760.0, -3026280.0 ], [ -241700.0, -3026280.0 ], [ -241690.0, -3026280.0 ], [ -241680.0, -3026280.0 ], [ -241680.0, -3026290.0 ], [ -241670.0, -3026290.0 ], [ -241660.0, -3026290.0 ], [ -241660.0, -3026300.0 ], [ -241650.0, -3026300.0 ], [ -241650.0, -3026310.0 ], [ -241660.0, -3026310.0 ], [ -241690.0, -3026310.0 ], [ -241700.0, -3026310.0 ], [ -241710.0, -3026310.0 ], [ -241710.0, -3026320.0 ], [ -241720.0, -3026320.0 ], [ -241740.0, -3026320.0 ], [ -241740.0, -3026310.0 ], [ -241760.0, -3026310.0 ], [ -241760.0, -3026320.0 ], [ -241780.0, -3026320.0 ], [ -241780.0, -3026330.0 ], [ -241790.0, -3026330.0 ], [ -241790.0, -3026350.0 ], [ -241800.0, -3026350.0 ], [ -241800.0, -3026360.0 ], [ -241810.0, -3026360.0 ], [ -241810.0, -3026340.0 ], [ -241830.0, -3026340.0 ], [ -241840.0, -3026340.0 ], [ -241850.0, -3026340.0 ], [ -241860.0, -3026340.0 ], [ -241860.0, -3026350.0 ], [ -241870.0, -3026350.0 ], [ -241880.0, -3026350.0 ], [ -241880.0, -3026360.0 ], [ -241890.0, -3026360.0 ], [ -241890.0, -3026350.0 ], [ -241900.0, -3026350.0 ], [ -241900.0, -3026340.0 ], [ -241930.0, -3026340.0 ], [ -241940.0, -3026340.0 ], [ -241940.0, -3026330.0 ], [ -241930.0, -3026330.0 ], [ -241930.0, -3026320.0 ], [ -241940.0, -3026320.0 ], [ -241940.0, -3026310.0 ], [ -241950.0, -3026310.0 ], [ -241950.0, -3026300.0 ], [ -241960.0, -3026300.0 ], [ -241960.0, -3026290.0 ], [ -241970.0, -3026290.0 ], [ -241970.0, -3026280.0 ], [ -241980.0, -3026280.0 ], [ -241980.0, -3026270.0 ], [ -242010.0, -3026270.0 ], [ -242010.0, -3026260.0 ], [ -242030.0, -3026260.0 ], [ -242030.0, -3026250.0 ], [ -242040.0, -3026250.0 ], [ -242040.0, -3026240.0 ], [ -242020.0, -3026240.0 ], [ -242020.0, -3026230.0 ], [ -242000.0, -3026230.0 ], [ -242000.0, -3026240.0 ], [ -241970.0, -3026240.0 ], [ -241970.0, -3026260.0 ], [ -241960.0, -3026260.0 ], [ -241960.0, -3026270.0 ], [ -241950.0, -3026270.0 ], [ -241940.0, -3026270.0 ], [ -241940.0, -3026260.0 ], [ -241930.0, -3026260.0 ], [ -241930.0, -3026250.0 ], [ -241920.0, -3026250.0 ], [ -241920.0, -3026230.0 ], [ -241930.0, -3026230.0 ], [ -241930.0, -3026220.0 ], [ -241940.0, -3026220.0 ], [ -241950.0, -3026220.0 ], [ -241960.0, -3026220.0 ], [ -241960.0, -3026210.0 ], [ -241960.0, -3026200.0 ], [ -241970.0, -3026200.0 ], [ -241970.0, -3026190.0 ], [ -241970.0, -3026180.0 ], [ -241980.0, -3026180.0 ], [ -241980.0, -3026170.0 ], [ -241990.0, -3026170.0 ], [ -241990.0, -3026150.0 ], [ -241980.0, -3026150.0 ], [ -241970.0, -3026150.0 ], [ -241960.0, -3026150.0 ], [ -241940.0, -3026150.0 ], [ -241940.0, -3026160.0 ], [ -241930.0, -3026160.0 ], [ -241930.0, -3026170.0 ], [ -241920.0, -3026170.0 ], [ -241910.0, -3026170.0 ], [ -241910.0, -3026160.0 ], [ -241900.0, -3026160.0 ], [ -241900.0, -3026150.0 ], [ -241890.0, -3026150.0 ], [ -241890.0, -3026140.0 ], [ -241880.0, -3026140.0 ], [ -241880.0, -3026130.0 ], [ -241870.0, -3026130.0 ], [ -241870.0, -3026120.0 ], [ -241860.0, -3026120.0 ], [ -241860.0, -3026110.0 ], [ -241860.0, -3026100.0 ], [ -241850.0, -3026100.0 ], [ -241840.0, -3026100.0 ], [ -241840.0, -3026075.501137187704444 ], [ -241841.913401108206017, -3026070.0 ], [ -241850.0, -3026070.0 ], [ -241850.0, -3026060.0 ], [ -241870.0, -3026060.0 ], [ -241870.0, -3026070.0 ], [ -241880.0, -3026070.0 ], [ -241890.0, -3026070.0 ], [ -241910.0, -3026070.0 ], [ -241910.0, -3026060.0 ], [ -241920.0, -3026060.0 ], [ -241930.0, -3026060.0 ], [ -241950.0, -3026060.0 ], [ -241950.0, -3026070.0 ], [ -241960.0, -3026070.0 ], [ -241960.0, -3026060.0 ], [ -241970.0, -3026060.0 ], [ -241980.0, -3026060.0 ], [ -241980.0, -3026070.0 ], [ -241990.0, -3026070.0 ], [ -241990.0, -3026090.0 ], [ -242000.0, -3026090.0 ], [ -242000.0, -3026060.0 ], [ -242010.0, -3026060.0 ], [ -242010.0, -3026050.0 ], [ -242020.0, -3026050.0 ], [ -242040.0, -3026050.0 ], [ -242040.0, -3026060.0 ], [ -242040.0, -3026070.0 ], [ -242060.0, -3026070.0 ], [ -242060.0, -3026060.0 ], [ -242080.0, -3026060.0 ], [ -242080.0, -3026070.0 ], [ -242080.0, -3026080.0 ], [ -242070.0, -3026080.0 ], [ -242060.0, -3026080.0 ], [ -242060.0, -3026090.0 ], [ -242050.0, -3026090.0 ], [ -242050.0, -3026100.0 ], [ -242040.0, -3026100.0 ], [ -242030.0, -3026100.0 ], [ -242030.0, -3026120.0 ], [ -242040.0, -3026120.0 ], [ -242050.0, -3026120.0 ], [ -242050.0, -3026130.0 ], [ -242060.0, -3026130.0 ], [ -242070.0, -3026130.0 ], [ -242070.0, -3026140.0 ], [ -242060.0, -3026140.0 ], [ -242060.0, -3026150.0 ], [ -242050.0, -3026150.0 ], [ -242040.0, -3026150.0 ], [ -242040.0, -3026170.0 ], [ -242040.0, -3026180.0 ], [ -242030.0, -3026180.0 ], [ -242030.0, -3026190.0 ], [ -242040.0, -3026190.0 ], [ -242050.0, -3026190.0 ], [ -242050.0, -3026200.0 ], [ -242060.0, -3026200.0 ], [ -242060.0, -3026180.0 ], [ -242070.0, -3026180.0 ], [ -242070.0, -3026170.0 ], [ -242090.0, -3026170.0 ], [ -242100.0, -3026170.0 ], [ -242110.0, -3026170.0 ], [ -242110.0, -3026160.0 ], [ -242130.0, -3026160.0 ], [ -242130.0, -3026150.0 ], [ -242140.0, -3026150.0 ], [ -242140.0, -3026140.0 ], [ -242150.0, -3026140.0 ], [ -242150.0, -3026150.0 ], [ -242160.0, -3026150.0 ], [ -242160.0, -3026160.0 ], [ -242150.0, -3026160.0 ], [ -242150.0, -3026170.0 ], [ -242160.0, -3026170.0 ], [ -242170.0, -3026170.0 ], [ -242170.0, -3026160.0 ], [ -242180.0, -3026160.0 ], [ -242190.0, -3026160.0 ], [ -242190.0, -3026150.0 ], [ -242220.0, -3026150.0 ], [ -242230.0, -3026150.0 ], [ -242230.0, -3026140.0 ], [ -242240.0, -3026140.0 ], [ -242240.0, -3026130.0 ], [ -242260.0, -3026130.0 ], [ -242260.0, -3026140.0 ], [ -242270.0, -3026140.0 ], [ -242270.0, -3026150.0 ], [ -242280.0, -3026150.0 ], [ -242300.0, -3026150.0 ], [ -242300.0, -3026160.0 ], [ -242320.0, -3026160.0 ], [ -242330.0, -3026160.0 ], [ -242350.0, -3026160.0 ], [ -242350.0, -3026140.0 ], [ -242350.0, -3026120.0 ], [ -242360.0, -3026120.0 ], [ -242380.0, -3026120.0 ], [ -242380.0, -3026100.0 ], [ -242390.0, -3026100.0 ], [ -242390.0, -3026120.0 ], [ -242400.0, -3026120.0 ], [ -242410.0, -3026120.0 ], [ -242430.0, -3026120.0 ], [ -242430.0, -3026130.0 ], [ -242440.0, -3026130.0 ], [ -242440.0, -3026120.0 ], [ -242450.0, -3026120.0 ], [ -242450.0, -3026130.0 ], [ -242460.0, -3026130.0 ], [ -242470.0, -3026130.0 ], [ -242470.0, -3026140.0 ], [ -242480.0, -3026140.0 ], [ -242530.0, -3026140.0 ], [ -242530.0, -3026150.0 ], [ -242540.0, -3026150.0 ], [ -242550.0, -3026150.0 ], [ -242550.0, -3026140.0 ], [ -242560.0, -3026140.0 ], [ -242560.0, -3026150.0 ], [ -242570.0, -3026150.0 ], [ -242580.0, -3026150.0 ], [ -242580.0, -3026160.0 ], [ -242590.0, -3026160.0 ], [ -242600.0, -3026160.0 ], [ -242630.0, -3026160.0 ], [ -242630.0, -3026150.0 ], [ -242630.0, -3026140.0 ], [ -242630.0, -3026130.0 ], [ -242640.0, -3026130.0 ], [ -242640.0, -3026120.0 ], [ -242640.0, -3026110.0 ], [ -242650.0, -3026110.0 ], [ -242650.0, -3026100.0 ], [ -242660.0, -3026100.0 ], [ -242660.0, -3026110.0 ], [ -242670.0, -3026110.0 ], [ -242670.0, -3026100.0 ], [ -242700.0, -3026100.0 ], [ -242710.0, -3026100.0 ], [ -242720.0, -3026100.0 ], [ -242730.0, -3026100.0 ], [ -242730.0, -3026090.0 ], [ -242740.0, -3026090.0 ], [ -242740.0, -3026080.0 ], [ -242750.0, -3026080.0 ], [ -242760.0, -3026080.0 ], [ -242760.0, -3026070.0 ], [ -242770.0, -3026070.0 ], [ -242780.0, -3026070.0 ], [ -242800.0, -3026070.0 ], [ -242810.0, -3026070.0 ], [ -242810.0, -3026050.0 ], [ -242820.0, -3026050.0 ], [ -242820.0, -3026030.0 ], [ -242840.0, -3026030.0 ], [ -242850.0, -3026030.0 ], [ -242860.0, -3026030.0 ], [ -242880.0, -3026030.0 ], [ -242910.0, -3026030.0 ], [ -242910.0, -3026020.0 ], [ -242940.0, -3026020.0 ], [ -242950.0, -3026020.0 ], [ -242960.0, -3026020.0 ], [ -242960.0, -3026010.0 ], [ -242970.0, -3026010.0 ], [ -242980.0, -3026010.0 ], [ -243010.0, -3026010.0 ], [ -243010.0, -3026000.0 ], [ -243040.0, -3026000.0 ], [ -243040.0, -3026010.0 ], [ -243050.0, -3026010.0 ], [ -243050.0, -3026000.0 ], [ -243080.0, -3026000.0 ], [ -243080.0, -3025990.0 ], [ -243090.0, -3025990.0 ], [ -243100.0, -3025990.0 ], [ -243100.0, -3025980.0 ], [ -243090.0, -3025980.0 ], [ -243080.0, -3025980.0 ], [ -243060.0, -3025980.0 ], [ -243060.0, -3025970.0 ], [ -243050.0, -3025970.0 ], [ -243050.0, -3025950.0 ], [ -243060.0, -3025950.0 ], [ -243070.0, -3025950.0 ], [ -243070.0, -3025940.0 ], [ -243060.0, -3025940.0 ], [ -243060.0, -3025930.0 ], [ -243080.0, -3025930.0 ], [ -243080.0, -3025920.0 ], [ -243090.0, -3025920.0 ], [ -243100.0, -3025920.0 ], [ -243100.0, -3025930.0 ], [ -243110.0, -3025930.0 ], [ -243120.0, -3025930.0 ], [ -243120.0, -3025920.0 ], [ -243130.0, -3025920.0 ], [ -243130.0, -3025930.0 ], [ -243140.0, -3025930.0 ], [ -243150.0, -3025930.0 ], [ -243150.0, -3025920.0 ], [ -243160.0, -3025920.0 ], [ -243170.0, -3025920.0 ], [ -243170.0, -3025910.0 ], [ -243170.0, -3025900.0 ], [ -243180.0, -3025900.0 ], [ -243180.0, -3025890.0 ], [ -243180.0, -3025870.0 ], [ -243180.0, -3025860.0 ], [ -243170.0, -3025860.0 ], [ -243170.0, -3025850.0 ], [ -243160.0, -3025850.0 ], [ -243160.0, -3025830.0 ], [ -243170.0, -3025830.0 ], [ -243190.0, -3025830.0 ], [ -243190.0, -3025820.0 ], [ -243220.0, -3025820.0 ], [ -243220.0, -3025800.0 ], [ -243170.0, -3025800.0 ], [ -243170.0, -3025810.0 ], [ -243180.0, -3025810.0 ], [ -243180.0, -3025820.0 ], [ -243170.0, -3025820.0 ], [ -243160.0, -3025820.0 ], [ -243150.0, -3025820.0 ], [ -243140.0, -3025820.0 ], [ -243140.0, -3025810.0 ], [ -243130.0, -3025810.0 ], [ -243130.0, -3025790.0 ], [ -243120.0, -3025790.0 ], [ -243120.0, -3025780.0 ], [ -243130.0, -3025780.0 ], [ -243130.0, -3025770.0 ], [ -243150.0, -3025770.0 ], [ -243150.0, -3025760.0 ], [ -243170.0, -3025760.0 ], [ -243190.0, -3025760.0 ], [ -243200.0, -3025760.0 ], [ -243210.0, -3025760.0 ], [ -243230.0, -3025760.0 ], [ -243230.0, -3025750.0 ], [ -243220.0, -3025750.0 ], [ -243220.0, -3025740.0 ], [ -243240.0, -3025740.0 ], [ -243250.0, -3025740.0 ], [ -243250.0, -3025730.0 ], [ -243260.0, -3025730.0 ], [ -243270.0, -3025730.0 ], [ -243270.0, -3025750.0 ], [ -243260.0, -3025750.0 ], [ -243260.0, -3025760.0 ], [ -243240.0, -3025760.0 ], [ -243240.0, -3025770.0 ], [ -243230.0, -3025770.0 ], [ -243230.0, -3025790.0 ], [ -243240.0, -3025790.0 ], [ -243240.0, -3025820.0 ], [ -243250.0, -3025820.0 ], [ -243250.0, -3025810.0 ], [ -243260.0, -3025810.0 ], [ -243260.0, -3025800.0 ], [ -243250.0, -3025800.0 ], [ -243250.0, -3025780.0 ], [ -243270.0, -3025780.0 ], [ -243270.0, -3025770.0 ], [ -243280.0, -3025770.0 ], [ -243280.0, -3025790.0 ], [ -243320.0, -3025790.0 ], [ -243320.0, -3025770.0 ], [ -243300.0, -3025770.0 ], [ -243300.0, -3025760.0 ], [ -243330.0, -3025760.0 ], [ -243330.0, -3025750.0 ], [ -243340.0, -3025750.0 ], [ -243340.0, -3025740.0 ], [ -243300.0, -3025740.0 ], [ -243300.0, -3025730.0 ], [ -243290.0, -3025730.0 ], [ -243290.0, -3025720.0 ], [ -243300.0, -3025720.0 ], [ -243350.0, -3025720.0 ], [ -243350.0, -3025710.0 ], [ -243310.0, -3025710.0 ], [ -243310.0, -3025700.0 ], [ -243320.0, -3025700.0 ], [ -243320.0, -3025690.0 ], [ -243330.0, -3025690.0 ], [ -243340.0, -3025690.0 ], [ -243350.0, -3025690.0 ], [ -243350.0, -3025680.0 ], [ -243360.0, -3025680.0 ], [ -243370.0, -3025680.0 ], [ -243370.0, -3025670.0 ], [ -243380.0, -3025670.0 ], [ -243380.0, -3025660.0 ], [ -243390.0, -3025660.0 ], [ -243400.0, -3025660.0 ], [ -243400.0, -3025650.0 ], [ -243410.0, -3025650.0 ], [ -243410.0, -3025640.0 ], [ -243420.0, -3025640.0 ], [ -243430.0, -3025640.0 ], [ -243430.0, -3025650.0 ], [ -243440.0, -3025650.0 ], [ -243450.0, -3025650.0 ], [ -243460.0, -3025650.0 ], [ -243460.0, -3025660.0 ], [ -243470.0, -3025660.0 ], [ -243490.0, -3025660.0 ], [ -243500.0, -3025660.0 ], [ -243500.0, -3025650.0 ], [ -243520.0, -3025650.0 ], [ -243530.0, -3025650.0 ], [ -243530.0, -3025660.0 ], [ -243540.0, -3025660.0 ], [ -243550.0, -3025660.0 ], [ -243560.0, -3025660.0 ], [ -243560.0, -3025670.0 ], [ -243570.0, -3025670.0 ], [ -243570.0, -3025680.0 ], [ -243600.0, -3025680.0 ], [ -243600.0, -3025670.0 ], [ -243610.0, -3025670.0 ], [ -243610.0, -3025660.0 ], [ -243630.0, -3025660.0 ], [ -243640.0, -3025660.0 ], [ -243640.0, -3025650.0 ], [ -243650.0, -3025650.0 ], [ -243650.0, -3025640.0 ], [ -243670.0, -3025640.0 ], [ -243670.0, -3025650.0 ], [ -243680.0, -3025650.0 ], [ -243680.0, -3025660.0 ], [ -243660.0, -3025660.0 ], [ -243660.0, -3025670.0 ], [ -243690.0, -3025670.0 ], [ -243690.0, -3025660.0 ], [ -243700.0, -3025660.0 ], [ -243700.0, -3025640.0 ], [ -243740.0, -3025640.0 ], [ -243740.0, -3025630.0 ], [ -243760.0, -3025630.0 ], [ -243760.0, -3025620.0 ], [ -243740.0, -3025620.0 ], [ -243740.0, -3025610.0 ], [ -243720.0, -3025610.0 ], [ -243720.0, -3025620.0 ], [ -243690.0, -3025620.0 ], [ -243690.0, -3025630.0 ], [ -243670.0, -3025630.0 ], [ -243670.0, -3025620.0 ], [ -243650.0, -3025620.0 ], [ -243650.0, -3025630.0 ], [ -243620.0, -3025630.0 ], [ -243590.0, -3025630.0 ], [ -243590.0, -3025640.0 ], [ -243570.0, -3025640.0 ], [ -243560.0, -3025640.0 ], [ -243560.0, -3025630.0 ], [ -243550.0, -3025630.0 ], [ -243550.0, -3025610.0 ], [ -243560.0, -3025610.0 ], [ -243570.0, -3025610.0 ], [ -243580.0, -3025610.0 ], [ -243580.0, -3025600.0 ], [ -243590.0, -3025600.0 ], [ -243600.0, -3025600.0 ], [ -243600.0, -3025610.0 ], [ -243610.0, -3025610.0 ], [ -243610.0, -3025600.0 ], [ -243620.0, -3025600.0 ], [ -243630.0, -3025600.0 ], [ -243630.0, -3025610.0 ], [ -243640.0, -3025610.0 ], [ -243640.0, -3025600.0 ], [ -243650.0, -3025600.0 ], [ -243650.0, -3025590.0 ], [ -243640.0, -3025590.0 ], [ -243640.0, -3025580.0 ], [ -243650.0, -3025580.0 ], [ -243660.0, -3025580.0 ], [ -243660.0, -3025590.0 ], [ -243670.0, -3025590.0 ], [ -243670.0, -3025570.0 ], [ -243670.0, -3025560.0 ], [ -243680.0, -3025560.0 ], [ -243690.0, -3025560.0 ], [ -243690.0, -3025590.0 ], [ -243750.0, -3025590.0 ], [ -243750.0, -3025580.0 ], [ -243760.0, -3025580.0 ], [ -243760.0, -3025570.0 ], [ -243770.0, -3025570.0 ], [ -243770.0, -3025550.0 ], [ -243780.0, -3025550.0 ], [ -243780.0, -3025540.0 ], [ -243790.0, -3025540.0 ], [ -243790.0, -3025530.0 ], [ -243830.0, -3025530.0 ], [ -243830.0, -3025540.0 ], [ -243840.0, -3025540.0 ], [ -243850.0, -3025540.0 ], [ -243850.0, -3025530.0 ], [ -243860.0, -3025530.0 ], [ -243870.0, -3025530.0 ], [ -243890.0, -3025530.0 ], [ -243900.0, -3025530.0 ], [ -243900.0, -3025520.0 ], [ -243910.0, -3025520.0 ], [ -243930.0, -3025520.0 ], [ -243950.0, -3025520.0 ], [ -243950.0, -3025530.0 ], [ -243940.0, -3025530.0 ], [ -243940.0, -3025540.0 ], [ -243930.0, -3025540.0 ], [ -243930.0, -3025560.0 ], [ -243950.0, -3025560.0 ], [ -243950.0, -3025550.0 ], [ -244070.0, -3025550.0 ], [ -244070.0, -3025540.0 ], [ -244120.0, -3025540.0 ], [ -244120.0, -3025530.0 ], [ -244130.0, -3025530.0 ], [ -244130.0, -3025520.0 ], [ -244090.0, -3025520.0 ], [ -244090.0, -3025490.0 ], [ -244100.0, -3025490.0 ], [ -244100.0, -3025500.0 ], [ -244140.0, -3025500.0 ], [ -244140.0, -3025490.0 ], [ -244150.0, -3025490.0 ], [ -244150.0, -3025480.0 ], [ -244180.0, -3025480.0 ], [ -244180.0, -3025490.0 ], [ -244200.0, -3025490.0 ], [ -244200.0, -3025480.0 ], [ -244210.0, -3025480.0 ], [ -244230.0, -3025480.0 ], [ -244250.0, -3025480.0 ], [ -244250.0, -3025470.0 ], [ -244260.0, -3025470.0 ], [ -244270.0, -3025470.0 ], [ -244280.0, -3025470.0 ], [ -244290.0, -3025470.0 ], [ -244290.0, -3025460.0 ], [ -244340.0, -3025460.0 ], [ -244350.0, -3025460.0 ], [ -244360.0, -3025460.0 ], [ -244370.0, -3025460.0 ], [ -244370.0, -3025470.0 ], [ -244380.0, -3025470.0 ], [ -244390.0, -3025470.0 ], [ -244390.0, -3025480.0 ], [ -244400.0, -3025480.0 ], [ -244400.0, -3025490.0 ], [ -244410.0, -3025490.0 ], [ -244420.0, -3025490.0 ], [ -244420.0, -3025500.0 ], [ -244430.0, -3025500.0 ], [ -244430.0, -3025510.0 ], [ -244440.0, -3025510.0 ], [ -244450.0, -3025510.0 ], [ -244450.0, -3025520.0 ], [ -244460.0, -3025520.0 ], [ -244460.0, -3025510.0 ], [ -244470.0, -3025510.0 ], [ -244470.0, -3025520.0 ], [ -244480.0, -3025520.0 ], [ -244490.0, -3025520.0 ], [ -244490.0, -3025530.0 ], [ -244510.0, -3025530.0 ], [ -244510.0, -3025540.0 ], [ -244520.0, -3025540.0 ], [ -244530.0, -3025540.0 ], [ -244530.0, -3025550.0 ], [ -244540.0, -3025550.0 ], [ -244550.0, -3025550.0 ], [ -244550.0, -3025560.0 ], [ -244560.0, -3025560.0 ], [ -244570.0, -3025560.0 ], [ -244570.0, -3025550.0 ], [ -244580.0, -3025550.0 ], [ -244600.0, -3025550.0 ], [ -244600.0, -3025560.0 ], [ -244610.0, -3025560.0 ], [ -244630.0, -3025560.0 ], [ -244630.0, -3025570.0 ], [ -244640.0, -3025570.0 ], [ -244650.0, -3025570.0 ], [ -244660.0, -3025570.0 ], [ -244660.0, -3025580.0 ], [ -244670.0, -3025580.0 ], [ -244680.0, -3025580.0 ], [ -244680.0, -3025570.0 ], [ -244690.0, -3025570.0 ], [ -244700.0, -3025570.0 ], [ -244708.118866885168245, -3025570.0 ], [ -244710.0, -3025570.136931789573282 ], [ -244710.0, -3025580.0 ], [ -244720.0, -3025580.0 ], [ -244730.0, -3025580.0 ], [ -244730.0, -3025590.0 ], [ -244740.0, -3025590.0 ], [ -244750.0, -3025590.0 ], [ -244750.0, -3025600.0 ], [ -244760.0, -3025600.0 ], [ -244760.0, -3025610.0 ], [ -244770.0, -3025610.0 ], [ -244770.0, -3025620.0 ], [ -244790.0, -3025620.0 ], [ -244790.0, -3025630.0 ], [ -244800.0, -3025630.0 ], [ -244800.0, -3025640.0 ], [ -244800.0, -3025660.0 ], [ -244800.0, -3025661.1370370965451 ], [ -244799.572414656897308, -3025661.282924897968769 ], [ -244795.07853801024612, -3025664.135879925452173 ], [ -244791.565039855224313, -3025666.54664213443175 ], [ -244789.846828199544689, -3025669.799202284310013 ], [ -244790.0, -3025671.295390949584544 ], [ -244790.0, -3025674.552583682816476 ], [ -244789.455220384174027, -3025675.992596036754549 ], [ -244788.075439369567903, -3025679.210473819635808 ], [ -244788.236854862538166, -3025680.0 ], [ -244780.0, -3025680.0 ], [ -244780.0, -3025690.0 ], [ -244774.667466707876883, -3025690.0 ], [ -244774.463328142708633, -3025689.833779447246343 ], [ -244772.598646980186459, -3025688.315423576161265 ], [ -244768.63494706506026, -3025686.328178553376347 ], [ -244764.844298930023797, -3025686.032544916495681 ], [ -244762.641297754802508, -3025684.548778215888888 ], [ -244762.494833400589414, -3025679.77786048874259 ], [ -244760.795312477188418, -3025676.533396115526557 ], [ -244758.800063524628058, -3025677.079468011856079 ], [ -244756.301428076141747, -3025679.386348224710673 ], [ -244755.329151451674988, -3025683.24617542186752 ], [ -244753.203434270457365, -3025685.856684996280819 ], [ -244749.247728273214307, -3025687.28716639848426 ], [ -244745.630240439320914, -3025688.683049173559994 ], [ -244742.924079754709965, -3025690.0 ], [ -244740.0, -3025690.0 ], [ -244740.0, -3025691.456907999701798 ], [ -244734.065819385723444, -3025695.224358738865703 ], [ -244729.096196636499371, -3025700.108713683206588 ], [ -244722.55808269532281, -3025705.700585887301713 ], [ -244713.74406142992666, -3025710.431493585929275 ], [ -244707.525608270516386, -3025713.80286676902324 ], [ -244701.528887154709082, -3025719.339341577608138 ], [ -244700.06425232818583, -3025720.0 ], [ -244700.0, -3025720.0 ], [ -244700.0, -3025720.028982542920858 ], [ -244695.255032978369854, -3025722.169312931131572 ], [ -244685.89970101826475, -3025726.955623056739569 ], [ -244680.087805614020908, -3025730.0 ], [ -244680.0, -3025730.0 ], [ -244670.0, -3025730.0 ], [ -244670.0, -3025737.248883520718664 ], [ -244666.408468552399427, -3025740.0 ], [ -244660.0, -3025740.0 ], [ -244660.0, -3025745.977005504537374 ], [ -244659.956227522459812, -3025746.020026767626405 ], [ -244653.686998976801988, -3025750.0 ], [ -244650.0, -3025750.0 ], [ -244640.0, -3025750.0 ], [ -244640.0, -3025758.488395270891488 ], [ -244634.818189540354069, -3025762.267109518870711 ], [ -244629.903940472431714, -3025767.692767022643238 ], [ -244622.769184810778825, -3025772.798752196598798 ], [ -244618.937532836134778, -3025778.113601496908814 ], [ -244618.800201816105982, -3025780.0 ], [ -244610.0, -3025780.0 ], [ -244610.0, -3025790.0 ], [ -244600.0, -3025790.0 ], [ -244600.0, -3025800.0 ], [ -244610.0, -3025800.0 ], [ -244610.0, -3025810.0 ], [ -244610.0, -3025820.0 ], [ -244620.0, -3025820.0 ], [ -244620.0, -3025830.0 ], [ -244590.0, -3025830.0 ], [ -244590.0, -3025840.0 ], [ -244630.0, -3025840.0 ], [ -244630.0, -3025830.0 ], [ -244660.0, -3025830.0 ], [ -244660.0, -3025840.0 ], [ -244670.0, -3025840.0 ], [ -244670.0, -3025830.0 ], [ -244680.0, -3025830.0 ], [ -244690.0, -3025830.0 ], [ -244690.0, -3025840.0 ], [ -244700.0, -3025840.0 ], [ -244710.0, -3025840.0 ], [ -244710.0, -3025830.0 ], [ -244720.0, -3025830.0 ], [ -244720.0, -3025840.0 ], [ -244720.0, -3025850.0 ], [ -244710.0, -3025850.0 ], [ -244710.0, -3025860.0 ], [ -244690.0, -3025860.0 ], [ -244680.0, -3025860.0 ], [ -244680.0, -3025870.0 ], [ -244670.0, -3025870.0 ], [ -244660.0, -3025870.0 ], [ -244620.0, -3025870.0 ], [ -244600.0, -3025870.0 ], [ -244600.0, -3025880.0 ], [ -244560.0, -3025880.0 ], [ -244560.0, -3025890.0 ], [ -244550.0, -3025890.0 ], [ -244550.0, -3025900.0 ], [ -244540.0, -3025900.0 ], [ -244530.0, -3025900.0 ], [ -244510.0, -3025900.0 ], [ -244510.0, -3025890.0 ], [ -244500.0, -3025890.0 ], [ -244490.0, -3025890.0 ], [ -244490.0, -3025880.0 ], [ -244480.0, -3025880.0 ], [ -244480.0, -3025890.0 ], [ -244480.0, -3025900.0 ], [ -244460.0, -3025900.0 ], [ -244460.0, -3025910.0 ], [ -244450.0, -3025910.0 ], [ -244450.0, -3025920.0 ], [ -244420.0, -3025920.0 ], [ -244410.0, -3025920.0 ], [ -244400.0, -3025920.0 ], [ -244400.0, -3025930.0 ], [ -244400.0, -3025940.0 ], [ -244390.0, -3025940.0 ], [ -244390.0, -3025950.0 ], [ -244380.0, -3025950.0 ], [ -244370.0, -3025950.0 ], [ -244370.0, -3025970.0 ], [ -244380.0, -3025970.0 ], [ -244380.0, -3025990.0 ], [ -244370.0, -3025990.0 ], [ -244370.0, -3026000.0 ], [ -244360.0, -3026000.0 ], [ -244350.0, -3026000.0 ], [ -244350.0, -3026010.0 ], [ -244340.0, -3026010.0 ], [ -244340.0, -3026020.0 ], [ -244360.0, -3026020.0 ], [ -244370.0, -3026020.0 ], [ -244370.0, -3026030.0 ], [ -244360.0, -3026030.0 ], [ -244360.0, -3026040.0 ], [ -244370.0, -3026040.0 ], [ -244370.0, -3026050.0 ], [ -244370.0, -3026060.0 ], [ -244380.0, -3026060.0 ], [ -244380.0, -3026070.0 ], [ -244390.0, -3026070.0 ], [ -244400.0, -3026070.0 ], [ -244400.0, -3026060.0 ], [ -244430.0, -3026060.0 ], [ -244440.0, -3026060.0 ], [ -244440.0, -3026050.0 ], [ -244460.0, -3026050.0 ], [ -244470.0, -3026050.0 ], [ -244480.0, -3026050.0 ], [ -244480.0, -3026040.0 ], [ -244490.0, -3026040.0 ], [ -244500.0, -3026040.0 ], [ -244500.0, -3026030.0 ], [ -244530.0, -3026030.0 ], [ -244530.0, -3026010.0 ], [ -244540.0, -3026010.0 ], [ -244540.0, -3026020.0 ], [ -244550.0, -3026020.0 ], [ -244570.0, -3026020.0 ], [ -244590.0, -3026020.0 ], [ -244590.0, -3026010.0 ], [ -244600.0, -3026010.0 ], [ -244620.0, -3026010.0 ], [ -244620.0, -3026000.0 ], [ -244620.0, -3025990.0 ], [ -244620.0, -3025970.0 ], [ -244630.0, -3025970.0 ], [ -244630.0, -3025960.0 ], [ -244640.0, -3025960.0 ], [ -244650.0, -3025960.0 ], [ -244660.0, -3025960.0 ], [ -244660.0, -3025980.0 ], [ -244680.0, -3025980.0 ], [ -244680.0, -3025970.0 ], [ -244690.0, -3025970.0 ], [ -244690.0, -3025980.0 ], [ -244700.0, -3025980.0 ], [ -244700.0, -3025990.0 ], [ -244710.0, -3025990.0 ], [ -244720.0, -3025990.0 ], [ -244730.0, -3025990.0 ], [ -244740.0, -3025990.0 ], [ -244750.0, -3025990.0 ], [ -244750.0, -3025980.0 ], [ -244760.0, -3025980.0 ], [ -244760.0, -3025970.0 ], [ -244760.0, -3025960.0 ], [ -244790.0, -3025960.0 ], [ -244800.0, -3025960.0 ], [ -244800.0, -3025950.0 ], [ -244800.0, -3025940.0 ], [ -244850.0, -3025940.0 ], [ -244880.0, -3025940.0 ], [ -244880.0, -3025930.0 ], [ -244880.0, -3025920.0 ], [ -244870.0, -3025920.0 ], [ -244870.0, -3025910.0 ], [ -244890.0, -3025910.0 ], [ -244890.0, -3025920.0 ], [ -244900.0, -3025920.0 ], [ -244900.0, -3025910.0 ], [ -244920.0, -3025910.0 ], [ -244930.0, -3025910.0 ], [ -244940.0, -3025910.0 ], [ -244940.0, -3025920.0 ], [ -244940.0, -3025930.0 ], [ -244950.0, -3025930.0 ], [ -244950.0, -3025940.0 ], [ -244960.0, -3025940.0 ], [ -244960.0, -3025950.0 ], [ -244970.0, -3025950.0 ], [ -244970.0, -3025960.0 ], [ -244980.0, -3025960.0 ], [ -244980.0, -3025970.0 ], [ -244990.0, -3025970.0 ], [ -245010.0, -3025970.0 ], [ -245020.0, -3025970.0 ], [ -245030.0, -3025970.0 ], [ -245030.0, -3025980.0 ], [ -245040.0, -3025980.0 ], [ -245040.0, -3025990.0 ], [ -245050.0, -3025990.0 ], [ -245050.0, -3026000.0 ], [ -245050.0, -3026010.0 ], [ -245060.0, -3026010.0 ], [ -245060.0, -3026020.0 ], [ -245060.0, -3026030.0 ], [ -245060.0, -3026040.0 ], [ -245070.0, -3026040.0 ], [ -245070.0, -3026050.0 ], [ -245080.0, -3026050.0 ], [ -245090.0, -3026050.0 ], [ -245090.0, -3026060.0 ], [ -245100.0, -3026060.0 ], [ -245110.0, -3026060.0 ], [ -245110.0, -3026070.0 ], [ -245120.0, -3026070.0 ], [ -245120.0, -3026080.0 ], [ -245130.0, -3026080.0 ], [ -245130.0, -3026090.0 ], [ -245130.0, -3026100.0 ], [ -245140.0, -3026100.0 ], [ -245140.0, -3026110.0 ], [ -245150.0, -3026110.0 ], [ -245170.0, -3026110.0 ], [ -245170.0, -3026120.0 ], [ -245180.0, -3026120.0 ], [ -245180.0, -3026130.0 ], [ -245180.0, -3026140.0 ], [ -245190.0, -3026140.0 ], [ -245190.0, -3026150.0 ], [ -245180.0, -3026150.0 ], [ -245180.0, -3026170.0 ], [ -245180.0, -3026190.0 ], [ -245170.0, -3026190.0 ], [ -245170.0, -3026200.0 ], [ -245180.0, -3026200.0 ], [ -245190.0, -3026200.0 ], [ -245190.0, -3026190.0 ], [ -245200.0, -3026190.0 ], [ -245200.0, -3026180.0 ], [ -245230.0, -3026180.0 ], [ -245240.0, -3026180.0 ], [ -245240.0, -3026170.0 ], [ -245270.0, -3026170.0 ], [ -245270.0, -3026160.0 ], [ -245220.0, -3026160.0 ], [ -245220.0, -3026150.0 ], [ -245220.0, -3026140.0 ], [ -245230.0, -3026140.0 ], [ -245230.0, -3026130.0 ], [ -245240.0, -3026130.0 ], [ -245250.0, -3026130.0 ], [ -245250.0, -3026120.0 ], [ -245260.0, -3026120.0 ], [ -245260.0, -3026110.0 ], [ -245280.0, -3026110.0 ], [ -245300.0, -3026110.0 ], [ -245300.0, -3026120.0 ], [ -245310.0, -3026120.0 ], [ -245330.0, -3026120.0 ], [ -245340.0, -3026120.0 ], [ -245340.0, -3026110.0 ], [ -245350.0, -3026110.0 ], [ -245360.0, -3026110.0 ], [ -245360.0, -3026100.0 ], [ -245370.0, -3026100.0 ], [ -245370.0, -3026130.0 ], [ -245380.0, -3026130.0 ], [ -245390.0, -3026130.0 ], [ -245390.0, -3026140.0 ], [ -245400.0, -3026140.0 ], [ -245420.0, -3026140.0 ], [ -245450.0, -3026140.0 ], [ -245460.0, -3026140.0 ], [ -245460.0, -3026110.0 ], [ -245450.0, -3026110.0 ], [ -245450.0, -3026100.0 ], [ -245450.0, -3026090.0 ], [ -245460.0, -3026090.0 ], [ -245460.0, -3026080.0 ], [ -245470.0, -3026080.0 ], [ -245470.0, -3026070.0 ], [ -245490.0, -3026070.0 ], [ -245490.0, -3026090.0 ], [ -245500.0, -3026090.0 ], [ -245500.0, -3026100.0 ], [ -245480.0, -3026100.0 ], [ -245480.0, -3026120.0 ], [ -245470.0, -3026120.0 ], [ -245470.0, -3026130.0 ], [ -245470.0, -3026150.0 ], [ -245460.0, -3026150.0 ], [ -245460.0, -3026160.0 ], [ -245450.0, -3026160.0 ], [ -245450.0, -3026170.0 ], [ -245470.0, -3026170.0 ], [ -245470.0, -3026160.0 ], [ -245480.0, -3026160.0 ], [ -245480.0, -3026150.0 ], [ -245490.0, -3026150.0 ], [ -245490.0, -3026140.0 ], [ -245500.0, -3026140.0 ], [ -245510.0, -3026140.0 ], [ -245510.0, -3026130.0 ], [ -245520.0, -3026130.0 ], [ -245530.0, -3026130.0 ], [ -245550.0, -3026130.0 ], [ -245550.0, -3026140.0 ], [ -245560.0, -3026140.0 ], [ -245570.0, -3026140.0 ], [ -245570.0, -3026130.0 ], [ -245590.0, -3026130.0 ], [ -245590.0, -3026140.0 ], [ -245600.0, -3026140.0 ], [ -245600.0, -3026150.0 ], [ -245610.0, -3026150.0 ], [ -245610.0, -3026160.0 ], [ -245620.0, -3026160.0 ], [ -245620.0, -3026170.0 ], [ -245660.0, -3026170.0 ], [ -245660.0, -3026150.0 ], [ -245670.0, -3026150.0 ], [ -245680.0, -3026150.0 ], [ -245680.0, -3026140.0 ], [ -245690.0, -3026140.0 ], [ -245690.0, -3026150.0 ], [ -245700.0, -3026150.0 ], [ -245700.0, -3026130.0 ], [ -245690.0, -3026130.0 ], [ -245690.0, -3026120.0 ], [ -245680.0, -3026120.0 ], [ -245670.0, -3026120.0 ], [ -245670.0, -3026100.0 ], [ -245680.0, -3026100.0 ], [ -245690.0, -3026100.0 ], [ -245690.0, -3026090.0 ], [ -245700.0, -3026090.0 ], [ -245700.0, -3026100.0 ], [ -245710.0, -3026100.0 ], [ -245720.0, -3026100.0 ], [ -245730.0, -3026100.0 ], [ -245730.0, -3026090.0 ], [ -245750.0, -3026090.0 ], [ -245750.0, -3026100.0 ], [ -245760.0, -3026100.0 ], [ -245760.0, -3026090.0 ], [ -245780.0, -3026090.0 ], [ -245780.0, -3026080.0 ], [ -245780.0, -3026076.33001922396943 ], [ -245783.638668949453859, -3026074.019802136346698 ], [ -245787.324596761900466, -3026070.0 ], [ -245790.0, -3026070.0 ], [ -245800.0, -3026070.0 ], [ -245830.0, -3026070.0 ], [ -245830.0, -3026060.0 ], [ -245840.0, -3026060.0 ], [ -245850.0, -3026060.0 ], [ -245850.0, -3026050.0 ], [ -245850.0, -3026040.0 ], [ -245860.0, -3026040.0 ], [ -245860.0, -3026030.0 ], [ -245870.0, -3026030.0 ], [ -245880.0, -3026030.0 ], [ -245880.0, -3026020.0 ], [ -245890.0, -3026020.0 ], [ -245890.0, -3026010.0 ], [ -245920.0, -3026010.0 ], [ -245930.0, -3026010.0 ], [ -245930.0, -3026000.0 ], [ -245960.0, -3026000.0 ], [ -245970.0, -3026000.0 ], [ -245970.0, -3025990.0 ], [ -246000.0, -3025990.0 ], [ -246000.0, -3026000.0 ], [ -246010.0, -3026000.0 ], [ -246030.0, -3026000.0 ], [ -246030.0, -3026010.0 ], [ -246040.0, -3026010.0 ], [ -246040.0, -3026000.0 ], [ -246050.0, -3026000.0 ], [ -246080.0, -3026000.0 ], [ -246090.0, -3026000.0 ], [ -246090.0, -3026010.0 ], [ -246090.0, -3026020.0 ], [ -246100.0, -3026020.0 ], [ -246110.0, -3026020.0 ], [ -246110.0, -3026030.0 ], [ -246120.0, -3026030.0 ], [ -246130.0, -3026030.0 ], [ -246140.0, -3026030.0 ], [ -246140.0, -3026040.0 ], [ -246150.0, -3026040.0 ], [ -246150.0, -3026030.0 ], [ -246160.0, -3026030.0 ], [ -246170.0, -3026030.0 ], [ -246180.0, -3026030.0 ], [ -246180.0, -3026040.0 ], [ -246190.0, -3026040.0 ], [ -246200.0, -3026040.0 ], [ -246210.0, -3026040.0 ], [ -246210.0, -3026050.0 ], [ -246210.0, -3026060.0 ], [ -246220.0, -3026060.0 ], [ -246230.0, -3026060.0 ], [ -246230.0, -3026070.0 ], [ -246240.0, -3026070.0 ], [ -246250.0, -3026070.0 ], [ -246277.86198626717669, -3026070.0 ], [ -246280.0, -3026070.525383036118001 ], [ -246280.0, -3026080.0 ], [ -246290.0, -3026080.0 ], [ -246300.0, -3026080.0 ], [ -246300.0, -3026090.0 ], [ -246310.0, -3026090.0 ], [ -246330.0, -3026090.0 ], [ -246330.0, -3026100.0 ], [ -246350.0, -3026100.0 ], [ -246350.0, -3026090.0 ], [ -246360.0, -3026090.0 ], [ -246360.0, -3026080.0 ], [ -246430.0, -3026080.0 ], [ -246430.0, -3026090.0 ], [ -246440.0, -3026090.0 ], [ -246440.0, -3026100.0 ], [ -246470.0, -3026100.0 ], [ -246470.0, -3026090.0 ], [ -246480.0, -3026090.0 ], [ -246480.0, -3026080.0 ], [ -246490.0, -3026080.0 ], [ -246510.0, -3026080.0 ], [ -246510.0, -3026090.0 ], [ -246530.0, -3026090.0 ], [ -246530.0, -3026080.0 ], [ -246530.0, -3026070.0 ], [ -246520.0, -3026070.0 ], [ -246520.0, -3026060.0 ], [ -246510.0, -3026060.0 ], [ -246510.0, -3026050.0 ], [ -246520.0, -3026050.0 ], [ -246520.0, -3026040.0 ], [ -246540.0, -3026040.0 ], [ -246540.0, -3026050.0 ], [ -246550.0, -3026050.0 ], [ -246550.0, -3026060.0 ], [ -246540.0, -3026060.0 ], [ -246540.0, -3026070.0 ], [ -246550.0, -3026070.0 ], [ -246560.0, -3026070.0 ], [ -246560.0, -3026060.0 ], [ -246570.0, -3026060.0 ], [ -246570.0, -3026070.0 ], [ -246590.0, -3026070.0 ], [ -246620.0, -3026070.0 ], [ -246630.0, -3026070.0 ], [ -246640.0, -3026070.0 ], [ -246650.0, -3026070.0 ], [ -246650.0, -3026080.0 ], [ -246660.0, -3026080.0 ], [ -246660.0, -3026090.0 ], [ -246670.0, -3026090.0 ], [ -246680.0, -3026090.0 ], [ -246690.0, -3026090.0 ], [ -246700.0, -3026090.0 ], [ -246710.0, -3026090.0 ], [ -246710.0, -3026100.0 ], [ -246730.0, -3026100.0 ], [ -246740.0, -3026100.0 ], [ -246750.0, -3026100.0 ], [ -246760.0, -3026100.0 ], [ -246770.0, -3026100.0 ], [ -246770.0, -3026090.0 ], [ -246800.0, -3026090.0 ], [ -246810.0, -3026090.0 ], [ -246810.0, -3026100.0 ], [ -246820.0, -3026100.0 ], [ -246840.0, -3026100.0 ], [ -246850.0, -3026100.0 ], [ -246860.0, -3026100.0 ], [ -246870.0, -3026100.0 ], [ -246870.0, -3026090.0 ], [ -246910.0, -3026090.0 ], [ -246920.0, -3026090.0 ], [ -246930.0, -3026090.0 ], [ -246930.0, -3026080.0 ], [ -246960.0, -3026080.0 ], [ -246960.0, -3026090.0 ], [ -246970.0, -3026090.0 ], [ -246970.0, -3026080.0 ], [ -246980.0, -3026080.0 ], [ -246990.0, -3026080.0 ], [ -246990.0, -3026090.0 ], [ -247000.0, -3026090.0 ], [ -247020.0, -3026090.0 ], [ -247020.0, -3026080.0 ], [ -247040.0, -3026080.0 ], [ -247040.0, -3026090.0 ], [ -247060.0, -3026090.0 ], [ -247070.0, -3026090.0 ], [ -247150.0, -3026090.0 ], [ -247170.0, -3026090.0 ], [ -247200.0, -3026090.0 ], [ -247200.0, -3026100.0 ], [ -247210.0, -3026100.0 ], [ -247210.0, -3026090.0 ], [ -247210.0, -3026080.0 ], [ -247220.0, -3026080.0 ], [ -247220.0, -3026070.0 ], [ -247220.0, -3026060.0 ], [ -247210.0, -3026060.0 ], [ -247200.0, -3026060.0 ], [ -247180.0, -3026060.0 ], [ -247170.0, -3026060.0 ], [ -247170.0, -3026050.0 ], [ -247180.0, -3026050.0 ], [ -247180.0, -3026040.0 ], [ -247190.0, -3026040.0 ], [ -247190.0, -3026030.0 ], [ -247170.0, -3026030.0 ], [ -247160.0, -3026030.0 ], [ -247160.0, -3026020.0 ], [ -247150.0, -3026020.0 ], [ -247150.0, -3026030.0 ], [ -247140.0, -3026030.0 ], [ -247140.0, -3026020.0 ], [ -247130.0, -3026020.0 ], [ -247130.0, -3026010.0 ], [ -247120.0, -3026010.0 ], [ -247120.0, -3026000.0 ], [ -247130.0, -3026000.0 ], [ -247140.0, -3026000.0 ], [ -247140.0, -3025990.0 ], [ -247140.0, -3025980.0 ], [ -247150.0, -3025980.0 ], [ -247170.0, -3025980.0 ], [ -247180.0, -3025980.0 ], [ -247180.0, -3025970.0 ], [ -247220.0, -3025970.0 ], [ -247230.0, -3025970.0 ], [ -247230.0, -3025960.0 ], [ -247240.0, -3025960.0 ], [ -247240.0, -3025970.0 ], [ -247240.0, -3025980.0 ], [ -247250.0, -3025980.0 ], [ -247250.0, -3025990.0 ], [ -247260.0, -3025990.0 ], [ -247270.0, -3025990.0 ], [ -247270.0, -3025980.0 ], [ -247280.0, -3025980.0 ], [ -247320.0, -3025980.0 ], [ -247320.0, -3025990.0 ], [ -247330.0, -3025990.0 ], [ -247330.0, -3026000.0 ], [ -247340.0, -3026000.0 ], [ -247340.0, -3025990.0 ], [ -247350.0, -3025990.0 ], [ -247380.0, -3025990.0 ], [ -247380.0, -3026000.0 ], [ -247390.0, -3026000.0 ], [ -247390.0, -3025990.0 ], [ -247400.0, -3025990.0 ], [ -247410.0, -3025990.0 ], [ -247410.0, -3025980.0 ], [ -247420.0, -3025980.0 ], [ -247420.0, -3025990.0 ], [ -247440.0, -3025990.0 ], [ -247440.0, -3025980.0 ], [ -247440.0, -3025970.0 ], [ -247470.0, -3025970.0 ], [ -247480.0, -3025970.0 ], [ -247510.0, -3025970.0 ], [ -247520.0, -3025970.0 ], [ -247530.0, -3025970.0 ], [ -247530.0, -3025960.0 ], [ -247530.0, -3025950.0 ], [ -247540.0, -3025950.0 ], [ -247540.0, -3025960.0 ], [ -247550.0, -3025960.0 ], [ -247560.0, -3025960.0 ], [ -247570.0, -3025960.0 ], [ -247580.0, -3025960.0 ], [ -247580.0, -3025970.0 ], [ -247590.0, -3025970.0 ], [ -247590.0, -3025980.0 ], [ -247600.0, -3025980.0 ], [ -247610.0, -3025980.0 ], [ -247620.0, -3025980.0 ], [ -247630.0, -3025980.0 ], [ -247630.0, -3025990.0 ], [ -247640.0, -3025990.0 ], [ -247640.0, -3025980.0 ], [ -247650.0, -3025980.0 ], [ -247660.0, -3025980.0 ], [ -247660.0, -3025990.0 ], [ -247670.0, -3025990.0 ], [ -247680.0, -3025990.0 ], [ -247680.0, -3026000.0 ], [ -247690.0, -3026000.0 ], [ -247710.0, -3026000.0 ], [ -247710.0, -3026010.0 ], [ -247730.0, -3026010.0 ], [ -247730.0, -3026020.0 ], [ -247740.0, -3026020.0 ], [ -247750.0, -3026020.0 ], [ -247750.0, -3026010.0 ], [ -247760.0, -3026010.0 ], [ -247770.0, -3026010.0 ], [ -247780.0, -3026010.0 ], [ -247780.0, -3026020.0 ], [ -247790.0, -3026020.0 ], [ -247790.0, -3026030.0 ], [ -247800.0, -3026030.0 ], [ -247810.0, -3026030.0 ], [ -247810.0, -3026040.0 ], [ -247820.0, -3026040.0 ], [ -247820.0, -3026050.0 ], [ -247830.0, -3026050.0 ], [ -247860.0, -3026050.0 ], [ -247860.0, -3026060.0 ], [ -247870.0, -3026060.0 ], [ -247870.0, -3026050.0 ], [ -247875.267799986933824, -3026050.0 ], [ -247876.860532703693025, -3026052.127846525982022 ], [ -247880.0, -3026052.951751795597374 ], [ -247880.0, -3026060.0 ], [ -247890.0, -3026060.0 ], [ -247890.0, -3026050.316563109867275 ], [ -247890.337420785683207, -3026050.199775951448828 ], [ -247890.889665490976768, -3026050.0 ], [ -247900.0, -3026050.0 ], [ -247900.0, -3026045.372575666289777 ], [ -247905.799736299028154, -3026040.957501588854939 ], [ -247906.517548251285916, -3026040.0 ], [ -247910.0, -3026040.0 ], [ -247910.0, -3026035.354698299430311 ], [ -247911.574143408215605, -3026033.254921596497297 ], [ -247912.939654207410058, -3026030.0 ], [ -247920.0, -3026030.0 ], [ -247940.0, -3026030.0 ], [ -247940.0, -3026020.0 ], [ -247950.0, -3026020.0 ], [ -247960.0, -3026020.0 ], [ -247960.0, -3026010.0 ], [ -247970.0, -3026010.0 ], [ -247970.0, -3026002.806450541131198 ], [ -247976.032029593945481, -3026000.39425577968359 ], [ -247976.905750982055906, -3026000.0 ], [ -247980.0, -3026000.0 ], [ -248000.0, -3026000.0 ], [ -248000.0, -3025990.0 ], [ -248010.0, -3025990.0 ], [ -248020.0, -3025990.0 ], [ -248030.0, -3025990.0 ], [ -248030.0, -3025980.0 ], [ -248040.0, -3025980.0 ], [ -248040.0, -3025970.0 ], [ -248040.0, -3025965.649230103008449 ], [ -248043.349237541813636, -3025963.41144664445892 ], [ -248048.721493609074969, -3025960.0 ], [ -248050.0, -3025960.0 ], [ -248060.0, -3025960.0 ], [ -248060.0, -3025953.512611941900104 ], [ -248064.692808980616974, -3025950.0 ], [ -248070.0, -3025950.0 ], [ -248090.0, -3025950.0 ], [ -248090.0, -3025940.0 ], [ -248100.0, -3025940.0 ], [ -248100.0, -3025930.231277309823781 ], [ -248100.292603746318491, -3025930.0 ], [ -248110.0, -3025930.0 ], [ -248110.0, -3025940.0 ], [ -248120.0, -3025940.0 ], [ -248120.0, -3025930.0 ], [ -248130.0, -3025930.0 ], [ -248130.0, -3025920.0 ], [ -248140.0, -3025920.0 ], [ -248140.0, -3025910.436728589702398 ], [ -248141.812524058332201, -3025910.108952865935862 ], [ -248142.188598206179449, -3025910.0 ], [ -248160.0, -3025910.0 ], [ -248160.0, -3025920.0 ], [ -248170.0, -3025920.0 ], [ -248200.0, -3025920.0 ], [ -248200.0, -3025910.0 ], [ -248210.0, -3025910.0 ], [ -248220.0, -3025910.0 ], [ -248220.0, -3025900.0 ], [ -248230.0, -3025900.0 ], [ -248250.0, -3025900.0 ], [ -248250.0, -3025890.0 ], [ -248260.0, -3025890.0 ], [ -248270.0, -3025890.0 ], [ -248280.0, -3025890.0 ], [ -248300.0, -3025890.0 ], [ -248310.0, -3025890.0 ], [ -248320.0, -3025890.0 ], [ -248320.0, -3025880.0 ], [ -248330.391162977495696, -3025880.0 ], [ -248334.221889183798339, -3025882.183805278968066 ], [ -248341.203202294913353, -3025880.921259304508567 ], [ -248344.567365716124186, -3025880.0 ], [ -248350.0, -3025880.0 ], [ -248360.0, -3025880.0 ], [ -248360.0, -3025875.666665763128549 ], [ -248365.492367344442755, -3025872.414884503930807 ], [ -248368.107361518428661, -3025870.0 ], [ -248370.0, -3025870.0 ], [ -248370.0, -3025868.252193681430072 ], [ -248371.488597308838507, -3025866.877509710844606 ], [ -248374.639310700498754, -3025860.0 ], [ -248380.0, -3025860.0 ], [ -248390.0, -3025860.0 ], [ -248390.0, -3025850.0 ], [ -248400.0, -3025850.0 ], [ -248400.0, -3025843.737996818963438 ], [ -248402.940391338663176, -3025842.868589042220265 ], [ -248406.243622038775356, -3025843.076908462215215 ], [ -248409.460398461989826, -3025840.0 ], [ -248410.0, -3025840.0 ], [ -248410.0, -3025839.483860759995878 ], [ -248410.726858709618682, -3025838.788606436923146 ], [ -248414.668828950787429, -3025834.55567960254848 ], [ -248418.752614978875499, -3025830.0 ], [ -248420.0, -3025830.0 ], [ -248420.0, -3025828.608475944027305 ], [ -248420.068196094158338, -3025828.532399589195848 ], [ -248424.981858198123518, -3025823.105981569737196 ], [ -248427.510321836656658, -3025820.0 ], [ -248430.0, -3025820.0 ], [ -248430.0, -3025816.941660471726209 ], [ -248435.650880686967866, -3025810.0 ], [ -248440.0, -3025810.0 ], [ -248440.0, -3025801.271131357643753 ], [ -248441.183756725309649, -3025800.0 ], [ -248450.0, -3025800.0 ], [ -248450.0, -3025790.0 ], [ -248450.0, -3025780.0 ], [ -248450.0, -3025777.192482526879758 ], [ -248451.485992159752641, -3025770.0 ], [ -248460.0, -3025770.0 ], [ -248460.0, -3025760.0 ], [ -248460.0, -3025751.946062729693949 ], [ -248465.333594379131682, -3025741.846085015684366 ], [ -248466.027813972905278, -3025737.946026179473847 ], [ -248468.81814938999014, -3025727.814495866186917 ], [ -248466.805902270658407, -3025724.191918376367539 ], [ -248463.766590596875176, -3025721.221566278487444 ], [ -248458.39566234278027, -3025716.84929988719523 ], [ -248454.64854876048048, -3025712.310602302197367 ], [ -248450.513108294835547, -3025703.982906038872898 ], [ -248451.915022812783718, -3025701.65129048191011 ], [ -248449.458882801816799, -3025693.69833530113101 ], [ -248446.419568099721801, -3025690.728085212409496 ], [ -248441.589919500431279, -3025686.300341508816928 ], [ -248436.385430537804496, -3025683.55188526166603 ], [ -248434.524311017827131, -3025680.0 ], [ -248440.0, -3025680.0 ], [ -248440.0, -3025671.420130821410567 ], [ -248442.146027193579357, -3025670.381064961198717 ], [ -248442.673822507029399, -3025664.857205657754093 ], [ -248439.190618437714875, -3025657.556582962628454 ], [ -248435.665524103096686, -3025655.182978213299066 ], [ -248429.97523933328921, -3025653.031370213720948 ], [ -248424.937176823586924, -3025651.906825362239033 ], [ -248421.190079165127827, -3025647.368129923939705 ], [ -248419.344264339801157, -3025645.369468213990331 ], [ -248414.459153131174389, -3025640.400453679729253 ], [ -248411.031435740209417, -3025633.641100802924484 ], [ -248407.173392555996543, -3025628.019865585956722 ], [ -248400.886369596002623, -3025625.382457069121301 ], [ -248400.0, -3025625.002502006012946 ], [ -248400.0, -3025610.0 ], [ -248390.0, -3025610.0 ], [ -248390.0, -3025580.0 ], [ -248390.0, -3025570.0 ], [ -248400.0, -3025570.0 ], [ -248400.0, -3025560.0 ], [ -248400.0, -3025552.960729856044054 ], [ -248407.136910173227079, -3025547.618463976774365 ], [ -248408.316934567090357, -3025543.121690107975155 ], [ -248408.789164674613858, -3025537.056578913703561 ], [ -248408.123384507547598, -3025530.561150346882641 ], [ -248408.270641561102821, -3025530.0 ], [ -248410.0, -3025530.0 ], [ -248420.0, -3025530.0 ], [ -248420.0, -3025520.305714501999319 ], [ -248420.51636376377428, -3025520.0 ], [ -248460.0, -3025520.0 ], [ -248460.0, -3025530.0 ], [ -248470.0, -3025530.0 ], [ -248490.0, -3025530.0 ], [ -248500.0, -3025530.0 ], [ -248500.0, -3025520.0 ], [ -248510.0, -3025520.0 ], [ -248510.0, -3025530.0 ], [ -248520.0, -3025530.0 ], [ -248530.0, -3025530.0 ], [ -248530.0, -3025540.0 ], [ -248540.0, -3025540.0 ], [ -248540.0, -3025530.0 ], [ -248540.0, -3025511.715876973234117 ], [ -248541.190285589196719, -3025510.0 ], [ -248570.0, -3025510.0 ], [ -248580.0, -3025510.0 ], [ -248590.0, -3025510.0 ], [ -248590.0, -3025500.0 ], [ -248610.0, -3025500.0 ], [ -248630.0, -3025500.0 ], [ -248630.0, -3025490.0 ], [ -248640.0, -3025490.0 ], [ -248660.0, -3025490.0 ], [ -248670.0, -3025490.0 ], [ -248670.0, -3025480.0 ], [ -248680.0, -3025480.0 ], [ -248680.0, -3025490.0 ], [ -248690.0, -3025490.0 ], [ -248690.0, -3025480.0 ], [ -248700.0, -3025480.0 ], [ -248700.0, -3025470.0 ], [ -248720.0, -3025470.0 ], [ -248720.0, -3025480.0 ], [ -248730.0, -3025480.0 ], [ -248750.0, -3025480.0 ], [ -248750.0, -3025490.0 ], [ -248750.0, -3025500.0 ], [ -248760.0, -3025500.0 ], [ -248770.0, -3025500.0 ], [ -248780.0, -3025500.0 ], [ -248780.0, -3025490.0 ], [ -248770.0, -3025490.0 ], [ -248770.0, -3025480.0 ], [ -248780.0, -3025480.0 ], [ -248780.0, -3025470.0 ], [ -248780.0, -3025460.0 ], [ -248790.0, -3025460.0 ], [ -248810.0, -3025460.0 ], [ -248830.0, -3025460.0 ], [ -248840.0, -3025460.0 ], [ -248840.0, -3025470.0 ], [ -248850.0, -3025470.0 ], [ -248860.0, -3025470.0 ], [ -248870.0, -3025470.0 ], [ -248870.0, -3025480.0 ], [ -248880.0, -3025480.0 ], [ -248880.0, -3025490.0 ], [ -248890.0, -3025490.0 ], [ -248890.0, -3025480.0 ], [ -248890.0, -3025470.0 ], [ -248900.0, -3025470.0 ], [ -248910.0, -3025470.0 ], [ -248910.0, -3025480.0 ], [ -248920.0, -3025480.0 ], [ -248930.0, -3025480.0 ], [ -248940.0, -3025480.0 ], [ -248940.0, -3025490.0 ], [ -248950.0, -3025490.0 ], [ -248990.0, -3025490.0 ], [ -248990.0, -3025480.0 ], [ -249000.0, -3025480.0 ], [ -249000.0, -3025470.0 ], [ -249010.0, -3025470.0 ], [ -249010.0, -3025480.0 ], [ -249020.0, -3025480.0 ], [ -249020.0, -3025490.0 ], [ -249030.0, -3025490.0 ], [ -249040.0, -3025490.0 ], [ -249040.0, -3025470.0 ], [ -249070.0, -3025470.0 ], [ -249080.0, -3025470.0 ], [ -249080.0, -3025480.0 ], [ -249080.0, -3025490.0 ], [ -249070.0, -3025490.0 ], [ -249070.0, -3025500.0 ], [ -249080.0, -3025500.0 ], [ -249090.0, -3025500.0 ], [ -249090.0, -3025510.0 ], [ -249100.0, -3025510.0 ], [ -249100.0, -3025500.0 ], [ -249110.0, -3025500.0 ], [ -249110.0, -3025510.0 ], [ -249120.0, -3025510.0 ], [ -249130.0, -3025510.0 ], [ -249130.0, -3025520.0 ], [ -249140.0, -3025520.0 ], [ -249140.0, -3025510.0 ], [ -249150.0, -3025510.0 ], [ -249160.0, -3025510.0 ], [ -249160.0, -3025520.0 ], [ -249170.0, -3025520.0 ], [ -249170.0, -3025530.0 ], [ -249180.0, -3025530.0 ], [ -249180.0, -3025540.0 ], [ -249190.0, -3025540.0 ], [ -249190.0, -3025550.0 ], [ -249200.0, -3025550.0 ], [ -249200.0, -3025540.0 ], [ -249210.0, -3025540.0 ], [ -249210.0, -3025530.0 ], [ -249220.0, -3025530.0 ], [ -249220.0, -3025540.0 ], [ -249240.0, -3025540.0 ], [ -249250.0, -3025540.0 ], [ -249260.0, -3025540.0 ], [ -249260.0, -3025550.0 ], [ -249270.0, -3025550.0 ], [ -249270.0, -3025560.0 ], [ -249280.0, -3025560.0 ], [ -249290.0, -3025560.0 ], [ -249290.0, -3025570.0 ], [ -249280.0, -3025570.0 ], [ -249280.0, -3025580.0 ], [ -249290.0, -3025580.0 ], [ -249290.0, -3025590.0 ], [ -249300.0, -3025590.0 ], [ -249300.0, -3025580.0 ], [ -249320.0, -3025580.0 ], [ -249320.0, -3025570.0 ], [ -249330.0, -3025570.0 ], [ -249330.0, -3025580.0 ], [ -249340.0, -3025580.0 ], [ -249340.0, -3025590.0 ], [ -249350.0, -3025590.0 ], [ -249360.0, -3025590.0 ], [ -249380.0, -3025590.0 ], [ -249390.0, -3025590.0 ], [ -249390.0, -3025600.0 ], [ -249400.0, -3025600.0 ], [ -249410.0, -3025600.0 ], [ -249420.0, -3025600.0 ], [ -249430.0, -3025600.0 ], [ -249430.0, -3025590.0 ], [ -249430.0, -3025580.0 ], [ -249450.0, -3025580.0 ], [ -249460.0, -3025580.0 ], [ -249460.0, -3025570.0 ], [ -249470.0, -3025570.0 ], [ -249470.0, -3025580.0 ], [ -249490.0, -3025580.0 ], [ -249500.0, -3025580.0 ], [ -249510.0, -3025580.0 ], [ -249520.0, -3025580.0 ], [ -249530.0, -3025580.0 ], [ -249540.0, -3025580.0 ], [ -249550.0, -3025580.0 ], [ -249550.0, -3025590.0 ], [ -249600.0, -3025590.0 ], [ -249600.0, -3025580.0 ], [ -249620.0, -3025580.0 ], [ -249630.0, -3025580.0 ], [ -249630.0, -3025560.0 ], [ -249620.0, -3025560.0 ], [ -249620.0, -3025570.0 ], [ -249610.0, -3025570.0 ], [ -249610.0, -3025550.0 ], [ -249600.0, -3025550.0 ], [ -249580.0, -3025550.0 ], [ -249580.0, -3025540.0 ], [ -249570.0, -3025540.0 ], [ -249570.0, -3025530.0 ], [ -249560.0, -3025530.0 ], [ -249530.0, -3025530.0 ], [ -249530.0, -3025520.0 ], [ -249520.0, -3025520.0 ], [ -249520.0, -3025530.0 ], [ -249510.0, -3025530.0 ], [ -249510.0, -3025540.0 ], [ -249500.0, -3025540.0 ], [ -249500.0, -3025530.0 ], [ -249480.0, -3025530.0 ], [ -249470.0, -3025530.0 ], [ -249440.0, -3025530.0 ], [ -249430.0, -3025530.0 ], [ -249430.0, -3025520.0 ], [ -249420.0, -3025520.0 ], [ -249410.0, -3025520.0 ], [ -249410.0, -3025530.0 ], [ -249400.0, -3025530.0 ], [ -249400.0, -3025520.0 ], [ -249390.0, -3025520.0 ], [ -249380.0, -3025520.0 ], [ -249350.0, -3025520.0 ], [ -249350.0, -3025510.0 ], [ -249340.0, -3025510.0 ], [ -249320.0, -3025510.0 ], [ -249320.0, -3025500.0 ], [ -249310.0, -3025500.0 ], [ -249300.0, -3025500.0 ], [ -249290.0, -3025500.0 ], [ -249280.0, -3025500.0 ], [ -249280.0, -3025490.0 ], [ -249270.0, -3025490.0 ], [ -249260.0, -3025490.0 ], [ -249250.0, -3025490.0 ], [ -249250.0, -3025480.0 ], [ -249240.0, -3025480.0 ], [ -249230.0, -3025480.0 ], [ -249220.0, -3025480.0 ], [ -249220.0, -3025470.0 ], [ -249230.0, -3025470.0 ], [ -249230.0, -3025460.0 ], [ -249230.0, -3025450.0 ], [ -249240.0, -3025450.0 ], [ -249240.0, -3025430.0 ], [ -249239.606353967741597, -3025430.0 ], [ -249239.051896436023526, -3025424.592685090377927 ], [ -249235.47120556930895, -3025421.67794421268627 ], [ -249233.052250494656619, -3025420.0 ], [ -249240.0, -3025420.0 ], [ -249240.0, -3025410.0 ], [ -249250.0, -3025410.0 ], [ -249250.0, -3025400.0 ], [ -249250.0, -3025390.0 ], [ -249250.0, -3025381.299307408742607 ], [ -249251.933020443189889, -3025379.514016383793205 ], [ -249253.057409115397604, -3025374.476015165448189 ], [ -249252.668898456962779, -3025370.686991719529033 ], [ -249251.68364015291445, -3025366.412199527956545 ], [ -249251.836379986372776, -3025362.567789871711284 ], [ -249255.879609131196048, -3025360.0 ], [ -249260.0, -3025360.0 ], [ -249260.0, -3025357.901988214813173 ], [ -249262.703853041690309, -3025356.530711315572262 ], [ -249264.966245699848514, -3025351.922993899788707 ], [ -249266.243379196355818, -3025343.040489587001503 ], [ -249265.931625925644767, -3025340.0 ], [ -249270.0, -3025340.0 ], [ -249270.0, -3025330.0 ], [ -249280.0, -3025330.0 ], [ -249310.0, -3025330.0 ], [ -249320.0, -3025330.0 ], [ -249320.0, -3025320.0 ], [ -249320.0, -3025314.578928938135505 ], [ -249322.321082047943491, -3025310.0 ], [ -249330.0, -3025310.0 ], [ -249330.0, -3025290.0 ], [ -249330.0, -3025280.0 ], [ -249329.141864582925336, -3025280.0 ], [ -249329.422403758537257, -3025276.395463922526687 ], [ -249328.15970004585688, -3025269.414308325853199 ], [ -249326.744052025023848, -3025266.277632316108793 ], [ -249321.109326941805193, -3025264.667490119114518 ], [ -249314.225416552595561, -3025261.544540638104081 ], [ -249312.327932810527273, -3025260.0 ], [ -249320.0, -3025260.0 ], [ -249320.0, -3025250.0 ], [ -249330.0, -3025250.0 ], [ -249330.0, -3025240.0 ], [ -249340.0, -3025240.0 ], [ -249340.05968499116716, -3025240.0 ], [ -249341.567510167689761, -3025240.144027535803616 ], [ -249342.233925666107098, -3025240.0 ], [ -249350.0, -3025240.0 ], [ -249350.0, -3025227.473625557497144 ], [ -249350.950052896514535, -3025224.9606764446944 ], [ -249353.101452554023126, -3025219.270368569064885 ], [ -249355.738616343442118, -3025212.983316891826689 ], [ -249360.203200653399108, -3025210.0 ], [ -249370.0, -3025210.0 ], [ -249370.0, -3025220.0 ], [ -249380.0, -3025220.0 ], [ -249390.0, -3025220.0 ], [ -249390.0, -3025212.159747946076095 ], [ -249395.751525165687781, -3025213.803240325767547 ], [ -249401.650157911295537, -3025212.651406672317535 ], [ -249404.675840026553487, -3025210.153246823698282 ], [ -249404.828572210797574, -3025206.308761994820088 ], [ -249398.805228254088433, -3025200.909737120848149 ], [ -249395.377287029870786, -3025194.150655591860414 ], [ -249391.685640453244559, -3025190.153446951881051 ], [ -249391.654238901392091, -3025190.0 ], [ -249400.0, -3025190.0 ], [ -249400.0, -3025180.0 ], [ -249409.31923543557059, -3025180.0 ], [ -249409.797850483941147, -3025180.09169340506196 ], [ -249416.570768719364423, -3025182.132002871483564 ], [ -249420.30416506898473, -3025181.202217771206051 ], [ -249422.247334828338353, -3025178.815042486879975 ], [ -249422.177998991712229, -3025172.805539427790791 ], [ -249422.129306814662414, -3025172.697598334867507 ], [ -249414.186065748654073, -3025169.729354741517454 ], [ -249409.148106149485102, -3025168.604994651861489 ], [ -249400.0, -3025162.564969256985933 ], [ -249400.0, -3025160.0 ], [ -249400.0, -3025150.0 ], [ -249410.0, -3025150.0 ], [ -249410.0, -3025140.0 ], [ -249420.0, -3025140.0 ], [ -249420.0, -3025130.0 ], [ -249420.0, -3025120.0 ], [ -249420.0, -3025110.0 ], [ -249430.0, -3025110.0 ], [ -249430.0, -3025100.0 ], [ -249440.0, -3025100.0 ], [ -249440.0, -3025090.0 ], [ -249470.0, -3025090.0 ], [ -249470.0, -3025080.0 ], [ -249480.0, -3025080.0 ], [ -249490.0, -3025080.0 ], [ -249500.0, -3025080.0 ], [ -249510.0, -3025080.0 ], [ -249510.0, -3025090.0 ], [ -249510.0, -3025100.0 ], [ -249520.0, -3025100.0 ], [ -249520.0, -3025120.0 ], [ -249530.0, -3025120.0 ], [ -249540.0, -3025120.0 ], [ -249550.0, -3025120.0 ], [ -249570.0, -3025120.0 ], [ -249580.0, -3025120.0 ], [ -249580.0, -3025130.0 ], [ -249600.0, -3025130.0 ], [ -249620.0, -3025130.0 ], [ -249640.0, -3025130.0 ], [ -249650.0, -3025130.0 ], [ -249650.0, -3025140.0 ], [ -249660.0, -3025140.0 ], [ -249670.0, -3025140.0 ], [ -249680.0, -3025140.0 ], [ -249680.0, -3025130.0 ], [ -249690.0, -3025130.0 ], [ -249690.0, -3025120.0 ], [ -249720.0, -3025120.0 ], [ -249720.0, -3025130.0 ], [ -249730.0, -3025130.0 ], [ -249740.0, -3025130.0 ], [ -249770.0, -3025130.0 ], [ -249780.0, -3025130.0 ], [ -249780.0, -3025120.0 ], [ -249790.0, -3025120.0 ], [ -249800.0, -3025120.0 ], [ -249800.0, -3025110.0 ], [ -249820.0, -3025110.0 ], [ -249820.0, -3025120.0 ], [ -249840.0, -3025120.0 ], [ -249840.0, -3025110.0 ], [ -249860.0, -3025110.0 ], [ -249870.0, -3025110.0 ], [ -249870.0, -3025100.0 ], [ -249880.0, -3025100.0 ], [ -249900.0, -3025100.0 ], [ -249920.0, -3025100.0 ], [ -249940.0, -3025100.0 ], [ -249940.0, -3025110.0 ], [ -249950.0, -3025110.0 ], [ -249950.0, -3025120.0 ], [ -249960.0, -3025120.0 ], [ -249960.0, -3025140.0 ], [ -249960.0, -3025150.0 ], [ -249970.0, -3025150.0 ], [ -249980.0, -3025150.0 ], [ -249980.0, -3025160.0 ], [ -249980.0, -3025170.0 ], [ -249990.0, -3025170.0 ], [ -249990.0, -3025190.0 ], [ -249980.0, -3025190.0 ], [ -249980.0, -3025250.0 ], [ -249990.0, -3025250.0 ], [ -249990.0, -3025260.0 ], [ -250000.0, -3025260.0 ], [ -250000.0, -3025270.0 ], [ -250010.0, -3025270.0 ], [ -250010.0, -3025280.0 ], [ -250040.0, -3025280.0 ], [ -250040.0, -3025290.0 ], [ -250040.0, -3025310.0 ], [ -250030.0, -3025310.0 ], [ -250030.0, -3025320.0 ], [ -250010.0, -3025320.0 ], [ -250010.0, -3025330.0 ], [ -250000.0, -3025330.0 ], [ -250000.0, -3025340.0 ], [ -250010.0, -3025340.0 ], [ -250020.0, -3025340.0 ], [ -250020.0, -3025350.0 ], [ -250030.0, -3025350.0 ], [ -250040.0, -3025350.0 ], [ -250040.0, -3025360.0 ], [ -250050.0, -3025360.0 ], [ -250050.0, -3025370.0 ], [ -250060.0, -3025370.0 ], [ -250060.0, -3025360.0 ], [ -250070.0, -3025360.0 ], [ -250100.0, -3025360.0 ], [ -250110.0, -3025360.0 ], [ -250110.0, -3025370.0 ], [ -250120.0, -3025370.0 ], [ -250130.0, -3025370.0 ], [ -250130.0, -3025380.0 ], [ -250140.0, -3025380.0 ], [ -250150.0, -3025380.0 ], [ -250150.0, -3025390.0 ], [ -250160.0, -3025390.0 ], [ -250170.0, -3025390.0 ], [ -250190.0, -3025390.0 ], [ -250200.0, -3025390.0 ], [ -250210.0, -3025390.0 ], [ -250210.0, -3025400.0 ], [ -250220.0, -3025400.0 ], [ -250230.0, -3025400.0 ], [ -250230.0, -3025410.0 ], [ -250240.0, -3025410.0 ], [ -250260.0, -3025410.0 ], [ -250260.0, -3025420.0 ], [ -250270.0, -3025420.0 ], [ -250270.0, -3025430.0 ], [ -250280.0, -3025430.0 ], [ -250280.0, -3025420.0 ], [ -250290.0, -3025420.0 ], [ -250290.0, -3025430.0 ], [ -250300.0, -3025430.0 ], [ -250310.0, -3025430.0 ], [ -250320.0, -3025430.0 ], [ -250320.0, -3025440.0 ], [ -250330.0, -3025440.0 ], [ -250330.0, -3025430.0 ], [ -250340.0, -3025430.0 ], [ -250340.0, -3025440.0 ], [ -250350.0, -3025440.0 ], [ -250360.0, -3025440.0 ], [ -250360.0, -3025450.0 ], [ -250370.0, -3025450.0 ], [ -250370.0, -3025460.0 ], [ -250380.0, -3025460.0 ], [ -250380.0, -3025470.0 ], [ -250390.0, -3025470.0 ], [ -250390.0, -3025480.0 ], [ -250410.0, -3025480.0 ], [ -250420.0, -3025480.0 ], [ -250420.0, -3025490.0 ], [ -250430.0, -3025490.0 ], [ -250430.0, -3025500.0 ], [ -250440.0, -3025500.0 ], [ -250490.0, -3025500.0 ], [ -250490.0, -3025510.0 ], [ -250500.0, -3025510.0 ], [ -250500.0, -3025520.0 ], [ -250510.0, -3025520.0 ], [ -250510.0, -3025510.0 ], [ -250520.0, -3025510.0 ], [ -250530.0, -3025510.0 ], [ -250530.0, -3025520.0 ], [ -250550.0, -3025520.0 ], [ -250560.0, -3025520.0 ], [ -250560.0, -3025530.0 ], [ -250570.0, -3025530.0 ], [ -250570.0, -3025540.0 ], [ -250590.0, -3025540.0 ], [ -250590.0, -3025550.0 ], [ -250600.0, -3025550.0 ], [ -250610.0, -3025550.0 ], [ -250620.0, -3025550.0 ], [ -250620.0, -3025540.0 ], [ -250630.0, -3025540.0 ], [ -250640.0, -3025540.0 ], [ -250690.0, -3025540.0 ], [ -250690.0, -3025530.0 ], [ -250700.0, -3025530.0 ], [ -250700.0, -3025520.0 ], [ -250710.0, -3025520.0 ], [ -250710.0, -3025510.0 ], [ -250730.0, -3025510.0 ], [ -250740.0, -3025510.0 ], [ -250740.0, -3025550.0 ], [ -250780.0, -3025550.0 ], [ -250780.0, -3025540.0 ], [ -250800.0, -3025540.0 ], [ -250810.0, -3025540.0 ], [ -250810.0, -3025530.0 ], [ -250820.0, -3025530.0 ], [ -250820.0, -3025520.0 ], [ -250830.0, -3025520.0 ], [ -250830.0, -3025530.0 ], [ -250840.0, -3025530.0 ], [ -250840.0, -3025520.0 ], [ -250880.0, -3025520.0 ], [ -250890.0, -3025520.0 ], [ -250900.0, -3025520.0 ], [ -250920.0, -3025520.0 ], [ -250920.0, -3025510.0 ], [ -250940.0, -3025510.0 ], [ -250950.0, -3025510.0 ], [ -250950.0, -3025530.0 ], [ -250960.0, -3025530.0 ], [ -250960.0, -3025540.0 ], [ -250950.0, -3025540.0 ], [ -250950.0, -3025550.0 ], [ -250940.0, -3025550.0 ], [ -250940.0, -3025560.0 ], [ -250950.0, -3025560.0 ], [ -250970.0, -3025560.0 ], [ -250980.0, -3025560.0 ], [ -250980.0, -3025550.0 ], [ -251000.0, -3025550.0 ], [ -251010.0, -3025550.0 ], [ -251010.0, -3025540.0 ], [ -251020.0, -3025540.0 ], [ -251020.0, -3025530.0 ], [ -251030.0, -3025530.0 ], [ -251030.0, -3025520.0 ], [ -251050.0, -3025520.0 ], [ -251060.0, -3025520.0 ], [ -251060.0, -3025510.0 ], [ -251080.0, -3025510.0 ], [ -251090.0, -3025510.0 ], [ -251090.0, -3025500.0 ], [ -251110.0, -3025500.0 ], [ -251110.0, -3025490.0 ], [ -251120.0, -3025490.0 ], [ -251120.0, -3025480.0 ], [ -251130.0, -3025480.0 ], [ -251150.0, -3025480.0 ], [ -251150.0, -3025470.0 ], [ -251150.0, -3025460.0 ], [ -251160.0, -3025460.0 ], [ -251160.0, -3025450.0 ], [ -251170.0, -3025450.0 ], [ -251180.0, -3025450.0 ], [ -251180.0, -3025440.0 ], [ -251190.0, -3025440.0 ], [ -251190.0, -3025420.0 ], [ -251200.0, -3025420.0 ], [ -251210.0, -3025420.0 ], [ -251210.0, -3025410.0 ], [ -251220.0, -3025410.0 ], [ -251220.0, -3025400.0 ], [ -251230.0, -3025400.0 ], [ -251230.0, -3025390.0 ], [ -251240.0, -3025390.0 ], [ -251240.0, -3025410.0 ], [ -251250.0, -3025410.0 ], [ -251260.0, -3025410.0 ], [ -251260.0, -3025420.0 ], [ -251270.0, -3025420.0 ], [ -251270.0, -3025430.0 ], [ -251290.0, -3025430.0 ], [ -251290.0, -3025420.0 ], [ -251280.0, -3025420.0 ], [ -251280.0, -3025400.0 ], [ -251270.0, -3025400.0 ], [ -251270.0, -3025390.0 ], [ -251270.0, -3025380.0 ], [ -251270.0, -3025370.0 ], [ -251280.0, -3025370.0 ], [ -251280.0, -3025360.0 ], [ -251290.0, -3025360.0 ], [ -251290.0, -3025350.0 ], [ -251300.0, -3025350.0 ], [ -251310.0, -3025350.0 ], [ -251310.0, -3025360.0 ], [ -251330.0, -3025360.0 ], [ -251330.0, -3025350.0 ], [ -251350.0, -3025350.0 ], [ -251350.0, -3025340.0 ], [ -251360.0, -3025340.0 ], [ -251360.0, -3025330.0 ], [ -251360.0, -3025320.0 ], [ -251370.0, -3025320.0 ], [ -251370.0, -3025310.0 ], [ -251380.0, -3025310.0 ], [ -251380.0, -3025300.0 ], [ -251390.0, -3025300.0 ], [ -251390.0, -3025290.0 ], [ -251400.0, -3025290.0 ], [ -251420.0, -3025290.0 ], [ -251420.0, -3025280.0 ], [ -251420.0, -3025270.0 ], [ -251430.0, -3025270.0 ], [ -251440.0, -3025270.0 ], [ -251440.0, -3025260.0 ], [ -251450.0, -3025260.0 ], [ -251450.0, -3025270.0 ], [ -251460.0, -3025270.0 ], [ -251460.0, -3025260.0 ], [ -251470.0, -3025260.0 ], [ -251470.0, -3025250.0 ], [ -251470.0, -3025240.0 ], [ -251480.0, -3025240.0 ], [ -251480.0, -3025230.0 ], [ -251480.0, -3025220.0 ], [ -251490.0, -3025220.0 ], [ -251490.0, -3025210.0 ], [ -251500.0, -3025210.0 ], [ -251510.0, -3025210.0 ], [ -251510.0, -3025200.0 ], [ -251520.0, -3025200.0 ], [ -251520.0, -3025190.0 ], [ -251520.0, -3025180.0 ], [ -251530.0, -3025180.0 ], [ -251540.0, -3025180.0 ], [ -251550.0, -3025180.0 ], [ -251570.0, -3025180.0 ], [ -251580.0, -3025180.0 ], [ -251580.0, -3025170.0 ], [ -251580.0, -3025160.0 ], [ -251590.0, -3025160.0 ], [ -251590.0, -3025150.0 ], [ -251590.0, -3025140.0 ], [ -251600.0, -3025140.0 ], [ -251600.0, -3025130.0 ], [ -251620.0, -3025130.0 ], [ -251620.0, -3025120.0 ], [ -251640.0, -3025120.0 ], [ -251640.0, -3025110.0 ], [ -251650.0, -3025110.0 ], [ -251650.0, -3025100.0 ], [ -251660.0, -3025100.0 ], [ -251660.0, -3025080.0 ], [ -251670.0, -3025080.0 ], [ -251670.0, -3025070.0 ], [ -251680.0, -3025070.0 ], [ -251680.0, -3025060.0 ], [ -251690.0, -3025060.0 ], [ -251690.0, -3025030.0 ], [ -251700.0, -3025030.0 ], [ -251700.0, -3025020.0 ], [ -251700.0, -3025010.0 ], [ -251710.0, -3025010.0 ], [ -251720.0, -3025010.0 ], [ -251720.0, -3025000.0 ], [ -251730.0, -3025000.0 ], [ -251730.0, -3024990.0 ], [ -251740.0, -3024990.0 ], [ -251750.0, -3024990.0 ], [ -251750.0, -3024980.0 ], [ -251750.0, -3024970.0 ], [ -251780.0, -3024970.0 ], [ -251780.0, -3024960.0 ], [ -251790.0, -3024960.0 ], [ -251790.0, -3024950.0 ], [ -251800.0, -3024950.0 ], [ -251810.0, -3024950.0 ], [ -251810.0, -3024940.0 ], [ -251830.0, -3024940.0 ], [ -251830.0, -3024930.0 ], [ -251840.0, -3024930.0 ], [ -251850.0, -3024930.0 ], [ -251850.0, -3024940.0 ], [ -251860.0, -3024940.0 ], [ -251860.0, -3024950.0 ], [ -251870.0, -3024950.0 ], [ -251890.0, -3024950.0 ], [ -251910.0, -3024950.0 ], [ -251930.0, -3024950.0 ], [ -251940.0, -3024950.0 ], [ -251950.0, -3024950.0 ], [ -251950.0, -3024940.0 ], [ -251960.0, -3024940.0 ], [ -251970.0, -3024940.0 ], [ -251970.0, -3024950.0 ], [ -251980.0, -3024950.0 ], [ -251990.0, -3024950.0 ], [ -252020.0, -3024950.0 ], [ -252030.0, -3024950.0 ], [ -252040.0, -3024950.0 ], [ -252040.0, -3024940.0 ], [ -252050.0, -3024940.0 ], [ -252070.0, -3024940.0 ], [ -252070.0, -3024930.0 ], [ -252080.0, -3024930.0 ], [ -252100.0, -3024930.0 ], [ -252100.0, -3024920.0 ], [ -252120.0, -3024920.0 ], [ -252130.0, -3024920.0 ], [ -252130.0, -3024910.0 ], [ -252140.0, -3024910.0 ], [ -252140.0, -3024920.0 ], [ -252140.0, -3024930.0 ], [ -252150.0, -3024930.0 ], [ -252180.0, -3024930.0 ], [ -252180.0, -3024920.0 ], [ -252180.0, -3024910.0 ], [ -252170.0, -3024910.0 ], [ -252160.0, -3024910.0 ], [ -252160.0, -3024900.0 ], [ -252180.0, -3024900.0 ], [ -252190.0, -3024900.0 ], [ -252210.0, -3024900.0 ], [ -252220.0, -3024900.0 ], [ -252220.0, -3024890.0 ], [ -252230.0, -3024890.0 ], [ -252230.0, -3024900.0 ], [ -252240.0, -3024900.0 ], [ -252270.0, -3024900.0 ], [ -252300.0, -3024900.0 ], [ -252300.0, -3024910.0 ], [ -252320.0, -3024910.0 ], [ -252330.0, -3024910.0 ], [ -252330.0, -3024900.0 ], [ -252340.0, -3024900.0 ], [ -252340.0, -3024910.0 ], [ -252360.0, -3024910.0 ], [ -252360.0, -3024890.0 ], [ -252370.0, -3024890.0 ], [ -252370.0, -3024880.0 ], [ -252400.0, -3024880.0 ], [ -252400.0, -3024890.0 ], [ -252420.0, -3024890.0 ], [ -252420.0, -3024880.0 ], [ -252470.0, -3024880.0 ], [ -252480.0, -3024880.0 ], [ -252480.0, -3024890.0 ], [ -252510.0, -3024890.0 ], [ -252510.0, -3024900.0 ], [ -252530.0, -3024900.0 ], [ -252530.0, -3024890.0 ], [ -252560.0, -3024890.0 ], [ -252560.0, -3024900.0 ], [ -252620.0, -3024900.0 ], [ -252620.0, -3024930.0 ], [ -252590.0, -3024930.0 ], [ -252590.0, -3024940.0 ], [ -252600.0, -3024940.0 ], [ -252600.0, -3024950.0 ], [ -252610.0, -3024950.0 ], [ -252610.0, -3024960.0 ], [ -252620.0, -3024960.0 ], [ -252620.0, -3024980.0 ], [ -252580.0, -3024980.0 ], [ -252580.0, -3024990.0 ], [ -252610.0, -3024990.0 ], [ -252610.0, -3025000.0 ], [ -252620.0, -3025000.0 ], [ -252620.0, -3025010.0 ], [ -252660.0, -3025010.0 ], [ -252660.0, -3025000.0 ], [ -252680.0, -3025000.0 ], [ -252680.0, -3024970.0 ], [ -252670.0, -3024970.0 ], [ -252670.0, -3024960.0 ], [ -252680.0, -3024960.0 ], [ -252680.0, -3024950.0 ], [ -252710.0, -3024950.0 ], [ -252710.0, -3024940.0 ], [ -252720.0, -3024940.0 ], [ -252740.0, -3024940.0 ], [ -252740.0, -3024930.0 ], [ -252770.0, -3024930.0 ], [ -252770.0, -3024920.0 ], [ -252780.0, -3024920.0 ], [ -252780.0, -3024930.0 ], [ -252790.0, -3024930.0 ], [ -252790.0, -3024920.0 ], [ -252800.0, -3024920.0 ], [ -252800.0, -3024910.0 ], [ -252810.0, -3024910.0 ], [ -252810.0, -3024900.0 ], [ -252820.0, -3024900.0 ], [ -252820.0, -3024890.0 ], [ -252830.0, -3024890.0 ], [ -252830.0, -3024880.0 ], [ -252840.0, -3024880.0 ], [ -252840.0, -3024820.0 ], [ -252830.0, -3024820.0 ], [ -252830.0, -3024800.0 ], [ -252820.0, -3024800.0 ], [ -252820.0, -3024790.0 ], [ -252810.0, -3024790.0 ], [ -252810.0, -3024750.0 ], [ -252800.0, -3024750.0 ], [ -252800.0, -3024730.0 ], [ -252810.0, -3024730.0 ], [ -252810.0, -3024690.0 ], [ -252800.0, -3024690.0 ], [ -252800.0, -3024680.0 ], [ -252790.0, -3024680.0 ], [ -252790.0, -3024660.0 ], [ -252780.0, -3024660.0 ], [ -252780.0, -3024640.0 ], [ -252770.0, -3024640.0 ], [ -252770.0, -3024630.0 ], [ -252760.0, -3024630.0 ], [ -252760.0, -3024620.0 ], [ -252750.0, -3024620.0 ], [ -252750.0, -3024610.0 ], [ -252750.0, -3024570.0 ], [ -252760.0, -3024570.0 ], [ -252760.0, -3024540.0 ], [ -252750.0, -3024540.0 ], [ -252750.0, -3024460.0 ], [ -252760.0, -3024460.0 ], [ -252760.0, -3024440.0 ], [ -252740.0, -3024440.0 ], [ -252740.0, -3024370.0 ], [ -252750.0, -3024370.0 ], [ -252750.0, -3024340.0 ], [ -252740.0, -3024340.0 ], [ -252740.0, -3024300.0 ], [ -252750.0, -3024300.0 ], [ -252750.0, -3024280.0 ], [ -252760.0, -3024280.0 ], [ -252760.0, -3024250.0 ], [ -252770.0, -3024250.0 ], [ -252770.0, -3024240.0 ], [ -252760.0, -3024240.0 ], [ -252760.0, -3024230.0 ], [ -252770.0, -3024230.0 ], [ -252770.0, -3024190.0 ], [ -252780.0, -3024190.0 ], [ -252780.0, -3024030.0 ], [ -252770.0, -3024030.0 ], [ -252770.0, -3023990.0 ], [ -252780.0, -3023990.0 ], [ -252780.0, -3023940.0 ], [ -252770.0, -3023940.0 ], [ -252770.0, -3023930.0 ], [ -252760.0, -3023930.0 ], [ -252760.0, -3023920.0 ], [ -252770.0, -3023920.0 ], [ -252770.0, -3023900.0 ], [ -252760.0, -3023900.0 ], [ -252760.0, -3023880.0 ], [ -252750.0, -3023880.0 ], [ -252750.0, -3023860.0 ], [ -252750.0, -3023840.0 ], [ -252750.0, -3023800.0 ], [ -252760.0, -3023800.0 ], [ -252760.0, -3023790.0 ], [ -252760.0, -3023770.0 ], [ -252770.0, -3023770.0 ], [ -252770.0, -3023760.0 ], [ -252780.0, -3023760.0 ], [ -252780.0, -3023720.0 ], [ -252790.0, -3023720.0 ], [ -252790.0, -3023700.0 ], [ -252800.0, -3023700.0 ], [ -252800.0, -3023680.0 ], [ -252810.0, -3023680.0 ], [ -252810.0, -3023670.0 ], [ -252830.0, -3023670.0 ], [ -252830.0, -3023660.0 ], [ -252840.0, -3023660.0 ], [ -252840.0, -3023650.0 ], [ -252850.0, -3023650.0 ], [ -252850.0, -3023640.0 ], [ -252860.0, -3023640.0 ], [ -252860.0, -3023590.0 ], [ -252870.0, -3023590.0 ], [ -252870.0, -3023540.0 ], [ -252880.0, -3023540.0 ], [ -252880.0, -3023520.0 ], [ -252890.0, -3023520.0 ], [ -252890.0, -3023490.0 ], [ -252900.0, -3023490.0 ], [ -252900.0, -3023390.0 ], [ -252890.0, -3023390.0 ], [ -252890.0, -3023340.0 ], [ -252880.0, -3023340.0 ], [ -252880.0, -3023320.0 ], [ -252870.0, -3023320.0 ], [ -252870.0, -3023300.0 ], [ -252860.0, -3023300.0 ], [ -252860.0, -3023260.0 ], [ -252850.0, -3023260.0 ], [ -252850.0, -3023200.0 ], [ -252840.0, -3023200.0 ], [ -252840.0, -3023180.0 ], [ -252830.0, -3023180.0 ], [ -252830.0, -3023170.0 ], [ -252820.0, -3023170.0 ], [ -252820.0, -3023160.0 ], [ -252810.0, -3023160.0 ], [ -252810.0, -3023150.0 ], [ -252800.0, -3023150.0 ], [ -252800.0, -3023130.0 ], [ -252790.0, -3023130.0 ], [ -252790.0, -3023120.0 ], [ -252780.0, -3023120.0 ], [ -252780.0, -3023080.0 ], [ -252770.0, -3023080.0 ], [ -252770.0, -3023040.0 ], [ -252760.0, -3023040.0 ], [ -252760.0, -3023020.0 ], [ -252750.0, -3023020.0 ], [ -252750.0, -3023000.0 ], [ -252740.0, -3023000.0 ], [ -252740.0, -3022990.0 ], [ -252720.0, -3022990.0 ], [ -252720.0, -3022980.0 ], [ -252700.0, -3022980.0 ], [ -252700.0, -3022970.0 ], [ -252690.0, -3022970.0 ], [ -252690.0, -3022960.0 ], [ -252680.0, -3022960.0 ], [ -252680.0, -3022930.0 ], [ -252670.0, -3022930.0 ], [ -252670.0, -3022880.0 ], [ -252660.0, -3022880.0 ], [ -252660.0, -3022860.0 ], [ -252650.0, -3022860.0 ], [ -252650.0, -3022850.0 ], [ -252640.0, -3022850.0 ], [ -252640.0, -3022830.0 ], [ -252630.0, -3022830.0 ], [ -252630.0, -3022820.0 ], [ -252620.0, -3022820.0 ], [ -252620.0, -3022810.0 ], [ -252610.0, -3022810.0 ], [ -252610.0, -3022790.0 ], [ -252600.0, -3022790.0 ], [ -252600.0, -3022780.0 ], [ -252590.0, -3022780.0 ], [ -252590.0, -3022770.0 ], [ -252580.0, -3022770.0 ], [ -252580.0, -3022760.0 ], [ -252570.0, -3022760.0 ], [ -252570.0, -3022750.0 ], [ -252560.0, -3022750.0 ], [ -252560.0, -3022740.0 ], [ -252550.0, -3022740.0 ], [ -252550.0, -3022730.0 ], [ -252540.0, -3022730.0 ], [ -252540.0, -3022720.0 ], [ -252520.0, -3022720.0 ], [ -252520.0, -3022710.0 ], [ -252510.0, -3022710.0 ], [ -252510.0, -3022700.0 ], [ -252500.0, -3022700.0 ], [ -252500.0, -3022690.0 ], [ -252480.0, -3022690.0 ], [ -252480.0, -3022680.0 ], [ -252470.0, -3022680.0 ], [ -252470.0, -3022670.0 ], [ -252450.0, -3022670.0 ], [ -252450.0, -3022660.0 ], [ -252440.0, -3022660.0 ], [ -252440.0, -3022650.0 ], [ -252420.0, -3022650.0 ], [ -252420.0, -3022640.0 ], [ -252410.0, -3022640.0 ], [ -252410.0, -3022630.0 ], [ -252400.0, -3022630.0 ], [ -252400.0, -3022620.0 ], [ -252390.0, -3022620.0 ], [ -252390.0, -3022600.0 ], [ -252380.0, -3022600.0 ], [ -252380.0, -3022590.0 ], [ -252370.0, -3022590.0 ], [ -252370.0, -3022580.0 ], [ -252360.0, -3022580.0 ], [ -252360.0, -3022560.0 ], [ -252350.0, -3022560.0 ], [ -252350.0, -3022550.0 ], [ -252340.0, -3022550.0 ], [ -252340.0, -3022540.0 ], [ -252330.0, -3022540.0 ], [ -252330.0, -3022530.0 ], [ -252310.0, -3022530.0 ], [ -252310.0, -3022520.0 ], [ -252300.0, -3022520.0 ], [ -252300.0, -3022510.0 ], [ -252290.0, -3022510.0 ], [ -252290.0, -3022500.0 ], [ -252280.0, -3022500.0 ], [ -252280.0, -3022490.0 ], [ -252270.0, -3022490.0 ], [ -252270.0, -3022480.0 ], [ -252250.0, -3022480.0 ], [ -252250.0, -3022470.0 ], [ -252240.0, -3022470.0 ], [ -252240.0, -3022460.0 ], [ -252230.0, -3022460.0 ], [ -252230.0, -3022450.0 ], [ -252210.0, -3022450.0 ], [ -252210.0, -3022440.0 ], [ -252200.0, -3022440.0 ], [ -252200.0, -3022430.0 ], [ -252180.0, -3022430.0 ], [ -252180.0, -3022420.0 ], [ -252170.0, -3022420.0 ], [ -252170.0, -3022410.0 ], [ -252160.0, -3022410.0 ], [ -252160.0, -3022400.0 ], [ -252140.0, -3022400.0 ], [ -252140.0, -3022390.0 ], [ -252100.0, -3022390.0 ], [ -252100.0, -3022380.0 ], [ -252070.0, -3022380.0 ], [ -252070.0, -3022390.0 ], [ -252041.353288530401187, -3022390.0 ], [ -252039.281116920348722, -3022389.802334455773234 ], [ -252031.630972941580694, -3022388.536654329393059 ], [ -252026.895227452856489, -3022389.022700685542077 ], [ -252022.159575065248646, -3022389.508856961503625 ], [ -252021.071603420190513, -3022390.0 ], [ -252020.0, -3022390.0 ], [ -252020.0, -3022390.483753930777311 ], [ -252014.318969799089245, -3022393.048341387882829 ], [ -252009.722161232872168, -3022394.88750582234934 ], [ -252001.812129574595019, -3022397.750483141280711 ], [ -251997.215318913164083, -3022399.589646264910698 ], [ -251995.887219008262036, -3022400.0 ], [ -251990.0, -3022400.0 ], [ -251990.0, -3022402.266769432462752 ], [ -251985.384985058393795, -3022404.222258819732815 ], [ -251980.111666061246069, -3022406.130842330399901 ], [ -251974.699400119716302, -3022406.686405339278281 ], [ -251967.465966877876781, -3022409.479962655343115 ], [ -251964.804146438982571, -3022410.0 ], [ -251960.0, -3022410.0 ], [ -251960.0, -3022410.929903116077185 ], [ -251953.328212715859991, -3022411.614790383260697 ], [ -251949.945572336233454, -3022411.961991094052792 ], [ -251944.672247710637748, -3022413.870569506194443 ], [ -251937.230450687173288, -3022414.634491932112724 ], [ -251929.389821732242126, -3022418.173960609827191 ], [ -251925.469506321620429, -3022419.943694499786943 ], [ -251925.356160328257829, -3022420.0 ], [ -251920.0, -3022420.0 ] ], [ [ -231260.0, -3027720.0 ], [ -231260.0, -3027710.0 ], [ -231270.0, -3027710.0 ], [ -231270.0, -3027720.0 ], [ -231260.0, -3027720.0 ] ], [ [ -231640.0, -3027790.0 ], [ -231640.0, -3027780.0 ], [ -231650.0, -3027780.0 ], [ -231660.0, -3027780.0 ], [ -231660.0, -3027790.0 ], [ -231660.0, -3027800.0 ], [ -231640.0, -3027800.0 ], [ -231640.0, -3027790.0 ] ], [ [ -233230.0, -3027770.0 ], [ -233230.0, -3027760.0 ], [ -233240.0, -3027760.0 ], [ -233240.0, -3027770.0 ], [ -233230.0, -3027770.0 ] ], [ [ -241780.0, -3026270.0 ], [ -241780.0, -3026280.0 ], [ -241770.0, -3026280.0 ], [ -241770.0, -3026270.0 ], [ -241780.0, -3026270.0 ] ], [ [ -243160.0, -3025860.0 ], [ -243150.0, -3025860.0 ], [ -243150.0, -3025850.0 ], [ -243160.0, -3025850.0 ], [ -243160.0, -3025860.0 ] ], [ [ -243280.0, -3025760.0 ], [ -243290.0, -3025760.0 ], [ -243290.0, -3025770.0 ], [ -243280.0, -3025770.0 ], [ -243280.0, -3025760.0 ] ], [ [ -250950.0, -3025500.0 ], [ -250960.0, -3025500.0 ], [ -250970.0, -3025500.0 ], [ -250980.0, -3025500.0 ], [ -250980.0, -3025520.0 ], [ -250970.0, -3025520.0 ], [ -250970.0, -3025510.0 ], [ -250950.0, -3025510.0 ], [ -250950.0, -3025500.0 ] ], [ [ -251310.0, -3025340.0 ], [ -251320.0, -3025340.0 ], [ -251320.0, -3025350.0 ], [ -251310.0, -3025350.0 ], [ -251310.0, -3025340.0 ] ], [ [ -231370.0, -3027710.0 ], [ -231370.0, -3027720.0 ], [ -231370.0, -3027730.0 ], [ -231350.0, -3027730.0 ], [ -231350.0, -3027710.0 ], [ -231360.0, -3027710.0 ], [ -231370.0, -3027710.0 ] ], [ [ -241400.0, -3026300.0 ], [ -241420.0, -3026300.0 ], [ -241420.0, -3026310.0 ], [ -241420.0, -3026320.0 ], [ -241400.0, -3026320.0 ], [ -241400.0, -3026300.0 ] ], [ [ -242440.0, -3026080.0 ], [ -242440.0, -3026090.0 ], [ -242430.0, -3026090.0 ], [ -242430.0, -3026080.0 ], [ -242440.0, -3026080.0 ] ], [ [ -243730.0, -3025560.0 ], [ -243710.0, -3025560.0 ], [ -243710.0, -3025550.0 ], [ -243730.0, -3025550.0 ], [ -243730.0, -3025560.0 ] ], [ [ -244000.0, -3025500.0 ], [ -244000.0, -3025510.0 ], [ -244010.0, -3025510.0 ], [ -244010.0, -3025500.0 ], [ -244030.0, -3025500.0 ], [ -244040.0, -3025500.0 ], [ -244040.0, -3025510.0 ], [ -244040.0, -3025520.0 ], [ -243970.0, -3025520.0 ], [ -243970.0, -3025510.0 ], [ -243960.0, -3025510.0 ], [ -243960.0, -3025500.0 ], [ -243980.0, -3025500.0 ], [ -244000.0, -3025500.0 ] ], [ [ -247120.0, -3026040.0 ], [ -247110.0, -3026040.0 ], [ -247100.0, -3026040.0 ], [ -247100.0, -3026030.0 ], [ -247090.0, -3026030.0 ], [ -247080.0, -3026030.0 ], [ -247080.0, -3026020.0 ], [ -247090.0, -3026020.0 ], [ -247090.0, -3026010.0 ], [ -247100.0, -3026010.0 ], [ -247110.0, -3026010.0 ], [ -247110.0, -3026020.0 ], [ -247120.0, -3026020.0 ], [ -247120.0, -3026030.0 ], [ -247130.0, -3026030.0 ], [ -247130.0, -3026040.0 ], [ -247120.0, -3026040.0 ] ], [ [ -237260.0, -3026170.0 ], [ -237270.0, -3026170.0 ], [ -237270.0, -3026180.0 ], [ -237280.0, -3026180.0 ], [ -237280.0, -3026190.0 ], [ -237270.0, -3026190.0 ], [ -237260.0, -3026190.0 ], [ -237260.0, -3026170.0 ] ], [ [ -241810.0, -3026240.0 ], [ -241810.0, -3026250.0 ], [ -241800.0, -3026250.0 ], [ -241800.0, -3026240.0 ], [ -241810.0, -3026240.0 ] ], [ [ -240890.0, -3021320.0 ], [ -240900.0, -3021320.0 ], [ -240900.0, -3021330.0 ], [ -240910.0, -3021330.0 ], [ -240920.0, -3021330.0 ], [ -240920.0, -3021340.0 ], [ -240920.0, -3021350.0 ], [ -240910.0, -3021350.0 ], [ -240910.0, -3021360.0 ], [ -240930.0, -3021360.0 ], [ -240940.0, -3021360.0 ], [ -240940.0, -3021350.0 ], [ -240950.0, -3021350.0 ], [ -240950.0, -3021360.0 ], [ -240960.0, -3021360.0 ], [ -240960.0, -3021370.0 ], [ -240970.0, -3021370.0 ], [ -240970.0, -3021380.0 ], [ -240970.0, -3021390.0 ], [ -240970.0, -3021400.0 ], [ -240980.0, -3021400.0 ], [ -240980.0, -3021410.0 ], [ -240980.0, -3021420.0 ], [ -240980.0, -3021430.0 ], [ -240990.0, -3021430.0 ], [ -241010.0, -3021430.0 ], [ -241010.0, -3021440.0 ], [ -241010.0, -3021450.0 ], [ -241020.0, -3021450.0 ], [ -241020.0, -3021490.0 ], [ -241010.0, -3021490.0 ], [ -241010.0, -3021500.0 ], [ -241010.0, -3021510.0 ], [ -241020.0, -3021510.0 ], [ -241020.0, -3021520.0 ], [ -241020.0, -3021540.0 ], [ -241030.0, -3021540.0 ], [ -241030.0, -3021550.0 ], [ -241030.0, -3021560.0 ], [ -241030.0, -3021570.0 ], [ -241030.0, -3021580.0 ], [ -241030.0, -3021590.0 ], [ -241040.0, -3021590.0 ], [ -241040.0, -3021620.0 ], [ -241050.0, -3021620.0 ], [ -241050.0, -3021650.0 ], [ -241050.0, -3021660.0 ], [ -241050.0, -3021670.0 ], [ -241060.0, -3021670.0 ], [ -241060.0, -3021690.0 ], [ -241060.0, -3021700.0 ], [ -241060.0, -3021710.0 ], [ -241070.0, -3021710.0 ], [ -241070.0, -3021720.0 ], [ -241080.0, -3021720.0 ], [ -241090.0, -3021720.0 ], [ -241090.0, -3021730.0 ], [ -241090.0, -3021740.0 ], [ -241100.0, -3021740.0 ], [ -241110.0, -3021740.0 ], [ -241120.0, -3021740.0 ], [ -241120.0, -3021750.0 ], [ -241120.0, -3021770.0 ], [ -241120.0, -3021780.0 ], [ -241130.0, -3021780.0 ], [ -241130.0, -3021790.0 ], [ -241140.0, -3021790.0 ], [ -241140.0, -3021800.0 ], [ -241140.0, -3021810.0 ], [ -241149.511055312992539, -3021810.0 ], [ -241149.716504059091676, -3021811.137688236776739 ], [ -241150.0, -3021812.11713732779026 ], [ -241150.0, -3021830.0 ], [ -241140.0, -3021830.0 ], [ -241140.0, -3021840.0 ], [ -241150.0, -3021840.0 ], [ -241150.0, -3021850.0 ], [ -241150.0, -3021880.0 ], [ -241160.0, -3021880.0 ], [ -241160.0, -3021890.0 ], [ -241160.0, -3021900.0 ], [ -241160.0, -3021920.0 ], [ -241160.0, -3021940.0 ], [ -241160.0, -3021960.0 ], [ -241170.0, -3021960.0 ], [ -241170.0, -3021970.0 ], [ -241170.0, -3021980.0 ], [ -241180.0, -3021980.0 ], [ -241190.0, -3021980.0 ], [ -241190.0, -3021990.0 ], [ -241190.0, -3022000.0 ], [ -241200.0, -3022000.0 ], [ -241210.0, -3022000.0 ], [ -241210.0, -3022010.0 ], [ -241220.0, -3022010.0 ], [ -241220.0, -3022020.0 ], [ -241220.0, -3022030.0 ], [ -241230.0, -3022030.0 ], [ -241230.0, -3022040.0 ], [ -241240.0, -3022040.0 ], [ -241250.0, -3022040.0 ], [ -241250.0, -3022050.0 ], [ -241260.0, -3022050.0 ], [ -241270.0, -3022050.0 ], [ -241270.0, -3022060.0 ], [ -241270.0, -3022070.0 ], [ -241280.0, -3022070.0 ], [ -241280.0, -3022080.0 ], [ -241290.0, -3022080.0 ], [ -241290.0, -3022090.0 ], [ -241290.0, -3022100.0 ], [ -241300.0, -3022100.0 ], [ -241300.0, -3022110.0 ], [ -241310.0, -3022110.0 ], [ -241310.0, -3022120.0 ], [ -241310.0, -3022130.0 ], [ -241320.0, -3022130.0 ], [ -241340.0, -3022130.0 ], [ -241340.0, -3022140.0 ], [ -241340.0, -3022150.0 ], [ -241350.0, -3022150.0 ], [ -241350.0, -3022160.0 ], [ -241360.0, -3022160.0 ], [ -241360.0, -3022170.0 ], [ -241370.0, -3022170.0 ], [ -241370.0, -3022180.0 ], [ -241380.0, -3022180.0 ], [ -241380.0, -3022190.0 ], [ -241380.0, -3022200.0 ], [ -241390.0, -3022200.0 ], [ -241390.0, -3022210.0 ], [ -241400.0, -3022210.0 ], [ -241400.0, -3022220.0 ], [ -241410.0, -3022220.0 ], [ -241410.0, -3022230.0 ], [ -241410.0, -3022240.0 ], [ -241420.0, -3022240.0 ], [ -241420.0, -3022250.0 ], [ -241430.0, -3022250.0 ], [ -241430.0, -3022260.0 ], [ -241440.0, -3022260.0 ], [ -241440.0, -3022280.0 ], [ -241440.0, -3022290.0 ], [ -241450.0, -3022290.0 ], [ -241450.0, -3022300.0 ], [ -241460.0, -3022300.0 ], [ -241460.0, -3022310.0 ], [ -241460.0, -3022320.0 ], [ -241460.0, -3022330.0 ], [ -241470.0, -3022330.0 ], [ -241470.0, -3022340.0 ], [ -241470.0, -3022350.0 ], [ -241480.0, -3022350.0 ], [ -241480.0, -3022360.0 ], [ -241480.0, -3022370.0 ], [ -241490.0, -3022370.0 ], [ -241490.0, -3022380.0 ], [ -241500.0, -3022380.0 ], [ -241500.0, -3022390.0 ], [ -241500.0, -3022400.0 ], [ -241510.0, -3022400.0 ], [ -241510.0, -3022410.0 ], [ -241520.0, -3022410.0 ], [ -241520.0, -3022420.0 ], [ -241530.0, -3022420.0 ], [ -241530.0, -3022430.0 ], [ -241530.0, -3022440.0 ], [ -241540.0, -3022440.0 ], [ -241540.0, -3022450.0 ], [ -241540.0, -3022460.0 ], [ -241550.0, -3022460.0 ], [ -241550.0, -3022470.0 ], [ -241550.0, -3022480.0 ], [ -241550.0, -3022500.0 ], [ -241560.0, -3022500.0 ], [ -241560.0, -3022510.0 ], [ -241570.0, -3022510.0 ], [ -241570.0, -3022520.0 ], [ -241570.0, -3022530.0 ], [ -241580.0, -3022530.0 ], [ -241580.0, -3022540.0 ], [ -241580.0, -3022550.0 ], [ -241590.0, -3022550.0 ], [ -241590.0, -3022560.0 ], [ -241590.0, -3022570.0 ], [ -241590.0, -3022590.0 ], [ -241590.0, -3022600.0 ], [ -241590.0, -3022620.0 ], [ -241600.0, -3022620.0 ], [ -241600.0, -3022650.0 ], [ -241600.0, -3022660.0 ], [ -241600.0, -3022670.0 ], [ -241600.0, -3022690.0 ], [ -241600.0, -3022700.0 ], [ -241590.0, -3022700.0 ], [ -241590.0, -3022710.0 ], [ -241560.0, -3022710.0 ], [ -241560.0, -3022700.0 ], [ -241550.0, -3022700.0 ], [ -241540.0, -3022700.0 ], [ -241540.0, -3022690.0 ], [ -241530.0, -3022690.0 ], [ -241520.0, -3022690.0 ], [ -241520.0, -3022680.0 ], [ -241520.0, -3022670.0 ], [ -241510.0, -3022670.0 ], [ -241510.0, -3022660.0 ], [ -241500.0, -3022660.0 ], [ -241490.0, -3022660.0 ], [ -241490.0, -3022650.0 ], [ -241480.0, -3022650.0 ], [ -241480.0, -3022640.0 ], [ -241470.0, -3022640.0 ], [ -241470.0, -3022630.0 ], [ -241460.0, -3022630.0 ], [ -241460.0, -3022620.0 ], [ -241450.0, -3022620.0 ], [ -241450.0, -3022610.0 ], [ -241440.0, -3022610.0 ], [ -241440.0, -3022590.0 ], [ -241420.0, -3022590.0 ], [ -241420.0, -3022600.0 ], [ -241410.0, -3022600.0 ], [ -241410.0, -3022590.0 ], [ -241400.0, -3022590.0 ], [ -241400.0, -3022580.0 ], [ -241410.0, -3022580.0 ], [ -241410.0, -3022570.0 ], [ -241430.0, -3022570.0 ], [ -241430.0, -3022560.0 ], [ -241440.0, -3022560.0 ], [ -241440.0, -3022540.0 ], [ -241450.0, -3022540.0 ], [ -241450.0, -3022520.0 ], [ -241460.0, -3022520.0 ], [ -241460.0, -3022480.0 ], [ -241450.0, -3022480.0 ], [ -241450.0, -3022460.0 ], [ -241440.0, -3022460.0 ], [ -241440.0, -3022450.0 ], [ -241410.0, -3022450.0 ], [ -241410.0, -3022460.0 ], [ -241400.0, -3022460.0 ], [ -241400.0, -3022470.0 ], [ -241390.0, -3022470.0 ], [ -241390.0, -3022480.0 ], [ -241380.0, -3022480.0 ], [ -241380.0, -3022490.0 ], [ -241370.0, -3022490.0 ], [ -241370.0, -3022500.0 ], [ -241360.0, -3022500.0 ], [ -241360.0, -3022490.0 ], [ -241340.0, -3022490.0 ], [ -241340.0, -3022480.0 ], [ -241340.0, -3022440.0 ], [ -241330.0, -3022440.0 ], [ -241330.0, -3022420.0 ], [ -241320.0, -3022420.0 ], [ -241320.0, -3022410.0 ], [ -241310.0, -3022410.0 ], [ -241310.0, -3022400.0 ], [ -241300.0, -3022400.0 ], [ -241300.0, -3022390.0 ], [ -241290.0, -3022390.0 ], [ -241290.0, -3022380.0 ], [ -241280.0, -3022380.0 ], [ -241280.0, -3022370.0 ], [ -241270.0, -3022370.0 ], [ -241270.0, -3022350.0 ], [ -241260.0, -3022350.0 ], [ -241260.0, -3022270.0 ], [ -241250.0, -3022270.0 ], [ -241250.0, -3022260.0 ], [ -241240.0, -3022260.0 ], [ -241240.0, -3022250.0 ], [ -241230.0, -3022250.0 ], [ -241220.0, -3022250.0 ], [ -241220.0, -3022240.0 ], [ -241220.0, -3022230.0 ], [ -241210.0, -3022230.0 ], [ -241210.0, -3022220.0 ], [ -241200.0, -3022220.0 ], [ -241200.0, -3022210.0 ], [ -241190.0, -3022210.0 ], [ -241190.0, -3022190.0 ], [ -241190.0, -3022110.0 ], [ -241180.0, -3022110.0 ], [ -241180.0, -3022090.0 ], [ -241170.0, -3022090.0 ], [ -241170.0, -3022080.0 ], [ -241160.0, -3022080.0 ], [ -241160.0, -3022070.0 ], [ -241150.0, -3022070.0 ], [ -241150.0, -3022060.0 ], [ -241130.0, -3022060.0 ], [ -241130.0, -3022050.0 ], [ -241110.0, -3022050.0 ], [ -241110.0, -3022040.0 ], [ -241090.0, -3022040.0 ], [ -241090.0, -3022030.0 ], [ -241080.0, -3022030.0 ], [ -241080.0, -3022020.0 ], [ -241060.0, -3022020.0 ], [ -241060.0, -3022000.0 ], [ -241050.0, -3022000.0 ], [ -241050.0, -3021990.0 ], [ -241060.0, -3021990.0 ], [ -241060.0, -3021980.0 ], [ -241050.0, -3021980.0 ], [ -241050.0, -3021960.0 ], [ -241040.0, -3021960.0 ], [ -241040.0, -3021950.0 ], [ -241030.0, -3021950.0 ], [ -241030.0, -3021940.0 ], [ -241020.0, -3021940.0 ], [ -241020.0, -3021930.0 ], [ -241010.0, -3021930.0 ], [ -241010.0, -3021920.0 ], [ -241000.0, -3021920.0 ], [ -241000.0, -3021910.0 ], [ -240990.0, -3021910.0 ], [ -240990.0, -3021890.0 ], [ -240980.0, -3021890.0 ], [ -240980.0, -3021880.0 ], [ -240970.0, -3021880.0 ], [ -240970.0, -3021850.0 ], [ -240960.0, -3021850.0 ], [ -240960.0, -3021830.0 ], [ -240950.0, -3021830.0 ], [ -240950.0, -3021810.0 ], [ -240940.0, -3021810.0 ], [ -240940.0, -3021760.0 ], [ -240950.0, -3021760.0 ], [ -240950.0, -3021740.0 ], [ -240960.0, -3021740.0 ], [ -240960.0, -3021720.0 ], [ -240970.0, -3021720.0 ], [ -240970.0, -3021700.0 ], [ -240960.0, -3021700.0 ], [ -240960.0, -3021690.0 ], [ -240970.0, -3021690.0 ], [ -240970.0, -3021670.0 ], [ -240960.0, -3021670.0 ], [ -240960.0, -3021660.0 ], [ -240950.0, -3021660.0 ], [ -240950.0, -3021650.0 ], [ -240940.0, -3021650.0 ], [ -240940.0, -3021640.0 ], [ -240930.0, -3021640.0 ], [ -240930.0, -3021620.0 ], [ -240920.0, -3021620.0 ], [ -240920.0, -3021610.0 ], [ -240910.0, -3021610.0 ], [ -240910.0, -3021600.0 ], [ -240890.0, -3021600.0 ], [ -240890.0, -3021590.0 ], [ -240870.0, -3021590.0 ], [ -240870.0, -3021580.0 ], [ -240860.0, -3021580.0 ], [ -240860.0, -3021570.0 ], [ -240850.0, -3021570.0 ], [ -240850.0, -3021560.0 ], [ -240840.0, -3021560.0 ], [ -240840.0, -3021550.0 ], [ -240830.0, -3021550.0 ], [ -240830.0, -3021530.0 ], [ -240810.0, -3021530.0 ], [ -240810.0, -3021520.0 ], [ -240800.0, -3021520.0 ], [ -240800.0, -3021490.0 ], [ -240790.0, -3021490.0 ], [ -240790.0, -3021480.0 ], [ -240780.0, -3021480.0 ], [ -240780.0, -3021460.0 ], [ -240770.0, -3021460.0 ], [ -240770.0, -3021450.0 ], [ -240760.0, -3021450.0 ], [ -240760.0, -3021440.0 ], [ -240750.0, -3021440.0 ], [ -240750.0, -3021420.0 ], [ -240740.0, -3021420.0 ], [ -240740.0, -3021410.0 ], [ -240730.0, -3021410.0 ], [ -240730.0, -3021390.0 ], [ -240720.0, -3021390.0 ], [ -240720.0, -3021380.0 ], [ -240730.0, -3021380.0 ], [ -240730.0, -3021320.0 ], [ -240740.0, -3021320.0 ], [ -240750.0, -3021320.0 ], [ -240750.0, -3021330.0 ], [ -240780.0, -3021330.0 ], [ -240800.0, -3021330.0 ], [ -240800.0, -3021340.0 ], [ -240810.0, -3021340.0 ], [ -240810.0, -3021360.0 ], [ -240840.0, -3021360.0 ], [ -240840.0, -3021350.0 ], [ -240850.0, -3021350.0 ], [ -240850.0, -3021340.0 ], [ -240860.0, -3021340.0 ], [ -240860.0, -3021320.0 ], [ -240870.0, -3021320.0 ], [ -240870.0, -3021310.0 ], [ -240880.0, -3021310.0 ], [ -240880.0, -3021300.0 ], [ -240890.0, -3021300.0 ], [ -240890.0, -3021310.0 ], [ -240890.0, -3021320.0 ] ], [ [ -237360.0, -3026110.0 ], [ -237370.0, -3026110.0 ], [ -237370.0, -3026120.0 ], [ -237360.0, -3026120.0 ], [ -237360.0, -3026110.0 ] ], [ [ -238070.0, -3025860.0 ], [ -238100.0, -3025860.0 ], [ -238100.0, -3025850.0 ], [ -238110.0, -3025850.0 ], [ -238110.0, -3025860.0 ], [ -238130.0, -3025860.0 ], [ -238130.0, -3025850.0 ], [ -238150.0, -3025850.0 ], [ -238160.0, -3025850.0 ], [ -238160.0, -3025880.0 ], [ -238170.0, -3025880.0 ], [ -238170.0, -3025900.0 ], [ -238160.0, -3025900.0 ], [ -238160.0, -3025910.0 ], [ -238140.0, -3025910.0 ], [ -238140.0, -3025920.0 ], [ -238130.0, -3025920.0 ], [ -238130.0, -3025930.0 ], [ -238110.0, -3025930.0 ], [ -238110.0, -3025920.0 ], [ -238080.0, -3025920.0 ], [ -238080.0, -3025930.0 ], [ -238070.0, -3025930.0 ], [ -238070.0, -3025920.0 ], [ -238060.0, -3025920.0 ], [ -238050.0, -3025920.0 ], [ -238050.0, -3025910.0 ], [ -238040.0, -3025910.0 ], [ -238030.0, -3025910.0 ], [ -238030.0, -3025890.0 ], [ -238040.0, -3025890.0 ], [ -238040.0, -3025880.0 ], [ -238050.0, -3025880.0 ], [ -238050.0, -3025870.0 ], [ -238060.0, -3025870.0 ], [ -238070.0, -3025870.0 ], [ -238070.0, -3025860.0 ] ], [ [ -251010.0, -3025490.0 ], [ -251010.0, -3025500.0 ], [ -251000.0, -3025500.0 ], [ -251000.0, -3025490.0 ], [ -251010.0, -3025490.0 ] ], [ [ -242220.0, -3026020.0 ], [ -242220.0, -3026030.0 ], [ -242210.0, -3026030.0 ], [ -242210.0, -3026040.0 ], [ -242200.0, -3026040.0 ], [ -242200.0, -3026050.0 ], [ -242190.0, -3026050.0 ], [ -242190.0, -3026030.0 ], [ -242150.0, -3026030.0 ], [ -242150.0, -3026020.0 ], [ -242150.0, -3026010.0 ], [ -242140.0, -3026010.0 ], [ -242140.0, -3026020.0 ], [ -242110.0, -3026020.0 ], [ -242100.0, -3026020.0 ], [ -242100.0, -3026010.0 ], [ -242120.0, -3026010.0 ], [ -242120.0, -3026000.0 ], [ -242140.0, -3026000.0 ], [ -242150.0, -3026000.0 ], [ -242170.0, -3026000.0 ], [ -242180.0, -3026000.0 ], [ -242180.0, -3026010.0 ], [ -242190.0, -3026010.0 ], [ -242200.0, -3026010.0 ], [ -242200.0, -3026000.0 ], [ -242230.0, -3026000.0 ], [ -242240.0, -3026000.0 ], [ -242240.0, -3025990.0 ], [ -242250.0, -3025990.0 ], [ -242280.0, -3025990.0 ], [ -242280.0, -3026000.0 ], [ -242270.0, -3026000.0 ], [ -242270.0, -3026010.0 ], [ -242260.0, -3026010.0 ], [ -242250.0, -3026010.0 ], [ -242240.0, -3026010.0 ], [ -242240.0, -3026020.0 ], [ -242230.0, -3026020.0 ], [ -242220.0, -3026020.0 ] ], [ [ -242850.0, -3026000.0 ], [ -242870.0, -3026000.0 ], [ -242870.0, -3026010.0 ], [ -242850.0, -3026010.0 ], [ -242850.0, -3026000.0 ] ], [ [ -241400.0, -3026260.0 ], [ -241400.0, -3026270.0 ], [ -241390.0, -3026270.0 ], [ -241380.0, -3026270.0 ], [ -241380.0, -3026280.0 ], [ -241370.0, -3026280.0 ], [ -241370.0, -3026290.0 ], [ -241360.0, -3026290.0 ], [ -241350.0, -3026290.0 ], [ -241340.0, -3026290.0 ], [ -241340.0, -3026300.0 ], [ -241330.0, -3026300.0 ], [ -241320.0, -3026300.0 ], [ -241320.0, -3026310.0 ], [ -241300.0, -3026310.0 ], [ -241300.0, -3026320.0 ], [ -241320.0, -3026320.0 ], [ -241330.0, -3026320.0 ], [ -241330.0, -3026330.0 ], [ -241340.0, -3026330.0 ], [ -241360.0, -3026330.0 ], [ -241360.0, -3026340.0 ], [ -241360.0, -3026350.0 ], [ -241350.0, -3026350.0 ], [ -241340.0, -3026350.0 ], [ -241340.0, -3026370.0 ], [ -241350.0, -3026370.0 ], [ -241360.0, -3026370.0 ], [ -241360.0, -3026380.0 ], [ -241350.0, -3026380.0 ], [ -241350.0, -3026390.0 ], [ -241310.0, -3026390.0 ], [ -241310.0, -3026400.0 ], [ -241300.0, -3026400.0 ], [ -241300.0, -3026390.0 ], [ -241290.0, -3026390.0 ], [ -241280.0, -3026390.0 ], [ -241280.0, -3026380.0 ], [ -241280.0, -3026370.0 ], [ -241270.0, -3026370.0 ], [ -241270.0, -3026360.0 ], [ -241260.0, -3026360.0 ], [ -241260.0, -3026350.0 ], [ -241250.0, -3026350.0 ], [ -241240.0, -3026350.0 ], [ -241240.0, -3026340.0 ], [ -241270.0, -3026340.0 ], [ -241270.0, -3026320.0 ], [ -241280.0, -3026320.0 ], [ -241280.0, -3026310.0 ], [ -241290.0, -3026310.0 ], [ -241290.0, -3026290.0 ], [ -241300.0, -3026290.0 ], [ -241300.0, -3026280.0 ], [ -241310.0, -3026280.0 ], [ -241320.0, -3026280.0 ], [ -241320.0, -3026270.0 ], [ -241330.0, -3026270.0 ], [ -241340.0, -3026270.0 ], [ -241340.0, -3026260.0 ], [ -241350.0, -3026260.0 ], [ -241360.0, -3026260.0 ], [ -241360.0, -3026250.0 ], [ -241370.0, -3026250.0 ], [ -241370.0, -3026240.0 ], [ -241380.0, -3026240.0 ], [ -241380.0, -3026230.0 ], [ -241390.0, -3026230.0 ], [ -241390.0, -3026220.0 ], [ -241410.0, -3026220.0 ], [ -241410.0, -3026210.0 ], [ -241420.0, -3026210.0 ], [ -241430.0, -3026210.0 ], [ -241440.0, -3026210.0 ], [ -241440.0, -3026220.0 ], [ -241450.0, -3026220.0 ], [ -241450.0, -3026230.0 ], [ -241440.0, -3026230.0 ], [ -241440.0, -3026240.0 ], [ -241440.0, -3026250.0 ], [ -241430.0, -3026250.0 ], [ -241430.0, -3026260.0 ], [ -241400.0, -3026260.0 ] ], [ [ -241380.0, -3026360.0 ], [ -241370.0, -3026360.0 ], [ -241370.0, -3026350.0 ], [ -241380.0, -3026350.0 ], [ -241380.0, -3026360.0 ] ], [ [ -241360.0, -3026210.0 ], [ -241370.0, -3026210.0 ], [ -241380.0, -3026210.0 ], [ -241380.0, -3026220.0 ], [ -241360.0, -3026220.0 ], [ -241360.0, -3026210.0 ] ], [ [ -241130.0, -3026280.0 ], [ -241140.0, -3026280.0 ], [ -241140.0, -3026290.0 ], [ -241130.0, -3026290.0 ], [ -241130.0, -3026280.0 ] ], [ [ -238880.0, -3026340.0 ], [ -238870.0, -3026340.0 ], [ -238860.0, -3026340.0 ], [ -238860.0, -3026320.0 ], [ -238870.0, -3026320.0 ], [ -238870.0, -3026310.0 ], [ -238890.0, -3026310.0 ], [ -238900.0, -3026310.0 ], [ -238900.0, -3026320.0 ], [ -238910.0, -3026320.0 ], [ -238910.0, -3026330.0 ], [ -238910.0, -3026340.0 ], [ -238890.0, -3026340.0 ], [ -238890.0, -3026350.0 ], [ -238880.0, -3026350.0 ], [ -238880.0, -3026340.0 ] ], [ [ -239790.0, -3026360.0 ], [ -239790.0, -3026370.0 ], [ -239780.0, -3026370.0 ], [ -239780.0, -3026380.0 ], [ -239750.0, -3026380.0 ], [ -239750.0, -3026370.0 ], [ -239740.0, -3026370.0 ], [ -239740.0, -3026360.0 ], [ -239740.0, -3026350.0 ], [ -239750.0, -3026350.0 ], [ -239760.0, -3026350.0 ], [ -239770.0, -3026350.0 ], [ -239770.0, -3026340.0 ], [ -239780.0, -3026340.0 ], [ -239780.0, -3026330.0 ], [ -239790.0, -3026330.0 ], [ -239810.0, -3026330.0 ], [ -239810.0, -3026340.0 ], [ -239800.0, -3026340.0 ], [ -239800.0, -3026350.0 ], [ -239790.0, -3026350.0 ], [ -239790.0, -3026360.0 ] ], [ [ -239860.0, -3026410.0 ], [ -239860.0, -3026420.0 ], [ -239860.0, -3026430.0 ], [ -239840.0, -3026430.0 ], [ -239830.0, -3026430.0 ], [ -239830.0, -3026440.0 ], [ -239820.0, -3026440.0 ], [ -239810.0, -3026440.0 ], [ -239800.0, -3026440.0 ], [ -239790.0, -3026440.0 ], [ -239790.0, -3026430.0 ], [ -239780.0, -3026430.0 ], [ -239780.0, -3026420.0 ], [ -239780.0, -3026410.0 ], [ -239790.0, -3026410.0 ], [ -239790.0, -3026400.0 ], [ -239800.0, -3026400.0 ], [ -239800.0, -3026380.0 ], [ -239820.0, -3026380.0 ], [ -239820.0, -3026400.0 ], [ -239810.0, -3026400.0 ], [ -239810.0, -3026410.0 ], [ -239820.0, -3026410.0 ], [ -239850.0, -3026410.0 ], [ -239860.0, -3026410.0 ] ], [ [ -239770.0, -3026450.0 ], [ -239780.0, -3026450.0 ], [ -239790.0, -3026450.0 ], [ -239790.0, -3026460.0 ], [ -239770.0, -3026460.0 ], [ -239770.0, -3026450.0 ] ], [ [ -240210.0, -3026460.0 ], [ -240200.0, -3026460.0 ], [ -240200.0, -3026470.0 ], [ -240180.0, -3026470.0 ], [ -240180.0, -3026460.0 ], [ -240170.0, -3026460.0 ], [ -240150.0, -3026460.0 ], [ -240150.0, -3026450.0 ], [ -240170.0, -3026450.0 ], [ -240180.0, -3026450.0 ], [ -240210.0, -3026450.0 ], [ -240220.0, -3026450.0 ], [ -240220.0, -3026470.0 ], [ -240210.0, -3026470.0 ], [ -240210.0, -3026460.0 ] ], [ [ -240380.0, -3026440.0 ], [ -240380.0, -3026430.0 ], [ -240390.0, -3026430.0 ], [ -240400.0, -3026430.0 ], [ -240400.0, -3026450.0 ], [ -240390.0, -3026450.0 ], [ -240380.0, -3026450.0 ], [ -240380.0, -3026460.0 ], [ -240370.0, -3026460.0 ], [ -240350.0, -3026460.0 ], [ -240350.0, -3026450.0 ], [ -240360.0, -3026450.0 ], [ -240360.0, -3026440.0 ], [ -240370.0, -3026440.0 ], [ -240380.0, -3026440.0 ] ], [ [ -239820.0, -3026470.0 ], [ -239820.0, -3026490.0 ], [ -239810.0, -3026490.0 ], [ -239800.0, -3026490.0 ], [ -239800.0, -3026480.0 ], [ -239790.0, -3026480.0 ], [ -239790.0, -3026470.0 ], [ -239810.0, -3026470.0 ], [ -239820.0, -3026470.0 ] ], [ [ -240900.0, -3021950.0 ], [ -240910.0, -3021950.0 ], [ -240920.0, -3021950.0 ], [ -240920.0, -3021960.0 ], [ -240930.0, -3021960.0 ], [ -240930.0, -3021970.0 ], [ -240940.0, -3021970.0 ], [ -240940.0, -3021990.0 ], [ -240950.0, -3021990.0 ], [ -240950.0, -3022010.0 ], [ -240960.0, -3022010.0 ], [ -240960.0, -3022020.0 ], [ -240950.0, -3022020.0 ], [ -240950.0, -3022040.0 ], [ -240930.0, -3022040.0 ], [ -240930.0, -3022050.0 ], [ -240890.0, -3022050.0 ], [ -240890.0, -3022040.0 ], [ -240860.0, -3022040.0 ], [ -240850.0, -3022040.0 ], [ -240850.0, -3022030.0 ], [ -240840.0, -3022030.0 ], [ -240840.0, -3022020.0 ], [ -240840.0, -3022010.0 ], [ -240830.0, -3022010.0 ], [ -240830.0, -3022000.0 ], [ -240820.0, -3022000.0 ], [ -240820.0, -3021990.0 ], [ -240820.0, -3021940.0 ], [ -240810.0, -3021940.0 ], [ -240810.0, -3021910.0 ], [ -240820.0, -3021910.0 ], [ -240820.0, -3021900.0 ], [ -240830.0, -3021900.0 ], [ -240830.0, -3021910.0 ], [ -240840.0, -3021910.0 ], [ -240840.0, -3021900.0 ], [ -240860.0, -3021900.0 ], [ -240860.0, -3021910.0 ], [ -240870.0, -3021910.0 ], [ -240870.0, -3021920.0 ], [ -240890.0, -3021920.0 ], [ -240890.0, -3021940.0 ], [ -240900.0, -3021940.0 ], [ -240900.0, -3021950.0 ] ] ] ] } }
]
}
