{
"type": "FeatureCollection",
"name": "lake_6_shoreline",
"crs": { "type": "name", "properties": { "name": "urn:ogc:def:crs:OGC:1.3:CRS84" } },
"features": [
{ "type": "Feature", "properties": { "fid": 6.0, "index": 6.0, "row_id": 6.0, "lake_id": 6.0, "lake_name": "Kangaarsuup Tasersua", "margin": "ICE_SHEET", "region": "SW", "area_all": 84.101254904334397, "area_2016": 81.1008, "area_2017": 81.3906, "area_2018": 70.8752, "area_2019": 81.1615, "area_2020": 82.54203370965655, "area_2021": 81.6674, "area_2022": 1.5913, "area_2023": 70.8752, "area_2024": 82.5, "area_2025": 82.4016, "attached_u": null, "length_km": 123.44983810992083, "centroid": "-240974.83226192737, -3024373.204809322", "glof_lake": "No", "drain_yrs": null, "t_aver_all": 4.1889386553149146, "t_aver_201": 4.6197653518621857, "t_aver_2_1": null, "t_aver_2_2": null, "t_aver_2_3": 4.3809295952503593, "t_aver_202": null, "t_aver_2_4": null, "t_aver_2_5": null, "t_aver_2_6": 4.2620622333968026, "t_aver_2_7": 3.4198738626684251, "t_aver_2_8": null, "t_max_2016": 12.736906033400032, "t_max_2017": null, "t_max_2018": null, "t_max_2019": 11.232717463880022, "t_max_2020": null, "t_max_2021": null, "t_max_2022": null, "t_max_2023": 10.491642875600007, "t_max_2024": 11.050892471959971, "t_max_2025": null, "t_min_2016": 1.6262970574400131, "t_min_2017": null, "t_min_2018": null, "t_min_2019": 1.474776230840007, "t_min_2020": null, "t_min_2021": null, "t_min_2022": null, "t_min_2023": 1.0339883716400211, "t_min_2024": 1.7860826564000261, "t_min_2025": null, "t_stdev_20": 0.75991163464579103, "t_stdev__1": null, "t_stdev__2": null, "t_stdev__3": 0.62224390986460099, "t_stdev__4": null, "t_stdev__5": null, "t_stdev__6": null, "t_stdev__7": 0.77856580401090303, "t_stdev__8": 0.76991664494677903, "t_stdev__9": null, "t_count_20": 1.0, "t_count__1": null, "t_count__2": null, "t_count__3": 1.0, "t_count__4": null, "t_count__5": null, "t_count__6": null, "t_count__7": 2.0, "t_count__8": 1.0, "t_count__9": null, "t_date_201": "2016-08-06 12:31", "t_date_2_1": null, "t_date_2_2": null, "t_date_2_3": "2019-08-15 12:31", "t_date_202": null, "t_date_2_4": null, "t_date_2_5": null, "t_date_2_6": "2023-08-17 12:37, 2023-08-18 12:31", "t_date_2_7": "2024-08-04 13:31", "t_date_2_8": null, "startdate": "20160701", "enddate": "20250831", "method": "Automatic", "source": "Sentinel-1, Sentinel-2", "verified": "yes", "verif_by": "How", "edited": "Yes", "edited_by": "How" }, "geometry": { "type": "MultiPolygon", "coordinates": [ [ [ [ -49.764614375543189, 62.520319051018646 ], [ -49.764610311367889, 62.520296519144416 ], [ -49.764512891125314, 62.520290015049866 ], [ -49.764359974113987, 62.520258973012837 ], [ -49.764180631237814, 62.520245510732614 ], [ -49.764065268145991, 62.520238552779773 ], [ -49.763963490006745, 62.520213900213427 ], [ -49.763899508849128, 62.520207396632884 ], [ -49.763746101752446, 62.520188225089278 ], [ -49.76365643093586, 62.520181494456367 ], [ -49.763640613879708, 62.520181354330134 ], [ -49.763497453532935, 62.520186867091354 ], [ -49.763437320370144, 62.520197369193745 ], [ -49.763333574628341, 62.520220202986266 ], [ -49.763230320025208, 62.52023116551095 ], [ -49.763127065016853, 62.520242127078575 ], [ -49.763036655157784, 62.520253202986332 ], [ -49.762959335848151, 62.520258456779793 ], [ -49.762882263815158, 62.520257773902657 ], [ -49.762779747696655, 62.520250928273512 ], [ -49.762728120391237, 62.520256409783265 ], [ -49.762624617392831, 62.520273306729578 ], [ -49.762533961429391, 62.520290317914039 ], [ -49.76245664381586, 62.520295571282425 ], [ -49.762302006586189, 62.520306078040349 ], [ -49.762237531910166, 62.520311445037002 ], [ -49.762057697965702, 62.520309852080338 ], [ -49.761929243780237, 62.520308713440322 ], [ -49.761724209626564, 62.520295020843534 ], [ -49.761570311601965, 62.520287718957711 ], [ -49.761493485772931, 62.520281100590658 ], [ -49.761403566798123, 62.520280303364785 ], [ -49.761275113030031, 62.520279164997675 ], [ -49.761159506099766, 62.520278140070175 ], [ -49.761082185970963, 62.520283391943622 ], [ -49.760902352116283, 62.520281797484493 ], [ -49.760773898316707, 62.520280658652993 ], [ -49.760606907483059, 62.520279177700736 ], [ -49.760516990391416, 62.520278379750849 ], [ -49.760337154619464, 62.520276784706354 ], [ -49.76022179200325, 62.520269823541192 ], [ -49.760106185062199, 62.520268797734339 ], [ -49.760016266076356, 62.520267999607618 ], [ -49.759926103005405, 62.520273137760093 ], [ -49.759887319648236, 62.520278731162762 ], [ -49.759868782308097, 62.520283649635751 ], [ -49.759876458150536, 62.520326247244157 ], [ -49.75970177106376, 62.520332968629134 ], [ -49.759692172112217, 62.520336379570281 ], [ -49.759639310215739, 62.520371538120081 ], [ -49.759586694576896, 62.520400761047078 ], [ -49.759508388825012, 62.520429756241789 ], [ -49.759430329008488, 62.52045281490804 ], [ -49.759313485647034, 62.520481467664652 ], [ -49.759210228047579, 62.520492426364299 ], [ -49.759093877260426, 62.520509207730072 ], [ -49.758965424291958, 62.520508067093907 ], [ -49.758823629076154, 62.520518683047889 ], [ -49.758707772957656, 62.520523592732445 ], [ -49.758630453535595, 62.520528843112764 ], [ -49.758587434325854, 62.520536913981658 ], [ -49.758589960812522, 62.520550938578474 ], [ -49.758506995704145, 62.520554129943349 ], [ -49.758448888270863, 62.520568795938246 ], [ -49.758371074161175, 62.520585919306406 ], [ -49.75825447550158, 62.520608634712396 ], [ -49.758222793968628, 62.520617397760475 ], [ -49.758229102214734, 62.520652417582475 ], [ -49.758035093890079, 62.520659879692495 ], [ -49.758033878594553, 62.520660116459233 ], [ -49.757854298833841, 62.520676491619319 ], [ -49.757868240850698, 62.520753895578657 ], [ -49.757446152289141, 62.520770128615332 ], [ -49.757385917165387, 62.520790930269435 ], [ -49.757309665528417, 62.520810174818351 ], [ -49.757319109599166, 62.520862612705571 ], [ -49.757031809172972, 62.520873660783437 ], [ -49.75697065554786, 62.520888182323851 ], [ -49.756828364401741, 62.520910669278592 ], [ -49.756751041634487, 62.520915918787566 ], [ -49.756583059366726, 62.520938176393649 ], [ -49.756363942525297, 62.520954040735205 ], [ -49.756170514021079, 62.520970133212494 ], [ -49.756054657079687, 62.520975039695934 ], [ -49.756013148769867, 62.520979444134035 ], [ -49.756016900630506, 62.521000281824868 ], [ -49.755807159449404, 62.521008345189273 ], [ -49.755744380964273, 62.5210197814651 ], [ -49.755653718377282, 62.521036788281371 ], [ -49.7554721456778, 62.521076737357951 ], [ -49.755462414746589, 62.521079318699307 ], [ -49.755467756666775, 62.521108990862892 ], [ -49.755333966173048, 62.521114133778184 ], [ -49.755211765634328, 62.521157549453108 ], [ -49.755121102294211, 62.521174555936355 ], [ -49.755101509579248, 62.521180636722683 ], [ -49.755106878496029, 62.521210461013197 ], [ -49.754991070886184, 62.521214912319181 ], [ -49.754990909778201, 62.521214962320286 ], [ -49.754886658804921, 62.521249661236844 ], [ -49.754795747648402, 62.521272603134356 ], [ -49.754741083364131, 62.521284629855529 ], [ -49.754745997559063, 62.521311930155555 ], [ -49.754607288299148, 62.521317261296339 ], [ -49.754536106119453, 62.521335607181122 ], [ -49.754406656203493, 62.521358206044773 ], [ -49.754264114785066, 62.521386625044137 ], [ -49.754121571173378, 62.521415044051317 ], [ -49.753979274771346, 62.521437527298602 ], [ -49.753850073050103, 62.521454189010839 ], [ -49.753644043589865, 62.52146422791737 ], [ -49.753502243633953, 62.5214748392982 ], [ -49.753385886937657, 62.521491614992065 ], [ -49.753230744036074, 62.521513983073682 ], [ -49.753127480513356, 62.521524938247602 ], [ -49.752998277860748, 62.521541599184168 ], [ -49.75279150228355, 62.521569443858148 ], [ -49.752700340666124, 62.521598320058516 ], [ -49.752571137419174, 62.521614980608774 ], [ -49.752429088454399, 62.521631526538322 ], [ -49.752287037409566, 62.521648072474278 ], [ -49.752145235961457, 62.52165868249601 ], [ -49.751990340605488, 62.521675112573199 ], [ -49.75188682806845, 62.521692002468789 ], [ -49.751757871825291, 62.521702726654809 ], [ -49.751615821910747, 62.521719271769598 ], [ -49.751512556646212, 62.521730224886511 ], [ -49.751383352378895, 62.521746885237867 ], [ -49.751240804020391, 62.521775301377517 ], [ -49.751111102928625, 62.521803831852964 ], [ -49.75102043503589, 62.521820835745473 ], [ -49.750865786533161, 62.521831329852326 ], [ -49.750737325187714, 62.52183018097378 ], [ -49.750608119663404, 62.521846839739197 ], [ -49.750440376966459, 62.521863154334 ], [ -49.750324016786855, 62.521879927526669 ], [ -49.750207656788525, 62.521896701506279 ], [ -49.750065604615401, 62.521913244188724 ], [ -49.749949244320987, 62.521930017957288 ], [ -49.749807936797971, 62.521928753494336 ], [ -49.749665884532021, 62.521945296657037 ], [ -49.749601653743177, 62.521944722122583 ], [ -49.74943515341679, 62.521931356343408 ], [ -49.749293847767881, 62.521930091207992 ], [ -49.749152540530332, 62.521928826958742 ], [ -49.749036926614139, 62.521927792050548 ], [ -49.748869927637308, 62.521926296997307 ], [ -49.748792852749517, 62.521925606225054 ], [ -49.748664391213829, 62.521924456315482 ], [ -49.74853543442304, 62.521935177402 ], [ -49.748419321337664, 62.521946013392466 ], [ -49.748393629901159, 62.521945783644512 ], [ -49.748290362434922, 62.521956734403439 ], [ -49.748135463309232, 62.521973161133943 ], [ -49.748019600490572, 62.521978061014046 ], [ -49.74790323830149, 62.52199483221348 ], [ -49.747747839338025, 62.52202312993623 ], [ -49.747656919889771, 62.522046067317945 ], [ -49.747513868931684, 62.52208635188186 ], [ -49.747423448290007, 62.522097416818461 ], [ -49.747358968300375, 62.522102776886292 ], [ -49.747229759401826, 62.522119432568473 ], [ -49.747035821643308, 62.522147384571284 ], [ -49.746906863155971, 62.522158104175951 ], [ -49.746778151586824, 62.522162888174989 ], [ -49.746649690508782, 62.522161735388721 ], [ -49.746598306904872, 62.522161274357849 ], [ -49.746521727716086, 62.522148712091777 ], [ -49.746368073082685, 62.522135457672654 ], [ -49.746227015334775, 62.522128253792864 ], [ -49.746099054745287, 62.522115229950877 ], [ -49.746022226458287, 62.522108602158497 ], [ -49.745880920099196, 62.522107334442715 ], [ -49.745816439740722, 62.52211269379972 ], [ -49.745673636525488, 62.522147039854588 ], [ -49.74558296414105, 62.522164040278696 ], [ -49.745440907987579, 62.522180579186426 ], [ -49.745376427371802, 62.522185938343775 ], [ -49.7452860054985, 62.522197001909745 ], [ -49.745117758765893, 62.522225181449599 ], [ -49.745001892317696, 62.522230078988152 ], [ -49.744898624605682, 62.522241028001588 ], [ -49.744821546872302, 62.522240335186147 ], [ -49.744705931546896, 62.522239296690117 ], [ -49.744475450978328, 62.522219412335851 ], [ -49.744450008341751, 62.522213245338406 ], [ -49.744360834968781, 62.522194629952558 ], [ -49.744220527793267, 62.522169617835118 ], [ -49.744133855322033, 62.52215732830296 ], [ -49.743475561213188, 62.522182570282439 ], [ -49.7434487597694, 62.522186432392424 ], [ -49.743281511251354, 62.522190866131652 ], [ -49.743185116495084, 62.522193706123623 ], [ -49.743123653375349, 62.522196062571645 ], [ -49.743036434366751, 62.52221241382437 ], [ -49.742971953140795, 62.522217771874409 ], [ -49.742842742799425, 62.522234423382649 ], [ -49.742662396312895, 62.522244676789512 ], [ -49.742572472948922, 62.522243868201116 ], [ -49.742418569364098, 62.522236545027866 ], [ -49.742341493798975, 62.522235851566471 ], [ -49.742225376786088, 62.522246682442969 ], [ -49.742109011721382, 62.522263448722434 ], [ -49.741941011128006, 62.52228568883131 ], [ -49.7418248937431, 62.522296519379594 ], [ -49.741721374458571, 62.522313401704501 ], [ -49.741450853005198, 62.522328779126852 ], [ -49.741258161350544, 62.522327043767355 ], [ -49.741116853690578, 62.522325771215897 ], [ -49.741015086037137, 62.522301102447074 ], [ -49.740836742756841, 62.522263867122611 ], [ -49.740683841832613, 62.522232799268529 ], [ -49.740521997614842, 62.522208182876255 ], [ -49.740499552544669, 62.522209042920501 ], [ -49.740499254771471, 62.5222073837297 ], [ -49.740466459449244, 62.522207088133683 ], [ -49.740196440808177, 62.522210592533483 ], [ -49.740055133325782, 62.522209318006524 ], [ -49.739862442346215, 62.522207580690946 ], [ -49.739720884835293, 62.52221224235727 ], [ -49.739515095318282, 62.522216323801551 ], [ -49.739399229762732, 62.52222121741228 ], [ -49.739231479090208, 62.522237517592394 ], [ -49.739037784027637, 62.522259521899031 ], [ -49.738844589695439, 62.522269654632623 ], [ -49.738587666473848, 62.522267336018004 ], [ -49.738421420548562, 62.522248021151682 ], [ -49.738318903344357, 62.522241157320877 ], [ -49.738228979841828, 62.522240345914462 ], [ -49.738074072278806, 62.522256760672597 ], [ -49.737918916051385, 62.522279111651116 ], [ -49.737725721060983, 62.522289242836976 ], [ -49.737596757768685, 62.522299953868171 ], [ -49.737493737024636, 62.522304960890715 ], [ -49.737339081693776, 62.522315439918955 ], [ -49.737172081690233, 62.522313930667792 ], [ -49.737017927939092, 62.52231253802389 ], [ -49.736901559256026, 62.522329300000528 ], [ -49.736836574550388, 62.522346526544496 ], [ -49.736759496626028, 62.522345830133347 ], [ -49.736630281690061, 62.522362475937804 ], [ -49.736437087455649, 62.522372605200822 ], [ -49.736282682321828, 62.522377147405834 ], [ -49.736128527868125, 62.522375752897602 ], [ -49.736025757595144, 62.522374823179589 ], [ -49.735872358717273, 62.522355622135763 ], [ -49.735795784592213, 62.52234305283627 ], [ -49.735642386005722, 62.522323851531866 ], [ -49.735526769948784, 62.522322805386025 ], [ -49.73542400174469, 62.522321875069757 ], [ -49.735321231631268, 62.522320944825552 ], [ -49.735218212498708, 62.522325950901156 ], [ -49.735076400057402, 62.522336543666086 ], [ -49.734986226447177, 62.522341664794745 ], [ -49.734857764335629, 62.52234050197746 ], [ -49.73470361031027, 62.522339106762523 ], [ -49.734600842017421, 62.52233817583712 ], [ -49.73445953394566, 62.522336896499851 ], [ -49.734305632934245, 62.522329564146908 ], [ -49.734177675663986, 62.5223165292198 ], [ -49.734126794480709, 62.522304192240959 ], [ -49.733998585891264, 62.522297092810334 ], [ -49.733818739837332, 62.522295463310122 ], [ -49.733696140350638, 62.522294352525485 ], [ -49.733682660895006, 62.522294868279587 ], [ -49.733548466792044, 62.522304890469478 ], [ -49.733419249943488, 62.522321533316102 ], [ -49.733302627269993, 62.522344227983019 ], [ -49.733109177996155, 62.52236028844824 ], [ -49.732954268660805, 62.522376698293627 ], [ -49.732786513149144, 62.522392991652509 ], [ -49.732708931163266, 62.522404163446204 ], [ -49.732617748131361, 62.522433026752516 ], [ -49.732526816705096, 62.522455954333886 ], [ -49.732436388742812, 62.522467010520778 ], [ -49.732307925962722, 62.522465845351391 ], [ -49.732140169200001, 62.522482137064472 ], [ -49.73198551048857, 62.522492610181942 ], [ -49.731804655386512, 62.522514720775213 ], [ -49.731688282553989, 62.522531478455257 ], [ -49.731559567478037, 62.52253624826912 ], [ -49.731366873746822, 62.522534499186364 ], [ -49.731289797081196, 62.522533799595287 ], [ -49.731135895813246, 62.522526464612518 ], [ -49.730968894225214, 62.522524947911776 ], [ -49.7308404330307, 62.52252378123913 ], [ -49.730672675287842, 62.522540072082712 ], [ -49.730544718058702, 62.52252703290857 ], [ -49.730390310595169, 62.522531568590168 ], [ -49.730274441258871, 62.522536453753816 ], [ -49.730120035584946, 62.522540988988133 ], [ -49.729888046253564, 62.52255669429767 ], [ -49.72978502309445, 62.522561696522281 ], [ -49.729618527868162, 62.522548306699136 ], [ -49.729465383961134, 62.522523162828605 ], [ -49.729272944509177, 62.522515475008554 ], [ -49.72910594477392, 62.522513955913766 ], [ -49.728926097068431, 62.522512320092076 ], [ -49.72866967970819, 62.522498111484239 ], [ -49.728566910628054, 62.522497176096323 ], [ -49.728361370877792, 62.522495306121897 ], [ -49.7281052065103, 62.522475160783131 ], [ -49.727925361201883, 62.522473524391891 ], [ -49.727758614360852, 62.522466067989299 ], [ -49.727527382352051, 62.52246396232357 ], [ -49.727360383118032, 62.522462442001732 ], [ -49.727192875940581, 62.522472792106207 ], [ -49.72706416190708, 62.522477557610486 ], [ -49.726884316513313, 62.522475919868796 ], [ -49.72675585342445, 62.522474749554604 ], [ -49.726550315597812, 62.522472876743265 ], [ -49.726409008039589, 62.522471588181759 ], [ -49.726280799894127, 62.522464481595726 ], [ -49.726102474886282, 62.522427228589109 ], [ -49.725988127316882, 62.522396495780995 ], [ -49.725745825522786, 62.522352720097587 ], [ -49.725669761818722, 62.522328274635193 ], [ -49.725555415056178, 62.522297541453888 ], [ -49.725452718175909, 62.522259107168288 ], [ -49.725343332955759, 62.522263285131721 ], [ -49.72532776924286, 62.52217628466969 ], [ -49.725327404641625, 62.522174246558521 ], [ -49.725304326222393, 62.522158676573582 ], [ -49.725226275173867, 62.522092566275717 ], [ -49.725123920961629, 62.522096475526787 ], [ -49.725108358067821, 62.522009475096965 ], [ -49.724920073909416, 62.522016666075004 ], [ -49.724904511732397, 62.521929665648187 ], [ -49.72471622808623, 62.521936856314326 ], [ -49.724706070523418, 62.521880067857523 ], [ -49.724609467625456, 62.521879186601062 ], [ -49.724505938425374, 62.521896055366248 ], [ -49.724377479967522, 62.521894883530571 ], [ -49.724262373901723, 62.521881956432892 ], [ -49.724160622581437, 62.521857274837778 ], [ -49.724096646751676, 62.521850752645015 ], [ -49.723930413221524, 62.521831420909052 ], [ -49.723776770214741, 62.521818141963863 ], [ -49.723674003306058, 62.521817202900486 ], [ -49.723545545150174, 62.521816030286843 ], [ -49.723429932456163, 62.521814973862604 ], [ -49.723314064211806, 62.521819853178876 ], [ -49.723172252581442, 62.521830433515319 ], [ -49.722992410856079, 62.521828790644349 ], [ -49.722825414599811, 62.521827263904299 ], [ -49.722722901702681, 62.521820389327921 ], [ -49.72256925916782, 62.521807109033269 ], [ -49.722376571438126, 62.521805347208193 ], [ -49.722222421380799, 62.521803937907862 ], [ -49.722055425536993, 62.521802411119218 ], [ -49.721875583585664, 62.521800765913838 ], [ -49.721695741632139, 62.521799120474924 ], [ -49.721581147108402, 62.521774320469355 ], [ -49.721441114936646, 62.521743349043206 ], [ -49.72137764789543, 62.521724954193019 ], [ -49.721323204752402, 62.521716011153259 ], [ -49.721264903987063, 62.521718236046304 ], [ -49.721262730577756, 62.521706076051856 ], [ -49.72116079736648, 62.521687341442934 ], [ -49.72099380211386, 62.521685813361927 ], [ -49.720839652598947, 62.521684402511191 ], [ -49.720660065457132, 62.521676820019195 ], [ -49.720595836450805, 62.521676231883546 ], [ -49.720430114239399, 62.521645024496522 ], [ -49.720263883852191, 62.521625688295615 ], [ -49.720149288870488, 62.521600886336032 ], [ -49.720073855343657, 62.521588495060691 ], [ -49.719915828651366, 62.521594524085891 ], [ -49.719911012047163, 62.521567567832406 ], [ -49.719765446012481, 62.521561742041186 ], [ -49.719649834147461, 62.521560682443933 ], [ -49.71953396820043, 62.521565559329161 ], [ -49.719366462753939, 62.521575900817332 ], [ -49.719199213228315, 62.521580305377746 ], [ -49.719083603495342, 62.521579246043459 ], [ -49.718993937767742, 62.521572486270955 ], [ -49.718879854934698, 62.5215358116915 ], [ -49.718816135283582, 62.521523351327374 ], [ -49.718701289464356, 62.521504484572283 ], [ -49.718508603424809, 62.521502717330279 ], [ -49.718483423215773, 62.521490610483625 ], [ -49.718419449187117, 62.521484085631648 ], [ -49.71830460374396, 62.521465218540001 ], [ -49.718215192840752, 62.521452521671584 ], [ -49.718164064912031, 62.521446115256737 ], [ -49.717985755054208, 62.521408850607756 ], [ -49.717883246306585, 62.521401972255219 ], [ -49.717703661597767, 62.521394386768179 ], [ -49.717627098984877, 62.521381807968872 ], [ -49.717512508875615, 62.52135700361984 ], [ -49.717385328503504, 62.52132614659881 ], [ -49.717284094420016, 62.521289589284414 ], [ -49.71720829685227, 62.521259203138399 ], [ -49.717055170857918, 62.521234045075147 ], [ -49.716915400523156, 62.521197133231937 ], [ -49.716856618046869, 62.521185637343294 ], [ -49.716810082141947, 62.521187411608025 ], [ -49.716808069987657, 62.521176142936604 ], [ -49.716787966466768, 62.521172211340414 ], [ -49.716647429875145, 62.52115310647325 ], [ -49.716557767761707, 62.521146344940959 ], [ -49.716365850932512, 62.521126767412404 ], [ -49.716211704061593, 62.521125351355913 ], [ -49.715981251017951, 62.521105419687444 ], [ -49.715865896234071, 62.521098422074765 ], [ -49.715749775999498, 62.52110923148058 ], [ -49.715620809831194, 62.521119921989943 ], [ -49.715491843558759, 62.521130612381285 ], [ -49.715388823800623, 62.521135603714967 ], [ -49.7151185577614, 62.5211449944279 ], [ -49.714899159807416, 62.521166730046389 ], [ -49.714717789007302, 62.521200689723017 ], [ -49.714576487215488, 62.521199389857905 ], [ -49.714486825306587, 62.521192626980351 ], [ -49.714371981298243, 62.521173756708102 ], [ -49.714256883552288, 62.521160821016409 ], [ -49.714154118879257, 62.521159875730596 ], [ -49.713948846965948, 62.52115204907296 ], [ -49.713769265890683, 62.521144457411957 ], [ -49.713666501255723, 62.521143511763469 ], [ -49.713550891080644, 62.52114244792805 ], [ -49.713422692585269, 62.521135329133109 ], [ -49.713281904586452, 62.521122157253977 ], [ -49.713142139133922, 62.521085241503556 ], [ -49.71309101244605, 62.521078832302273 ], [ -49.713014777689239, 62.5210692758723 ], [ -49.712997883525659, 62.521069919470094 ], [ -49.71299737958018, 62.521067094919822 ], [ -49.712988761360677, 62.521066014575688 ], [ -49.712796847267441, 62.521046432933545 ], [ -49.712733388662102, 62.521028033843031 ], [ -49.712592857217444, 62.521008925535824 ], [ -49.712571334381565, 62.520998575582148 ], [ -49.712417520334903, 62.521004434635692 ], [ -49.7124138773491, 62.520984013579827 ], [ -49.712401199545646, 62.520983407620761 ], [ -49.712324126369396, 62.52098269740187 ], [ -49.712195672876661, 62.520981513166404 ], [ -49.712080063270847, 62.520980448091386 ], [ -49.711925662889882, 62.520984962818815 ], [ -49.711796951500183, 62.520989714076173 ], [ -49.711616602125289, 62.520999927771371 ], [ -49.711488148844147, 62.520998743763649 ], [ -49.711398742193239, 62.520986043296887 ], [ -49.711283646248667, 62.520973105097582 ], [ -49.711155449156301, 62.520965985063675 ], [ -49.711083627522108, 62.520965322320265 ], [ -49.711084038824602, 62.52096762856705 ], [ -49.710895758272017, 62.520974798218973 ], [ -49.710519196860929, 62.520989136665769 ], [ -49.71051340768345, 62.520989357093043 ], [ -49.710511895594038, 62.520989738063641 ], [ -49.710420693774729, 62.521018587125162 ], [ -49.710304571110598, 62.521029391125076 ], [ -49.710213883419243, 62.521046368474124 ], [ -49.710097760555293, 62.521057172304701 ], [ -49.70998163982668, 62.521067976773764 ], [ -49.709866029787563, 62.521066909858909 ], [ -49.709736804788051, 62.521083530656298 ], [ -49.709608350733724, 62.521082344031903 ], [ -49.709454204025228, 62.521080921337685 ], [ -49.709377132418936, 62.521080209337264 ], [ -49.709236345773533, 62.52106703242886 ], [ -49.70914668325122, 62.521060266215208 ], [ -49.70899253821959, 62.52105884197529 ], [ -49.708915546791339, 62.521050186381999 ], [ -49.708249757571174, 62.521075526290915 ], [ -49.708207423947158, 62.521087215104806 ], [ -49.708129580298795, 62.521104309725651 ], [ -49.707974149447523, 62.521132563119437 ], [ -49.707909664580093, 62.521137904804092 ], [ -49.707780953439155, 62.521142652214102 ], [ -49.707703879715446, 62.521141939434507 ], [ -49.707408434522108, 62.521139207154405 ], [ -49.707241441503292, 62.5211376624422 ], [ -49.707189803939322, 62.52114312234265 ], [ -49.707022040138909, 62.521159384541228 ], [ -49.706842203312654, 62.521157720485554 ], [ -49.706713749118151, 62.521156532067074 ], [ -49.706561147402908, 62.521119490630269 ], [ -49.706433207428766, 62.521106430496324 ], [ -49.706318111201007, 62.521093489172671 ], [ -49.706189656940083, 62.521092299380904 ], [ -49.706074048551422, 62.521091229157228 ], [ -49.705907057629133, 62.521089682683986 ], [ -49.705688684491868, 62.521087660657237 ], [ -49.705470570167606, 62.52107970152835 ], [ -49.705394011347281, 62.521067116886506 ], [ -49.705214434160411, 62.521059514830817 ], [ -49.704867607021818, 62.521056300688301 ], [ -49.704726307309343, 62.521054990619731 ], [ -49.70445655183638, 62.52105249003553 ], [ -49.704290640391775, 62.521050951602923 ], [ -49.704092421246806, 62.521058488749773 ], [ -49.70396739484849, 62.521071706078075 ], [ -49.703851528892834, 62.521076569730809 ], [ -49.703723072999161, 62.52107537868158 ], [ -49.703662888785217, 62.521074820325381 ], [ -49.703521754298187, 62.52108018617654 ], [ -49.703333470898933, 62.521087344348622 ], [ -49.703145187397865, 62.521094502235023 ], [ -49.703143617932795, 62.521085687076813 ], [ -49.703092872636688, 62.52108734469185 ], [ -49.702925883780317, 62.521085795360626 ], [ -49.702810273048264, 62.521084721680161 ], [ -49.702708025672884, 62.521071896286543 ], [ -49.702593192537073, 62.521053015806714 ], [ -49.702504049041984, 62.521034374533109 ], [ -49.702389214259199, 62.521015494026805 ], [ -49.702171359072494, 62.52100159482859 ], [ -49.702030317398098, 62.520994346270747 ], [ -49.701850997149982, 62.520980804246648 ], [ -49.701748492510973, 62.520973913866563 ], [ -49.701632884394243, 62.520972839929335 ], [ -49.701363131269403, 62.520970333161827 ], [ -49.701273472266656, 62.520963561669518 ], [ -49.701093896581781, 62.520955955128038 ], [ -49.700939751632625, 62.520954521921759 ], [ -49.700747070127107, 62.520952730650571 ], [ -49.700657153087135, 62.52095189449463 ], [ -49.700541545009713, 62.520950819645421 ], [ -49.70046473171989, 62.520944166943544 ], [ -49.700349640176107, 62.520931220455026 ], [ -49.700221961500219, 62.520912218781717 ], [ -49.700157993867045, 62.520905685254597 ], [ -49.70001695327003, 62.520898435512656 ], [ -49.699901603720171, 62.520891424385219 ], [ -49.699773669003292, 62.520878357882808 ], [ -49.699700139621001, 62.520875054865058 ], [ -49.699694151510123, 62.52087528234172 ], [ -49.699505868533635, 62.520882434695601 ], [ -49.699503639851997, 62.5208699071108 ], [ -49.699452793026779, 62.520869434067272 ], [ -49.699375721685236, 62.520868716494597 ], [ -49.699247009591915, 62.520873455990852 ], [ -49.699015276880651, 62.520883175315262 ], [ -49.698937945042765, 62.520888393390003 ], [ -49.698783800322602, 62.520886957779013 ], [ -49.698681037918007, 62.520886000854446 ], [ -49.698616812330535, 62.520885403233642 ], [ -49.698449822108294, 62.520883847752735 ], [ -49.698205760796135, 62.52088157472992 ], [ -49.698154380386669, 62.520881095547793 ], [ -49.698077567689921, 62.520874441509704 ], [ -49.697949890521379, 62.520855437710964 ], [ -49.697808591726051, 62.520854121453027 ], [ -49.697641603539196, 62.520852564847047 ], [ -49.697486941590398, 62.52086300016331 ], [ -49.6971277918908, 62.520847775215444 ], [ -49.696934851867361, 62.520851914377765 ], [ -49.696807177339338, 62.520832909362767 ], [ -49.696665878592, 62.520831591937785 ], [ -49.696486044976581, 62.520829914257646 ], [ -49.696383023630517, 62.520834891373241 ], [ -49.696214997212259, 62.520857076187852 ], [ -49.696085764253766, 62.520873684405416 ], [ -49.695917739270158, 62.52089586872124 ], [ -49.695750230465521, 62.520906181488151 ], [ -49.69562125842662, 62.520916854267227 ], [ -49.695427798739303, 62.52093286196552 ], [ -49.695183220075833, 62.520942454982816 ], [ -49.695003383779849, 62.520940775540417 ], [ -49.694888036764489, 62.520933760075906 ], [ -49.694709499666764, 62.520902402226412 ], [ -49.694582085564747, 62.520877459387144 ], [ -49.69441509704766, 62.520875898896726 ], [ -49.694235522816463, 62.520868283431369 ], [ -49.694081377933855, 62.520866842588774 ], [ -49.693928013912263, 62.52084759504951 ], [ -49.693848104287959, 62.520834451085854 ], [ -49.693810953578172, 62.520835860600883 ], [ -49.693622669293724, 62.520843004019973 ], [ -49.693615411330384, 62.520802155006621 ], [ -49.693506719349955, 62.520784276439869 ], [ -49.693327145478698, 62.520776658900786 ], [ -49.69316041747237, 62.520769162014254 ], [ -49.693019638294984, 62.520755969355562 ], [ -49.692814895173854, 62.520736239450734 ], [ -49.69267411818366, 62.520723046287415 ], [ -49.692494544797036, 62.520715427658843 ], [ -49.692314711931111, 62.520713745434499 ], [ -49.692173673416804, 62.520706487661556 ], [ -49.692019531168746, 62.520705044361286 ], [ -49.691878234691508, 62.520703721895643 ], [ -49.691723570556235, 62.520714149929901 ], [ -49.69160744300423, 62.520724939127007 ], [ -49.691465886051304, 62.520729551119629 ], [ -49.691350018387929, 62.520734404345511 ], [ -49.691221305206732, 62.520739137291763 ], [ -49.691028626322009, 62.520737332334917 ], [ -49.690900175110215, 62.520736129076894 ], [ -49.690695171139723, 62.520722331920624 ], [ -49.690605516907425, 62.520715554203811 ], [ -49.690503015021442, 62.520708655443499 ], [ -49.69043089498215, 62.520701284363462 ], [ -49.690375476641783, 62.520703385428497 ], [ -49.690187192372868, 62.520710523626889 ], [ -49.690181053472699, 62.520675947317642 ], [ -49.690067581440609, 62.520674883879501 ], [ -49.689810677558917, 62.520672475599923 ], [ -49.689643427591356, 62.520676845247841 ], [ -49.689527301170429, 62.520687632568354 ], [ -49.689449707223538, 62.520698781140432 ], [ -49.689295564861588, 62.520697334810123 ], [ -49.689218493999803, 62.520696612462629 ], [ -49.689077718455621, 62.520683415613746 ], [ -49.688974956390759, 62.52068245147899 ], [ -49.688833659863519, 62.520681125907601 ], [ -49.688688041548403, 62.520679759067278 ], [ -49.688546389250682, 62.520685127453518 ], [ -49.68834371546123, 62.520718093944829 ], [ -49.688294922104902, 62.520728800796604 ], [ -49.688304344100537, 62.520781889897194 ], [ -49.688128523712514, 62.520788552601978 ], [ -49.688108849473991, 62.520799022528969 ], [ -49.688055902454266, 62.520834153462175 ], [ -49.688015799264271, 62.520869405888256 ], [ -49.687924056499781, 62.520910110949949 ], [ -49.687871630904461, 62.520933371170734 ], [ -49.68781946599529, 62.520950695606899 ], [ -49.687767563711922, 62.520962084110394 ], [ -49.687677124620123, 62.520973111068756 ], [ -49.687560994267287, 62.520983896929394 ], [ -49.687458231102049, 62.520982931691201 ], [ -49.687342100613982, 62.520993717370978 ], [ -49.687225971621693, 62.521004501925582 ], [ -49.687046136651801, 62.521002812901202 ], [ -49.686969064611439, 62.521002088437001 ], [ -49.686853457664526, 62.521001002027447 ], [ -49.686737848808214, 62.520999915669094 ], [ -49.686583966060482, 62.520992531467463 ], [ -49.686442667929221, 62.520991203488613 ], [ -49.686326797706691, 62.520996051674636 ], [ -49.686197561870856, 62.521012651392319 ], [ -49.686029788697169, 62.521028888127461 ], [ -49.685951931224778, 62.521045970559101 ], [ -49.685886137419963, 62.521080979907971 ], [ -49.685794911405296, 62.521109812240262 ], [ -49.685717055485497, 62.521126894399586 ], [ -49.685600139711433, 62.521155485078729 ], [ -49.68547063957098, 62.521178020061491 ], [ -49.685379414744901, 62.521206851987422 ], [ -49.685211378650344, 62.521229023537252 ], [ -49.685004282140454, 62.521262703290226 ], [ -49.684926425329223, 62.521279785023488 ], [ -49.684810030876861, 62.521296503517775 ], [ -49.684719328105636, 62.521313464365008 ], [ -49.684589564806025, 62.521341933445306 ], [ -49.684424731395481, 62.521351235485092 ], [ -49.684427472329993, 62.521366692046307 ], [ -49.684253754113406, 62.521373269493338 ], [ -49.684239522988562, 62.521375745655774 ], [ -49.684254609956803, 62.521460826541485 ], [ -49.684066318651958, 62.521467955467443 ], [ -49.684081746354352, 62.521554960832141 ], [ -49.684097174158147, 62.521641966226071 ], [ -49.68390888152264, 62.521649094918281 ], [ -49.683915540028011, 62.521686647026073 ], [ -49.68392849345986, 62.521688273694643 ], [ -49.684111898894486, 62.52172562937173 ], [ -49.684126314401496, 62.521728452493484 ], [ -49.684300895212083, 62.52172184264532 ], [ -49.684309047696907, 62.521767816387936 ], [ -49.684371437960387, 62.52178507820291 ], [ -49.684453990141968, 62.521803635675361 ], [ -49.6845046174953, 62.521801718756151 ], [ -49.684692911055869, 62.521794589154801 ], [ -49.684708341007806, 62.521881594558515 ], [ -49.684896635081593, 62.521874464645464 ], [ -49.684912065749593, 62.521961470052446 ], [ -49.685100360336612, 62.521954339827694 ], [ -49.685115791720683, 62.522041345237923 ], [ -49.684927496519016, 62.522048475488674 ], [ -49.684884830673887, 62.522050091093277 ], [ -49.684898395669833, 62.522075066839129 ], [ -49.684896513362631, 62.522117803734162 ], [ -49.684892744612185, 62.522203276938363 ], [ -49.68485909010348, 62.52226709121102 ], [ -49.684795232252242, 62.522316370844635 ], [ -49.684683871551151, 62.522393704975343 ], [ -49.684588868866889, 62.522449816474563 ], [ -49.684494808211142, 62.522484559390698 ], [ -49.684385331675713, 62.522519158021069 ], [ -49.684245652960989, 62.522539219903592 ], [ -49.684137432667221, 62.522545326682092 ], [ -49.683905263349956, 62.522564516934764 ], [ -49.683735695274741, 62.522562920336426 ], [ -49.683643204984321, 62.522562048775228 ], [ -49.68345948053301, 62.522531815706678 ], [ -49.683367931618847, 62.522509575572307 ], [ -49.683168791782116, 62.522479196882848 ], [ -49.683000169204348, 62.522456229806878 ], [ -49.682861433596578, 62.522454922651448 ], [ -49.68266135055385, 62.522445910874922 ], [ -49.682538345418443, 62.522437625555057 ], [ -49.682415023590529, 62.522436462531545 ], [ -49.682230671575539, 62.522420473197243 ], [ -49.681984344889486, 62.522411024082203 ], [ -49.681876439400597, 62.522410006836097 ], [ -49.681706873674692, 62.522408406708401 ], [ -49.681598968184467, 62.522407389246133 ], [ -49.681444503633607, 62.522413057360993 ], [ -49.681259207124555, 62.522418434392115 ], [ -49.681104742415492, 62.522424102131183 ], [ -49.681011935700738, 62.522430352098183 ], [ -49.680887985962897, 62.522443433858875 ], [ -49.680748304898422, 62.522463492260883 ], [ -49.680670913934868, 62.522469887517445 ], [ -49.680501347791477, 62.522468285921995 ], [ -49.680361666632159, 62.522488344824524 ], [ -49.680269176461181, 62.522487471007302 ], [ -49.680192100363975, 62.522486742852898 ], [ -49.680068780454384, 62.522485578480619 ], [ -49.679945460224744, 62.522484413116501 ], [ -49.67986806899119, 62.52249080792982 ], [ -49.679790362566536, 62.522504325848736 ], [ -49.679712972829222, 62.522510719547689 ], [ -49.679605066887632, 62.52250970054078 ], [ -49.679513205476063, 62.52249458095207 ], [ -49.679406245644572, 62.522472193223273 ], [ -49.679329485147484, 62.522464342321015 ], [ -49.679268455939827, 62.522449513906167 ], [ -49.679176912079789, 62.522427270790217 ], [ -49.679039436487535, 62.52239746911733 ], [ -49.678932477337128, 62.522375081009194 ], [ -49.678856349864567, 62.522352983388949 ], [ -49.678780536312594, 62.522323763603751 ], [ -49.678688676175192, 62.522308644331268 ], [ -49.678643377004633, 62.522286838369787 ], [ -49.678641362450577, 62.522286348882353 ], [ -49.678525399341844, 62.522290734007008 ], [ -49.678518891843623, 62.522253991813834 ], [ -49.678460605514005, 62.522235229971734 ], [ -49.678353647356268, 62.522212841397014 ], [ -49.678330794100226, 62.522210503710888 ], [ -49.678321691336699, 62.522210847912191 ], [ -49.678321461301906, 62.522209549046771 ], [ -49.678276889670521, 62.522204989745859 ], [ -49.678154515913647, 62.522182455219514 ], [ -49.678108270314652, 62.522182017646408 ], [ -49.677969535745362, 62.522180705568957 ], [ -49.677861632528213, 62.522179684151034 ], [ -49.677707482121193, 62.522178225971686 ], [ -49.677631354429067, 62.522156128680642 ], [ -49.677601472062108, 62.522134468222632 ], [ -49.677494830573131, 62.522104955811706 ], [ -49.677449217167251, 62.522090273472614 ], [ -49.677403919219998, 62.522068467081773 ], [ -49.677285739945411, 62.522067348191307 ], [ -49.677157808427587, 62.522054261615132 ], [ -49.677080733371504, 62.52205353170794 ], [ -49.676952277702206, 62.522052315491969 ], [ -49.676823820123289, 62.522051099304356 ], [ -49.676746745066104, 62.522050369211314 ], [ -49.676643979701844, 62.522049395882831 ], [ -49.676516048489802, 62.522036308707627 ], [ -49.676400437062881, 62.52203521366134 ], [ -49.67629767173834, 62.522034240075051 ], [ -49.676143523910319, 62.522032779993665 ], [ -49.675925147155425, 62.52203071077372 ], [ -49.675757887816857, 62.522035063731288 ], [ -49.675603213539112, 62.522045474637352 ], [ -49.675500448149236, 62.522044500460744 ], [ -49.675474755927056, 62.522044257198935 ], [ -49.675371200455324, 62.522061089427936 ], [ -49.675268435002614, 62.522060115080414 ], [ -49.675191360197751, 62.522059385005029 ], [ -49.675126867889432, 62.522064711464346 ], [ -49.675074100563648, 62.522069069528492 ], [ -49.675074411747318, 62.522070827826013 ], [ -49.675034593344236, 62.522072332422177 ], [ -49.674997883195012, 62.522075364294416 ], [ -49.674932864125637, 62.522092562255743 ], [ -49.674867844978834, 62.522109760188187 ], [ -49.674776606390147, 62.522138585411327 ], [ -49.674684577449398, 62.522185217965813 ], [ -49.674618765511006, 62.522220222442733 ], [ -49.674527526334352, 62.522249047514173 ], [ -49.674423442668704, 62.522277750654908 ], [ -49.674345312805563, 62.522300761543875 ], [ -49.674293137172548, 62.522318081104736 ], [ -49.674215534383215, 62.52232922121258 ], [ -49.674138460437845, 62.522328489536321 ], [ -49.674010001529247, 62.522327270765274 ], [ -49.673920608746414, 62.522314546488296 ], [ -49.673869225712693, 62.522314059236287 ], [ -49.673727922208194, 62.522312717393866 ], [ -49.67366369293827, 62.522312108273347 ], [ -49.673522124220561, 62.522316703049299 ], [ -49.673431412809805, 62.522333655682488 ], [ -49.673379236553806, 62.522350974911724 ], [ -49.673313951900425, 62.522374107063158 ], [ -49.673260984481303, 62.522409233648496 ], [ -49.673195435919638, 62.522438301548164 ], [ -49.673156371242506, 62.522449806592427 ], [ -49.673039700961525, 62.522472451240631 ], [ -49.672987789862496, 62.522483834385085 ], [ -49.672884231608052, 62.522500665700235 ], [ -49.672781198858523, 62.522505625487433 ], [ -49.672716441264996, 62.522516886655396 ], [ -49.672574872923008, 62.522521479458106 ], [ -49.672484952418642, 62.522520625857354 ], [ -49.672330271897998, 62.522531032454992 ], [ -49.672240351037466, 62.522530177814083 ], [ -49.672047663297469, 62.522528347294333 ], [ -49.671957742435943, 62.522527492469933 ], [ -49.671894568446127, 62.522503139329963 ], [ -49.671804911940278, 62.522496349484442 ], [ -49.671714991168074, 62.522495494500639 ], [ -49.67159937774656, 62.522494395486206 ], [ -49.671496610649072, 62.522493418372733 ], [ -49.67132934977672, 62.522497766792149 ], [ -49.671200361511715, 62.522508416157841 ], [ -49.671097594350748, 62.522507438749535 ], [ -49.670982247214759, 62.522500404151621 ], [ -49.670918017154619, 62.522499792885021 ], [ -49.670763866601774, 62.522498326870057 ], [ -49.670661099459643, 62.522497349137403 ], [ -49.670571178647315, 62.522496493411651 ], [ -49.670494366802835, 62.522489824942198 ], [ -49.670391866156777, 62.522482911938432 ], [ -49.670289099054393, 62.522481933928908 ], [ -49.670172956722723, 62.522492704453761 ], [ -49.670030857625058, 62.522509167308563 ], [ -49.669902134985129, 62.522513879523636 ], [ -49.669786521416171, 62.522512778998689 ], [ -49.669670643453941, 62.52251761418411 ], [ -49.66959277375787, 62.522534687559435 ], [ -49.66950285279745, 62.522533831142979 ], [ -49.6694000854853, 62.52253285247793 ], [ -49.669258781027359, 62.522531506982887 ], [ -49.669130322920182, 62.52253028356008 ], [ -49.668988752022415, 62.52253487374562 ], [ -49.668873140242376, 62.522533772313096 ], [ -49.66877010833398, 62.522538728990071 ], [ -49.668653965428071, 62.522549499141142 ], [ -49.668602316962946, 62.522554944872212 ], [ -49.668486173919732, 62.522565714885381 ], [ -49.66834380998754, 62.522588109936997 ], [ -49.668279315323986, 62.522593434143694 ], [ -49.66813748080191, 62.522603958250507 ], [ -49.668034713195716, 62.522602978578107 ], [ -49.667944792296389, 62.522602122037185 ], [ -49.667790640726317, 62.522600651844485 ], [ -49.667687873437814, 62.522599672796801 ], [ -49.667636489474397, 62.522599182362292 ], [ -49.667545773800811, 62.522616132115374 ], [ -49.667494123068899, 62.522621577587827 ], [ -49.667390560512153, 62.522638403993348 ], [ -49.667364869608086, 62.52263815909135 ], [ -49.667249255447963, 62.522637056459985 ], [ -49.667121326914703, 62.522623960441301 ], [ -49.667006244880369, 62.522610986714938 ], [ -49.666890630811487, 62.522609883782295 ], [ -49.666775018651123, 62.522608780605758 ], [ -49.666646558184681, 62.5226075550354 ], [ -49.666518895018143, 62.522588522639339 ], [ -49.666390966636733, 62.522575425054463 ], [ -49.666327003598461, 62.522568876584288 ], [ -49.666250724682776, 62.52255033485573 ], [ -49.666123061667236, 62.522531301203401 ], [ -49.666007978446629, 62.522518326780428 ], [ -49.665944015600815, 62.522511778129534 ], [ -49.665867206424934, 62.52250510693073 ], [ -49.665790395051779, 62.522498434954016 ], [ -49.665687895145084, 62.522491518453471 ], [ -49.665599035347988, 62.52246691712093 ], [ -49.665483954477608, 62.522453942106338 ], [ -49.665394564450857, 62.52244121226957 ], [ -49.665288793619879, 62.522440202199789 ], [ -49.665282775768617, 62.522440429112969 ], [ -49.665282725458717, 62.522440144248492 ], [ -49.665214723145134, 62.522439494802164 ], [ -49.665112486936728, 62.522426642200287 ], [ -49.665048258810039, 62.522426028063272 ], [ -49.664958336123775, 62.522425168839519 ], [ -49.664881261990438, 62.522424432903179 ], [ -49.66479107584032, 62.522429509240894 ], [ -49.664700624263496, 62.522440521338112 ], [ -49.664507670836045, 62.52244461526174 ], [ -49.664366366550752, 62.522443264770985 ], [ -49.664315248584195, 62.52243683816355 ], [ -49.664238970852104, 62.522418294414848 ], [ -49.664149315892367, 62.522411499581693 ], [ -49.66404708207881, 62.522398646036159 ], [ -49.663970005761371, 62.522397908857066 ], [ -49.66387981947944, 62.522402984603964 ], [ -49.663789367587732, 62.522413996112249 ], [ -49.663712027543376, 62.522419194462856 ], [ -49.663621841455821, 62.522424270926358 ], [ -49.663531389069171, 62.522435281387672 ], [ -49.663453781361355, 62.522446415564026 ], [ -49.663325057689327, 62.522451122574658 ], [ -49.663183753313028, 62.522449770879035 ], [ -49.663080454629181, 62.522460659165233 ], [ -49.662951199002826, 62.52247723659238 ], [ -49.662822209306775, 62.522487878962615 ], [ -49.662744866941026, 62.522493076928775 ], [ -49.662627657686585, 62.522527583600308 ], [ -49.662536673229638, 62.52255046595387 ], [ -49.662471645038565, 62.522567657361002 ], [ -49.66239377259172, 62.52258472663496 ], [ -49.662355235281844, 62.522584357963353 ], [ -49.662302785540348, 62.522607608107727 ], [ -49.662224646680457, 62.522630612231865 ], [ -49.66209565599685, 62.522641253945515 ], [ -49.661992356175396, 62.522652141443373 ], [ -49.661863897209273, 62.522650911297283 ], [ -49.661773975646113, 62.52265004987423 ], [ -49.661696900839047, 62.522649312179119 ], [ -49.66165836120755, 62.522648942580744 ], [ -49.661606979275362, 62.522648450647644 ], [ -49.661517057711393, 62.522647589057769 ], [ -49.661478520307561, 62.52264722014413 ], [ -49.661362905867819, 62.522646112603958 ], [ -49.661259607617737, 62.522656999414714 ], [ -49.661130081952557, 62.522679511156305 ], [ -49.661053006732153, 62.522678772222655 ], [ -49.661000824119576, 62.522696086808132 ], [ -49.660922682043335, 62.522719090371687 ], [ -49.660845074392647, 62.522730222976641 ], [ -49.66066336702194, 62.522770048662245 ], [ -49.660585490688241, 62.522787116218595 ], [ -49.660481923468993, 62.522803938440454 ], [ -49.660340619173311, 62.522802583733196 ], [ -49.660301813054595, 62.522808149588876 ], [ -49.660185400970192, 62.522824848414842 ], [ -49.660146330398653, 62.522836349908488 ], [ -49.660081300102554, 62.52285354023649 ], [ -49.659990312543393, 62.522876420980865 ], [ -49.659938661616671, 62.522881863530621 ], [ -49.659874164120062, 62.522887182991632 ], [ -49.659809668506611, 62.522892502275859 ], [ -49.659693786649669, 62.522897329191615 ], [ -49.659371038058431, 62.522929861909731 ], [ -49.659292627560397, 62.522958800423311 ], [ -49.659214752106102, 62.522975867971361 ], [ -49.659175412536115, 62.522993305180435 ], [ -49.659136074510002, 62.523010741349943 ], [ -49.659032505595526, 62.52302756252265 ], [ -49.658942049718128, 62.523038570946355 ], [ -49.658838480265196, 62.523055391096371 ], [ -49.658748559284852, 62.523054527588194 ], [ -49.658710021312935, 62.523054157915524 ], [ -49.658646590201627, 62.523035735258297 ], [ -49.658556935891554, 62.523028935793427 ], [ -49.658441588707603, 62.52302189075013 ], [ -49.65835166590724, 62.52302102712973 ], [ -49.658261743425349, 62.523020164333055 ], [ -49.658158975919179, 62.523019177220895 ], [ -49.658056206503595, 62.523018190179783 ], [ -49.657953439315484, 62.523017203797231 ], [ -49.657765832960891, 62.52301658957186 ], [ -49.657688276864342, 62.523026533078557 ], [ -49.657610718802857, 62.523036476690223 ], [ -49.657533642555904, 62.523035735818446 ], [ -49.657417546432356, 62.523045309312984 ], [ -49.657301452133957, 62.523054882564658 ], [ -49.657232083238483, 62.523054216098586 ], [ -49.657139592756565, 62.523053327618925 ], [ -49.657062516452797, 62.523052586486088 ], [ -49.656961996011688, 62.523058746656375 ], [ -49.656861475203279, 62.523064905872587 ], [ -49.656737191033436, 62.523085088504722 ], [ -49.656667182219287, 62.523098667144282 ], [ -49.656589464004384, 62.523112171285398 ], [ -49.656511586454378, 62.523129237356031 ], [ -49.656425999468276, 62.523146228911415 ], [ -49.656386980653132, 62.523156542011783 ], [ -49.656285337021878, 62.523187630655343 ], [ -49.656222873667296, 62.523204844945347 ], [ -49.656129740363802, 62.523218200456526 ], [ -49.656067436162935, 62.523231852707404 ], [ -49.655988915910775, 62.523263164035257 ], [ -49.655926292248559, 62.523283938406855 ], [ -49.655886790609145, 62.52330493582177 ], [ -49.655846969916389, 62.523333056289665 ], [ -49.655815175327561, 62.5233541274564 ], [ -49.655775513850969, 62.523378685933892 ], [ -49.655759295426506, 62.523396344280435 ], [ -49.655719793521818, 62.523417341653456 ], [ -49.655672745955656, 62.523434703999563 ], [ -49.655618150184225, 62.523448429694028 ], [ -49.655579290367889, 62.523455181490363 ], [ -49.655532723332932, 62.523461859489636 ], [ -49.655400729299693, 62.523481967190449 ], [ -49.655330876379878, 62.523491983361417 ], [ -49.655284149499089, 62.523502222370922 ], [ -49.655229232358465, 62.523523071130718 ], [ -49.655150869854531, 62.523550820045017 ], [ -49.65510350033054, 62.523575304539733 ], [ -49.65505580740686, 62.523606911497609 ], [ -49.655023533014926, 62.523638666657988 ], [ -49.655007473763455, 62.523652763837319 ], [ -49.654959944198396, 62.523680809380764 ], [ -49.654920279668687, 62.523705367784991 ], [ -49.654872749938548, 62.523733413302068 ], [ -49.654848340368851, 62.523761681305743 ], [ -49.654792620030477, 62.523800336546159 ], [ -49.654745249819278, 62.523824820933235 ], [ -49.654682622172416, 62.523845594933505 ], [ -49.654619836861627, 62.523869930734456 ], [ -49.654580333518709, 62.523890927813106 ], [ -49.654533282294345, 62.523908289067471 ], [ -49.654470175495497, 62.523939748020489 ], [ -49.654438541020077, 62.523957257666154 ], [ -49.654375912873803, 62.523978031538221 ], [ -49.654328863617344, 62.523995393463466 ], [ -49.654289521333475, 62.524012828345029 ], [ -49.654203449292361, 62.524040502916471 ], [ -49.654172295708356, 62.524047328198677 ], [ -49.654094735549691, 62.524057269776456 ], [ -49.654048005419796, 62.524067508544057 ], [ -49.653977188163431, 62.524098892689565 ], [ -49.653899146541448, 62.524119518471664 ], [ -49.653821102580153, 62.52414014347719 ], [ -49.653695687165118, 62.524185253381958 ], [ -49.653633381656341, 62.524198904457627 ], [ -49.653547951657465, 62.524212333094042 ], [ -49.653469907194513, 62.524232957912098 ], [ -49.653400054010781, 62.524242973895575 ], [ -49.653274797141343, 62.524284521465638 ], [ -49.653181015580643, 62.524312120648446 ], [ -49.653141994052014, 62.524322432891232 ], [ -49.653056563450811, 62.524335861236928 ], [ -49.65298703145146, 62.524338753801644 ], [ -49.652878316170089, 62.524355520627147 ], [ -49.652785337597997, 62.524365312903349 ], [ -49.652715323494903, 62.524378888766108 ], [ -49.652613671682637, 62.524409974886048 ], [ -49.652566136717091, 62.524438019829063 ], [ -49.652518441610553, 62.524469625852923 ], [ -49.652471068428042, 62.524494109524731 ], [ -49.652424014975061, 62.524511470109118 ], [ -49.652322686045039, 62.524535432663818 ], [ -49.652244640152375, 62.524556057709873 ], [ -49.652166434054614, 62.524580243810007 ], [ -49.652096257128449, 62.524597380619738 ], [ -49.652018210906952, 62.524618005545022 ], [ -49.651971641152912, 62.524624682402987 ], [ -49.651855378391481, 62.524637812355849 ], [ -49.651801260865213, 62.524640853194384 ], [ -49.651715988502275, 62.524650718767312 ], [ -49.651568892864233, 62.524663550893436 ], [ -49.651475752961488, 62.524676904299554 ], [ -49.651413123046297, 62.524697676761171 ], [ -49.651374098450738, 62.524707988677015 ], [ -49.651257835053642, 62.524721118141244 ], [ -49.651141891976906, 62.524727125315948 ], [ -49.651103191501697, 62.52473031466949 ], [ -49.651010693351751, 62.524729421471001 ], [ -49.650910167489769, 62.524735577250787 ], [ -49.650825056671906, 62.524741881043035 ], [ -49.650693215258585, 62.524758422320389 ], [ -49.650615489720757, 62.524771923260182 ], [ -49.650521704012156, 62.524799520728045 ], [ -49.65042791812521, 62.524827118136102 ], [ -49.650333326997604, 62.524872522151824 ], [ -49.650293821140068, 62.524893517953252 ], [ -49.650238897813345, 62.524914364863619 ], [ -49.650176264900921, 62.5249351378244 ], [ -49.650120535906701, 62.524973790478441 ], [ -49.650080384895922, 62.525009031796081 ], [ -49.650072032087323, 62.525023202402807 ], [ -49.650000240719848, 62.525075952568997 ], [ -49.649975665079538, 62.525107780934107 ], [ -49.649935674084581, 62.525139461118592 ], [ -49.649902747307863, 62.525185459927094 ], [ -49.649862593859588, 62.525220701340658 ], [ -49.649837857593837, 62.525256090786257 ], [ -49.64979802822765, 62.525284208810142 ], [ -49.649757714150049, 62.525323011298106 ], [ -49.64971772232866, 62.52535469054893 ], [ -49.649670183095715, 62.525382734588355 ], [ -49.649598712567844, 62.525428361352411 ], [ -49.649566430405145, 62.525460115407206 ], [ -49.649541369299477, 62.525502628187489 ], [ -49.64953237290247, 62.525531044197933 ], [ -49.649499926338414, 62.525566359635221 ], [ -49.649483219887827, 62.525594700797669 ], [ -49.649473738680776, 62.525633801281657 ], [ -49.64945654934241, 62.52567282677078 ], [ -49.649431812258086, 62.525708216163032 ], [ -49.649391980018649, 62.525736334238843 ], [ -49.64935198759833, 62.525768014286847 ], [ -49.649296578805448, 62.525799544319334 ], [ -49.649255778291788, 62.525849030285421 ], [ -49.649215462790018, 62.525887832647896 ], [ -49.649183017399736, 62.525923147880683 ], [ -49.649157957317499, 62.52596566046558 ], [ -49.649133219659838, 62.526001049817758 ], [ -49.649131606248382, 62.526036663320482 ], [ -49.649106223195588, 62.526086298247797 ], [ -49.64908935598126, 62.526118201360383 ], [ -49.649064778587821, 62.526150029604679 ], [ -49.649048071439395, 62.526178370731436 ], [ -49.649008078089636, 62.526210050701188 ], [ -49.648960536546831, 62.526238093659039 ], [ -49.648921511281145, 62.52624840567978 ], [ -49.648873969595442, 62.52627644861095 ], [ -49.648849714726083, 62.526301154476265 ], [ -49.648808108814983, 62.526368446875942 ], [ -49.648784014311431, 62.526389591631734 ], [ -49.648767952244896, 62.526403687153426 ], [ -49.648742568638447, 62.526453322916829 ], [ -49.648725861034372, 62.526481664015378 ], [ -49.648708668405853, 62.526520689592154 ], [ -49.6486768672859, 62.526541759154071 ], [ -49.648659997481694, 62.526573662377601 ], [ -49.648619519777931, 62.526616025706652 ], [ -49.648579685605782, 62.526644143592044 ], [ -49.648524434930124, 62.526672112267221 ], [ -49.648492633522679, 62.526693181793156 ], [ -49.648452799129785, 62.526721299646894 ], [ -49.648397710636132, 62.526745707028347 ], [ -49.648366392585096, 62.526756093076884 ], [ -49.648303756097626, 62.526776864272023 ], [ -49.648217509768742, 62.526808096514415 ], [ -49.648169643513597, 62.526843261588439 ], [ -49.648145387625547, 62.526867967353233 ], [ -49.648136550154419, 62.526892822210485 ], [ -49.648112294201546, 62.526917527971051 ], [ -49.648065073764954, 62.526938448312727 ], [ -49.648018176328399, 62.526952246288303 ], [ -49.647932575044393, 62.526969232784765 ], [ -49.647877162560391, 62.527000762330012 ], [ -49.647860937560189, 62.527018419894645 ], [ -49.64776585000682, 62.527074505992672 ], [ -49.647664023052272, 62.52710914988883 ], [ -49.647624189237483, 62.527137267385825 ], [ -49.647569259920104, 62.52715811336595 ], [ -49.647544356932151, 62.527197063747515 ], [ -49.647503876834065, 62.527239426803128 ], [ -49.647487651489875, 62.527257084331666 ], [ -49.647400919039505, 62.527298999570164 ], [ -49.647360922164438, 62.527330678252646 ], [ -49.647305345838859, 62.527365768847055 ], [ -49.647250415876542, 62.527386614714501 ], [ -49.647195323251722, 62.527411021812313 ], [ -49.647109559461448, 62.527431568941665 ], [ -49.646985088760459, 62.527455303571948 ], [ -49.646922771227956, 62.52746895198689 ], [ -49.646859325131089, 62.527507529278246 ], [ -49.646780460385834, 62.527545958188128 ], [ -49.646670759379276, 62.527584087530194 ], [ -49.64661599089078, 62.527601371030592 ], [ -49.646529093529807, 62.527646847022403 ], [ -49.646434971462391, 62.527681564352477 ], [ -49.646411360367949, 62.527692025146891 ], [ -49.646324785574656, 62.52773037778416 ], [ -49.646246889355645, 62.527747437582981 ], [ -49.646176540913054, 62.527768133611474 ], [ -49.646075032887268, 62.527795653190083 ], [ -49.646013039644409, 62.52780217871527 ], [ -49.645912662541228, 62.52780476911996 ], [ -49.645843930981506, 62.527789851433994 ], [ -49.645766842030937, 62.527789104268535 ], [ -49.645712717927779, 62.527792142861941 ], [ -49.645627436437458, 62.527802005654941 ], [ -49.645565281876628, 62.527812091205917 ], [ -49.645463933974767, 62.52783604924624 ], [ -49.64540948828769, 62.527846210817685 ], [ -49.645331428388438, 62.52786683137272 ], [ -49.645284690973554, 62.527877067227848 ], [ -49.645191698146661, 62.527886853810237 ], [ -49.645075258246813, 62.527903539511286 ], [ -49.644989652405492, 62.527920524283296 ], [ -49.644950784113874, 62.52792727327293 ], [ -49.644888303635511, 62.527944481920322 ], [ -49.644817953723461, 62.527965177288998 ], [ -49.644779085330541, 62.527971926232553 ], [ -49.644693317817001, 62.527992471054034 ], [ -49.644607385697334, 62.52801657810825 ], [ -49.644544583159075, 62.528040909705162 ], [ -49.644497197375614, 62.528065390029042 ], [ -49.644449809604687, 62.528089870485495 ], [ -49.644379459029487, 62.528110565645349 ], [ -49.644347814149093, 62.528128073207597 ], [ -49.644323716984466, 62.528149217138491 ], [ -49.644283552741349, 62.52818445628067 ], [ -49.644235842552803, 62.528216058886848 ], [ -49.64418813258245, 62.528247662360911 ], [ -49.644164195928347, 62.528265244278863 ], [ -49.644109586021258, 62.528278966620455 ], [ -49.644054975743714, 62.528292688059437 ], [ -49.644023817135142, 62.528299511056048 ], [ -49.643954111906552, 62.528305961437702 ], [ -49.64379141541351, 62.528322196289942 ], [ -49.643744837798536, 62.528328870543895 ], [ -49.643706129752736, 62.528332058093412 ], [ -49.643635940751935, 62.528349190761261 ], [ -49.643565911182598, 62.528362763316075 ], [ -49.643518848201843, 62.528380120969175 ], [ -49.643456204780861, 62.528400890117155 ], [ -49.643369463190062, 62.528442803023104 ], [ -49.643250263977926, 62.528520029199477 ], [ -49.643179263088037, 62.52855496851965 ], [ -49.643116132078347, 62.528586422030507 ], [ -49.643014132841785, 62.528624622961217 ], [ -49.642966583997207, 62.528652664799658 ], [ -49.642935098882504, 62.528666610959796 ], [ -49.642879514788021, 62.528701699942438 ], [ -49.642839998275882, 62.528722692956904 ], [ -49.642816221954781, 62.528736714439617 ], [ -49.642752928654659, 62.528771728028943 ], [ -49.642582357399483, 62.528791449198856 ], [ -49.642558906850546, 62.528798347245029 ], [ -49.642419979843822, 62.528800560292289 ], [ -49.642326823993393, 62.528813906878518 ], [ -49.642280082071274, 62.528824141920765 ], [ -49.642186438448476, 62.528848172041144 ], [ -49.642147570155984, 62.528854920136546 ], [ -49.642084437396917, 62.528886373213936 ], [ -49.641983408932724, 62.528903205447754 ], [ -49.641882541971562, 62.528916477381657 ], [ -49.641797416778701, 62.52892277591971 ], [ -49.641680970679865, 62.528939458894861 ], [ -49.641595684026974, 62.528949318422626 ], [ -49.641503011025989, 62.528951980256586 ], [ -49.641449047481615, 62.52895145598049 ], [ -49.641335195402988, 62.528911157209826 ], [ -49.64131994105081, 62.528907445973125 ], [ -49.641236114119799, 62.528885253804773 ], [ -49.641136382012547, 62.528873596095693 ], [ -49.641075195437097, 62.528862311865261 ], [ -49.640983337337296, 62.528847167199416 ], [ -49.64091411779313, 62.528842931581252 ], [ -49.64079880467429, 62.528834683975482 ], [ -49.640707108233237, 62.528815978009931 ], [ -49.640668725872487, 62.528812042212998 ], [ -49.640576702512675, 62.528800457795164 ], [ -49.640507321645572, 62.528799783083315 ], [ -49.64043761590856, 62.528806230708824 ], [ -49.640359552044281, 62.528826849324759 ], [ -49.64027394028686, 62.528843830415205 ], [ -49.640181106220609, 62.528850053357253 ], [ -49.640111561798918, 62.528852939709807 ], [ -49.640026274779011, 62.528862798278418 ], [ -49.63992557007515, 62.528872506662204 ], [ -49.639817154734196, 62.528882140489344 ], [ -49.639747123587092, 62.528895710149158 ], [ -49.639623128871932, 62.528908754786549 ], [ -49.639514551688166, 62.528921949495889 ], [ -49.639436648116352, 62.528939005615833 ], [ -49.639358746679477, 62.528956062429017 ], [ -49.639288551601886, 62.528973193126426 ], [ -49.639195391696717, 62.528986537797117 ], [ -49.63913339386189, 62.528993059448162 ], [ -49.63904039737205, 62.529002842755979 ], [ -49.638939528555149, 62.529016112584266 ], [ -49.638815371243048, 62.529032717632198 ], [ -49.638730244888698, 62.529039014308701 ], [ -49.638644956798878, 62.52904887204862 ], [ -49.638544414536788, 62.529055018189943 ], [ -49.638482253083957, 62.529065101700283 ], [ -49.638420580251491, 62.529064500661768 ], [ -49.638296745876772, 62.529073983024688 ], [ -49.638196040094236, 62.529083691061601 ], [ -49.638080403051241, 62.529082563431913 ], [ -49.637988707375605, 62.529063855650556 ], [ -49.637934743560571, 62.529063330010679 ], [ -49.637803525466801, 62.529065613939046 ], [ -49.637647879061788, 62.529096163008141 ], [ -49.637593425900157, 62.529106320879613 ], [ -49.637530778493037, 62.529127087321733 ], [ -49.637476163396457, 62.529140806265673 ], [ -49.637397932699862, 62.529164984539158 ], [ -49.637335608411448, 62.529178627782997 ], [ -49.63729657469343, 62.529188935814588 ], [ -49.637226541877467, 62.529202505122775 ], [ -49.63714092707572, 62.529219484339009 ], [ -49.637094346359419, 62.529226156419881 ], [ -49.637024313036541, 62.529239724747562 ], [ -49.636946732784978, 62.529249657134436 ], [ -49.636861281490255, 62.529263074919854 ], [ -49.63679912087283, 62.529273157549788 ], [ -49.636729249215158, 62.529283164616025 ], [ -49.636620833017851, 62.529292795850608 ], [ -49.63655096124576, 62.529302802829292 ], [ -49.636457800820544, 62.529316145561339 ], [ -49.636388090895736, 62.529322591342257 ], [ -49.636333638755985, 62.529332748589709 ], [ -49.636232443464962, 62.529353138734159 ], [ -49.636177989301281, 62.529363296069747 ], [ -49.636131084124237, 62.529377090072856 ], [ -49.636075652458608, 62.529408615403291 ], [ -49.636020712110934, 62.529429456035729 ], [ -49.635965770093804, 62.529450297677165 ], [ -49.635925919688674, 62.529478411374114 ], [ -49.635909198240142, 62.52950675121896 ], [ -49.635900187825492, 62.529535166644386 ], [ -49.63589101155393, 62.529567143482275 ], [ -49.635882488771635, 62.529584874522364 ], [ -49.635872986511451, 62.529623973744243 ], [ -49.635872010862165, 62.529645341632438 ], [ -49.635871358944108, 62.529659586401138 ], [ -49.635877602596288, 62.529691713668832 ], [ -49.635899426056049, 62.529720429509347 ], [ -49.635913216630854, 62.529756192738645 ], [ -49.635919460358522, 62.529788320003426 ], [ -49.635918318911109, 62.529813249304425 ], [ -49.63591685342751, 62.529845300842929 ], [ -49.635884713630162, 62.52987349011957 ], [ -49.63586044504757, 62.529898194000459 ], [ -49.635813536979128, 62.529911988064001 ], [ -49.635712827070655, 62.529921693491232 ], [ -49.635627699249326, 62.529927988182813 ], [ -49.63559686094812, 62.529927687123646 ], [ -49.635527641290686, 62.529923448706555 ], [ -49.635489419785031, 62.529915949490196 ], [ -49.635443327289032, 62.529911936512555 ], [ -49.635396906824205, 62.529915046052103 ], [ -49.635350488576037, 62.529918156311524 ], [ -49.635319000014107, 62.529932099815476 ], [ -49.635287509830988, 62.529946044342068 ], [ -49.63524831226151, 62.52995991295267 ], [ -49.635185659451139, 62.529980678554317 ], [ -49.635138750919829, 62.529994472398826 ], [ -49.635084623236153, 62.52999750680361 ], [ -49.635030331187693, 62.530004101572175 ], [ -49.634984074880208, 62.530003650592626 ], [ -49.634915016922733, 62.529995849869437 ], [ -49.634853506128088, 62.529991686015997 ], [ -49.634784446635557, 62.529983886255735 ], [ -49.634738844085149, 62.529969188507245 ], [ -49.63467043684183, 62.529947143030867 ], [ -49.634602031608424, 62.52992509737178 ], [ -49.63456430067199, 62.529906914240549 ], [ -49.63450425520066, 62.529870698819352 ], [ -49.634428467648078, 62.529841455757875 ], [ -49.634367281315527, 62.529830168557531 ], [ -49.63433388523805, 62.529822042639495 ], [ -49.634165243571481, 62.529828357497408 ], [ -49.634163363013229, 62.529817640257264 ], [ -49.634074653594169, 62.529820183367427 ], [ -49.633981652542083, 62.529829963371824 ], [ -49.63386519790356, 62.529846639950357 ], [ -49.633756616240298, 62.529859830129588 ], [ -49.633679521569285, 62.529859076351357 ], [ -49.633579301711329, 62.529858096581414 ], [ -49.633471044164772, 62.529864163414672 ], [ -49.633339659776397, 62.529870005204913 ], [ -49.633254531460985, 62.529876298447839 ], [ -49.633123308993021, 62.529878578030676 ], [ -49.632999959705515, 62.529877371226682 ], [ -49.632945994312479, 62.529876843674849 ], [ -49.632830356185096, 62.529875712463756 ], [ -49.632799844604229, 62.529868288389153 ], [ -49.632715531665909, 62.529856774513426 ], [ -49.632570360446408, 62.529826851950439 ], [ -49.6325095034518, 62.52980844137619 ], [ -49.632471609559175, 62.529793818917362 ], [ -49.632365150303166, 62.529760711650248 ], [ -49.632327256541387, 62.529746089149413 ], [ -49.632266398266985, 62.529727679491465 ], [ -49.63226162686373, 62.529724451118149 ], [ -49.632251072084038, 62.529724846176912 ], [ -49.632249572202554, 62.529716294824482 ], [ -49.632228995485008, 62.529702372416068 ], [ -49.632183557356917, 62.529684113552918 ], [ -49.632122861772743, 62.529662142704304 ], [ -49.632084194713087, 62.529643506235331 ], [ -49.632047446599515, 62.529644881640976 ], [ -49.632044754952602, 62.529629534891605 ], [ -49.631978674029774, 62.529610850397347 ], [ -49.631940780647639, 62.52959622778355 ], [ -49.631887796186263, 62.529574331744371 ], [ -49.631863253936977, 62.529564189544431 ], [ -49.631843822345367, 62.529564916797057 ], [ -49.631655459349687, 62.52957196636784 ], [ -49.631646303090392, 62.529519756216921 ], [ -49.631620586797077, 62.529514709749975 ], [ -49.631528403881838, 62.529506681163276 ], [ -49.631435892390833, 62.529505775938688 ], [ -49.631397509800138, 62.529501836688254 ], [ -49.631364116513872, 62.529495283642561 ], [ -49.631075111578127, 62.529506098565236 ], [ -49.631072459229308, 62.529490972619143 ], [ -49.631058631766429, 62.529491391816514 ], [ -49.630911830337276, 62.529497080169506 ], [ -49.630857538430782, 62.529503674187659 ], [ -49.630771591564773, 62.529527771962911 ], [ -49.630662355340995, 62.529555205401977 ], [ -49.6305765727313, 62.529575741790481 ], [ -49.630468480278829, 62.529578245882618 ], [ -49.630336933602287, 62.529587645942016 ], [ -49.630189476514317, 62.529607577458634 ], [ -49.629972309090817, 62.529633952158996 ], [ -49.629809596481529, 62.529650171803432 ], [ -49.629670175335988, 62.529663056448094 ], [ -49.629484007883512, 62.52968617165741 ], [ -49.62935213248452, 62.529702692318061 ], [ -49.629157600445218, 62.529739976692873 ], [ -49.629009651555144, 62.529770591398915 ], [ -49.628932066819814, 62.529780519387756 ], [ -49.628838736217844, 62.529797418379353 ], [ -49.628691279168038, 62.529817349081071 ], [ -49.628613858677149, 62.529823714739642 ], [ -49.628528074085359, 62.529844250788855 ], [ -49.628396032856898, 62.529864332723399 ], [ -49.628287448290592, 62.529877518673686 ], [ -49.628109149843254, 62.529897145344734 ], [ -49.627992856054348, 62.529910255791613 ], [ -49.627915763006882, 62.529909498664168 ], [ -49.627853760618763, 62.529916016247405 ], [ -49.627768302782819, 62.529929428556009 ], [ -49.627651352821964, 62.529956783532924 ], [ -49.627543093584713, 62.529962846655714 ], [ -49.627435163873429, 62.529961786260294 ], [ -49.627381198221819, 62.529961256545576 ], [ -49.62725817637218, 62.529952922233932 ], [ -49.62716615606228, 62.529941329623078 ], [ -49.627058717894428, 62.52992958627857 ], [ -49.626935533142344, 62.529924812806556 ], [ -49.626811855577671, 62.529930723790677 ], [ -49.626695560663663, 62.529943832282491 ], [ -49.62661764830888, 62.529960881263243 ], [ -49.626586646736158, 62.529964139331142 ], [ -49.62651693491182, 62.529970580963045 ], [ -49.626418981105509, 62.529984601575983 ], [ -49.626426983757234, 62.530030284790371 ], [ -49.626238616007747, 62.530037326148083 ], [ -49.626236478191139, 62.530037406059954 ], [ -49.626212497919411, 62.530049535463476 ], [ -49.626125727892727, 62.530091437155264 ], [ -49.6260633314809, 62.530119059245465 ], [ -49.626065490130912, 62.530131382830291 ], [ -49.626034425551723, 62.530132543977359 ], [ -49.625991550850891, 62.530157813328735 ], [ -49.625959729417218, 62.530178878094652 ], [ -49.625895920966563, 62.53022456800359 ], [ -49.625840315200293, 62.530259650483629 ], [ -49.625761742813637, 62.530290943978244 ], [ -49.625714502628377, 62.530311856999056 ], [ -49.625643969683516, 62.530336104165798 ], [ -49.625518813004476, 62.530374064813515 ], [ -49.625433024527929, 62.53039459902579 ], [ -49.625370365436765, 62.530415360206852 ], [ -49.625300158222316, 62.530432484062899 ], [ -49.625253245985917, 62.530446274526589 ], [ -49.625167456787409, 62.530466807700556 ], [ -49.625089542124513, 62.530483855869626 ], [ -49.625003916024355, 62.530500827814336 ], [ -49.624895164049796, 62.530517572321365 ], [ -49.62481692047502, 62.530541742756071 ], [ -49.624731130996089, 62.530562276554356 ], [ -49.624668634089119, 62.530579475420616 ], [ -49.624606629460892, 62.530585991596112 ], [ -49.62449804031229, 62.53059917466944 ], [ -49.62442848953156, 62.530602053276176 ], [ -49.624358777238974, 62.530608492834993 ], [ -49.624280696378783, 62.530629101847516 ], [ -49.624179487298463, 62.530649482578845 ], [ -49.624117318963265, 62.530659559674724 ], [ -49.624039237790917, 62.530680168557623 ], [ -49.623922609695541, 62.530700397225729 ], [ -49.623860275782853, 62.530714035491457 ], [ -49.62376694098343, 62.530730931044197 ], [ -49.623627840487352, 62.530736687358846 ], [ -49.623558125758834, 62.53074312667222 ], [ -49.623496449107897, 62.530742519065214 ], [ -49.623458231170531, 62.530735016347883 ], [ -49.623412631107811, 62.530720315815863 ], [ -49.623367525480162, 62.530694931570089 ], [ -49.623343029184262, 62.530671040055395 ], [ -49.623316116356214, 62.530672045403868 ], [ -49.623311710015727, 62.530646875330419 ], [ -49.62326271478107, 62.53062620347648 ], [ -49.623162986427424, 62.530614532530478 ], [ -49.623078182264464, 62.530613697200714 ], [ -49.622962538950823, 62.530612557964055 ], [ -49.622845910614501, 62.530632786618803 ], [ -49.622822288237749, 62.530643242734691 ], [ -49.622782425410932, 62.530671352796553 ], [ -49.622749417103151, 62.5306841308104 ], [ -49.622750996622806, 62.53069315450157 ], [ -49.622723449029642, 62.530694183428977 ], [ -49.622719598270095, 62.530695674112884 ], [ -49.622633642849308, 62.530719766906635 ], [ -49.622563764276876, 62.530729766859885 ], [ -49.622463375858182, 62.530732341279126 ], [ -49.622417119801682, 62.530731885100757 ], [ -49.622317881996139, 62.530709529257052 ], [ -49.622317500331818, 62.530709345260199 ], [ -49.622185875988016, 62.530714261026333 ], [ -49.6221747849414, 62.530650890752547 ], [ -49.622127942309042, 62.530647087568191 ], [ -49.622051340141972, 62.530635643662308 ], [ -49.622006072087359, 62.530613820084675 ], [ -49.621968347645783, 62.530595633390014 ], [ -49.621877478711568, 62.530559108873227 ], [ -49.621861113508416, 62.530551219277804 ], [ -49.621778671851729, 62.530554297948797 ], [ -49.621773189267628, 62.530522969519332 ], [ -49.62177119301235, 62.530522431128382 ], [ -49.621671627318008, 62.530507198101887 ], [ -49.621625700979514, 62.530499619231904 ], [ -49.62153318765764, 62.530498706433015 ], [ -49.621448383778912, 62.530497870099772 ], [ -49.621355705097891, 62.530500519348607 ], [ -49.62127828087295, 62.530506880982806 ], [ -49.621223986546553, 62.530513471166223 ], [ -49.621130978285166, 62.530523242688226 ], [ -49.621084556825103, 62.530526347343084 ], [ -49.621015173349292, 62.530525662811179 ], [ -49.620945787963606, 62.530524978391291 ], [ -49.620884607002019, 62.530513685906342 ], [ -49.620815551214896, 62.530505878998156 ], [ -49.620777168451951, 62.530501936807596 ], [ -49.620754204588572, 62.530498147738676 ], [ -49.620692528388574, 62.530497538874165 ], [ -49.620632619717114, 62.530506111398758 ], [ -49.62063320962919, 62.530509483098896 ], [ -49.62060053045267, 62.530510703140806 ], [ -49.620599356109949, 62.530510871180589 ], [ -49.620513894786754, 62.530524278976387 ], [ -49.620428266001596, 62.530541249035238 ], [ -49.620358057312359, 62.530558370307929 ], [ -49.620318851571284, 62.530572234858987 ], [ -49.620232894723941, 62.530596327079763 ], [ -49.620170558852813, 62.530609962835612 ], [ -49.620091981187898, 62.530641253113444 ], [ -49.620060320775089, 62.530658755336759 ], [ -49.620035873907149, 62.530687016986541 ], [ -49.620011590922182, 62.530711717494135 ], [ -49.619978941072119, 62.530750586975763 ], [ -49.619947278569441, 62.530768089323921 ], [ -49.619869195905032, 62.530788695778135 ], [ -49.619783567554776, 62.530805664433451 ], [ -49.619705482761347, 62.530826270946633 ], [ -49.619643146468725, 62.530839907362726 ], [ -49.619572936596342, 62.530857028262083 ], [ -49.619518311311296, 62.530870740225005 ], [ -49.61947172509857, 62.530877405494536 ], [ -49.619339342453173, 62.530904601456541 ], [ -49.619284882889232, 62.530914752044879 ], [ -49.619206961464926, 62.530931797150458 ], [ -49.619137081079387, 62.530941795411799 ], [ -49.619082619461608, 62.530951946070353 ], [ -49.618934985139575, 62.530975427795546 ], [ -49.618841644498758, 62.53099232025599 ], [ -49.618740431993928, 62.531012696974777 ], [ -49.618458095381541, 62.531084418457581 ], [ -49.618425922008171, 62.531092591484814 ], [ -49.618240915207892, 62.531139586987308 ], [ -49.617967778885316, 62.531208145267811 ], [ -49.617889361427629, 62.531235873237151 ], [ -49.617834734618313, 62.531249584567625 ], [ -49.617733682777491, 62.531266399588986 ], [ -49.617655761381968, 62.531283443714003 ], [ -49.61760884371418, 62.531297230811049 ], [ -49.61749942372348, 62.531328215411882 ], [ -49.6174369207355, 62.531345411139554 ], [ -49.617319790695802, 62.531376318860225 ], [ -49.617264831020677, 62.531397152555897 ], [ -49.617233498218035, 62.531407530871107 ], [ -49.617147039696142, 62.531442305003772 ], [ -49.617099957574617, 62.531459653963957 ], [ -49.617044833307375, 62.531484048721879 ], [ -49.617004963783451, 62.531512157259428 ], [ -49.616981008093539, 62.531529734870283 ], [ -49.61694064398111, 62.531568527850268 ], [ -49.616916523914583, 62.531589666594954 ], [ -49.616861234955984, 62.531617622431455 ], [ -49.616782484823709, 62.531652472252709 ], [ -49.616712271278914, 62.53166959177814 ], [ -49.616680938309223, 62.531679970860779 ], [ -49.616626474425033, 62.531690120600352 ], [ -49.616525586586789, 62.531703373496242 ], [ -49.616401074986356, 62.531727081260819 ], [ -49.61626885148452, 62.531750712256049 ], [ -49.616152379933013, 62.531767374178742 ], [ -49.616074620330245, 62.531780855435038 ], [ -49.616020156033549, 62.531791004944679 ], [ -49.615934027582028, 62.531818655791618 ], [ -49.615847732317455, 62.53184986699744 ], [ -49.615722227478322, 62.531894942368311 ], [ -49.615675141554298, 62.531912290141591 ], [ -49.615635434919668, 62.531936838061895 ], [ -49.615564724721857, 62.531964640615996 ], [ -49.615509764603537, 62.531985473517892 ], [ -49.615446102326331, 62.532027597740019 ], [ -49.61539835462591, 62.532059191183848 ], [ -49.615358980030358, 62.532076615567675 ], [ -49.615241842608803, 62.53210752090299 ], [ -49.615202467855383, 62.532124945245627 ], [ -49.615139464778977, 62.532152824613128 ], [ -49.615076794429683, 62.532173581369719 ], [ -49.61498278762479, 62.532204716087207 ], [ -49.614896159554057, 62.53224305006627 ], [ -49.614840867450475, 62.532271005162528 ], [ -49.61480116124109, 62.532295551839603 ], [ -49.614761286596675, 62.532323659946272 ], [ -49.614737661853091, 62.532334114625485 ], [ -49.614690574646708, 62.5323514620911 ], [ -49.614635777753463, 62.532368733528109 ], [ -49.614565065893586, 62.532396536495838 ], [ -49.614486643936388, 62.532424262526327 ], [ -49.614423639227546, 62.532452140713801 ], [ -49.614352926966518, 62.53247994358172 ], [ -49.61427466887595, 62.532504107471915 ], [ -49.614219706836387, 62.532524939902402 ], [ -49.614148994206687, 62.532552742673914 ], [ -49.614085991131098, 62.532580621455885 ], [ -49.614039067779295, 62.532594407569256 ], [ -49.613938177473216, 62.532607658523865 ], [ -49.61386812459164, 62.532621215543088 ], [ -49.613813493276183, 62.532634925381352 ], [ -49.613727524609885, 62.532659012922018 ], [ -49.61365664459516, 62.532690376753223 ], [ -49.613608895517814, 62.532721968614403 ], [ -49.613561807336332, 62.532739316605628 ], [ -49.613483383508779, 62.532767042107238 ], [ -49.613445607766529, 62.532779167698067 ], [ -49.613447844705547, 62.532791972161675 ], [ -49.613400182539422, 62.53279374865884 ], [ -49.613397247559639, 62.532794690751551 ], [ -49.613319154779319, 62.532815293723424 ], [ -49.613248936373417, 62.532832411594235 ], [ -49.613178717883905, 62.532849529431182 ], [ -49.613081692799511, 62.532866866762483 ], [ -49.613086263783906, 62.53289303351945 ], [ -49.612909319160828, 62.532899628086653 ], [ -49.61289079590135, 62.532903678561958 ], [ -49.61281320062529, 62.532913597522139 ], [ -49.612704430216716, 62.532930332942918 ], [ -49.612619289500913, 62.532936613647372 ], [ -49.612510520477606, 62.532953347891237 ], [ -49.61239420667934, 62.532966445649919 ], [ -49.612300692474307, 62.532986894035986 ], [ -49.612261644485386, 62.53299719530488 ], [ -49.612175838299642, 62.53301772078202 ], [ -49.612098407317909, 62.533024078203681 ], [ -49.612044106048153, 62.533030664930969 ], [ -49.611974549374054, 62.533033536407025 ], [ -49.611858731263631, 62.533035949248728 ], [ -49.611765713387172, 62.533045714571109 ], [ -49.611688115079836, 62.533055632181878 ], [ -49.611564755769159, 62.533054407162069 ], [ -49.61145697912815, 62.533049773403853 ], [ -49.611356749600922, 62.533048777640438 ], [ -49.611240434512986, 62.53306187356786 ], [ -49.611092947813127, 62.5330817861405 ], [ -49.611061775980353, 62.533088601992169 ], [ -49.610968757627091, 62.533098366789076 ], [ -49.610906578859741, 62.533108437280546 ], [ -49.610852442144228, 62.533111462398722 ], [ -49.610774513261873, 62.533128501811362 ], [ -49.610681327725054, 62.533141827718346 ], [ -49.610596185859528, 62.533148107202663 ], [ -49.610534171901108, 62.53315461638023 ], [ -49.610457072162596, 62.533153850450113 ], [ -49.610371763218488, 62.53316369109708 ], [ -49.610278411963414, 62.53318057700934 ], [ -49.610161764011202, 62.533200795386421 ], [ -49.610091874543443, 62.533210788382 ], [ -49.609982938110335, 62.53323108272911 ], [ -49.609888922372377, 62.533262214174357 ], [ -49.609810161380686, 62.533297060150737 ], [ -49.609754697263398, 62.533328574512254 ], [ -49.6096836439309, 62.53336349685042 ], [ -49.609620137408804, 62.533402057331962 ], [ -49.609580091147627, 62.533433725234751 ], [ -49.609548586319399, 62.533447663214005 ], [ -49.609516252084376, 62.533479408127754 ], [ -49.609460785409858, 62.533510922532152 ], [ -49.60940465595678, 62.533556681676551 ], [ -49.609372653749482, 62.533581304109298 ], [ -49.609340316961998, 62.533613048253585 ], [ -49.609300437239824, 62.533641154787915 ], [ -49.609237261965511, 62.533672592663471 ], [ -49.609182126978816, 62.53369698451634 ], [ -49.609119448716747, 62.533717737853145 ], [ -49.609056603544182, 62.533742053346124 ], [ -49.60899392541382, 62.533762807512254 ], [ -49.608900406181874, 62.533783253706474 ], [ -49.60885397797648, 62.533786354399503 ], [ -49.608768999040656, 62.533789071654041 ], [ -49.608730281143565, 62.533792249520985 ], [ -49.608653179378194, 62.533791481738852 ], [ -49.60854490282393, 62.53379753025618 ], [ -49.608459425999264, 62.533810930932965 ], [ -49.608420707715034, 62.533814107832555 ], [ -49.608335396094866, 62.533823947280233 ], [ -49.608304223121337, 62.533830763423737 ], [ -49.608234333699315, 62.533840756262606 ], [ -49.608187572738139, 62.533850979192479 ], [ -49.608132603778486, 62.533871809351197 ], [ -49.608085842730929, 62.53388203224852 ], [ -49.608031371604227, 62.533892178757654 ], [ -49.60796148193419, 62.533902171463957 ], [ -49.607891590303915, 62.533912164282626 ], [ -49.607806610864365, 62.533914880956964 ], [ -49.607759849627321, 62.533925103748118 ], [ -49.607619567943047, 62.533955772766632 ], [ -49.607564931099098, 62.533969480254505 ], [ -49.607501420183809, 62.534008038968118 ], [ -49.607430529863088, 62.534039398938624 ], [ -49.60737572734471, 62.534056667513049 ], [ -49.607234611655414, 62.534105142384909 ], [ -49.60711696122182, 62.534146725551658 ], [ -49.607030982444499, 62.534170809145266 ], [ -49.606944838043802, 62.534198453845036 ], [ -49.606881659034244, 62.534229890724141 ], [ -49.606833732777751, 62.534265041757351 ], [ -49.606777430435031, 62.534314361256357 ], [ -49.606737214409861, 62.534349589584409 ], [ -49.606689455534365, 62.534381180154156 ], [ -49.60664152881548, 62.53441633113102 ], [ -49.606624942180879, 62.534441106920433 ], [ -49.606522877398866, 62.534479281220982 ], [ -49.606443608726934, 62.534524809201052 ], [ -49.60638009518, 62.53456336745689 ], [ -49.606316414323217, 62.534605487873492 ], [ -49.606253231564118, 62.53463692376296 ], [ -49.606205304245158, 62.534672075491052 ], [ -49.606172298719763, 62.534718063770462 ], [ -49.60611649501044, 62.534756699276016 ], [ -49.606084486884171, 62.534781321180986 ], [ -49.60604360327256, 62.534830794264238 ], [ -49.60601192969056, 62.534848292663916 ], [ -49.605979255192388, 62.534887159474223 ], [ -49.605938871884646, 62.534925948765832 ], [ -49.605906364406621, 62.53496125337584 ], [ -49.60586581339367, 62.535003603955317 ], [ -49.605817885049589, 62.535038755572046 ], [ -49.605762245917006, 62.535073829799309 ], [ -49.605714817713491, 62.535098296734326 ], [ -49.605659677149092, 62.535122687302803 ], [ -49.605596827707288, 62.535147000320563 ], [ -49.605510511571858, 62.535178205522122 ], [ -49.605408608483877, 62.535212817926784 ], [ -49.605345423804089, 62.535244254332525 ], [ -49.6052824062577, 62.535272128524291 ], [ -49.605219722183456, 62.535292881107218 ], [ -49.60516491572492, 62.535310148000988 ], [ -49.60510189818384, 62.535338022999497 ], [ -49.605054133787881, 62.535369612340958 ], [ -49.604991283635336, 62.535393925987854 ], [ -49.604920221638274, 62.535428845960105 ], [ -49.604888379130763, 62.535449905436884 ], [ -49.604816815871573, 62.53549550913425 ], [ -49.604752797460073, 62.535544751388692 ], [ -49.604720621322294, 62.53557293329861 ], [ -49.604696489338636, 62.535594070168152 ], [ -49.604656769931857, 62.535618613326754 ], [ -49.604609340266315, 62.535643080803446 ], [ -49.604562241722988, 62.535660425062943 ], [ -49.604515310798519, 62.535674208000778 ], [ -49.60441373828894, 62.535701697266759 ], [ -49.604303953863074, 62.535739793666274 ], [ -49.604241267784843, 62.535760544959629 ], [ -49.604185625449169, 62.535795618622053 ], [ -49.604106351634115, 62.535841145269416 ], [ -49.604042330999548, 62.535890386354303 ], [ -49.603994732339039, 62.535918414065897 ], [ -49.603955511640244, 62.535932274297444 ], [ -49.603884946565493, 62.535956510161725 ], [ -49.603829970648874, 62.535977338759885 ], [ -49.603767117878476, 62.536001651017664 ], [ -49.603719852406115, 62.536022556174693 ], [ -49.603672419410238, 62.536047023507244 ], [ -49.603593809226631, 62.536078304216979 ], [ -49.603515201103406, 62.536109585621318 ], [ -49.60346005652243, 62.536133974510257 ], [ -49.603373069724206, 62.53617942328291 ], [ -49.603349270016707, 62.536193437478296 ], [ -49.603316925959987, 62.536225180267543 ], [ -49.603292458736597, 62.536253439395715 ], [ -49.603260112647945, 62.536285182321002 ], [ -49.60321972396877, 62.536323970936571 ], [ -49.603195088748514, 62.536355791360073 ], [ -49.603155533335588, 62.536376773856396 ], [ -49.603115811620931, 62.536401316622602 ], [ -49.603044077446619, 62.536450480673651 ], [ -49.603019943582282, 62.536471617291902 ], [ -49.60287797751365, 62.536537894080219 ], [ -49.602838587280239, 62.536555314451 ], [ -49.602767186132418, 62.5365973559041 ], [ -49.602727296239436, 62.536625460763766 ], [ -49.602694783185598, 62.53666076474174 ], [ -49.60265439328419, 62.536699553219385 ], [ -49.602622047965333, 62.536731295874347 ], [ -49.602596744018136, 62.536777361158158 ], [ -49.602564398559046, 62.536809103802902 ], [ -49.602539930174736, 62.53683736282413 ], [ -49.602492160693885, 62.536868951391966 ], [ -49.60245981534684, 62.536900694899124 ], [ -49.6024194245161, 62.536939482439777 ], [ -49.602386911096005, 62.536974787243274 ], [ -49.602323385225191, 62.537013344009992 ], [ -49.602283828336411, 62.53703432628928 ], [ -49.602205883957531, 62.537051361203225 ], [ -49.602150736885164, 62.537075750513353 ], [ -49.60209575736237, 62.537096577610789 ], [ -49.602040946043225, 62.537113844259871 ], [ -49.60200155487783, 62.537131265301596 ], [ -49.601923274115038, 62.537155422686808 ], [ -49.601891095526206, 62.537183603887883 ], [ -49.601843324808151, 62.537215192258586 ], [ -49.601795388224218, 62.537250342661558 ], [ -49.601755830328948, 62.537271323922447 ], [ -49.601724317736632, 62.53728526028668 ], [ -49.60164553644303, 62.537320102050877 ], [ -49.601598101281283, 62.537344567724972 ], [ -49.601558209306845, 62.537372672293209 ], [ -49.60151881719716, 62.537390092328742 ], [ -49.601478925088038, 62.537418196877042 ], [ -49.601439535099161, 62.537435617628034 ], [ -49.601361253066621, 62.537459774722343 ], [ -49.601306272271273, 62.537480601533311 ], [ -49.601235869389143, 62.537501274860297 ], [ -49.601173345483225, 62.53751846357784 ], [ -49.601134121339392, 62.537532323083326 ], [ -49.601071429227574, 62.537553073069425 ], [ -49.6010161141078, 62.537581023132901 ], [ -49.600953087533554, 62.53760889554696 ], [ -49.600913528880852, 62.537629877472384 ], [ -49.600858045048426, 62.537661387908891 ], [ -49.60081060900756, 62.537685854220967 ], [ -49.600778927414211, 62.53770335170119 ], [ -49.600746745254241, 62.537731532818796 ], [ -49.600691094844827, 62.537766604362169 ], [ -49.600636447669935, 62.537780309333066 ], [ -49.600573922816558, 62.537797497799879 ], [ -49.60051927552739, 62.537811202726914 ], [ -49.600440825488278, 62.537838920504306 ], [ -49.600369918558386, 62.537870277214196 ], [ -49.600275210551132, 62.537915646589823 ], [ -49.60014831925438, 62.537989196903489 ], [ -49.60008495683136, 62.538024192320663 ], [ -49.600012041789697, 62.538098282864553 ], [ -49.599938960413084, 62.538175935427248 ], [ -49.599898230423207, 62.538221845703212 ], [ -49.599825817545067, 62.538285253257385 ], [ -49.599723730422262, 62.538323422131704 ], [ -49.599629352673524, 62.538361668782507 ], [ -49.599542018939381, 62.538414237895189 ], [ -49.599462059624969, 62.538474006413878 ], [ -49.599381601213622, 62.538544459279038 ], [ -49.599309352536658, 62.538604304553509 ], [ -49.599237941538107, 62.538646344399204 ], [ -49.599159153396997, 62.538681184005881 ], [ -49.599110709908047, 62.538727016367332 ], [ -49.599031753087225, 62.538765417224226 ], [ -49.598945253039723, 62.538800179872823 ], [ -49.59882606642546, 62.538873806860998 ], [ -49.598731184534572, 62.538922736614815 ], [ -49.598628089346299, 62.538982272211882 ], [ -49.598565057562574, 62.539010143650344 ], [ -49.598509067695346, 62.539052337790451 ], [ -49.598436816386027, 62.539112183556277 ], [ -49.598396250948063, 62.539154531270178 ], [ -49.598354344275982, 62.539225369944376 ], [ -49.598329031530568, 62.539271433755076 ], [ -49.598295674242245, 62.539324543015852 ], [ -49.598240184835589, 62.539356053413002 ], [ -49.598161393656667, 62.539390892517197 ], [ -49.598043542291407, 62.539436028096283 ], [ -49.597965085639977, 62.539463744611659 ], [ -49.597870369241839, 62.53950911341191 ], [ -49.597799455314473, 62.539540468066399 ], [ -49.597705408169681, 62.539571590907428 ], [ -49.597619405847816, 62.539595669152924 ], [ -49.59751798152616, 62.539619591581783 ], [ -49.597400630273562, 62.539654043877135 ], [ -49.5972831099023, 62.539692056513957 ], [ -49.597181014961663, 62.539730224568743 ], [ -49.597118148769731, 62.539754534093817 ], [ -49.597031139517824, 62.539799978580668 ], [ -49.59699123999458, 62.539828081996362 ], [ -49.596951340079819, 62.539856184519934 ], [ -49.596903226572628, 62.539894893733873 ], [ -49.596862822999455, 62.539933680925529 ], [ -49.596814542590117, 62.539975951285498 ], [ -49.596743124485094, 62.540017989108421 ], [ -49.5966797534563, 62.540052982263617 ], [ -49.596647900244307, 62.540074040076611 ], [ -49.59658368978338, 62.54012683949226 ], [ -49.596487794257904, 62.540197135346041 ], [ -49.59646331715858, 62.540225392595588 ], [ -49.596430290900614, 62.540271379010768 ], [ -49.596413359041016, 62.540303275293311 ], [ -49.596396425237401, 62.540335171721075 ], [ -49.596363565486648, 62.540377596953057 ], [ -49.596315281773023, 62.540419867316494 ], [ -49.596259285819052, 62.540462059790421 ], [ -49.596196584071841, 62.540482807773536 ], [ -49.596094485023798, 62.540520975114909 ], [ -49.596016359094484, 62.540541568133733 ], [ -49.59596941639505, 62.540555348423403 ], [ -49.595899002103693, 62.540576018388698 ], [ -49.595828085454592, 62.540607371986006 ], [ -49.595757167061542, 62.540638726578898 ], [ -49.595685914602846, 62.540677202602971 ], [ -49.595622540940958, 62.540712195331125 ], [ -49.595567383573147, 62.540736582133299 ], [ -49.595504680431091, 62.540757328943542 ], [ -49.595464107091161, 62.540799676965371 ], [ -49.595423868892524, 62.540834901601748 ], [ -49.59538295975964, 62.540884372098674 ], [ -49.595318409454343, 62.540944292625731 ], [ -49.595277835611682, 62.54098664060438 ], [ -49.595253021146299, 62.541022020173365 ], [ -49.595220159061398, 62.541064445185683 ], [ -49.595187130030695, 62.541110431366384 ], [ -49.595154267763647, 62.541152856367319 ], [ -49.595113693106676, 62.541195203427023 ], [ -49.595065406343487, 62.541237473421617 ], [ -49.595017959558987, 62.541261937091164 ], [ -49.594955086453218, 62.541286245887513 ], [ -49.594868407080675, 62.541324566540119 ], [ -49.594813245741989, 62.541348952343604 ], [ -49.594742157613751, 62.541383867652229 ], [ -49.594702422368698, 62.541408408297166 ], [ -49.594654637352818, 62.541439994497232 ], [ -49.594614397370023, 62.541475218937919 ], [ -49.594566111368977, 62.541517488637034 ], [ -49.594526373893586, 62.541542029384857 ], [ -49.594486302793548, 62.541573693355275 ], [ -49.59443851697268, 62.541605278609126 ], [ -49.594414372966284, 62.541626413949082 ], [ -49.594343619216545, 62.541654205697718 ], [ -49.594273034207156, 62.541678436091154 ], [ -49.594210328487002, 62.541699183259084 ], [ -49.594147119831973, 62.541730614073849 ], [ -49.594060269219618, 62.541772495592845 ], [ -49.593997394241569, 62.541796803994131 ], [ -49.593942400539639, 62.541817629044573 ], [ -49.593817828448948, 62.541841315874912 ], [ -49.593747578831497, 62.541858424402477 ], [ -49.593653517805329, 62.541889544002444 ], [ -49.593520225255922, 62.541934521826754 ], [ -49.593441757409522, 62.541962235127542 ], [ -49.593371002244041, 62.541990027298063 ], [ -49.593316009325505, 62.542010851088051 ], [ -49.593245084611034, 62.542042203640293 ], [ -49.593190089912106, 62.542063028412933 ], [ -49.593120006170835, 62.542076574581728 ], [ -49.593049588145831, 62.5420972430707 ], [ -49.592978999399357, 62.542121473878275 ], [ -49.592900699575146, 62.542145625569979 ], [ -49.592799093840888, 62.542173107014641 ], [ -49.592689775027139, 62.542200509441386 ], [ -49.59258833797292, 62.542224429415342 ], [ -49.592502325279746, 62.542248503705807 ], [ -49.592455209110689, 62.542265844220815 ], [ -49.592384453866408, 62.542293634893674 ], [ -49.592306320597181, 62.542314225973456 ], [ -49.592227850576634, 62.542341938632049 ], [ -49.592157429678636, 62.542362607722808 ], [ -49.592102938766949, 62.542372747382203 ], [ -49.592017259693286, 62.54238969903178 ], [ -49.591939295053038, 62.542406728590258 ], [ -49.591822262222045, 62.542434053143964 ], [ -49.591539903952388, 62.542530970738859 ], [ -49.591337528973398, 62.542568124452806 ], [ -49.591188973616362, 62.542609382569609 ], [ -49.591072108503937, 62.542633145195047 ], [ -49.590986428040466, 62.542650096235796 ], [ -49.590884987986335, 62.542674015024616 ], [ -49.59079142720983, 62.542694448966444 ], [ -49.590666512330593, 62.542725256484879 ], [ -49.590526508472593, 62.542748785024322 ], [ -49.590440662145532, 62.542769297657934 ], [ -49.590346931398471, 62.542793292639765 ], [ -49.590222521767608, 62.54281341594082 ], [ -49.590144722361153, 62.54282688335411 ], [ -49.590035735698265, 62.542847162163646 ], [ -49.589926750473076, 62.542867439861951 ], [ -49.589840901131375, 62.542887951404225 ], [ -49.589739459275926, 62.542911869391432 ], [ -49.589637679994524, 62.542942908935146 ], [ -49.589574967916356, 62.542963653248215 ], [ -49.589488444404317, 62.542998410486 ], [ -49.589425564561658, 62.543022715918148 ], [ -49.589354972133457, 62.543046943960093 ], [ -49.589222508941631, 62.543074110811268 ], [ -49.589121065920196, 62.543098028369783 ], [ -49.589019791911433, 62.543118383646423 ], [ -49.588941316578371, 62.543146094553741 ], [ -49.588862841413601, 62.543173806302043 ], [ -49.58875351537305, 62.543201206661017 ], [ -49.588644527894182, 62.543221483397126 ], [ -49.58859003441318, 62.543231622616482 ], [ -49.588542576799611, 62.543256083512766 ], [ -49.588494614563473, 62.543291228972585 ], [ -49.588438604028617, 62.543333418489105 ], [ -49.588320889600972, 62.543374985258424 ], [ -49.58825817565711, 62.543395729014343 ], [ -49.588156730712441, 62.543419645906646 ], [ -49.588094523469408, 62.543429705748864 ], [ -49.588001970552455, 62.543428771238275 ], [ -49.587940270518686, 62.543428148050516 ], [ -49.587901874682657, 62.543424197892918 ], [ -49.587841186758602, 62.543402207117381 ], [ -49.587780159630654, 62.543387338974398 ], [ -49.587688451303428, 62.543368597891494 ], [ -49.587588862446786, 62.543353339587277 ], [ -49.587512072649432, 62.543345438032489 ], [ -49.587396721354878, 62.543337147171634 ], [ -49.587311881268292, 62.543336289666044 ], [ -49.587196192526577, 62.543335121152836 ], [ -49.587102796651784, 62.543351991371551 ], [ -49.587024994269278, 62.543365457093991 ], [ -49.586970162019092, 62.543382717328328 ], [ -49.586916005201672, 62.54338573339151 ], [ -49.58680701375026, 62.543406008870576 ], [ -49.586690817294333, 62.543415523790522 ], [ -49.586582333025262, 62.543425115248922 ], [ -49.586482744788434, 62.543409857025814 ], [ -49.586320271401831, 62.543418902970018 ], [ -49.586187973358527, 62.543442505683323 ], [ -49.5860477945509, 62.543469591915439 ], [ -49.585977368028395, 62.543490256984924 ], [ -49.58581388042969, 62.543520669907487 ], [ -49.585759215127609, 62.543534368497063 ], [ -49.585657767210911, 62.543558282731261 ], [ -49.585571576703344, 62.543585914107894 ], [ -49.585462245886575, 62.543613311967555 ], [ -49.585330284197603, 62.543629791374165 ], [ -49.5852291754898, 62.543646582641529 ], [ -49.585151201433007, 62.543663608680546 ], [ -49.585065178186554, 62.543687678571089 ], [ -49.585010344141629, 62.543704938066732 ], [ -49.584954663929011, 62.543740003918984 ], [ -49.584890934423498, 62.543782113636482 ], [ -49.584797027920104, 62.543809667098003 ], [ -49.584641251856233, 62.54384015616705 ], [ -49.584532257351839, 62.543860430808088 ], [ -49.58440834678408, 62.543869864329345 ], [ -49.58433223273309, 62.543847715978565 ], [ -49.584256121021376, 62.543825568319846 ], [ -49.584179330703925, 62.543817664928028 ], [ -49.584094152793206, 62.543823927859229 ], [ -49.584024230461367, 62.543833908269924 ], [ -49.583961682802752, 62.543851089712646 ], [ -49.58389142013224, 62.543868192729306 ], [ -49.583797344156913, 62.543899306728115 ], [ -49.583695556531509, 62.543930341082351 ], [ -49.583617074166995, 62.543958050007291 ], [ -49.583538761491056, 62.543982196672864 ], [ -49.583468162065714, 62.544006422748161 ], [ -49.583427736690787, 62.54404520459817 ], [ -49.583418838490097, 62.544070055821791 ], [ -49.583378242797416, 62.544112398996667 ], [ -49.583306627262047, 62.544157991694625 ], [ -49.583282472897181, 62.544179124421952 ], [ -49.583265863338987, 62.544203896914823 ], [ -49.583233148663197, 62.544242757444437 ], [ -49.583192722996984, 62.544281540121844 ], [ -49.583114070625392, 62.544312809099303 ], [ -49.58302769610966, 62.54433815056268 ], [ -49.583028783700065, 62.544344415099211 ], [ -49.583003104350837, 62.544345365531996 ], [ -49.58299668496548, 62.544347248912288 ], [ -49.582910657906957, 62.544371317544226 ], [ -49.582801998738077, 62.54438446836329 ], [ -49.582754874888806, 62.544401804742648 ], [ -49.582659779875101, 62.544454284731337 ], [ -49.582611978917754, 62.544485867004326 ], [ -49.582533493740314, 62.544513574485677 ], [ -49.582486369843579, 62.544530911663713 ], [ -49.582422633211735, 62.544573020501986 ], [ -49.582375002104619, 62.544601041365212 ], [ -49.582303890622406, 62.544635949000202 ], [ -49.582240662836639, 62.544667374780772 ], [ -49.582161838105641, 62.544702204598323 ], [ -49.582083354156005, 62.54472991258173 ], [ -49.582020125618484, 62.544761337388508 ], [ -49.581964439880771, 62.544796402155704 ], [ -49.581916637323921, 62.544827983333931 ], [ -49.581860444109843, 62.544873731786531 ], [ -49.581820184268125, 62.544908952927941 ], [ -49.58178695971273, 62.544958496895283 ], [ -49.58177000747002, 62.54499039103915 ], [ -49.581768483771171, 62.545022442352256 ], [ -49.581751024209936, 62.545065020217585 ], [ -49.581734071877847, 62.54509691435937 ], [ -49.581709069553781, 62.545135853106011 ], [ -49.581661095828267, 62.54517099555224 ], [ -49.581621174218313, 62.5451990941189 ], [ -49.581588627068037, 62.545234393873685 ], [ -49.581532939648604, 62.545269457615127 ], [ -49.581485136217474, 62.545301039553031 ], [ -49.581445214271902, 62.545329138076319 ], [ -49.581397071439397, 62.545367841637173 ], [ -49.581348928484182, 62.545406545184022 ], [ -49.581308496939926, 62.545445327544634 ], [ -49.581276119268146, 62.545477065018446 ], [ -49.581212378951008, 62.545519173380221 ], [ -49.581163896568974, 62.545564999405549 ], [ -49.581131178066741, 62.545603860412683 ], [ -49.58108320484083, 62.545639002543446 ], [ -49.581035568573796, 62.545667022273683 ], [ -49.580964792319122, 62.545694807658577 ], [ -49.580878759676047, 62.545718875146072 ], [ -49.580816884244683, 62.545721810224606 ], [ -49.580723986466836, 62.545727992505654 ], [ -49.580677708208611, 62.545727522724405 ], [ -49.580560990342583, 62.545747715729625 ], [ -49.580521576543745, 62.545765130143948 ], [ -49.580427830095566, 62.545789119522233 ], [ -49.580372820781967, 62.545809938515781 ], [ -49.580317809479247, 62.545830757635343 ], [ -49.58023965966624, 62.545851341256721 ], [ -49.580130485585528, 62.545875172966539 ], [ -49.580068270511326, 62.545885230254768 ], [ -49.580006055392545, 62.545895287516004 ], [ -49.579897559453613, 62.545904873978138 ], [ -49.579827801248385, 62.545911291062843 ], [ -49.579742445582148, 62.545921112805473 ], [ -49.579649715908246, 62.545923734072083 ], [ -49.579611150900881, 62.54592334271198 ], [ -49.579487737849554, 62.545922088315237 ], [ -49.579417977901649, 62.545928506225231 ], [ -49.579294564820884, 62.545927251657055 ], [ -49.579209719301289, 62.54592639007975 ], [ -49.579140300299379, 62.545925684285521 ], [ -49.579078592962006, 62.545925057405803 ], [ -49.579008663804593, 62.545935035425515 ], [ -49.578922630688247, 62.54595910160095 ], [ -49.578865059544682, 62.545978136920297 ], [ -49.578859904453765, 62.545979841357656 ], [ -49.578805062439095, 62.545997098563454 ], [ -49.578765647241987, 62.546014512506979 ], [ -49.578725382208631, 62.546049732859572 ], [ -49.578677913736868, 62.546074190497364 ], [ -49.578614508281383, 62.546109176111891 ], [ -49.578567039623699, 62.546133633715662 ], [ -49.578503633594941, 62.546168618402589 ], [ -49.578447942978329, 62.54620368175415 ], [ -49.578400472122333, 62.546228139453213 ], [ -49.578345120897247, 62.546256080228709 ], [ -49.578290107293007, 62.546276898590854 ], [ -49.578266458094859, 62.546287346673182 ], [ -49.578210935849889, 62.54631884874324 ], [ -49.578139646438721, 62.546357315628867 ], [ -49.578092006514531, 62.546385335312252 ], [ -49.578028430499359, 62.546423881002241 ], [ -49.577980621149578, 62.546455460966754 ], [ -49.577932809788294, 62.546487041063152 ], [ -49.577908480846595, 62.546511734172334 ], [ -49.577876438127788, 62.546536348411806 ], [ -49.577828286785412, 62.546575051018486 ], [ -49.57777259462361, 62.546610114131823 ], [ -49.577716560333833, 62.546652299030875 ], [ -49.577660697051606, 62.546690923449113 ], [ -49.577589746164364, 62.546722268426393 ], [ -49.577535241839669, 62.546732402632145 ], [ -49.577472683855412, 62.546749580471662 ], [ -49.577394527952762, 62.546770163609992 ], [ -49.577316713397956, 62.546783623135575 ], [ -49.577246441680174, 62.54680072286375 ], [ -49.577160573573423, 62.546821226829863 ], [ -49.577074534110537, 62.546845291207589 ], [ -49.577003753144851, 62.546873074560857 ], [ -49.57693263017817, 62.546907980570467 ], [ -49.576877616270188, 62.54692879827212 ], [ -49.576822429109718, 62.546953176562454 ], [ -49.576790385337269, 62.546977791462304 ], [ -49.576726806370559, 62.547016336617816 ], [ -49.576702476009096, 62.547041029545746 ], [ -49.576662375919661, 62.547072687299107 ], [ -49.576614564084878, 62.547104266845309 ], [ -49.576566752466356, 62.547135847259511 ], [ -49.576534877044494, 62.547156900027424 ], [ -49.576495287985715, 62.547177874731524 ], [ -49.576447475807832, 62.547209454227477 ], [ -49.576399663529529, 62.547241033709106 ], [ -49.576374990725071, 62.547272849280745 ], [ -49.576342265745311, 62.547311708300604 ], [ -49.576309369677482, 62.54735412866043 ], [ -49.576292752354817, 62.547378899596623 ], [ -49.576291049601998, 62.547414511587775 ], [ -49.5762735810072, 62.547457088959895 ], [ -49.576240684697325, 62.547499509309226 ], [ -49.57621584242456, 62.547534886060944 ], [ -49.5762143106042, 62.547566936707703 ], [ -49.576197181954214, 62.54760239152894 ], [ -49.576187767296723, 62.54763792530391 ], [ -49.576201323086948, 62.547677255523375 ], [ -49.57617580006189, 62.547726876482315 ], [ -49.576158671290692, 62.547762331302103 ], [ -49.576110177568502, 62.547808155802521 ], [ -49.576077789949601, 62.547839892380637 ], [ -49.57605328738903, 62.547868146567509 ], [ -49.576028615657975, 62.547899961951259 ], [ -49.576004453173731, 62.547921093584932 ], [ -49.575949094352481, 62.547949032782213 ], [ -49.575908994525257, 62.547980691097642 ], [ -49.575876437371193, 62.54801598883784 ], [ -49.575843880142727, 62.548051286572075 ], [ -49.575811322839797, 62.54808658430035 ], [ -49.575771051622034, 62.548121803929881 ], [ -49.575738494160944, 62.54815710164462 ], [ -49.575698053285777, 62.548195881575275 ], [ -49.575650238688503, 62.548227460849681 ], [ -49.575602764252366, 62.54825191756192 ], [ -49.575531976682839, 62.548279700409743 ], [ -49.575492725746606, 62.548293552326228 ], [ -49.575422280188185, 62.548314212427599 ], [ -49.575352344055403, 62.548324188745489 ], [ -49.575227730535978, 62.548347859607134 ], [ -49.575157625021802, 62.548361397031371 ], [ -49.575063865542376, 62.548385382162792 ], [ -49.574978331395521, 62.548398761472477 ], [ -49.574924333042709, 62.548398211865276 ], [ -49.574824053757695, 62.548397189557626 ], [ -49.574754117201557, 62.548407165582233 ], [ -49.574668411953382, 62.548424106935748 ], [ -49.574613562626659, 62.548441361746995 ], [ -49.574558373040738, 62.548465739970815 ], [ -49.574534037844771, 62.548490432728393 ], [ -49.574493766162242, 62.54852565100169 ], [ -49.574461206750414, 62.54856094845762 ], [ -49.574413047784468, 62.548599650042576 ], [ -49.574341407476275, 62.548645237746321 ], [ -49.574286217291537, 62.548669615874509 ], [ -49.57420788440151, 62.548693757688973 ], [ -49.574114975874288, 62.548699936645974 ], [ -49.574109163366593, 62.548699578303719 ], [ -49.574109774481819, 62.548703104711102 ], [ -49.573921259900864, 62.548710067146054 ], [ -49.573912514311324, 62.548659599032838 ], [ -49.573908573911616, 62.548658638670766 ], [ -49.573847544034606, 62.548643764326329 ], [ -49.57378140793552, 62.548627646529688 ], [ -49.573717664716121, 62.54863000063547 ], [ -49.573619785609679, 62.548633615351839 ], [ -49.57359533835146, 62.548648700972265 ], [ -49.573584587211393, 62.548655334156301 ], [ -49.5735521959867, 62.548687070220517 ], [ -49.573519976029793, 62.548715244928992 ], [ -49.573463933723538, 62.548757428174973 ], [ -49.573400175326462, 62.548799533326729 ], [ -49.573344302140519, 62.54883815532753 ], [ -49.573288598578401, 62.54887321698736 ], [ -49.573248494356719, 62.548904873736788 ], [ -49.573208390367924, 62.548936531358812 ], [ -49.573160741376263, 62.548964548651078 ], [ -49.573112751442132, 62.548999688483271 ], [ -49.573080361270101, 62.549031424309973 ], [ -49.573040254710214, 62.549063081154678 ], [ -49.573034888606131, 62.549069268254812 ], [ -49.573038998657424, 62.549092990365914 ], [ -49.573013937177137, 62.549093915751946 ], [ -49.572990900639198, 62.54912671028859 ], [ -49.572981481797882, 62.549162243938021 ], [ -49.572980117949228, 62.549190733275339 ], [ -49.572962813230326, 62.549229749149944 ], [ -49.572930422665522, 62.549261484950627 ], [ -49.57286632124184, 62.549310711569312 ], [ -49.572756617731855, 62.549345221623042 ], [ -49.572708969587431, 62.549373238636932 ], [ -49.572623260304049, 62.549390178808935 ], [ -49.572545606087957, 62.549400074639813 ], [ -49.572467782269818, 62.549413531633398 ], [ -49.572374360124051, 62.549430392358317 ], [ -49.572280425338235, 62.549457936930828 ], [ -49.572218028361085, 62.549471552260151 ], [ -49.572109518237561, 62.549481132805774 ], [ -49.572047292317983, 62.549491185826795 ], [ -49.571923525157992, 62.549497048290853 ], [ -49.57181552560953, 62.549495944846299 ], [ -49.571699470664072, 62.5495018855637 ], [ -49.571629360684526, 62.549515421294892 ], [ -49.571566793290913, 62.549532596664001 ], [ -49.571488286156679, 62.549560298242554 ], [ -49.571417662779773, 62.549584516901007 ], [ -49.571197397307138, 62.549671340191303 ], [ -49.571103119277801, 62.549706006565195 ], [ -49.571062839988734, 62.549741224108217 ], [ -49.571015187672359, 62.549769240732829 ], [ -49.570959822571645, 62.549797177962837 ], [ -49.570904627415707, 62.54982155484818 ], [ -49.570786863608596, 62.549863106754678 ], [ -49.570716408679445, 62.549883763875599 ], [ -49.570630015401278, 62.549914946964577 ], [ -49.570573795071439, 62.549960690530405 ], [ -49.570533515136269, 62.549995908822602 ], [ -49.570477635988141, 62.550034529794189 ], [ -49.570414042016971, 62.550073071483382 ], [ -49.570389190808527, 62.550108447383664 ], [ -49.570364680730407, 62.550136699836486 ], [ -49.570347713602644, 62.550168592906616 ], [ -49.570298693548821, 62.550225098680592 ], [ -49.570274013807193, 62.550256913211825 ], [ -49.570256704996908, 62.550295928836924 ], [ -49.57025482500967, 62.550335101238332 ], [ -49.570252603811802, 62.550381397084742 ], [ -49.570204266651686, 62.550423658594106 ], [ -49.570179414617236, 62.550459033586577 ], [ -49.570177193310137, 62.550505329434898 ], [ -49.570151316218556, 62.550562071230985 ], [ -49.570142063473867, 62.550594043561603 ], [ -49.570100928642603, 62.550647066328068 ], [ -49.570060133646798, 62.55069296755083 ], [ -49.570004422784166, 62.55072802804689 ], [ -49.569980083624536, 62.550752719096316 ], [ -49.569954717731775, 62.550798777979033 ], [ -49.569945294881009, 62.550834311511736 ], [ -49.569943244671329, 62.550877045128658 ], [ -49.569948735699164, 62.550923419531628 ], [ -49.569954570571419, 62.550962672106856 ], [ -49.569968291820892, 62.550998441727714 ], [ -49.569982011196025, 62.551034211492798 ], [ -49.570010990340641, 62.551073700143959 ], [ -49.570032596186877, 62.551105986945309 ], [ -49.570039114369166, 62.551130994387464 ], [ -49.570029519493559, 62.551170088399701 ], [ -49.569988895486361, 62.55121242826548 ], [ -49.569924101926915, 62.551275898845752 ], [ -49.569875934704811, 62.551314598927839 ], [ -49.56983599352828, 62.551342693629032 ], [ -49.569772566218596, 62.551377674775303 ], [ -49.569740683441545, 62.551398726033753 ], [ -49.569685653925859, 62.551419540426302 ], [ -49.569592052000161, 62.551439960796266 ], [ -49.569514393524436, 62.551449855797756 ], [ -49.569429189533437, 62.551456109354426 ], [ -49.569328897782363, 62.551455083426923 ], [ -49.569267352446396, 62.551450890910196 ], [ -49.569175459299871, 62.551435699058565 ], [ -49.569029735721088, 62.551416392967688 ], [ -49.568929785926038, 62.551408244182213 ], [ -49.568815092388469, 62.551385693119293 ], [ -49.568692342105599, 62.55137018517329 ], [ -49.568561534999382, 62.551361720324302 ], [ -49.568445815726406, 62.551360535768495 ], [ -49.568337981190993, 62.551355868394978 ], [ -49.568253633736447, 62.551344316500874 ], [ -49.568199631478393, 62.551343763354673 ], [ -49.568068482544483, 62.551342420604861 ], [ -49.567968191134277, 62.551341393685995 ], [ -49.567875272335534, 62.551347567779047 ], [ -49.567820415765013, 62.551364820835197 ], [ -49.567757499756297, 62.55138911630015 ], [ -49.567701784528914, 62.551424175073009 ], [ -49.567630983765596, 62.55145195405472 ], [ -49.567590698067647, 62.551487170726453 ], [ -49.56753464029336, 62.551529352010235 ], [ -49.567502411634514, 62.551557525506233 ], [ -49.56747806972853, 62.55158221617436 ], [ -49.567437955733169, 62.551613871451266 ], [ -49.56738995481561, 62.551649009535971 ], [ -49.567357725896194, 62.551677183004081 ], [ -49.567326011199583, 62.551694672537188 ], [ -49.567279036710083, 62.55170844287683 ], [ -49.567216806561646, 62.551718494597807 ], [ -49.567123886382213, 62.551724668215023 ], [ -49.567046396083761, 62.551730999772907 ], [ -49.566992050800209, 62.551737568742169 ], [ -49.566937533379551, 62.551747699049422 ], [ -49.566883188037494, 62.551754267977167 ], [ -49.56685911971887, 62.551754021425431 ], [ -49.566862454651599, 62.551773294160419 ], [ -49.566599399954164, 62.551782993053294 ], [ -49.566595514524423, 62.551797638331863 ], [ -49.566593459535788, 62.551840372001159 ], [ -49.566538427213644, 62.551861186090321 ], [ -49.566476538570264, 62.551864114035943 ], [ -49.566353272680175, 62.551859287969599 ], [ -49.566300126561771, 62.551840927596672 ], [ -49.566270466508321, 62.551815683230529 ], [ -49.566218976953508, 62.551797018347052 ], [ -49.566108300573603, 62.55180109850108 ], [ -49.566101842336707, 62.55176376986298 ], [ -49.566057367240333, 62.551752928198852 ], [ -49.565950216886279, 62.551734014726215 ], [ -49.565881126508515, 62.551726179993629 ], [ -49.565850440110552, 62.551723018554142 ], [ -49.56571616699879, 62.551727968214685 ], [ -49.565713711545193, 62.551713774434567 ], [ -49.565627055067068, 62.551712885640022 ], [ -49.565534134473893, 62.551719058199744 ], [ -49.565486475646857, 62.551747072954306 ], [ -49.565438814819025, 62.551775087840468 ], [ -49.565398526048547, 62.55181030393814 ], [ -49.565358579875202, 62.551838397450922 ], [ -49.565334751251847, 62.551852404730617 ], [ -49.565225028939032, 62.551886908323269 ], [ -49.565162282259749, 62.551907642199623 ], [ -49.565084105452918, 62.551928217832852 ], [ -49.565013298717481, 62.551955994818037 ], [ -49.564918662910536, 62.551997778984607 ], [ -49.564855572966415, 62.552025635308325 ], [ -49.564752878665082, 62.552074462386074 ], [ -49.564673672249164, 62.552116404652516 ], [ -49.564641440216981, 62.552144577553214 ], [ -49.564593434769669, 62.552179713874139 ], [ -49.564522972085953, 62.552200368789805 ], [ -49.564475997333965, 62.552214138077879 ], [ -49.564358214464882, 62.552255684029539 ], [ -49.564319808312334, 62.552267383519741 ], [ -49.564256377194823, 62.552286705136638 ], [ -49.564186256979639, 62.552300237312863 ], [ -49.56411596393324, 62.552317329934922 ], [ -49.564068302807314, 62.552345344250412 ], [ -49.564043955481225, 62.55237003453459 ], [ -49.563996121742633, 62.552401610191062 ], [ -49.563941227183712, 62.552436148279661 ], [ -49.563951180037343, 62.552493701822023 ], [ -49.563880363404515, 62.552496311169655 ], [ -49.563851247107777, 62.552524825627167 ], [ -49.563803410694618, 62.552556400490502 ], [ -49.563773923487688, 62.552565923913903 ], [ -49.563777685718463, 62.552587680187933 ], [ -49.56369740060584, 62.552590638290866 ], [ -49.563685798324926, 62.55259438543851 ], [ -49.563661968307478, 62.552608392460137 ], [ -49.563630420993981, 62.552622319997234 ], [ -49.563606075000614, 62.552647010071119 ], [ -49.563581213348527, 62.552682384084861 ], [ -49.563541778339278, 62.552699794220111 ], [ -49.563471829325628, 62.552709764698832 ], [ -49.56341010910316, 62.552709130102166 ], [ -49.563356447745669, 62.55270145342179 ], [ -49.563280156314114, 62.552682854721297 ], [ -49.563273127618842, 62.552668530795373 ], [ -49.563235412541857, 62.552650328531868 ], [ -49.563167007329831, 62.552628248196378 ], [ -49.563121233788117, 62.552617088827645 ], [ -49.563093241180752, 62.552612896843684 ], [ -49.56302350517629, 62.55261546587883 ], [ -49.563020910425244, 62.552600458447955 ], [ -49.562975851247408, 62.55259065471936 ], [ -49.562884302537284, 62.552568335981064 ], [ -49.562777494285221, 62.552542297495016 ], [ -49.56276046334218, 62.552537570171822 ], [ -49.56263136805741, 62.552542325601962 ], [ -49.562626348388498, 62.552513290423462 ], [ -49.562563366161122, 62.552500903920055 ], [ -49.562486732341164, 62.552489427346501 ], [ -49.562441130308301, 62.552474707408379 ], [ -49.562364667344852, 62.552459669546714 ], [ -49.56228083478986, 62.552437430091864 ], [ -49.562197002357699, 62.552415190583957 ], [ -49.562152259859488, 62.552382663132207 ], [ -49.562129630731476, 62.55237174181535 ], [ -49.562099973578405, 62.552346496496789 ], [ -49.562062601189858, 62.552321171455297 ], [ -49.562024543801186, 62.552310091423394 ], [ -49.561987177004347, 62.552303296825009 ], [ -49.561832056835911, 62.552309009979233 ], [ -49.561825584561646, 62.552271565629148 ], [ -49.561779901415342, 62.552261256890397 ], [ -49.561665552983349, 62.552231577293313 ], [ -49.561574350231417, 62.552202135948107 ], [ -49.56149960869201, 62.552151485400437 ], [ -49.561455038855961, 62.552115398247032 ], [ -49.561325606733611, 62.552078437001228 ], [ -49.561257377014577, 62.552052794305972 ], [ -49.561135831510327, 62.552012351415449 ], [ -49.561091434830402, 62.551972701884729 ], [ -49.561046692633553, 62.551940175068978 ], [ -49.560935004334048, 62.551904118651088 ], [ -49.560814137734127, 62.551908569274723 ], [ -49.56079909791999, 62.551821537905511 ], [ -49.560610557612648, 62.551828480211228 ], [ -49.560595518513963, 62.551741448846009 ], [ -49.560406978724117, 62.551748390840217 ], [ -49.560376902056603, 62.55157432814709 ], [ -49.560361863871293, 62.551487296844535 ], [ -49.560173325831876, 62.551494238476543 ], [ -49.560083102497053, 62.550972051125029 ], [ -49.560053028843797, 62.550797988909132 ], [ -49.560037992165604, 62.550710957845169 ], [ -49.55984945957519, 62.550717898963093 ], [ -49.559699104399755, 62.549847589683282 ], [ -49.55988763082614, 62.549840648818609 ], [ -49.559872595236421, 62.549753618077247 ], [ -49.55968406942641, 62.549760558916603 ], [ -49.559638965100035, 62.549499466792547 ], [ -49.559450441040212, 62.549506407269782 ], [ -49.559435407078993, 62.549419376595097 ], [ -49.55942037321671, 62.549332345949743 ], [ -49.559231850290679, 62.549339286090166 ], [ -49.559216817143692, 62.549252255448813 ], [ -49.559028294735093, 62.549259195277763 ], [ -49.559017692361145, 62.54919781262651 ], [ -49.558979388320751, 62.549200355387264 ], [ -49.558924528187141, 62.549217605095464 ], [ -49.55887721097799, 62.549238495031112 ], [ -49.558830236081832, 62.549252262509967 ], [ -49.558720690403639, 62.549283200282481 ], [ -49.558673888480662, 62.549293406344113 ], [ -49.558596231349789, 62.549303295197937 ], [ -49.558526630810938, 62.549306140612558 ], [ -49.558480175381966, 62.549309224758382 ], [ -49.558372004799637, 62.549311672055737 ], [ -49.558278747536662, 62.549324962964917 ], [ -49.558200916678373, 62.549338412087444 ], [ -49.558146573452049, 62.549344977544919 ], [ -49.558068915667498, 62.54935486522772 ], [ -49.557967252364797, 62.549382320423952 ], [ -49.557889078595167, 62.549402891822169 ], [ -49.557818272811396, 62.549430665882248 ], [ -49.557786036473793, 62.549458836373617 ], [ -49.557745914830996, 62.549490489875517 ], [ -49.557705792788312, 62.549522142485245 ], [ -49.557666533355217, 62.549535989417109 ], [ -49.557573446057198, 62.549545717768147 ], [ -49.557518930946046, 62.549555844213252 ], [ -49.557441788666409, 62.549555048628541 ], [ -49.557387789486079, 62.54955449120866 ], [ -49.557286987757514, 62.549564140262696 ], [ -49.557209329072506, 62.549574027482166 ], [ -49.557138866918976, 62.5495946786247 ], [ -49.557068232948751, 62.549618890074328 ], [ -49.557020913754904, 62.549639779417191 ], [ -49.556942563376253, 62.549663911825149 ], [ -49.556825815685123, 62.549684084342218 ], [ -49.556747811722737, 62.549701093906464 ], [ -49.556630892603017, 62.549724828371659 ], [ -49.556544828948489, 62.549748880388741 ], [ -49.556458765150879, 62.54977293235536 ], [ -49.556349041544685, 62.54980742971653 ], [ -49.556223714956118, 62.549845328260417 ], [ -49.556043871759456, 62.549893352586508 ], [ -49.555965866766137, 62.549910361731854 ], [ -49.555887516687108, 62.549934493430627 ], [ -49.555739047102357, 62.549972152080123 ], [ -49.555736476263213, 62.549972712654821 ], [ -49.555740026596062, 62.549993281736292 ], [ -49.555625787945225, 62.549997483763526 ], [ -49.555315399350093, 62.550113856937386 ], [ -49.555244760690243, 62.550138067661059 ], [ -49.555126628857977, 62.55018672831936 ], [ -49.555039700556236, 62.55022858587769 ], [ -49.554960310989486, 62.55027408414378 ], [ -49.554896352342432, 62.550319741591736 ], [ -49.554840624885991, 62.550354794435378 ], [ -49.554777183129808, 62.550389768893361 ], [ -49.554697966328931, 62.550431705654468 ], [ -49.554611553694606, 62.550462879146401 ], [ -49.554532681777303, 62.550497693222738 ], [ -49.554470103629406, 62.55051486098268 ], [ -49.554399810567503, 62.550531948564775 ], [ -49.554290081677244, 62.550566444405483 ], [ -49.554234696831088, 62.550594375458637 ], [ -49.554194569551456, 62.550626027161897 ], [ -49.55413129979636, 62.550657439096987 ], [ -49.554076088614536, 62.5506818096027 ], [ -49.553997217390894, 62.550716623253962 ], [ -49.553934119004786, 62.550744473880009 ], [ -49.553840507309999, 62.550764883804703 ], [ -49.553777756390581, 62.550785612500029 ], [ -49.553644881382191, 62.550819868192129 ], [ -49.553535150203764, 62.550854362593689 ], [ -49.553433651105415, 62.550878253287046 ], [ -49.553284656071568, 62.550926593303572 ], [ -49.553205955107416, 62.550957845309291 ], [ -49.553158802875018, 62.550975172207252 ], [ -49.553089025769133, 62.550981576214156 ], [ -49.553003475257015, 62.550994943073952 ], [ -49.552902668849889, 62.551004588926951 ], [ -49.552809575112448, 62.551014314209077 ], [ -49.552685795883257, 62.551020158846995 ], [ -49.552600936601749, 62.551019280256064 ], [ -49.552484872266433, 62.551025204964695 ], [ -49.552345493216841, 62.551034450756219 ], [ -49.552268001096394, 62.551040774976158 ], [ -49.552183141744266, 62.55103989613086 ], [ -49.552059536139936, 62.551042178839396 ], [ -49.551912268247662, 62.551054906179694 ], [ -49.551795511332777, 62.551075074647827 ], [ -49.551741509277164, 62.551074515085311 ], [ -49.551586181960296, 62.551094284250269 ], [ -49.551485372748054, 62.551103929236326 ], [ -49.551407015393593, 62.551128057663171 ], [ -49.551321289611764, 62.551144984886974 ], [ -49.551204185790098, 62.551172275480937 ], [ -49.551200438220732, 62.55117365253804 ], [ -49.551206869022415, 62.551210945559212 ], [ -49.551018330552616, 62.55121787327699 ], [ -49.551016696709468, 62.551208398034241 ], [ -49.550978386742841, 62.551212691362096 ], [ -49.550837965390208, 62.551243302757122 ], [ -49.550736636690758, 62.55126363017267 ], [ -49.550642848499116, 62.551287598368596 ], [ -49.550580266302966, 62.551304764455118 ], [ -49.550471050276343, 62.551328573439122 ], [ -49.550439497782584, 62.551342498074106 ], [ -49.550352905644715, 62.551377230292964 ], [ -49.550291054121928, 62.551401483856509 ], [ -49.550309190442924, 62.551506678688568 ], [ -49.550163984768695, 62.55151201308793 ], [ -49.550128578282177, 62.551545926327456 ], [ -49.550126476549089, 62.551547403752501 ], [ -49.550150658728718, 62.55168767018332 ], [ -49.550021108940854, 62.551692429247431 ], [ -49.550020490628093, 62.55170513894118 ], [ -49.550018930297597, 62.551737188997315 ], [ -49.54999405474944, 62.551772560737248 ], [ -49.54997869677139, 62.55179077127314 ], [ -49.549992124844756, 62.551868661610307 ], [ -49.549918733348775, 62.551871357582762 ], [ -49.549911013693105, 62.551892840321699 ], [ -49.5498861379007, 62.551928212048018 ], [ -49.549877208946789, 62.551953059982438 ], [ -49.549853024323276, 62.551974187510361 ], [ -49.549812371493921, 62.552016521044088 ], [ -49.549779778332379, 62.552051812503286 ], [ -49.549739472066761, 62.552087024290834 ], [ -49.549707052931836, 62.552118754357615 ], [ -49.549690929476839, 62.552132838772238 ], [ -49.549635192760768, 62.552167890606249 ], [ -49.549579630114359, 62.552199381041667 ], [ -49.549509155877907, 62.552220027665982 ], [ -49.549430794253176, 62.552244155953694 ], [ -49.549352951355772, 62.552257600353649 ], [ -49.549267569226636, 62.552267402758702 ], [ -49.549220759437624, 62.552277606678409 ], [ -49.549173430377628, 62.552298493547426 ], [ -49.549126447846838, 62.552312257788365 ], [ -49.549120500559034, 62.552315751748651 ], [ -49.54912441344166, 62.55233845259994 ], [ -49.549079022359955, 62.55234011966111 ], [ -49.549031095861544, 62.552368275796965 ], [ -49.548949133806381, 62.552422351911261 ], [ -49.548950867461862, 62.552432410178838 ], [ -49.548932887838049, 62.552433070484341 ], [ -49.548919445257468, 62.552441939463549 ], [ -49.548817070759036, 62.552483632549524 ], [ -49.548729777485747, 62.552532607474788 ], [ -49.548674038886247, 62.552567658962062 ], [ -49.548626536577139, 62.552592106896668 ], [ -49.548601041170279, 62.552604481101945 ], [ -49.548603771803009, 62.552620324717644 ], [ -49.548565501910879, 62.552621730067791 ], [ -49.548547477221213, 62.552630478331949 ], [ -49.548499974707482, 62.552654926227483 ], [ -49.548451950712007, 62.552690057221682 ], [ -49.548426896322184, 62.552728990263802 ], [ -49.548370809915163, 62.552771163377706 ], [ -49.548291751984856, 62.552809535420828 ], [ -49.548236705968911, 62.552830341522345 ], [ -49.548150279067016, 62.552861510393349 ], [ -49.548102775859341, 62.552885958167487 ], [ -49.548082442873152, 62.552898271172637 ], [ -49.54808311906644, 62.552902194978209 ], [ -49.548075501439151, 62.552902474679478 ], [ -49.548039146006509, 62.552924490321011 ], [ -49.547983580256265, 62.552955980182254 ], [ -49.547919777301246, 62.55299807264052 ], [ -49.547856321377871, 62.553033043338822 ], [ -49.547793212214948, 62.553060891394182 ], [ -49.547745359563919, 62.553092461821883 ], [ -49.54770539645007, 62.553120550481687 ], [ -49.547633877527254, 62.553162563196437 ], [ -49.547594261172023, 62.55318352921072 ], [ -49.547539213968598, 62.553204335060151 ], [ -49.547468388897776, 62.553232103344904 ], [ -49.547382134782723, 62.553259711278884 ], [ -49.547319371710969, 62.553280436519572 ], [ -49.547256608865894, 62.553301162616087 ], [ -49.547209623834298, 62.55331492625934 ], [ -49.54717018177324, 62.553332331663114 ], [ -49.547053759496244, 62.553345373772856 ], [ -49.546999406113059, 62.553351935066075 ], [ -49.54692121359593, 62.553372499775698 ], [ -49.546835131153941, 62.553396546151639 ], [ -49.546755722399951, 62.553442040015511 ], [ -49.546692264147936, 62.553477010229741 ], [ -49.546621264659677, 62.553508338466926 ], [ -49.54650327958575, 62.55355343097191 ], [ -49.546464009125948, 62.553567274070261 ], [ -49.546408960713016, 62.553588080384912 ], [ -49.546346196243441, 62.553608805213869 ], [ -49.5462680009799, 62.553629370606984 ], [ -49.546158947049079, 62.553649614178752 ], [ -49.546088466903839, 62.553670259186283 ], [ -49.545994842146968, 62.553690663973981 ], [ -49.545877724732954, 62.553717949353072 ], [ -49.545814787184227, 62.55374223607572 ], [ -49.545767103747714, 62.553770243767076 ], [ -49.545719769850571, 62.553791129558057 ], [ -49.545687867005377, 62.553812175690339 ], [ -49.545608802481645, 62.553850545452171 ], [ -49.545530258281957, 62.553878232194023 ], [ -49.545451368380874, 62.553913041371871 ], [ -49.54540438150736, 62.553926804441197 ], [ -49.545342138102839, 62.553936845719456 ], [ -49.545264463778331, 62.553946727453088 ], [ -49.545227687757581, 62.55395009979059 ], [ -49.545231167028767, 62.553970301265856 ], [ -49.545137939581501, 62.553973722046308 ], [ -49.5450610842163, 62.554001618976791 ], [ -49.545005165383046, 62.55404022949498 ], [ -49.544941529021699, 62.554078760363204 ], [ -49.544908581904586, 62.55412117244348 ], [ -49.544876676219261, 62.554142218554439 ], [ -49.544835838683916, 62.554188112226569 ], [ -49.544803239238966, 62.554223402545155 ], [ -49.544747840157001, 62.554251329110585 ], [ -49.544684725760767, 62.554279176748999 ], [ -49.544644931032785, 62.554303703381166 ], [ -49.544588313543819, 62.554356558269596 ], [ -49.54456325439449, 62.554395489722069 ], [ -49.544522068368899, 62.554448505945601 ], [ -49.544458605333951, 62.554483475238094 ], [ -49.544395316962259, 62.554514883118742 ], [ -49.544332201364398, 62.554542729733015 ], [ -49.544245592370736, 62.554577457601027 ], [ -49.544190713111185, 62.554594700983905 ], [ -49.544136183788126, 62.554604822456213 ], [ -49.544034838731129, 62.554625145308954 ], [ -49.543916497073631, 62.554677357533492 ], [ -49.543851988992614, 62.554733693574462 ], [ -49.543788699440725, 62.554765101202882 ], [ -49.543710151093705, 62.554792787000018 ], [ -49.543639320179658, 62.55482055245524 ], [ -49.543576551435009, 62.554841277008002 ], [ -49.543506241521783, 62.554858359412563 ], [ -49.543420326823949, 62.554878842429183 ], [ -49.543326522969558, 62.554902805892375 ], [ -49.543264274838648, 62.554912846440942 ], [ -49.543179231079336, 62.554915523550683 ], [ -49.543040005010205, 62.554921199040429 ], [ -49.54296215194465, 62.55493464005945 ], [ -49.542883256185156, 62.554969447898195 ], [ -49.542843982118406, 62.55498329004589 ], [ -49.542758066569114, 62.555003772669401 ], [ -49.5426874076487, 62.555027977307475 ], [ -49.542600968374906, 62.555059142975558 ], [ -49.542545740988693, 62.555083508231341 ], [ -49.542497879183983, 62.555115076151139 ], [ -49.54245808152502, 62.555139602217103 ], [ -49.542387597081522, 62.555160245325673 ], [ -49.542348495983987, 62.555170526982685 ], [ -49.54227818453893, 62.555187608795748 ], [ -49.542199808686817, 62.555211732401347 ], [ -49.542121607786846, 62.555232294576427 ], [ -49.54205953583115, 62.555238773954919 ], [ -49.541973095264318, 62.555269939258224 ], [ -49.541925059353467, 62.555305068242781 ], [ -49.541901041198273, 62.555322632288522 ], [ -49.541823534839807, 62.555328950068109 ], [ -49.541784957084758, 62.555328548435043 ], [ -49.541685875639196, 62.555302574085921 ], [ -49.541665055735741, 62.55530042538259 ], [ -49.541669647717065, 62.555327107299469 ], [ -49.541481077405159, 62.555334020647102 ], [ -49.541474894120604, 62.555298090888634 ], [ -49.541469838047867, 62.555300321318555 ], [ -49.541444949222338, 62.555335690919698 ], [ -49.541434966802164, 62.555381905499701 ], [ -49.541424809192321, 62.555431681469578 ], [ -49.54135432330208, 62.555452324082523 ], [ -49.541300488247892, 62.555448199224529 ], [ -49.541193340565748, 62.555429267331277 ], [ -49.541131616132184, 62.555428622790359 ], [ -49.541047267914621, 62.555417054240756 ], [ -49.540939423103993, 62.555412366534057 ], [ -49.540847009980006, 62.555407838738432 ], [ -49.540739340468242, 62.555399589484402 ], [ -49.540647102977324, 62.55539150104606 ], [ -49.540554863619455, 62.555383412691157 ], [ -49.540462626218378, 62.555375324128278 ], [ -49.540447500312062, 62.555371908407984 ], [ -49.540349653463416, 62.555375494721638 ], [ -49.540345323054225, 62.555350325378043 ], [ -49.540309709325783, 62.555345224595342 ], [ -49.540202737898348, 62.555322730526775 ], [ -49.540134344366429, 62.555300638476041 ], [ -49.540121897289353, 62.55529625830885 ], [ -49.539957538159676, 62.555302281988638 ], [ -49.539942565056982, 62.555215246883485 ], [ -49.53975399509131, 62.555222157604426 ], [ -49.539565425027078, 62.555229068039104 ], [ -49.539545558905544, 62.555113580553211 ], [ -49.539541433269015, 62.555112736044713 ], [ -49.53943341429477, 62.555111608533906 ], [ -49.539379406561842, 62.555111044160014 ], [ -49.539263673428167, 62.555109835408103 ], [ -49.539139701720359, 62.555119229468779 ], [ -49.538954702513067, 62.555113733648092 ], [ -49.538870531407234, 62.555098602349432 ], [ -49.538832476530658, 62.555087516003105 ], [ -49.538784158043057, 62.555082528302314 ], [ -49.538592635951872, 62.555089545443472 ], [ -49.538587846035306, 62.555061694242269 ], [ -49.538494741600161, 62.555048357514409 ], [ -49.538287645101832, 62.555021252333184 ], [ -49.538260087360349, 62.555014145342881 ], [ -49.538200529752487, 62.55501632724669 ], [ -49.538011960750083, 62.555023235315737 ], [ -49.538000604540642, 62.554957195364778 ], [ -49.537905364815813, 62.554945996401436 ], [ -49.537840005163744, 62.554941951016026 ], [ -49.537808425724336, 62.554943107833402 ], [ -49.537807884955313, 62.554939962947373 ], [ -49.537766836024971, 62.554937422226224 ], [ -49.537682314731917, 62.554929412973358 ], [ -49.537544311057658, 62.554910154536778 ], [ -49.537483111372588, 62.554898826225291 ], [ -49.537406481607384, 62.554887335593541 ], [ -49.537331622850679, 62.554872989667885 ], [ -49.537227755704407, 62.554876794077288 ], [ -49.537223635708379, 62.554852830756332 ], [ -49.53718465650789, 62.554845822909364 ], [ -49.537115916763362, 62.554830851949717 ], [ -49.536994883596648, 62.554797739972649 ], [ -49.536835656438498, 62.554803571633371 ], [ -49.536829308327924, 62.554766645515322 ], [ -49.536787474975398, 62.554759719351601 ], [ -49.536726451600458, 62.554744829300049 ], [ -49.536657886137441, 62.554726296855328 ], [ -49.536636774261794, 62.554723272087742 ], [ -49.536632126667513, 62.554723442294751 ], [ -49.536443559343901, 62.554730347972992 ], [ -49.536066424401255, 62.55474415847074 ], [ -49.536062468252432, 62.554721142123817 ], [ -49.536001025523454, 62.554740800152643 ], [ -49.535938428696547, 62.554757958932143 ], [ -49.535883543964403, 62.554775199135499 ], [ -49.535844267003142, 62.554789040245858 ], [ -49.535673302184719, 62.554812191144784 ], [ -49.535557045966449, 62.554821662292838 ], [ -49.535487257145, 62.55482805756791 ], [ -49.535394146594413, 62.554837771385657 ], [ -49.53531664168024, 62.554844085390307 ], [ -49.535254568757161, 62.554850561740516 ], [ -49.53514655218973, 62.554849429845135 ], [ -49.535092719197017, 62.554845303424486 ], [ -49.535023280165468, 62.554844575821505 ], [ -49.534946475422522, 62.554836645207615 ], [ -49.534869320712481, 62.554835837198567 ], [ -49.534769020196741, 62.554834786223125 ], [ -49.534691165077049, 62.554848222529962 ], [ -49.534605419786693, 62.554865138816702 ], [ -49.534558602050595, 62.554875336950715 ], [ -49.534496002452769, 62.554892496130684 ], [ -49.534425686749138, 62.554909574044686 ], [ -49.53437080271862, 62.554926813527942 ], [ -49.534315742598764, 62.554947614388382 ], [ -49.534260333847406, 62.554975536850129 ], [ -49.534182478105684, 62.554988972883976 ], [ -49.534112338346233, 62.555002490132189 ], [ -49.534042196292539, 62.555016006609414 ], [ -49.533948383827365, 62.555039963898118 ], [ -49.533900864786688, 62.555064406239453 ], [ -49.533850850630799, 62.555101991667762 ], [ -49.533863417780189, 62.555175140413048 ], [ -49.533841339808184, 62.555175948455677 ], [ -49.533841248947645, 62.555177796090561 ], [ -49.533830727982178, 62.555234693524845 ], [ -49.533790047745889, 62.555277022925544 ], [ -49.533718154788133, 62.555326150601715 ], [ -49.533654502232181, 62.555364675621483 ], [ -49.533582957555389, 62.555406681613078 ], [ -49.533535611844265, 62.555427562594929 ], [ -49.533448636716649, 62.555469406687834 ], [ -49.533416722865866, 62.555490449331408 ], [ -49.533414269485966, 62.555540305248542 ], [ -49.533464420934763, 62.555619216834451 ], [ -49.533493356792825, 62.555658713116934 ], [ -49.533491952940416, 62.555687202105865 ], [ -49.533490024552734, 62.555726375000205 ], [ -49.533472665562279, 62.555765385173999 ], [ -49.533431807703316, 62.555811275013205 ], [ -49.533399543146082, 62.555839440313548 ], [ -49.5333358894352, 62.555877966101889 ], [ -49.53329608265355, 62.555902488832977 ], [ -49.533232779062736, 62.555933891926614 ], [ -49.533162109747295, 62.555958091919514 ], [ -49.533068644024254, 62.5559749260362 ], [ -49.532998677585546, 62.555984881380198 ], [ -49.532929059644623, 62.55598771418191 ], [ -49.532844187475781, 62.555986823643366 ], [ -49.532751949808777, 62.555978729954568 ], [ -49.532590268545754, 62.555969907580888 ], [ -49.532444723049508, 62.555947002251408 ], [ -49.532330040744633, 62.555924421434476 ], [ -49.532222896089124, 62.555905481657483 ], [ -49.532146616417378, 62.555886866360623 ], [ -49.532070336838792, 62.555868251019959 ], [ -49.532015912030097, 62.555855825404862 ], [ -49.531893754512801, 62.555860294326514 ], [ -49.531887779375971, 62.555825500929302 ], [ -49.531833782388645, 62.555812323356761 ], [ -49.53176504472556, 62.55579734959251 ], [ -49.531611431693285, 62.5557814847798 ], [ -49.531488859904591, 62.555762383107151 ], [ -49.531435376439042, 62.555751132634441 ], [ -49.531351557753041, 62.555728874080359 ], [ -49.531290534846718, 62.555713981624322 ], [ -49.531199000441305, 62.555691642446497 ], [ -49.531137626473857, 62.555683871695301 ], [ -49.531068887523524, 62.555668897719379 ], [ -49.530961746752652, 62.555649957672351 ], [ -49.53087740129714, 62.555638382879557 ], [ -49.530700643345583, 62.555622274351997 ], [ -49.530662592541852, 62.555611185573483 ], [ -49.530609109639506, 62.555599934771081 ], [ -49.530555451898863, 62.555592244321332 ], [ -49.530455323568553, 62.555587629904082 ], [ -49.530363087661826, 62.555579534591345 ], [ -49.530293048471925, 62.555568510729024 ], [ -49.53013679624825, 62.555574224798036 ], [ -49.530133623903268, 62.555555744778324 ], [ -49.530132672704916, 62.555555734780214 ], [ -49.530047978552076, 62.555551281986354 ], [ -49.530001858781368, 62.555547234345866 ], [ -49.52989401635736, 62.555542537891228 ], [ -49.529817212807501, 62.55553460430329 ], [ -49.529639753102579, 62.555532738841563 ], [ -49.529563124315423, 62.555521243853562 ], [ -49.529470888806209, 62.555513147939372 ], [ -49.529386544244531, 62.555501572221985 ], [ -49.529301673376416, 62.555500679488851 ], [ -49.529263095243294, 62.555500274378595 ], [ -49.52916296702486, 62.555495658136991 ], [ -49.528961834977252, 62.555504231872334 ], [ -49.528830141298094, 62.555513535287922 ], [ -49.528760174310726, 62.555523488502907 ], [ -49.528690558759465, 62.555526319020828 ], [ -49.52857394514691, 62.555542906205012 ], [ -49.528449263951217, 62.555566535271524 ], [ -49.528355971609592, 62.555579805868071 ], [ -49.528255318683804, 62.555585872752332 ], [ -49.528147299189641, 62.555584735461132 ], [ -49.528055238959318, 62.555573078225976 ], [ -49.52797896257298, 62.555554460571614 ], [ -49.527910050501262, 62.5555430462543 ], [ -49.527826058070019, 62.555524346913828 ], [ -49.527757146121466, 62.555512932518091 ], [ -49.527633873835669, 62.555508071820576 ], [ -49.52752585460464, 62.555506934039926 ], [ -49.527440629971778, 62.555513162979985 ], [ -49.527331732137739, 62.555529831641024 ], [ -49.527238440935719, 62.55554310046648 ], [ -49.527091845261658, 62.555541556522073 ], [ -49.52706098294717, 62.555541231561953 ], [ -49.526968747904867, 62.55553313397369 ], [ -49.526860905794408, 62.555528435153292 ], [ -49.526760778008899, 62.555523818056749 ], [ -49.52674046949943, 62.55552321291168 ], [ -49.526712570104792, 62.55552423239191 ], [ -49.526523994483568, 62.555531123024402 ], [ -49.526522302454232, 62.555521258450192 ], [ -49.526467409526518, 62.55552428952393 ], [ -49.526343255897963, 62.555537233538779 ], [ -49.526280826815054, 62.555550827732375 ], [ -49.526202436144239, 62.555574942588557 ], [ -49.526131586164709, 62.555602699479508 ], [ -49.526045481219121, 62.555626733292144 ], [ -49.525975160445512, 62.555643806914773 ], [ -49.525904839588371, 62.555660880503488 ], [ -49.525841880502377, 62.555685157703593 ], [ -49.525740695058822, 62.55570190612336 ], [ -49.52561636484193, 62.555718409889622 ], [ -49.525484846267531, 62.555724149647617 ], [ -49.525391729015659, 62.555733856881417 ], [ -49.525290897337818, 62.555743482165568 ], [ -49.525190065587822, 62.555753107377832 ], [ -49.525096418650108, 62.555773498497096 ], [ -49.525018380658793, 62.555790489899437 ], [ -49.524971735343492, 62.555797124371203 ], [ -49.524871078532676, 62.555803188094437 ], [ -49.524816716870163, 62.555809740748842 ], [ -49.524762530440555, 62.555812732119279 ], [ -49.524692561195629, 62.555822683326582 ], [ -49.524599265821536, 62.555835950566994 ], [ -49.524483178722377, 62.555841852069676 ], [ -49.524436708173063, 62.55584492421967 ], [ -49.524351836501772, 62.555844029360777 ], [ -49.524236101858655, 62.555842807985194 ], [ -49.524112650916315, 62.555841504705043 ], [ -49.524043209618455, 62.555840772535653 ], [ -49.523967640403406, 62.555807908176185 ], [ -49.523907150655191, 62.555782328321783 ], [ -49.523885943546837, 62.555742911611574 ], [ -49.523856494129674, 62.555714096866723 ], [ -49.523858258320494, 62.555678486145304 ], [ -49.523814257823638, 62.555631702895361 ], [ -49.523814337232892, 62.555630103033927 ], [ -49.523695348375028, 62.555634448159651 ], [ -49.523681371740487, 62.555552912933969 ], [ -49.523679259002598, 62.555551892173099 ], [ -49.523634377869769, 62.555522914587712 ], [ -49.523497968459047, 62.555471592604427 ], [ -49.523436243906296, 62.555470941075612 ], [ -49.523426840910368, 62.555469088930089 ], [ -49.523288356920141, 62.555474145542583 ], [ -49.523284385912369, 62.555450977780751 ], [ -49.523228982586843, 62.555447374342876 ], [ -49.52312131688732, 62.555439112218245 ], [ -49.523013475453581, 62.555434410391484 ], [ -49.522858812947071, 62.555439902623007 ], [ -49.522759391651228, 62.555421037270911 ], [ -49.522637003794344, 62.55539836623273 ], [ -49.522576161139774, 62.555379908582147 ], [ -49.522530044656683, 62.55537585917196 ], [ -49.522468497734636, 62.555371645797536 ], [ -49.522413782921028, 62.555385319300321 ], [ -49.522374674069169, 62.555395595477442 ], [ -49.522327419993083, 62.555403209645952 ], [ -49.522330559904447, 62.555421532527753 ], [ -49.522236464940583, 62.555424967503107 ], [ -49.522210705085598, 62.555433055435209 ], [ -49.522148980588348, 62.555432403332127 ], [ -49.522071825923014, 62.555431588091899 ], [ -49.522058856255292, 62.555431450984564 ], [ -49.521764831519619, 62.555442183587765 ], [ -49.521576255195001, 62.555449066701904 ], [ -49.521591167981995, 62.555536104101563 ], [ -49.521214013804716, 62.555549869521258 ], [ -49.521199102251281, 62.55546283207137 ], [ -49.521010525632178, 62.555469714326691 ], [ -49.520995614793662, 62.555382676881038 ], [ -49.520807038693192, 62.555389558824984 ], [ -49.520792128569603, 62.555302521383574 ], [ -49.520777218544161, 62.55521548397153 ], [ -49.520588643579089, 62.555222365578977 ], [ -49.520574337451876, 62.555138849438592 ], [ -49.520552623004534, 62.555136098559622 ], [ -49.520385159822112, 62.555142209467242 ], [ -49.520377624141915, 62.5550982157175 ], [ -49.520366999236167, 62.555096455166421 ], [ -49.520305451205751, 62.555092240961351 ], [ -49.520243727383296, 62.555091587996593 ], [ -49.520205151270787, 62.555091179329338 ], [ -49.520136596802061, 62.555072639275338 ], [ -49.520098303221836, 62.555065095241588 ], [ -49.519993103272711, 62.555068933746817 ], [ -49.519804529148637, 62.555075814158968 ], [ -49.519615954926429, 62.55508269428487 ], [ -49.519601048895986, 62.554995656810235 ], [ -49.51978962250142, 62.55498877670945 ], [ -49.519759809501373, 62.554814701898472 ], [ -49.519571237129448, 62.554821581949049 ], [ -49.519557511067852, 62.554741432922789 ], [ -49.519509064963465, 62.554736269028986 ], [ -49.519367759540067, 62.554741424301689 ], [ -49.51936423299297, 62.5547208311948 ], [ -49.519343640588509, 62.55471863620766 ], [ -49.519259125782796, 62.554710615486208 ], [ -49.519128849758943, 62.55469142145936 ], [ -49.519067658742657, 62.554680084739033 ], [ -49.519042197963948, 62.554665720085225 ], [ -49.518975711751423, 62.554668145488826 ], [ -49.518960808061792, 62.554581108085678 ], [ -49.518772237147687, 62.554587986915884 ], [ -49.518583666135477, 62.55459486545984 ], [ -49.518568763777431, 62.554507828035845 ], [ -49.518757334172896, 62.554500949517006 ], [ -49.518945904470272, 62.554494070711883 ], [ -49.519134474669542, 62.554487191620517 ], [ -49.519119570559376, 62.554400154301185 ], [ -49.519308140043798, 62.554393274948652 ], [ -49.519496709430115, 62.554386395309862 ], [ -49.519511614773755, 62.55447343257898 ], [ -49.519700184678697, 62.554466552628824 ], [ -49.519685278718327, 62.554379515384802 ], [ -49.519873847908421, 62.5543726351735 ], [ -49.519844035048557, 62.554198560823757 ], [ -49.519655467091923, 62.554205440984859 ], [ -49.519640561425888, 62.554118403828923 ], [ -49.519625655857972, 62.554031366702347 ], [ -49.519437089036664, 62.554038246526972 ], [ -49.519422184183568, 62.553951209404644 ], [ -49.519610750388168, 62.55394432960513 ], [ -49.519595845016475, 62.553857292537266 ], [ -49.519784410506247, 62.553850412476592 ], [ -49.5199729758979, 62.553843532129669 ], [ -49.519958069390903, 62.553756495141371 ], [ -49.520146634067736, 62.553749614533309 ], [ -49.520131727042163, 62.553662577599482 ], [ -49.520320291004182, 62.55365569673026 ], [ -49.52030538346002, 62.553568659850917 ], [ -49.52029047601399, 62.55348162300092 ], [ -49.520275568666072, 62.553394586180289 ], [ -49.520245754264607, 62.553220512627085 ], [ -49.520230847211053, 62.553133475894526 ], [ -49.520042286949149, 62.553140356613092 ], [ -49.520012474369729, 62.552966283185839 ], [ -49.51999756822719, 62.552879246516255 ], [ -49.520186126639089, 62.552872365873007 ], [ -49.520201033398294, 62.552959402517487 ], [ -49.52034446963242, 62.552954168221561 ], [ -49.520358797633243, 62.552930074341432 ], [ -49.520380883749866, 62.552901676646364 ], [ -49.520374684952884, 62.552865484943517 ], [ -49.520359777675139, 62.5527784483535 ], [ -49.520344870495514, 62.552691411792857 ], [ -49.520329963414, 62.552604375261552 ], [ -49.520518519779714, 62.552597494121159 ], [ -49.520503612179667, 62.552510457644345 ], [ -49.520488704677746, 62.552423421196877 ], [ -49.520473797273944, 62.552336384778762 ], [ -49.52066235169162, 62.552329503427458 ], [ -49.520647443769299, 62.55224246706382 ], [ -49.520632535945104, 62.552155430729542 ], [ -49.520821089031401, 62.552148549142217 ], [ -49.520969105728398, 62.552143146801001 ], [ -49.521006168930988, 62.552121391950202 ], [ -49.520994733060249, 62.552054631013966 ], [ -49.52112137117836, 62.552050008770266 ], [ -49.521136433206408, 62.552036865225816 ], [ -49.521160283596203, 62.552022865114033 ], [ -49.521177984592029, 62.552016805107286 ], [ -49.521168375855851, 62.551960712679069 ], [ -49.521334657007998, 62.55195464319938 ], [ -49.5213553717197, 62.551944749040018 ], [ -49.521342017418227, 62.551866794137538 ], [ -49.521327107520065, 62.551779758021127 ], [ -49.521515657747386, 62.551772875389346 ], [ -49.521500747330755, 62.551685839327426 ], [ -49.521689296843341, 62.551678956434515 ], [ -49.521674385908241, 62.551591920427079 ], [ -49.522240032007367, 62.551571270106372 ], [ -49.522225119320623, 62.551484234203635 ], [ -49.52260221499612, 62.551470465942295 ], [ -49.522587301174354, 62.551383430119145 ], [ -49.522775848248287, 62.551376545584255 ], [ -49.522760933908096, 62.551289509815597 ], [ -49.523122697424192, 62.551276299716122 ], [ -49.523127078270527, 62.551274046795811 ], [ -49.523136742366567, 62.551268246539912 ], [ -49.523123111053145, 62.551188704248332 ], [ -49.523301023772774, 62.551182207204405 ], [ -49.523311130139241, 62.551178746990409 ], [ -49.523296740605844, 62.551094783270457 ], [ -49.523485285437395, 62.551087897666065 ], [ -49.523470368925416, 62.551000862085978 ], [ -49.523658913042233, 62.550993976220482 ], [ -49.52364399601187, 62.550906940694873 ], [ -49.523832539413952, 62.550900054568295 ], [ -49.524209625923568, 62.550886281456513 ], [ -49.524194707141717, 62.550799246035631 ], [ -49.524383249632699, 62.550792359075544 ], [ -49.524571792025483, 62.550785471829258 ], [ -49.524556872108725, 62.550698436487991 ], [ -49.524745413786775, 62.550691548980616 ], [ -49.525122496848283, 62.550677773107232 ], [ -49.525137418614683, 62.55076480837311 ], [ -49.527022834194682, 62.550695911582345 ], [ -49.527037762224715, 62.550782946626192 ], [ -49.52722630385896, 62.550776055347825 ], [ -49.527211375212403, 62.550689020329116 ], [ -49.527399916131863, 62.550682128789695 ], [ -49.527384986967014, 62.550595093825486 ], [ -49.527573527171697, 62.550588202024976 ], [ -49.527762067278118, 62.550581309938281 ], [ -49.527747136978469, 62.55049427505373 ], [ -49.527935676370106, 62.55048738270596 ], [ -49.527920745552201, 62.550400347875907 ], [ -49.528109284229046, 62.550393455267091 ], [ -49.52829782280763, 62.550386562372083 ], [ -49.528282890854953, 62.550299527621668 ], [ -49.528471428718753, 62.550292634465606 ], [ -49.528456496247834, 62.550205599769704 ], [ -49.528645033396849, 62.550198706352582 ], [ -49.528833570447588, 62.550191812649274 ], [ -49.528818636841933, 62.550104778033017 ], [ -49.529007173177888, 62.550097884068649 ], [ -49.528992239054013, 62.550010849506911 ], [ -49.529180774675183, 62.550003955281511 ], [ -49.529369310198071, 62.549997060769897 ], [ -49.529557845622662, 62.549990165972098 ], [ -49.52954290974759, 62.549903131515173 ], [ -49.529731444457397, 62.549896236456327 ], [ -49.529716508064134, 62.549809202053922 ], [ -49.529905042059156, 62.549802306734037 ], [ -49.530093575955874, 62.54979541112796 ], [ -49.530078638427945, 62.549708376805214 ], [ -49.530267171609879, 62.549701480938104 ], [ -49.530455704693509, 62.549694584784802 ], [ -49.530440766030928, 62.549607550541737 ], [ -49.530629298399766, 62.549600654127403 ], [ -49.530817830670294, 62.549593757426869 ], [ -49.530802890873083, 62.549506723263484 ], [ -49.530991422428812, 62.549499826301933 ], [ -49.531368485245316, 62.549486031520246 ], [ -49.531383426891928, 62.549573065608143 ], [ -49.531571958769149, 62.549566167762855 ], [ -49.531557016506071, 62.549479133700117 ], [ -49.531745547668493, 62.549472235593811 ], [ -49.531730604887294, 62.549385201585608 ], [ -49.531919135334917, 62.549378303218269 ], [ -49.532107665684201, 62.549371404564745 ], [ -49.532092721768421, 62.549284370636229 ], [ -49.5322812514029, 62.54927747172168 ], [ -49.532469780939039, 62.549270572520953 ], [ -49.532454835888707, 62.549183538672139 ], [ -49.533020422057632, 62.549162839428377 ], [ -49.533005475256324, 62.549075805684417 ], [ -49.533194003166138, 62.549068905389298 ], [ -49.533382530977583, 62.549062004808 ], [ -49.533367583041766, 62.54897497114375 ], [ -49.533556110138413, 62.548968070301449 ], [ -49.533571058690661, 62.549055103940518 ], [ -49.533759586305365, 62.54904820278685 ], [ -49.533744637136678, 62.548961169172955 ], [ -49.533933164036561, 62.54895426775829 ], [ -49.534121690838077, 62.548947366057455 ], [ -49.534106740534909, 62.548860332523262 ], [ -49.534295266621598, 62.548853430561415 ], [ -49.534483792609912, 62.548846528313398 ], [ -49.534468841172284, 62.548759494858921 ], [ -49.534657366445771, 62.548752592349892 ], [ -49.534845891620868, 62.5487456895547 ], [ -49.534830939048796, 62.548658656179946 ], [ -49.53501946350908, 62.548651753123757 ], [ -49.535004510419, 62.548564719803544 ], [ -49.535193034164465, 62.548557816486358 ], [ -49.535381557811526, 62.548550912883002 ], [ -49.535366603587036, 62.548463879642505 ], [ -49.535555126519284, 62.548456975778166 ], [ -49.535540171776802, 62.548369942592203 ], [ -49.535525217132722, 62.548282909435606 ], [ -49.535713738733762, 62.548276005335474 ], [ -49.535728693994237, 62.548363038466881 ], [ -49.535917216113255, 62.548356134055382 ], [ -49.535902260236391, 62.548269100949156 ], [ -49.536090781640596, 62.54826219627666 ], [ -49.53607582524576, 62.548175163224982 ], [ -49.536060868949349, 62.548088130202643 ], [ -49.536249389022366, 62.548081225294382 ], [ -49.536234432207991, 62.547994192326584 ], [ -49.536422951566195, 62.547987287157341 ], [ -49.536407994233876, 62.547900254244098 ], [ -49.536747088608365, 62.547887833022813 ], [ -49.536778698470904, 62.547865279790081 ], [ -49.536781139978515, 62.547863801566024 ], [ -49.536770072955612, 62.547799410263977 ], [ -49.536755114587415, 62.54771237745981 ], [ -49.536943631801215, 62.547705471507641 ], [ -49.536928672915082, 62.547618438758029 ], [ -49.536913714127387, 62.547531406037763 ], [ -49.537102230010042, 62.547524499849821 ], [ -49.537087270704433, 62.547437467184103 ], [ -49.537275785872296, 62.547430560735194 ], [ -49.537652815912686, 62.547416746978918 ], [ -49.537637854856477, 62.547329714418126 ], [ -49.538014883270385, 62.547315899567614 ], [ -49.537999921079944, 62.547228867086581 ], [ -49.538188434522873, 62.547221959257286 ], [ -49.538203397329653, 62.547308991713116 ], [ -49.538391911290461, 62.547302083572468 ], [ -49.538376947867349, 62.547215051141841 ], [ -49.538565461113357, 62.547208142740224 ], [ -49.538753974260892, 62.547201234052466 ], [ -49.539131000260547, 62.547187415818478 ], [ -49.539116034470574, 62.547100383518014 ], [ -49.539304546706354, 62.547093473996995 ], [ -49.539493058843654, 62.547086564189826 ], [ -49.539478091919513, 62.546999531969128 ], [ -49.539666603341999, 62.546992621900998 ], [ -49.540043625891506, 62.546978800906302 ], [ -49.540058594664607, 62.547065833051377 ], [ -49.540247106407925, 62.547058922099595 ], [ -49.540435618052754, 62.547052010861641 ], [ -49.541001152396149, 62.547031275430911 ], [ -49.540986180541459, 62.546944243411929 ], [ -49.541174691175911, 62.5469373310546 ], [ -49.541363201711846, 62.546930418411129 ], [ -49.542117242870262, 62.546902764975705 ], [ -49.542132218422822, 62.546989796843391 ], [ -49.543263280901932, 62.546948307954452 ], [ -49.543248301651531, 62.54686127623814 ], [ -49.543436811103454, 62.546854360447028 ], [ -49.54400233886777, 62.546833611356803 ], [ -49.544190847925385, 62.546826694421114 ], [ -49.544379356884413, 62.546819777199268 ], [ -49.544567865744852, 62.546812859691279 ], [ -49.54455288227895, 62.546725828180925 ], [ -49.544929898471452, 62.546711992356975 ], [ -49.544914913871573, 62.54662496092643 ], [ -49.545103421203635, 62.54661804261049 ], [ -49.545291928437095, 62.546611124008386 ], [ -49.545276942703246, 62.54652409265767 ], [ -49.545465449221822, 62.54651717379469 ], [ -49.545653955641782, 62.546510254645547 ], [ -49.545842461963126, 62.546503335210268 ], [ -49.545857449545807, 62.546590366485255 ], [ -49.545872156794971, 62.546675769365599 ], [ -49.54592042074286, 62.546674416920254 ], [ -49.545946309527892, 62.546674686103941 ], [ -49.546437959297073, 62.546656637615449 ], [ -49.546626466456466, 62.546649716985122 ], [ -49.546639797176006, 62.546727113275203 ], [ -49.546673900411811, 62.546732131719956 ], [ -49.546693927720398, 62.546734821806211 ], [ -49.54701847195696, 62.546722906048245 ], [ -49.547206979436709, 62.546715984534231 ], [ -49.547221971629263, 62.546803015720521 ], [ -49.547410479626635, 62.546796093895118 ], [ -49.547598987525362, 62.54678917178358 ], [ -49.547787495325423, 62.546782249385892 ], [ -49.547802489465482, 62.54686928052579 ], [ -49.547990997783174, 62.5468623578167 ], [ -49.548368014122531, 62.546848511540105 ], [ -49.548556522144203, 62.546841587972594 ], [ -49.549122045617104, 62.546820815553225 ], [ -49.549107047163083, 62.546733784590145 ], [ -49.549295554173732, 62.546726859903323 ], [ -49.549280555202131, 62.546639828994842 ], [ -49.54965756769478, 62.546625978813324 ], [ -49.549669415517265, 62.546694719666569 ], [ -49.549724331043635, 62.546688983688234 ], [ -49.549847746270984, 62.546690263765832 ], [ -49.54985836675371, 62.546690373872806 ], [ -49.549846073793056, 62.546619053293341 ], [ -49.55003457979263, 62.546612127487229 ], [ -49.550223085693496, 62.546605201394989 ], [ -49.550208083739257, 62.54651817064218 ], [ -49.550396588925139, 62.54651124428905 ], [ -49.550381586453355, 62.546424213590846 ], [ -49.550570090924268, 62.546417286976862 ], [ -49.550555087934946, 62.546330256333263 ], [ -49.550743591690889, 62.54632332945841 ], [ -49.550713584775913, 62.546149268309776 ], [ -49.550698581466513, 62.546062237779466 ], [ -49.550887083274993, 62.546055310694278 ], [ -49.550872079448077, 62.545968280218574 ], [ -49.551060580541595, 62.545961352872531 ], [ -49.551045576197176, 62.545874322451454 ], [ -49.551030571951479, 62.5457872920597 ], [ -49.551015567804505, 62.545700261697284 ], [ -49.551204066950625, 62.545693334140928 ], [ -49.551200565115742, 62.545673022787824 ], [ -49.551194317463327, 62.545660275805496 ], [ -49.551195208532206, 62.545641953458784 ], [ -49.551189062286163, 62.545606303833125 ], [ -49.551174057720424, 62.545519273554667 ], [ -49.551159053253421, 62.545432243305555 ], [ -49.551144048885135, 62.545345213085767 ], [ -49.551114040444745, 62.545171152734248 ], [ -49.551099036372634, 62.545084122602489 ], [ -49.551084032399253, 62.544997092500061 ], [ -49.551054024748638, 62.544823032383249 ], [ -49.5510240174929, 62.544648972383818 ], [ -49.550994010632039, 62.544474912501734 ], [ -49.550979007349675, 62.544387882604696 ], [ -49.550949001081101, 62.544213822898662 ], [ -49.551325978126869, 62.544199967786803 ], [ -49.55131097390835, 62.544112938028327 ], [ -49.551499461667007, 62.544106010068511 ], [ -49.551484456931064, 62.544018980364648 ], [ -49.551469452293851, 62.543931950690144 ], [ -49.551657938721497, 62.543925022494754 ], [ -49.551642933566875, 62.543837992874856 ], [ -49.551831419279672, 62.543831064418633 ], [ -49.551816413607632, 62.543744034853354 ], [ -49.551627928510968, 62.543750963284303 ], [ -49.551612923553783, 62.543663933723082 ], [ -49.551567909274567, 62.543402845215496 ], [ -49.551379426543662, 62.543409773259249 ], [ -49.55134941875, 62.543235714350367 ], [ -49.55153790024869, 62.54322878635714 ], [ -49.551522895883828, 62.543141756971984 ], [ -49.551477883381551, 62.542880668992545 ], [ -49.551666362317143, 62.542873740814315 ], [ -49.55165135773106, 62.542786711571786 ], [ -49.55183983595186, 62.542779783132751 ], [ -49.55182483084841, 62.542692753944834 ], [ -49.552013308354404, 62.542685825244973 ], [ -49.551998302733601, 62.542598796111676 ], [ -49.552167611605952, 62.542592571833261 ], [ -49.552184114749977, 62.542576412654981 ], [ -49.552171773386654, 62.542504838072325 ], [ -49.552156767347228, 62.542417809022979 ], [ -49.552141761406531, 62.542330780002999 ], [ -49.552330236250803, 62.542323850832041 ], [ -49.552315229792775, 62.542236821866666 ], [ -49.552300223433463, 62.542149792930644 ], [ -49.552488696946909, 62.542142863524155 ], [ -49.552443676613215, 62.541881776967941 ], [ -49.552428670032768, 62.541794748174546 ], [ -49.552617092802912, 62.5417878203546 ], [ -49.552617103452519, 62.541787600936196 ], [ -49.552572119986259, 62.541526732454805 ], [ -49.552542106481859, 62.541352675182679 ], [ -49.552527099877743, 62.541265646590617 ], [ -49.552482080657754, 62.541004560990515 ], [ -49.552670545965441, 62.54099763134046 ], [ -49.552844965149646, 62.5409912178919 ], [ -49.552848967599289, 62.540984994234563 ], [ -49.552856380063595, 62.540975443584195 ], [ -49.552844003733206, 62.540903672980193 ], [ -49.552828996390716, 62.540816644585419 ], [ -49.553012517200671, 62.540809896183397 ], [ -49.553017059680293, 62.540807391466828 ], [ -49.553002452409238, 62.540722686073615 ], [ -49.552987444648238, 62.540635657762785 ], [ -49.553175907195794, 62.540628727355639 ], [ -49.553160898917547, 62.540541699099435 ], [ -49.55314589073803, 62.54045467087257 ], [ -49.553334351954916, 62.540447740229908 ], [ -49.553319343258153, 62.540360712057669 ], [ -49.55330433466014, 62.540273683914776 ], [ -49.553492794546365, 62.540266753036626 ], [ -49.553681254333846, 62.540259821872397 ], [ -49.553666244602645, 62.540172793809397 ], [ -49.553854703675434, 62.540165862384406 ], [ -49.553839693427022, 62.540078834376033 ], [ -49.553824683277355, 62.539991806397012 ], [ -49.554013141019503, 62.539984874736518 ], [ -49.554201598662907, 62.539977942789982 ], [ -49.554390056207552, 62.539971010557373 ], [ -49.554375044308806, 62.539883982683534 ], [ -49.554563501138759, 62.539877050190171 ], [ -49.55454848872283, 62.539790022370966 ], [ -49.554736944838091, 62.539783089616819 ], [ -49.554721931904993, 62.539696061852247 ], [ -49.554706919070647, 62.539609034117007 ], [ -49.554895373855295, 62.539602101127386 ], [ -49.555083828541179, 62.539595167851715 ], [ -49.555649192006214, 62.5395743663084 ], [ -49.555634176191035, 62.539487338728954 ], [ -49.555822629865908, 62.53948040433437 ], [ -49.555807613533588, 62.539393376809542 ], [ -49.555996066493776, 62.539386442154218 ], [ -49.55598104964433, 62.539299414684031 ], [ -49.556169501889826, 62.539292479767951 ], [ -49.556154484523262, 62.539205452352391 ], [ -49.556139467255491, 62.53911842496619 ], [ -49.556327918170396, 62.539111489814644 ], [ -49.556312900385514, 62.53902446248307 ], [ -49.556501350585734, 62.539017527070783 ], [ -49.556486332283747, 62.538930499793835 ], [ -49.556674781769289, 62.538923564120807 ], [ -49.556659762950218, 62.538836536898501 ], [ -49.556471314080561, 62.53884347254624 ], [ -49.556441277970556, 62.538669418139087 ], [ -49.556252830233866, 62.538676353450207 ], [ -49.555310590068721, 62.538711025715209 ], [ -49.555295575857151, 62.538623998403907 ], [ -49.555107128143689, 62.538630931973508 ], [ -49.555092114646762, 62.538543904666241 ], [ -49.554715220155309, 62.538557770896759 ], [ -49.554700207988887, 62.538470743568276 ], [ -49.554685195921209, 62.538383716269131 ], [ -49.555438979582121, 62.538355982866243 ], [ -49.555423965149743, 62.538268955697596 ], [ -49.555235519998512, 62.53827588945208 ], [ -49.555205492661756, 62.53810183515224 ], [ -49.555190479141515, 62.538014808046327 ], [ -49.555002035739086, 62.538021741438925 ], [ -49.554987022933453, 62.537934714337077 ], [ -49.554421693981219, 62.537955512722817 ], [ -49.554406683121876, 62.53786848557445 ], [ -49.553841355128526, 62.537889281310079 ], [ -49.553811337401086, 62.537715226949715 ], [ -49.553622895770857, 62.537722158238971 ], [ -49.553577871767644, 62.537461076842689 ], [ -49.553389431886202, 62.537468007770087 ], [ -49.553374424698397, 62.537380980671401 ], [ -49.553562863964011, 62.537374049769298 ], [ -49.5535328486529, 62.537199995710523 ], [ -49.553155972486238, 62.537213857127632 ], [ -49.553140966210385, 62.537126830091722 ], [ -49.553329403727254, 62.537119899551442 ], [ -49.55328438364451, 62.536858818695613 ], [ -49.553661254687277, 62.536844956908674 ], [ -49.553601224365856, 62.536496849713949 ], [ -49.553224358249416, 62.536510711298682 ], [ -49.553239364450128, 62.5365977381039 ], [ -49.553050930628068, 62.536604668492515 ], [ -49.553080942094027, 62.536778722241529 ], [ -49.552704071690613, 62.536792582261818 ], [ -49.552719076340047, 62.536879609230887 ], [ -49.552530640374499, 62.53688653883728 ], [ -49.552515636340871, 62.536799511842943 ], [ -49.552138765345305, 62.536813370147108 ], [ -49.552108760037314, 62.53663931614539 ], [ -49.552297194352839, 62.536632387186842 ], [ -49.552267188207985, 62.536458333353053 ], [ -49.552078755124036, 62.536465262261054 ], [ -49.552033748494217, 62.536204181654675 ], [ -49.552222179730819, 62.536197252822475 ], [ -49.552207177102467, 62.53611022603765 ], [ -49.552395607624618, 62.536103296944717 ], [ -49.552365601432406, 62.535929243513635 ], [ -49.55255403062435, 62.535922314185228 ], [ -49.552524023595353, 62.535748260922091 ], [ -49.552712451457097, 62.53574133135821 ], [ -49.552697447474877, 62.535654304795933 ], [ -49.552885874622191, 62.535647374971333 ], [ -49.552855865722314, 62.535473321985364 ], [ -49.553044291539464, 62.535466391925304 ], [ -49.552984272461039, 62.535118286406643 ], [ -49.553172695716576, 62.535111356161678 ], [ -49.553142685538063, 62.534937303628986 ], [ -49.553331107463478, 62.534930373148562 ], [ -49.553316101906553, 62.534843346951511 ], [ -49.55369294422988, 62.534829485183209 ], [ -49.553707951018218, 62.534916511329712 ], [ -49.553896372647543, 62.534909579991293 ], [ -49.553926387751758, 62.535083632321779 ], [ -49.554114810513795, 62.535076700646805 ], [ -49.554129818829679, 62.535163726830802 ], [ -49.554318242108721, 62.535156794844568 ], [ -49.554333251139049, 62.535243821032616 ], [ -49.554521674935089, 62.535236888735099 ], [ -49.554536684679853, 62.535323914927226 ], [ -49.555290381339645, 62.535296182776051 ], [ -49.555275369131991, 62.535209156685056 ], [ -49.555463792434381, 62.535202222957558 ], [ -49.555433767083869, 62.535028170914181 ], [ -49.555622189056095, 62.535021236951245 ], [ -49.555607175913245, 62.534934210998863 ], [ -49.55579559717102, 62.534927276775235 ], [ -49.555780583511215, 62.53484025087748 ], [ -49.555969004054546, 62.53483331639314 ], [ -49.555938975799776, 62.53465926473627 ], [ -49.556127395012972, 62.534652330016506 ], [ -49.556112380418028, 62.534565304257384 ], [ -49.556489217316781, 62.534551434010488 ], [ -49.556474201589225, 62.534464408331274 ], [ -49.556662619274789, 62.534457472804128 ], [ -49.556647603030314, 62.534370447179569 ], [ -49.556836020001434, 62.534363511391732 ], [ -49.556821003240046, 62.534276485821806 ], [ -49.557009419496737, 62.534269549773263 ], [ -49.55699440221845, 62.534182524257993 ], [ -49.557182817760705, 62.534175587948774 ], [ -49.557167799965519, 62.53408856248813 ], [ -49.557356214793344, 62.534081625918219 ], [ -49.557266106402544, 62.533559473922374 ], [ -49.557251088683103, 62.533472448692443 ], [ -49.557062678164783, 62.533479385085293 ], [ -49.557047661159743, 62.533392359859413 ], [ -49.556859251158293, 62.533399295940988 ], [ -49.556799186588215, 62.533051195229795 ], [ -49.556987594127193, 62.53304425924938 ], [ -49.556972577615952, 62.532957234170247 ], [ -49.556595763670472, 62.532971105794516 ], [ -49.556580748489203, 62.532884080694153 ], [ -49.556203935379934, 62.532897951123971 ], [ -49.556188921528623, 62.532810926002355 ], [ -49.555435296587653, 62.532838663329237 ], [ -49.555420285297487, 62.532751638135849 ], [ -49.555231879431034, 62.532758571727356 ], [ -49.555201858378069, 62.532584521378041 ], [ -49.555013453644086, 62.532591454633035 ], [ -49.554983434217178, 62.532417404350561 ], [ -49.554968424651797, 62.532330379253352 ], [ -49.55478002166587, 62.532337312146538 ], [ -49.554765012814784, 62.532250287053401 ], [ -49.554750004062392, 62.532163261989595 ], [ -49.554704978397439, 62.531902186974342 ], [ -49.55451657839069, 62.531909119455165 ], [ -49.554456548014805, 62.531561019744593 ], [ -49.554441540667568, 62.531473994890341 ], [ -49.55462993759653, 62.531467062535903 ], [ -49.554614929732445, 62.531380037736277 ], [ -49.554803325947169, 62.531373105121176 ], [ -49.554788317566242, 62.531286080376162 ], [ -49.554976713066729, 62.531279147500399 ], [ -49.55496170416896, 62.531192122810019 ], [ -49.555150098955217, 62.531185189673572 ], [ -49.555135089540627, 62.531098165037832 ], [ -49.555323483612639, 62.531091231640708 ], [ -49.555511877585957, 62.531084297957648 ], [ -49.555496867039018, 62.530997273401816 ], [ -49.555685260298098, 62.530990339458079 ], [ -49.555670249234353, 62.530903314956909 ], [ -49.55604703422533, 62.530889446262172 ], [ -49.556032022029271, 62.530802421840903 ], [ -49.55622041376116, 62.530795487089904 ], [ -49.556408805394327, 62.530788552052975 ], [ -49.556393792065982, 62.530701527711614 ], [ -49.556582182984918, 62.530694592414022 ], [ -49.556567169139804, 62.530607568127316 ], [ -49.556755559344495, 62.530600632569069 ], [ -49.556710516555057, 62.530339559960893 ], [ -49.556898904814545, 62.530332624192575 ], [ -49.556868875550961, 62.530158575984466 ], [ -49.556680488522424, 62.530165511702201 ], [ -49.556620433641932, 62.529817415537018 ], [ -49.55680881820858, 62.529810479920428 ], [ -49.556763776238483, 62.529549408180593 ], [ -49.556952158860035, 62.529542472353945 ], [ -49.556907115932155, 62.529281400954133 ], [ -49.55709549660866, 62.529274464917421 ], [ -49.557065467252862, 62.529100417514883 ], [ -49.557253846599764, 62.529093481242825 ], [ -49.557238831454541, 62.529006457610869 ], [ -49.55742721008729, 62.528999521078191 ], [ -49.557397178862196, 62.528825473952914 ], [ -49.557585556165378, 62.528818537184897 ], [ -49.557555524104416, 62.52864449022762 ], [ -49.557743900078037, 62.528637553224264 ], [ -49.557713867181235, 62.528463506434974 ], [ -49.557902241825317, 62.52845656919628 ], [ -49.557887224909628, 62.528369545870959 ], [ -49.558075598839579, 62.528362608371651 ], [ -49.558045564073673, 62.528188561859643 ], [ -49.5582339366741, 62.528181624125004 ], [ -49.558218918823883, 62.528094600938324 ], [ -49.558595662497744, 62.528080724661926 ], [ -49.558580643515526, 62.527993701555182 ], [ -49.558957385563616, 62.527979824185735 ], [ -49.558972405776572, 62.528066847241881 ], [ -49.559725891149043, 62.528039088970914 ], [ -49.559816029270038, 62.528561227316914 ], [ -49.559627654382801, 62.52856816746533 ], [ -49.559702769123227, 62.529003283687302 ], [ -49.559514391060183, 62.529010223676316 ], [ -49.559544436417021, 62.529184270421162 ], [ -49.55935605702436, 62.529191210174865 ], [ -49.559386101545492, 62.529365257087704 ], [ -49.559197720823192, 62.52937219660609 ], [ -49.559212742616495, 62.529459220131841 ], [ -49.558835979644698, 62.529473098361443 ], [ -49.5588510003059, 62.529560121967144 ], [ -49.55866261805641, 62.529567060678367 ], [ -49.558677638200933, 62.529654084338702 ], [ -49.558489255237227, 62.529661022789298 ], [ -49.558519294591697, 62.52983507024863 ], [ -49.558330910298316, 62.529842008463881 ], [ -49.55836094881694, 62.530016056091206 ], [ -49.558172563193864, 62.530022994071118 ], [ -49.558202600876619, 62.530197041866451 ], [ -49.559144534158946, 62.530162348854553 ], [ -49.559129512190843, 62.530075325068715 ], [ -49.559506283581385, 62.530061445913041 ], [ -49.559491260481146, 62.529974422207147 ], [ -49.559679645412764, 62.529967482225715 ], [ -49.559664621795861, 62.529880458574489 ], [ -49.560041390131815, 62.529866577804434 ], [ -49.560026365382797, 62.529779554233158 ], [ -49.560591515299372, 62.529758731009551 ], [ -49.560576488802816, 62.52967170754355 ], [ -49.560953253688929, 62.529657824015459 ], [ -49.560938226060308, 62.529570800629422 ], [ -49.561503370802022, 62.529549973268793 ], [ -49.561488341425921, 62.529462949988037 ], [ -49.561676722193404, 62.529456006987964 ], [ -49.561865102862065, 62.529449063701968 ], [ -49.561850072353941, 62.529362040501184 ], [ -49.562038452308336, 62.529355096954589 ], [ -49.562023421283627, 62.529268073808474 ], [ -49.562008390357761, 62.529181050691705 ], [ -49.562196768982481, 62.529174106909814 ], [ -49.562181737540044, 62.52908708384772 ], [ -49.562136643805765, 62.528826014837499 ], [ -49.56194826764267, 62.52883295851813 ], [ -49.56193323721098, 62.528745935548102 ], [ -49.561744861564442, 62.528752878917487 ], [ -49.561729831846982, 62.528665855951495 ], [ -49.561353081488214, 62.528679741781907 ], [ -49.561338053100357, 62.528592718794627 ], [ -49.560961303577095, 62.528606603430774 ], [ -49.560946276518834, 62.528519580422234 ], [ -49.560757902224374, 62.528526522286128 ], [ -49.560727849635043, 62.528352476306459 ], [ -49.560539476472542, 62.528359417833826 ], [ -49.560494400175699, 62.528098349008516 ], [ -49.560682771492083, 62.528091407557078 ], [ -49.560637694238338, 62.527830339071834 ], [ -49.560826063609831, 62.527823397410408 ], [ -49.560811037440828, 62.527736374665992 ], [ -49.560735908077802, 62.52730126138421 ], [ -49.560924273658451, 62.527294319588741 ], [ -49.56090924746691, 62.527207297045734 ], [ -49.56109761233342, 62.527200354989674 ], [ -49.561082585625364, 62.52711333250133 ], [ -49.561270949777743, 62.527106390184684 ], [ -49.561459313831328, 62.527099447582138 ], [ -49.561444285991428, 62.527012425173773 ], [ -49.561632649330882, 62.527005482310656 ], [ -49.561617620974488, 62.526918459956939 ], [ -49.561805983599818, 62.526911516833245 ], [ -49.561790954726924, 62.526824494534196 ], [ -49.56235604016409, 62.526803663523687 ], [ -49.562341009544113, 62.526716641329941 ], [ -49.562529370543544, 62.526709697113304 ], [ -49.562514339407102, 62.526622674974213 ], [ -49.562702699692409, 62.526615730497006 ], [ -49.562687668039501, 62.526528708412592 ], [ -49.562876027610692, 62.526521763674815 ], [ -49.563252746456556, 62.526507873341622 ], [ -49.563237713056623, 62.526420851362502 ], [ -49.563802788738229, 62.526400013794515 ], [ -49.563787753591306, 62.526312991920733 ], [ -49.564164468987563, 62.526299098829973 ], [ -49.564149432708959, 62.526212077036178 ], [ -49.564714503216045, 62.526191235331908 ], [ -49.564729541340455, 62.526278257049725 ], [ -49.564917898593677, 62.526271309217869 ], [ -49.564902859854001, 62.526184287525389 ], [ -49.564887821213198, 62.526097265862248 ], [ -49.565076177137016, 62.526090317795187 ], [ -49.565061137979832, 62.526003296186722 ], [ -49.565249493189505, 62.525996347859106 ], [ -49.565234453515956, 62.525909326305332 ], [ -49.56542280801149, 62.525902377717159 ], [ -49.565392727730533, 62.525728334748301 ], [ -49.565362647845127, 62.525554291896839 ], [ -49.565550999780811, 62.525547343124117 ], [ -49.565520919060468, 62.525373300440705 ], [ -49.565505878848626, 62.525286279143025 ], [ -49.565694228839753, 62.525279330160444 ], [ -49.565679188111581, 62.52519230891744 ], [ -49.56549083873567, 62.525199257874696 ], [ -49.565475798721593, 62.5251122366357 ], [ -49.565664147482288, 62.525105287703781 ], [ -49.56563406652036, 62.524931245364513 ], [ -49.565822413951757, 62.524924296197405 ], [ -49.565807373003921, 62.524837275097127 ], [ -49.565995719721229, 62.524830325669477 ], [ -49.565980678257084, 62.524743304623875 ], [ -49.566169024260304, 62.524736354935705 ], [ -49.566153982279864, 62.524649333944794 ], [ -49.566138940398311, 62.524562312983221 ], [ -49.56651562964732, 62.524548412850649 ], [ -49.566500586634291, 62.524461391969098 ], [ -49.56668893049526, 62.524454441499358 ], [ -49.566673886965958, 62.524367420672498 ], [ -49.566862230112861, 62.524360469942238 ], [ -49.567050573160856, 62.524353518926112 ], [ -49.567035528500114, 62.524266498179287 ], [ -49.56722387083402, 62.524259546902648 ], [ -49.567208825657026, 62.524172526210492 ], [ -49.567397167276859, 62.524165574673354 ], [ -49.567585508797777, 62.524158622850358 ], [ -49.567570462489371, 62.52407160223823 ], [ -49.567758803296215, 62.524064650154735 ], [ -49.567743756471572, 62.52397762959729 ], [ -49.567932096564334, 62.523970677253274 ], [ -49.567917049223468, 62.523883656750549 ], [ -49.568105388602163, 62.523876704146012 ], [ -49.568293727881915, 62.523869751255653 ], [ -49.568278679409687, 62.523782730832956 ], [ -49.568467017975379, 62.523775777682076 ], [ -49.568451968986942, 62.523688757314069 ], [ -49.568640306838546, 62.52368180390269 ], [ -49.568828644591221, 62.523674850205474 ], [ -49.568813594471457, 62.523587829917503 ], [ -49.569001931510051, 62.52358087595978 ], [ -49.5689868808741, 62.523493855726521 ], [ -49.568971830337091, 62.523406835522593 ], [ -49.569160166046494, 62.523399881329723 ], [ -49.569348501656947, 62.523392926851017 ], [ -49.569536837168449, 62.523385972086466 ], [ -49.569521784885033, 62.523298951987961 ], [ -49.569898454380933, 62.523285041652024 ], [ -49.569883400966248, 62.523198021633576 ], [ -49.570260068836077, 62.523184110204994 ], [ -49.570245014290144, 62.523097090266582 ], [ -49.570433347461503, 62.523090134148894 ], [ -49.570418292399445, 62.523003114265187 ], [ -49.570606624856723, 62.522996157887029 ], [ -49.570591569278541, 62.522909138058012 ], [ -49.570779901021758, 62.522902181419376 ], [ -49.570764844927453, 62.522815161645077 ], [ -49.570953175956603, 62.522808204745957 ], [ -49.570938119346202, 62.522721185026363 ], [ -49.571126449661278, 62.522714227866764 ], [ -49.571111392534775, 62.522627208201882 ], [ -49.571096335507256, 62.522540188566346 ], [ -49.571284664493199, 62.522533231171629 ], [ -49.571472993380155, 62.522526273491096 ], [ -49.571457935221474, 62.522439253935616 ], [ -49.571646263394371, 62.522432295994619 ], [ -49.571631204719615, 62.522345276493851 ], [ -49.572761167987579, 62.522303522997625 ], [ -49.572776230352694, 62.522390542346187 ], [ -49.573152885213368, 62.522376622176758 ], [ -49.573341212495166, 62.522369661663291 ], [ -49.573326148284877, 62.522282642390849 ], [ -49.573514474852587, 62.522275681616932 ], [ -49.573702801321261, 62.522268720557186 ], [ -49.573891127690914, 62.522261759211624 ], [ -49.573876061734495, 62.522174740044647 ], [ -49.574064387390052, 62.522167778438629 ], [ -49.574049320917631, 62.522080759326371 ], [ -49.574237645859093, 62.52207379745991 ], [ -49.574222578870682, 62.521986778402358 ], [ -49.574410903098062, 62.521979816275461 ], [ -49.574395835593663, 62.521892797272635 ], [ -49.574584159106955, 62.521885834885289 ], [ -49.574772482521198, 62.52187887221212 ], [ -49.574757413885784, 62.521791853289415 ], [ -49.574945736585946, 62.521784890355796 ], [ -49.574930667434565, 62.521697871487802 ], [ -49.574915598382248, 62.521610852649161 ], [ -49.575103919753303, 62.521603889480495 ], [ -49.575073780715812, 62.521429851941981 ], [ -49.575262100757783, 62.521422888538268 ], [ -49.57524703077263, 62.521335869838417 ], [ -49.575231960886533, 62.521248851167883 ], [ -49.575218344628354, 62.521170225774853 ], [ -49.575202098110424, 62.521162379528562 ], [ -49.575028572902539, 62.521168795854287 ], [ -49.575013503829567, 62.521081777217077 ], [ -49.574825186148537, 62.521088740233445 ], [ -49.574811431417444, 62.521009307723219 ], [ -49.574805046854287, 62.521007060976721 ], [ -49.574792887214173, 62.521002358683297 ], [ -49.574621800624513, 62.521008684305379 ], [ -49.57461355592752, 62.52096106961686 ], [ -49.574591466350704, 62.520958563736272 ], [ -49.574498985831312, 62.520957620431432 ], [ -49.574436650995182, 62.520971236234708 ], [ -49.574343658177561, 62.520980976688534 ], [ -49.574274978063237, 62.520966024151257 ], [ -49.574214854158257, 62.520933343804757 ], [ -49.574185729425409, 62.520897417152852 ], [ -49.57412560576158, 62.520864736763173 ], [ -49.574104765321898, 62.52085264801984 ], [ -49.574026717034172, 62.520855533324593 ], [ -49.574013926882841, 62.520781657674142 ], [ -49.574006551519382, 62.520774448012368 ], [ -49.573999036223562, 62.5207689810346 ], [ -49.573823335716028, 62.520775476163706 ], [ -49.57381369819236, 62.520719807426204 ], [ -49.573762829117236, 62.520711391045815 ], [ -49.573655276660418, 62.520703167058059 ], [ -49.573585915415684, 62.520702459214391 ], [ -49.573477509379309, 62.520712041478852 ], [ -49.573377151071895, 62.520714579501465 ], [ -49.573253843832155, 62.520713320107966 ], [ -49.573161022884406, 62.520719498423375 ], [ -49.573068371525395, 62.520722115486436 ], [ -49.57292177224722, 62.520724181094032 ], [ -49.572808852811939, 62.520725398247528 ], [ -49.572678378140864, 62.520730220281699 ], [ -49.572677517749504, 62.520725249198591 ], [ -49.572659572645129, 62.52072506591017 ], [ -49.572551846850075, 62.520720402545912 ], [ -49.572467584745198, 62.520708852563651 ], [ -49.572391027809637, 62.52069738198113 ], [ -49.572291352427584, 62.520685675041193 ], [ -49.5721997232897, 62.520666924078618 ], [ -49.572123337894404, 62.520651891123535 ], [ -49.572054999087221, 62.520629815065682 ], [ -49.571955663580447, 62.520610985492631 ], [ -49.571864036779118, 62.520592234153511 ], [ -49.571749287851702, 62.520573246637618 ], [ -49.571664684922595, 62.520568818684822 ], [ -49.571588128623262, 62.520557347646005 ], [ -49.571488112106557, 62.520552761763021 ], [ -49.571403337516415, 62.520551894988031 ], [ -49.571310858169895, 62.520550949530886 ], [ -49.571187891564456, 62.520542566781813 ], [ -49.571095923764602, 62.520530937454446 ], [ -49.571071370531207, 62.520526874550733 ], [ -49.570938366032109, 62.520531788237115 ], [ -49.570935469198886, 62.52051504468681 ], [ -49.570919351416627, 62.52051487979827 ], [ -49.570749974244301, 62.520509584156649 ], [ -49.570665199757109, 62.52050871692775 ], [ -49.570588134152253, 62.520507928908259 ], [ -49.570480069433643, 62.520510386301531 ], [ -49.57034922623037, 62.520505484582024 ], [ -49.570295450879676, 62.5205013717 ], [ -49.570226601869209, 62.520489978436892 ], [ -49.57005003013483, 62.520473919660205 ], [ -49.569873972447624, 62.520447176778809 ], [ -49.56979707701111, 62.520442827121485 ], [ -49.569712302688423, 62.520441959306034 ], [ -49.569604410034295, 62.520440854672742 ], [ -49.569519293679015, 62.520447109275608 ], [ -49.5694571293755, 62.520457161524185 ], [ -49.569333651370933, 62.520459460846048 ], [ -49.569218051992344, 62.520458277318319 ], [ -49.569079502154921, 62.520453294908947 ], [ -49.568901906491547, 62.520458602122751 ], [ -49.568801378506606, 62.520464698904789 ], [ -49.568654097208608, 62.520481004915112 ], [ -49.568576689049372, 62.520487337432257 ], [ -49.568414506664574, 62.520492802183007 ], [ -49.568291200146469, 62.520491538356673 ], [ -49.568222011401602, 62.520487266476486 ], [ -49.568114631446413, 62.520475477832562 ], [ -49.568015298390094, 62.520456644496065 ], [ -49.567931209124183, 62.520441531394169 ], [ -49.567778441889295, 62.520411461659933 ], [ -49.567679111468088, 62.520392628810598 ], [ -49.567571559514136, 62.520384400196519 ], [ -49.567418452593351, 62.5203614533307 ], [ -49.567334533881777, 62.52034277777576 ], [ -49.567203864230109, 62.520334312603488 ], [ -49.567065144766971, 62.520332889362507 ], [ -49.566949545796206, 62.520331703933152 ], [ -49.566857065092165, 62.520330755637019 ], [ -49.566726052565826, 62.520329411671668 ], [ -49.566610624008035, 62.5203246647608 ], [ -49.56643337115193, 62.520322846264591 ], [ -49.56632513601258, 62.520328861614175 ], [ -49.566185903551357, 62.520338122118609 ], [ -49.566132299403193, 62.520330446406469 ], [ -49.566056090361627, 62.520311849570056 ], [ -49.566010192905821, 62.52030425258674 ], [ -49.565926445662313, 62.520282014959903 ], [ -49.565904700205664, 62.520279772213051 ], [ -49.565778638296528, 62.520284424169851 ], [ -49.565775935196008, 62.520268782523921 ], [ -49.565734465693538, 62.520265792903054 ], [ -49.56556474920631, 62.520267613284659 ], [ -49.565479291163037, 62.520280987816001 ], [ -49.565417296534605, 62.520287477957368 ], [ -49.565363178737385, 62.520290484805912 ], [ -49.565247066228466, 62.520299981700113 ], [ -49.565130951726793, 62.520309478644684 ], [ -49.565023059392672, 62.52030837043597 ], [ -49.564969284632333, 62.520304254585525 ], [ -49.564854541038116, 62.520285262139978 ], [ -49.564839300030812, 62.520281542220808 ], [ -49.564785696286485, 62.520273865979448 ], [ -49.564693731446084, 62.520262232342013 ], [ -49.564632420847872, 62.520254476303641 ], [ -49.564532576943783, 62.520246325046543 ], [ -49.564455855119732, 62.520238411056098 ], [ -49.564363374631256, 62.520237461090481 ], [ -49.564286136654594, 62.520240230018224 ], [ -49.56421626417773, 62.520250201068691 ], [ -49.564107000588542, 62.520277582192776 ], [ -49.563998423517809, 62.520290718136849 ], [ -49.563905772114119, 62.520293329070945 ], [ -49.563766881937973, 62.520295463727493 ], [ -49.56368228085919, 62.52029103175034 ], [ -49.563605213418249, 62.520290239101051 ], [ -49.563520270484929, 62.520292928546326 ], [ -49.563420083179054, 62.520291899035747 ], [ -49.56334215979161, 62.520308912398193 ], [ -49.56320292621082, 62.520318169926121 ], [ -49.563117810396022, 62.520324420476037 ], [ -49.563001696859395, 62.520333915508388 ], [ -49.562885583239527, 62.520343410445058 ], [ -49.562746007242005, 62.520359789044647 ], [ -49.562575431384488, 62.520379412093504 ], [ -49.562451610771333, 62.520388827702298 ], [ -49.562358616981641, 62.520398560019437 ], [ -49.562265106186608, 62.520418975295847 ], [ -49.562140599261561, 62.520442634711721 ], [ -49.56198595092426, 62.520451732166009 ], [ -49.561877715998229, 62.520457743928006 ], [ -49.561777186094368, 62.520463835649821 ], [ -49.561653535502529, 62.520469688471749 ], [ -49.561568763101171, 62.520468816414088 ], [ -49.561483990384062, 62.520467943422112 ], [ -49.561430043066743, 62.520467388428933 ], [ -49.561406922742805, 62.520467150442265 ], [ -49.561306050263312, 62.520480363352718 ], [ -49.561251243504593, 62.520497613724459 ], [ -49.561141977975176, 62.52052499244148 ], [ -49.561048123713583, 62.520552529333216 ], [ -49.56096232038027, 62.520573023550803 ], [ -49.560860414972232, 62.520607603819286 ], [ -49.560759026486068, 62.520631500109467 ], [ -49.560673220802919, 62.52065199430298 ], [ -49.560517197492985, 62.520689579208671 ], [ -49.56038515233152, 62.520709596810661 ], [ -49.560315448433322, 62.520716004739562 ], [ -49.560245915677697, 62.52071885142793 ], [ -49.56019196979075, 62.520718295816117 ], [ -49.560060784064241, 62.520720506792067 ], [ -49.559990906939113, 62.520730475912281 ], [ -49.559920687018476, 62.520747566528904 ], [ -49.559819641605081, 62.520764339598301 ], [ -49.559726472470985, 62.520777631545414 ], [ -49.559586547987358, 62.52080112960352 ], [ -49.559477793507071, 62.520817823442407 ], [ -49.559407573379644, 62.520834914691974 ], [ -49.559352938000991, 62.520848602996502 ], [ -49.55931388963824, 62.520858889110066 ], [ -49.559228426732446, 62.520872259882822 ], [ -49.559096553005595, 62.520888714939005 ], [ -49.559026675119142, 62.52089868358825 ], [ -49.558917577260196, 62.520922499417473 ], [ -49.558808478903828, 62.520946314282128 ], [ -49.558769601880115, 62.520953039923349 ], [ -49.558691845235948, 62.520966489555306 ], [ -49.558652794565155, 62.520976775636598 ], [ -49.558582573238766, 62.520993865603579 ], [ -49.558497111486695, 62.521007235794556 ], [ -49.558396407407805, 62.521016886327068 ], [ -49.558365579495785, 62.521016567759126 ], [ -49.558281150167801, 62.521008571158994 ], [ -49.558242615445025, 62.521008173356933 ], [ -49.558211961184909, 62.521004294282456 ], [ -49.558135408259069, 62.520992815739312 ], [ -49.558073926141013, 62.520988618007173 ], [ -49.558027857978921, 62.520984579571888 ], [ -49.557966721011567, 62.520973260110146 ], [ -49.557920652884832, 62.520969221638495 ], [ -49.557851806954822, 62.520957822161293 ], [ -49.557735862240897, 62.520963751515829 ], [ -49.557619743755822, 62.520973241247219 ], [ -49.557518523028911, 62.520993574920574 ], [ -49.557463886422163, 62.521007262504817 ], [ -49.557377734166586, 62.521034877147969 ], [ -49.557306995417392, 62.521062650262287 ], [ -49.557182654911855, 62.521082744008105 ], [ -49.557043586773304, 62.521088434257145 ], [ -49.556935519741849, 62.521090881020655 ], [ -49.556834814450703, 62.521100529553387 ], [ -49.556671421819708, 62.521130908427352 ], [ -49.556570544989746, 62.521144118865905 ], [ -49.556500665224242, 62.521154085389931 ], [ -49.556368443310618, 62.521177660477115 ], [ -49.556275101387477, 62.521194511229474 ], [ -49.556220635456135, 62.521204637132257 ], [ -49.556165826157837, 62.52122188543661 ], [ -49.556079672011585, 62.521249499311075 ], [ -49.556001226505707, 62.521277192321399 ], [ -49.55589160540238, 62.521311688893078 ], [ -49.555836624005131, 62.521332498286995 ], [ -49.555726831099044, 62.521370556830853 ], [ -49.555664142234377, 62.521391285932026 ], [ -49.555616694133583, 62.521415736834903 ], [ -49.555536694145793, 62.521475480210192 ], [ -49.555450712319491, 62.521499532363258 ], [ -49.55533424540512, 62.521516142809787 ], [ -49.555179590605178, 62.521525232687033 ], [ -49.554978349672666, 62.521540966738549 ], [ -49.554862228159088, 62.521550455108176 ], [ -49.554737881864519, 62.521570546884142 ], [ -49.554566605153475, 62.521604404306345 ], [ -49.554465034048782, 62.521631857528753 ], [ -49.554355585783945, 62.521662792327234 ], [ -49.55425418616565, 62.521686684189731 ], [ -49.554175391710736, 62.521721497917298 ], [ -49.554035285995603, 62.521748551770735 ], [ -49.553949645946979, 62.521765480606362 ], [ -49.553833007325309, 62.521785651781812 ], [ -49.553708487317799, 62.521809303883913 ], [ -49.553569070526805, 62.521822112279402 ], [ -49.553491829087484, 62.521824876038181 ], [ -49.553391119968445, 62.521834522144609 ], [ -49.553220702364875, 62.521850572628864 ], [ -49.553120166989217, 62.521856657181232 ], [ -49.553019457932471, 62.521866303904901 ], [ -49.552833281346423, 62.521889316480141 ], [ -49.552732399677751, 62.521902523332763 ], [ -49.552592635848193, 62.521922453341936 ], [ -49.552460753225972, 62.521938902260267 ], [ -49.552359871199094, 62.521952108848822 ], [ -49.552259335561295, 62.5219581936704 ], [ -49.552120089459642, 62.521967439420472 ], [ -49.55204267527607, 62.521973763599256 ], [ -49.551926897158587, 62.521976126986601 ], [ -49.551826533187828, 62.521978649398967 ], [ -49.551749463279705, 62.52197785098263 ], [ -49.551641218074067, 62.521983855059375 ], [ -49.551563629281922, 62.521993739454203 ], [ -49.55143945277954, 62.52201026699418 ], [ -49.55136957125584, 62.522020231746922 ], [ -49.551261155451414, 62.522029796603391 ], [ -49.551144683802491, 62.522046403622902 ], [ -49.550981972852078, 62.522062531740772 ], [ -49.550865502807454, 62.522079138385912 ], [ -49.550733790696206, 62.522092024478269 ], [ -49.550586665807224, 62.522104750163606 ], [ -49.550478247476363, 62.522114314565499 ], [ -49.550431659392274, 62.522120957422722 ], [ -49.550322549267882, 62.522144765842491 ], [ -49.550252667002873, 62.522154730046736 ], [ -49.550167370092964, 62.522164534032278 ], [ -49.550073846579117, 62.522184941229476 ], [ -49.549980323247397, 62.522205349248686 ], [ -49.549886801376381, 62.522225756179253 ], [ -49.54977751637481, 62.522253126434535 ], [ -49.549683819855723, 62.522277094599261 ], [ -49.549629351383771, 62.522287217854831 ], [ -49.549513052377343, 62.522300263060878 ], [ -49.549411995149974, 62.522317028777216 ], [ -49.549280800598503, 62.522319229719265 ], [ -49.549172902289868, 62.522318109174293 ], [ -49.549087777004843, 62.522324351292937 ], [ -49.548971652006507, 62.522333834687018 ], [ -49.548855352162299, 62.52234687846893 ], [ -49.548770054162382, 62.522356681616003 ], [ -49.548645701802933, 62.522376767938574 ], [ -49.548482120375404, 62.522410698702295 ], [ -49.548411716789431, 62.52243134493029 ], [ -49.548325898665126, 62.522451831620728 ], [ -49.548216440272746, 62.522482760885531 ], [ -49.548154263643767, 62.522492803821414 ], [ -49.548022375653517, 62.522509248622306 ], [ -49.547867540037309, 62.522521891720793 ], [ -49.547743531647775, 62.522534854817962 ], [ -49.547650872708132, 62.522537454921718 ], [ -49.547542626248628, 62.522543455713269 ], [ -49.547418617600378, 62.522556418524744 ], [ -49.547271315944329, 62.522572701992345 ], [ -49.547132066857451, 62.522581942680574 ], [ -49.547008058151185, 62.522594906014426 ], [ -49.546914878379951, 62.522608188562984 ], [ -49.546806111203274, 62.5226248726023 ], [ -49.546720638822947, 62.522638235742257 ], [ -49.546658461302854, 62.522648278024754 ], [ -49.546518864070798, 62.522664640700683 ], [ -49.546379789307927, 62.522670320160771 ], [ -49.546201656644492, 62.522686281310193 ], [ -49.54608552717886, 62.522695762481902 ], [ -49.545999881351428, 62.522712686412312 ], [ -49.545875352200646, 62.522736330661836 ], [ -49.545797063803924, 62.522760457098123 ], [ -49.545679546416679, 62.522798427140948 ], [ -49.545624729640451, 62.522815671319897 ], [ -49.545554495923632, 62.522832754933766 ], [ -49.54546062098904, 62.522860281577522 ], [ -49.545305086525353, 62.52288716706596 ], [ -49.54518913049116, 62.5228930852562 ], [ -49.545088243429127, 62.522906286543261 ], [ -49.544963538078029, 62.522933492259014 ], [ -49.544869662246512, 62.522961018520583 ], [ -49.54475283684598, 62.522984742771904 ], [ -49.544620598414156, 62.523008306872846 ], [ -49.544496413258202, 62.523024828363496 ], [ -49.544402882820442, 62.523045231872544 ], [ -49.544340530499483, 62.523058834375327 ], [ -49.544208812249998, 62.523071713390969 ], [ -49.544131391191932, 62.523078033393901 ], [ -49.544062025621699, 62.52307731074287 ], [ -49.543953951244283, 62.523079747417235 ], [ -49.543829765365025, 62.523096268324842 ], [ -49.543728528711291, 62.523116591248382 ], [ -49.543611701705288, 62.523140314569837 ], [ -49.543495222770581, 62.523156915197589 ], [ -49.5434248156579, 62.523177558855998 ], [ -49.543245286632249, 62.523222006558946 ], [ -49.543152278120402, 62.523231725281889 ], [ -49.543090271556146, 62.523238205670282 ], [ -49.542989553583858, 62.523247844392429 ], [ -49.54281106872422, 62.523270923751632 ], [ -49.542648172066571, 62.523290602669718 ], [ -49.542531518640182, 62.523310763739431 ], [ -49.542422919437563, 62.523323883216868 ], [ -49.542306265711282, 62.523344044102956 ], [ -49.542181904346279, 62.523364124805234 ], [ -49.542134616615435, 62.523385009130998 ], [ -49.54205649856992, 62.523405572179264 ], [ -49.541963489338286, 62.523415291007339 ], [ -49.541847008283945, 62.523431890292073 ], [ -49.5417848272672, 62.523441930457807 ], [ -49.541683934700835, 62.523455129483892 ], [ -49.541559921130847, 62.523468087042509 ], [ -49.541521036169357, 62.52347480711439 ], [ -49.541335188001547, 62.523490682041363 ], [ -49.541242004776208, 62.523503961625579 ], [ -49.541157222806369, 62.523503076376279 ], [ -49.541033382235575, 62.523512472243148 ], [ -49.540902009457831, 62.52351822646623 ], [ -49.540777995218967, 62.523531183338278 ], [ -49.54058374267106, 62.52356122217504 ], [ -49.540490383080382, 62.523578061759508 ], [ -49.54036671548333, 62.523583895811356 ], [ -49.540258465123756, 62.523589890881482 ], [ -49.540127089875135, 62.523595644526516 ], [ -49.540026022347469, 62.523612403603636 ], [ -49.539885721896873, 62.523643004697085 ], [ -49.539808124275325, 62.523652882685376 ], [ -49.539668344298363, 62.523672799872905 ], [ -49.539528739999064, 62.523689156428674 ], [ -49.539455501100683, 62.523704025860624 ], [ -49.539455663855328, 62.523704973024444 ], [ -49.5394497711413, 62.523705189191325 ], [ -49.539411908994403, 62.523712876182231 ], [ -49.539294554529334, 62.523747278799888 ], [ -49.539231325627441, 62.523778684652953 ], [ -49.539175454889246, 62.523817293343789 ], [ -49.539173536297881, 62.52385646659593 ], [ -49.539094194768921, 62.523901956077708 ], [ -49.539030965331285, 62.523933361850759 ], [ -49.538929198857282, 62.523964364358037 ], [ -49.538835487594724, 62.523988325484744 ], [ -49.538703239209077, 62.524011883249933 ], [ -49.538633174385751, 62.524025403002938 ], [ -49.538515817750714, 62.524059805005841 ], [ -49.53842998950946, 62.524080285664411 ], [ -49.538328395669581, 62.524107726520946 ], [ -49.538250272923094, 62.524128287518749 ], [ -49.538148504928017, 62.524159289483755 ], [ -49.538038855189605, 62.524193772296911 ], [ -49.537976147413467, 62.52421449377848 ], [ -49.53790538223938, 62.524242257524257 ], [ -49.537819378853804, 62.524266298175924 ], [ -49.537733197955696, 62.524293901184706 ], [ -49.537639486542744, 62.524317861399012 ], [ -49.537538764699569, 62.52432749612899 ], [ -49.537453632472591, 62.524333731130326 ], [ -49.537337318887118, 62.524346765519184 ], [ -49.537236596827775, 62.52435640003381 ], [ -49.537128166950893, 62.524365954111865 ], [ -49.537011681029917, 62.524382549322482 ], [ -49.536918840752719, 62.524388703629612 ], [ -49.536841240056901, 62.524398580018321 ], [ -49.536724753826093, 62.524415174993884 ], [ -49.536616323533416, 62.524424728679698 ], [ -49.536538548619511, 62.524438166138474 ], [ -49.53645289184368, 62.524455084388613 ], [ -49.536406122204085, 62.524465283027673 ], [ -49.536350944813428, 62.524489646477605 ], [ -49.53624882540943, 62.524527769586619 ], [ -49.536186115620481, 62.524548490299068 ], [ -49.53609993390419, 62.524576091313044 ], [ -49.536013926095158, 62.524600131040749 ], [ -49.535928268529815, 62.524617048982698 ], [ -49.535842436456548, 62.524637527227505 ], [ -49.535772018316081, 62.524658167328219 ], [ -49.535663236630079, 62.524674842912106 ], [ -49.535601226718846, 62.524681319019926 ], [ -49.535561988209238, 62.524695159217849 ], [ -49.53544497568614, 62.524722437013317 ], [ -49.535281366580442, 62.524756351754796 ], [ -49.535203764616703, 62.524766228140763 ], [ -49.534995308650331, 62.52477116836522 ], [ -49.534848336455873, 62.524780316529807 ], [ -49.534770910076951, 62.524786630412244 ], [ -49.534655296318249, 62.524785418107392 ], [ -49.534585926535271, 62.524784690794625 ], [ -49.534509025052166, 62.524780321555525 ], [ -49.534386051979396, 62.524771906040897 ], [ -49.534278144212003, 62.52477077408107 ], [ -49.534272642877106, 62.52477071641799 ], [ -49.533677984210641, 62.524792503509488 ], [ -49.533566588895773, 62.524813191071928 ], [ -49.533457279890293, 62.524840547943541 ], [ -49.533363563061393, 62.524864505375113 ], [ -49.533293318857851, 62.524881582878848 ], [ -49.533191891638488, 62.524905458887361 ], [ -49.533098525441901, 62.52492229440621 ], [ -49.532912313500731, 62.524945279923507 ], [ -49.532858008626476, 62.524951836453162 ], [ -49.532718395560742, 62.524968185326856 ], [ -49.5326411426039, 62.524970936799924 ], [ -49.532540416595751, 62.524980567979433 ], [ -49.532446873032669, 62.525000963575543 ], [ -49.532384336183227, 62.525018122140487 ], [ -49.532352278149069, 62.525042725962003 ], [ -49.532311637646139, 62.525085055496035 ], [ -49.532287111007811, 62.525113301320019 ], [ -49.532223697075047, 62.52514826543117 ], [ -49.532176224747587, 62.525172707804437 ], [ -49.532113685151685, 62.525189865521206 ], [ -49.531996667270356, 62.52521714051273 ], [ -49.531934478812495, 62.525227176407604 ], [ -49.531787155879648, 62.525243443731597 ], [ -49.531748440733203, 62.525246599915675 ], [ -49.531639481359662, 62.525266832648057 ], [ -49.531561876355163, 62.525276706166423 ], [ -49.531483747459703, 62.525297263366831 ], [ -49.531397910130451, 62.525317738964588 ], [ -49.531273532298499, 62.525337810207454 ], [ -49.531187694696925, 62.525358285680518 ], [ -49.531039493175676, 62.525392357851793 ], [ -49.530953829919284, 62.525409271944469 ], [ -49.530798094507979, 62.52543970192319 ], [ -49.530666183973139, 62.52545612965821 ], [ -49.530534098555982, 62.525476118513453 ], [ -49.530433546979857, 62.525482187706174 ], [ -49.530270628722413, 62.525501852505116 ], [ -49.530193024491886, 62.525511725134088 ], [ -49.530084237762694, 62.525528395443231 ], [ -49.529998573834689, 62.525545309847651 ], [ -49.529928675549741, 62.525555263233414 ], [ -49.529804472339606, 62.525571771810675 ], [ -49.529733872410432, 62.525595969338681 ], [ -49.529679215567562, 62.52560964626764 ], [ -49.529577610136357, 62.525637081724888 ], [ -49.529499828529858, 62.525650515367531 ], [ -49.529437814676761, 62.525656987907041 ], [ -49.529344968383882, 62.525663137258981 ], [ -49.529283481628369, 62.525658927617485 ], [ -49.529229877554691, 62.525651236619346 ], [ -49.529160857626351, 62.525643384880702 ], [ -49.529099370615661, 62.525639174273834 ], [ -49.529045766934338, 62.525631484085416 ], [ -49.528968686949149, 62.525630673193483 ], [ -49.5288530696794, 62.525629456115688 ], [ -49.528729744000231, 62.52562815723374 ], [ -49.528590650305418, 62.525633819212082 ], [ -49.528451381254648, 62.525643041414689 ], [ -49.528416076697894, 62.525643527679172 ], [ -49.528423267315155, 62.525685473698672 ], [ -49.528234904690272, 62.525692366083881 ], [ -49.528249822605467, 62.525779392028866 ], [ -49.527873095830714, 62.525793175991808 ], [ -49.527888012613239, 62.525880202016438 ], [ -49.527511284215429, 62.525893984885982 ], [ -49.527526199865271, 62.525981010990243 ], [ -49.526961104686869, 62.526001683225616 ], [ -49.526976018588627, 62.526088709434624 ], [ -49.526787652717637, 62.526095599633038 ], [ -49.526772739431266, 62.526008573398919 ], [ -49.526399266839526, 62.526022233718763 ], [ -49.526248767681011, 62.526050952568987 ], [ -49.526085667837023, 62.526074173821968 ], [ -49.526027515919999, 62.526084214872995 ], [ -49.526034188253156, 62.526123157567611 ], [ -49.525821382631065, 62.526130940086404 ], [ -49.525774005097198, 62.526138583248084 ], [ -49.52568780827395, 62.52616617720301 ], [ -49.52560932016722, 62.526193853868719 ], [ -49.525514888477389, 62.526232049590561 ], [ -49.525413099261613, 62.526263042631768 ], [ -49.525318842757329, 62.52629767786334 ], [ -49.525286954994094, 62.526318719688227 ], [ -49.52520058213296, 62.526349875492201 ], [ -49.525145393340445, 62.526374233716638 ], [ -49.525082143489733, 62.52640563354106 ], [ -49.525011186785882, 62.526436951283799 ], [ -49.52484755530147, 62.526470854156521 ], [ -49.524653621793036, 62.526493747589328 ], [ -49.524599311667878, 62.526500300098725 ], [ -49.524521349870213, 62.52651729229239 ], [ -49.524419560504761, 62.526548284500542 ], [ -49.52434177393539, 62.526561715347704 ], [ -49.524232979684612, 62.526578381214286 ], [ -49.524123656922526, 62.526605730894737 ], [ -49.523991032712047, 62.526636396730012 ], [ -49.523874178553534, 62.526660103742849 ], [ -49.523803924270148, 62.526677176640099 ], [ -49.523663237682818, 62.526714882846726 ], [ -49.523561798130935, 62.526738752837758 ], [ -49.523468066498985, 62.526762702987668 ], [ -49.523382396818718, 62.526779613311106 ], [ -49.523304257636092, 62.526800165219129 ], [ -49.52322646985192, 62.526813595464752 ], [ -49.523163923230669, 62.526830749177826 ], [ -49.523062482539501, 62.526854617937609 ], [ -49.522976987970559, 62.526867966768862 ], [ -49.522875900494803, 62.526884713630743 ], [ -49.522783048291139, 62.526890857814699 ], [ -49.522713499562556, 62.526893685766403 ], [ -49.522621000851835, 62.526892708075444 ], [ -49.522497847259821, 62.526887842356814 ], [ -49.522397640122762, 62.526886783350982 ], [ -49.522266954163669, 62.526878275884826 ], [ -49.522174455488056, 62.52687729789502 ], [ -49.522074249971858, 62.526876237626837 ], [ -49.521973867112855, 62.526878739567074 ], [ -49.521873132395577, 62.526888363058731 ], [ -49.521818645072088, 62.526898475760092 ], [ -49.521709318434908, 62.52692582272504 ], [ -49.521631531429719, 62.526939251952463 ], [ -49.521560921596489, 62.526963446406221 ], [ -49.521482250937339, 62.52699468034762 ], [ -49.521435120121438, 62.527011996633441 ], [ -49.521387633794433, 62.527036435702648 ], [ -49.521355742093405, 62.527057475814715 ], [ -49.521346269025948, 62.52709300579567 ], [ -49.521336618206327, 62.527132097175766 ], [ -49.521327144785531, 62.527167626274064 ], [ -49.521309963137334, 62.527203075025326 ], [ -49.521262302175344, 62.52723107428637 ], [ -49.521207284262211, 62.52725186978995 ], [ -49.521129672008165, 62.527261737503878 ], [ -49.521114254930005, 62.52726157502417 ], [ -49.52106047388844, 62.527257442139245 ], [ -49.520984274843642, 62.527238821066931 ], [ -49.520907897792611, 62.527223760468175 ], [ -49.520808397148294, 62.527208455909687 ], [ -49.520762325075239, 62.527204405046298 ], [ -49.52068488867382, 62.527210711257283 ], [ -49.520591858951015, 62.527220415259634 ], [ -49.520529663920797, 62.527230446061054 ], [ -49.520467644773355, 62.527236915580616 ], [ -49.520389854426334, 62.527250344285399 ], [ -49.520249870374428, 62.527273802599851 ], [ -49.52014860193254, 62.527294108934967 ], [ -49.520070989161198, 62.527303976066129 ], [ -49.519977782923142, 62.527317240922365 ], [ -49.519876515725976, 62.527337546037799 ], [ -49.519814320181361, 62.527347576528484 ], [ -49.519705696225536, 62.527360677699647 ], [ -49.519643500568108, 62.527370708115903 ], [ -49.519550293904629, 62.527383972693144 ], [ -49.519480389247654, 62.527393920829113 ], [ -49.51944149363095, 62.527400634918756 ], [ -49.519371234866952, 62.52741770565919 ], [ -49.51928414584517, 62.527463102260391 ], [ -49.519244719645329, 62.527480499329691 ], [ -49.519158866964922, 62.527500967655918 ], [ -49.519065837654331, 62.527510670518375 ], [ -49.518988223905133, 62.527520537062735 ], [ -49.518918495141754, 62.527526924551694 ], [ -49.518817402567095, 62.5275436676665 ], [ -49.518700716488517, 62.527563809222023 ], [ -49.518637989367136, 62.527584522237468 ], [ -49.518575260246458, 62.527605235371759 ], [ -49.518550898712085, 62.527629918411456 ], [ -49.518495347368663, 62.527661395928298 ], [ -49.518463274843512, 62.527685996834002 ], [ -49.518416141104886, 62.527703312152781 ], [ -49.518353944248275, 62.527713342014501 ], [ -49.518268090241094, 62.527733809815885 ], [ -49.518221485207945, 62.527740442181958 ], [ -49.518135985345182, 62.527753787244023 ], [ -49.517950631421208, 62.527758947287445 ], [ -49.51783500543371, 62.527757721186696 ], [ -49.517734442382441, 62.527763780503221 ], [ -49.517642118981627, 62.527759238140909 ], [ -49.517596399234584, 62.527748064600559 ], [ -49.517505314313517, 62.52771859481048 ], [ -49.517414229256161, 62.527689124074556 ], [ -49.517336113521175, 62.527666947283201 ], [ -49.517200840658049, 62.527671884589083 ], [ -49.517012460978897, 62.527678759984731 ], [ -49.51700043730856, 62.527608447372508 ], [ -49.516955801090759, 62.527602311429149 ], [ -49.516883041103334, 62.52759591221588 ], [ -49.516809199778059, 62.527598607093893 ], [ -49.516731031865802, 62.527601459824531 ], [ -49.516716664938969, 62.527603336341564 ], [ -49.516623103283649, 62.527623721512818 ], [ -49.51649888266887, 62.527640217622938 ], [ -49.516413029390364, 62.527660684152593 ], [ -49.516304226120774, 62.527677343974588 ], [ -49.516202778509445, 62.527701207744798 ], [ -49.516124631911872, 62.527721756642329 ], [ -49.516054015199174, 62.527745947540325 ], [ -49.515960097446367, 62.52777345406637 ], [ -49.51589736786277, 62.527794165890562 ], [ -49.515827282459355, 62.527807673636389 ], [ -49.515733187797537, 62.527838741277712 ], [ -49.5156469784649, 62.527866330022533 ], [ -49.51555394473786, 62.527876030722432 ], [ -49.515406244771704, 62.527899402741646 ], [ -49.515290086592572, 62.527908858458225 ], [ -49.515204761318671, 62.527918640489531 ], [ -49.515119793253326, 62.527921300539035 ], [ -49.515050239114743, 62.527924124858821 ], [ -49.514965447596751, 62.527923223552932 ], [ -49.514880654168792, 62.527922322340508 ], [ -49.514788507453858, 62.527914217701891 ], [ -49.514742611523715, 62.52790660358378 ], [ -49.51464364502089, 62.527880610510799 ], [ -49.514559560785457, 62.527865465671702 ], [ -49.514468124721404, 62.52784311547655 ], [ -49.514361094415491, 62.527824162373143 ], [ -49.514253530403487, 62.527815893261405 ], [ -49.514199927961066, 62.527808197193693 ], [ -49.51412355251643, 62.527793132821188 ], [ -49.514078189546517, 62.527774836309 ], [ -49.514018296271274, 62.527738569032415 ], [ -49.513988882825153, 62.527709751819636 ], [ -49.513959291134498, 62.527684496889734 ], [ -49.513929699181162, 62.52765924107009 ], [ -49.513899930564243, 62.527637546505574 ], [ -49.513871472125935, 62.527618214168676 ], [ -49.513780248410356, 62.52762154118826 ], [ -49.513774499352088, 62.527587897367049 ], [ -49.513748603376648, 62.52757892932955 ], [ -49.513695531703164, 62.527560549268053 ], [ -49.513640109443585, 62.527539081366598 ], [ -49.513576997436694, 62.527541383019113 ], [ -49.513570565832573, 62.527503743091273 ], [ -49.513559799618676, 62.527498534792457 ], [ -49.513475895656512, 62.527479827856553 ], [ -49.513422292094134, 62.527472131617948 ], [ -49.513380376166978, 62.527460982819164 ], [ -49.513373747694033, 62.527461224543323 ], [ -49.513373388843171, 62.527459124328459 ], [ -49.513338566667173, 62.527449862304984 ], [ -49.513254130365596, 62.52744183828181 ], [ -49.513123089832398, 62.527440443845691 ], [ -49.513046362207291, 62.527432501377909 ], [ -49.51299240326604, 62.527431927641466 ], [ -49.512931270041825, 62.527420588109045 ], [ -49.512893439807407, 62.527405933259537 ], [ -49.512856515174562, 62.527392515090114 ], [ -49.51241698397245, 62.527408541107761 ], [ -49.512040225780908, 62.527422277065561 ], [ -49.512025360233572, 62.527335248585644 ], [ -49.51183698160667, 62.527342116110589 ], [ -49.511822116772578, 62.527255087635034 ], [ -49.511633738663434, 62.527261954848989 ], [ -49.511604010519477, 62.527087897935964 ], [ -49.511589146594098, 62.527000869523548 ], [ -49.511400770233685, 62.527007736376476 ], [ -49.511385907021534, 62.526920707968408 ], [ -49.51119753117888, 62.526927574510353 ], [ -49.511182668679943, 62.526840546106648 ], [ -49.51117000841343, 62.526766412601035 ], [ -49.51112869681721, 62.526760054990838 ], [ -49.511083602573429, 62.526756586969825 ], [ -49.510979431569304, 62.526760383938282 ], [ -49.510977668955618, 62.526750062299548 ], [ -49.510897987533532, 62.526746907955783 ], [ -49.51077536902045, 62.5267313487251 ], [ -49.510713881907165, 62.526727130847611 ], [ -49.510544837502046, 62.526714640711994 ], [ -49.510429571512866, 62.526706285677363 ], [ -49.510352492096622, 62.526705464200752 ], [ -49.510252107721257, 62.526707956788272 ], [ -49.510159788624392, 62.526703410243407 ], [ -49.510075356745986, 62.526695383199666 ], [ -49.510013869778604, 62.526691165008586 ], [ -49.509860063508135, 62.526682399160975 ], [ -49.509729203735731, 62.526677441066262 ], [ -49.509636884467817, 62.526672893287547 ], [ -49.509505847505963, 62.526671496247722 ], [ -49.509421059430181, 62.526670591480013 ], [ -49.509320143216776, 62.526683767194307 ], [ -49.509227110700685, 62.526693463619388 ], [ -49.509165268928349, 62.526696366702069 ], [ -49.50907277235148, 62.526695379815038 ], [ -49.508980453401875, 62.526690832481314 ], [ -49.508881316498986, 62.526668396534063 ], [ -49.508812655204096, 62.52665341193422 ], [ -49.508698280992135, 62.526627250582379 ], [ -49.508607387197927, 62.52659421329821 ], [ -49.508531551824113, 62.526568462664649 ], [ -49.508448010108054, 62.526542629893846 ], [ -49.508379885601506, 62.526516961857524 ], [ -49.508289170203909, 62.526480363965788 ], [ -49.508236103755067, 62.526461981712075 ], [ -49.508152917730165, 62.526429027098601 ], [ -49.508100031100426, 62.526407084258359 ], [ -49.508039613633443, 62.526381498156546 ], [ -49.507971133064217, 62.526362952587874 ], [ -49.507925418558195, 62.526351774865333 ], [ -49.507907846374145, 62.526346883593199 ], [ -49.507687940676483, 62.526354893359823 ], [ -49.507675539605621, 62.526282219886092 ], [ -49.507659203106584, 62.526277672515349 ], [ -49.507643193579973, 62.52626895364785 ], [ -49.507484717878093, 62.526274725624823 ], [ -49.50746986795231, 62.526187697010215 ], [ -49.50709312457132, 62.526201417870354 ], [ -49.507078275974102, 62.526114389235119 ], [ -49.506889904752612, 62.526121249211286 ], [ -49.506876710480803, 62.52604391300622 ], [ -49.506819722593576, 62.526036235650999 ], [ -49.506686686164826, 62.526041080245662 ], [ -49.506498315363544, 62.526047939624952 ], [ -49.506483468807957, 62.525960910973488 ], [ -49.506295098524504, 62.525967770041838 ], [ -49.506283104015537, 62.525897456399406 ], [ -49.506244870002789, 62.525882029740458 ], [ -49.50609188291638, 62.525887600152195 ], [ -49.506080717485354, 62.525822143561918 ], [ -49.506055296821394, 62.525811595529582 ], [ -49.506013900394237, 62.525802870348144 ], [ -49.505888668539157, 62.525807429956011 ], [ -49.505882078722941, 62.525768795783904 ], [ -49.505842152147103, 62.52575587191334 ], [ -49.505773496317687, 62.525740885593443 ], [ -49.505673472164794, 62.525736253007338 ], [ -49.505588686981682, 62.525735346725419 ], [ -49.5055501473676, 62.525734934253094 ], [ -49.505505327819719, 62.525705950816572 ], [ -49.505476458536215, 62.525666449552958 ], [ -49.505477171718397, 62.525652205206725 ], [ -49.505477419320194, 62.525647264270816 ], [ -49.505293875167702, 62.525653946182707 ], [ -49.505279032792849, 62.525566917528224 ], [ -49.505264190515589, 62.525479888903128 ], [ -49.505075823339183, 62.525486746105905 ], [ -49.505060981774946, 62.5253997174852 ], [ -49.50487261511639, 62.525406574377065 ], [ -49.504857774265169, 62.525319545760773 ], [ -49.504847134752829, 62.525257153989493 ], [ -49.504780161543174, 62.525249254166972 ], [ -49.504697086842711, 62.525237826057264 ], [ -49.50465456798625, 62.525239373729811 ], [ -49.504653527868221, 62.525233274033866 ], [ -49.504580832620306, 62.525225743806381 ], [ -49.504496404590327, 62.525217714283677 ], [ -49.504396384235584, 62.525213080593083 ], [ -49.504304070040334, 62.525208529160672 ], [ -49.50420386992878, 62.525207456747516 ], [ -49.504127150389529, 62.525199510070578 ], [ -49.503988591200532, 62.525194463191134 ], [ -49.503889463173465, 62.525172024389192 ], [ -49.503843574337594, 62.525164407411339 ], [ -49.503736204001413, 62.525152568337191 ], [ -49.503682249060482, 62.525151990895061 ], [ -49.503566456681547, 62.525154313821112 ], [ -49.503427717849192, 62.525152827793917 ], [ -49.503350642310984, 62.52515200234447 ], [ -49.503219967854307, 62.525143476683617 ], [ -49.503128012258777, 62.525131802651664 ], [ -49.503035878694533, 62.525123689830728 ], [ -49.503032749397576, 62.525123259261228 ], [ -49.50292960496229, 62.52512701228121 ], [ -49.502926416528219, 62.525108306671711 ], [ -49.502875090282352, 62.52510058928128 ], [ -49.50275983250004, 62.525092228592726 ], [ -49.502659812725824, 62.525087593636833 ], [ -49.502521610685861, 62.525075423611852 ], [ -49.502422650095383, 62.525057888660925 ], [ -49.502349676399284, 62.525060543540064 ], [ -49.502347212374751, 62.52504608592951 ], [ -49.502315114616287, 62.525041143539525 ], [ -49.502200215679864, 62.52502566056711 ], [ -49.50210843894137, 62.525010424570048 ], [ -49.502001248212594, 62.524995023736871 ], [ -49.501824151773931, 62.52498956206415 ], [ -49.501701008138298, 62.524984678549473 ], [ -49.501577686321035, 62.524983356199641 ], [ -49.501476950304422, 62.524992965771204 ], [ -49.501368507499421, 62.525002491011179 ], [ -49.50130613150148, 62.52501607450759 ], [ -49.501174564530729, 62.52502535253759 ], [ -49.501027761639357, 62.525030904287647 ], [ -49.500935270034063, 62.525029911868643 ], [ -49.500865902763053, 62.525029167405023 ], [ -49.500780402113719, 62.52504250265396 ], [ -49.500618543161622, 62.525040765483823 ], [ -49.500525871265246, 62.525043334213684 ], [ -49.500425493245309, 62.52504582033513 ], [ -49.500348596273874, 62.525041431934888 ], [ -49.500264528645324, 62.525026277989085 ], [ -49.500157517067251, 62.525007314437339 ], [ -49.499999999725631, 62.524977629029195 ], [ -49.4999166627195, 62.524973898640532 ], [ -49.499871275853529, 62.524975548961407 ], [ -49.499682910869772, 62.524982397958425 ], [ -49.499679656104441, 62.524963289275135 ], [ -49.499601332728574, 62.524959783105764 ], [ -49.499048108011394, 62.524900296667376 ], [ -49.498554370600424, 62.524822964075192 ], [ -49.498402442221312, 62.524766244760038 ], [ -49.498319895815229, 62.52476924524062 ], [ -49.498313746577814, 62.524733131885391 ], [ -49.498188695936072, 62.524686446305111 ], [ -49.498116713561991, 62.524689062678831 ], [ -49.497928350162894, 62.524695909002702 ], [ -49.497914881504776, 62.524616802787179 ], [ -49.497881825267001, 62.524610032225645 ], [ -49.497725169658501, 62.524615725823601 ], [ -49.497718505138479, 62.524576580903982 ], [ -49.497614484290985, 62.524555275140997 ], [ -49.497419861327884, 62.524451686289346 ], [ -49.497318812342229, 62.524455358546128 ], [ -49.497308056621222, 62.524392177301614 ], [ -49.49726585575123, 62.524369715444585 ], [ -49.497115635530349, 62.524375174447741 ], [ -49.496927274105829, 62.524382019242196 ], [ -49.496914905207646, 62.524309355317833 ], [ -49.496888746764107, 62.524305431504843 ], [ -49.496484239459775, 62.524311379917997 ], [ -49.496192755293436, 62.524388712547555 ], [ -49.495782297364102, 62.524436301712875 ], [ -49.495359943216265, 62.524436301831358 ], [ -49.494765078960334, 62.524376815202864 ], [ -49.494134521659085, 62.524341123058399 ], [ -49.493539655499703, 62.524269739466483 ], [ -49.493393935690875, 62.524247660933391 ], [ -49.49330398143907, 62.524250927080615 ], [ -49.493301031790395, 62.524233584621243 ], [ -49.492950740266529, 62.524180509531952 ], [ -49.492931312004025, 62.524176890632738 ], [ -49.492912457349881, 62.524177575162355 ], [ -49.492911720299226, 62.524173241285148 ], [ -49.492537887353059, 62.524103606632771 ], [ -49.492520935430406, 62.52410422203009 ], [ -49.492332574746428, 62.5241110598378 ], [ -49.492324376828108, 62.524062849431459 ], [ -49.492181229452228, 62.52402898686654 ], [ -49.492129415680679, 62.524030867683877 ], [ -49.491941055417506, 62.524037704894795 ], [ -49.491752695057038, 62.524044541819805 ], [ -49.491737898100709, 62.52395751212368 ], [ -49.491549538258369, 62.523964348737834 ], [ -49.491361178318733, 62.523971185066088 ], [ -49.491346382690516, 62.523884155349521 ], [ -49.491158023269016, 62.523890991366926 ], [ -49.491143228353479, 62.523803961654835 ], [ -49.490954869450114, 62.523810797361399 ], [ -49.490766510449468, 62.523817632782063 ], [ -49.490751716862022, 62.52373060304955 ], [ -49.490563358379518, 62.523737438159365 ], [ -49.490555545640632, 62.523691474169951 ], [ -49.490197781723275, 62.523663136817241 ], [ -49.490171849478763, 62.523664077743405 ], [ -49.490171333505266, 62.523661041893973 ], [ -49.48997046445939, 62.523645131166901 ], [ -49.489381548911076, 62.523633234063986 ], [ -49.489027082761254, 62.523618042696803 ], [ -49.48883855308565, 62.523624881406427 ], [ -49.488830855642014, 62.523579578080543 ], [ -49.488697452236252, 62.523544003715067 ], [ -49.488173971630225, 62.523526158449819 ], [ -49.48805756034961, 62.523478075640732 ], [ -49.488055550342956, 62.523478148537606 ], [ -49.488055385345071, 62.523477177268759 ], [ -49.487900333104491, 62.523413133667049 ], [ -49.487860530519725, 62.523397655058531 ], [ -49.48785240909055, 62.523397949585863 ], [ -49.487851781069665, 62.523394252528959 ], [ -49.487654566164537, 62.523317558234496 ], [ -49.487649269068946, 62.523317750327813 ], [ -49.487272556280189, 62.523331410813348 ], [ -49.487257774450548, 62.523244380838378 ], [ -49.487069418525785, 62.523251210627372 ], [ -49.487054637408725, 62.523164180656927 ], [ -49.486866282002161, 62.523171010135101 ], [ -49.486851501597677, 62.523083980169176 ], [ -49.486663146709333, 62.523090809336551 ], [ -49.486648948127069, 62.523007201239658 ], [ -49.486637030290048, 62.52300419040052 ], [ -49.486460012647271, 62.523010608231708 ], [ -49.486450939293917, 62.522957177437817 ], [ -49.486419118813096, 62.522949138450151 ], [ -49.486347556832989, 62.522927119468889 ], [ -49.486256879815976, 62.522930406820578 ], [ -49.486068525866891, 62.522937235080434 ], [ -49.486053748215454, 62.522850205103182 ], [ -49.485865394784589, 62.522857033052226 ], [ -49.485850617845685, 62.522770003079508 ], [ -49.48566226493304, 62.522776830717746 ], [ -49.485647488706668, 62.522689800749554 ], [ -49.485459136312251, 62.522696628077 ], [ -49.485429585381695, 62.522522568179085 ], [ -49.485241234120871, 62.522529395170842 ], [ -49.485226459416666, 62.52244236524114 ], [ -49.485211684809606, 62.522355335340848 ], [ -49.485196910299685, 62.522268305469979 ], [ -49.485008560787804, 62.522275132101178 ], [ -49.484993786990366, 62.522188102234836 ], [ -49.484979013290072, 62.522101072397916 ], [ -49.484964239686896, 62.522014042590428 ], [ -49.484949466180858, 62.521927012812355 ], [ -49.484761119033237, 62.5219338390581 ], [ -49.48474634623966, 62.521846809284554 ], [ -49.48455799961026, 62.521853635219529 ], [ -49.484543227529144, 62.52176660545053 ], [ -49.484354881417964, 62.521773431074713 ], [ -49.484340110049295, 62.521686401310255 ], [ -49.484325338777744, 62.521599371575228 ], [ -49.484136993800107, 62.521606196863743 ], [ -49.483948648725352, 62.521613021866372 ], [ -49.483936347076352, 62.521540536218374 ], [ -49.483813609779148, 62.521545256684945 ], [ -49.483498329895255, 62.521592845703509 ], [ -49.483064079176394, 62.521580949090527 ], [ -49.482927811970747, 62.52156244372933 ], [ -49.482803809985995, 62.521566935973659 ], [ -49.482800105244536, 62.521545100740347 ], [ -49.482582237382843, 62.52151551322261 ], [ -49.482034962455025, 62.52146197531107 ], [ -49.481576916279046, 62.521456026592602 ], [ -49.481071279856828, 62.521414386573696 ], [ -49.480512107320415, 62.521378694575226 ], [ -49.479952934002711, 62.521396540501328 ], [ -49.479399710134956, 62.521444130020171 ], [ -49.478810793213164, 62.521456026559349 ], [ -49.478215926418031, 62.521390591550507 ], [ -49.477698394762477, 62.521307310423559 ], [ -49.477145169302943, 62.521247824043854 ], [ -49.4771385025374, 62.521246655663084 ], [ -49.477064928889753, 62.521249317617347 ], [ -49.477062212262346, 62.521233285415391 ], [ -49.476568151750364, 62.521146697423795 ], [ -49.476110103781522, 62.521021775422966 ], [ -49.475782345730089, 62.520857896404792 ], [ -49.475672803293719, 62.520861858569333 ], [ -49.475662000043698, 62.520798082236411 ], [ -49.475614320871337, 62.520776410155598 ], [ -49.475469719628869, 62.520781640198344 ], [ -49.475456697975424, 62.520704763908917 ], [ -49.475277292582547, 62.520623215909737 ], [ -49.475265795747575, 62.520613888363094 ], [ -49.475251896298388, 62.520614391059311 ], [ -49.475249583285382, 62.520600734948275 ], [ -49.475162473943428, 62.520530061578945 ], [ -49.475048815807021, 62.520534172080673 ], [ -49.47503407571989, 62.520447141652802 ], [ -49.475029902839445, 62.520422503465824 ], [ -49.474962014115327, 62.520367423342506 ], [ -49.474956350541234, 62.520362389097187 ], [ -49.474830997171352, 62.520366922372638 ], [ -49.474816257893316, 62.520279891978788 ], [ -49.47480787850921, 62.520230414340588 ], [ -49.47469432497833, 62.520129477202083 ], [ -49.474673473248991, 62.520109928772882 ], [ -49.474598442818639, 62.520112642037319 ], [ -49.474583736404249, 62.520025800418061 ], [ -49.474503969075627, 62.519951018012662 ], [ -49.474487815438749, 62.519941515940026 ], [ -49.474380630495801, 62.519945391828372 ], [ -49.474368043630413, 62.519871062162927 ], [ -49.474347578409201, 62.519859023789401 ], [ -49.474177557775576, 62.519865171643701 ], [ -49.474162820924761, 62.519778141351985 ], [ -49.474148084170821, 62.519691111089692 ], [ -49.474139585985334, 62.519640923446552 ], [ -49.474122691194893, 62.519604466175267 ], [ -49.473945014105468, 62.519610890608121 ], [ -49.473930278160559, 62.519523860379891 ], [ -49.473915542312525, 62.519436830181071 ], [ -49.473727210037886, 62.519443639596837 ], [ -49.473697739862942, 62.519269579237871 ], [ -49.473509408721952, 62.519276388318126 ], [ -49.473494674395042, 62.519189358157966 ], [ -49.473482107290167, 62.519115128539283 ], [ -49.473454235806763, 62.519103257340788 ], [ -49.473291610157638, 62.519109136771988 ], [ -49.473281254424784, 62.519047966051971 ], [ -49.473193181812555, 62.519025132393146 ], [ -49.473088547150731, 62.519028915079922 ], [ -49.472900217564913, 62.519035723228093 ], [ -49.472891411129204, 62.518983699435552 ], [ -49.472737217864783, 62.518975438964837 ], [ -49.472297018254032, 62.518999233918123 ], [ -49.471761639570317, 62.519076566037455 ], [ -49.471380926020736, 62.519177692635189 ], [ -49.471101338406363, 62.519195539295822 ], [ -49.471031455791959, 62.519189715889937 ], [ -49.471031642515655, 62.519190819410454 ], [ -49.47084331124946, 62.519197624438782 ], [ -49.470839263238851, 62.519173700027892 ], [ -49.470601651799861, 62.519153898864978 ], [ -49.470256630625038, 62.519124154911566 ], [ -49.469957530973531, 62.519054501894686 ], [ -49.469872208676563, 62.519057584176338 ], [ -49.469868166844904, 62.519033690960569 ], [ -49.469822379507029, 62.51902302806274 ], [ -49.469512327192561, 62.518983021984312 ], [ -49.469480826327626, 62.518984159853957 ], [ -49.469479926708708, 62.518978841295585 ], [ -49.469269153218271, 62.518951644601721 ], [ -49.468967868029388, 62.518915125494232 ], [ -49.468901116376358, 62.518917536388685 ], [ -49.468899303047323, 62.518906814542142 ], [ -49.468680237936368, 62.518880260763872 ], [ -49.468297299749082, 62.518764218795305 ], [ -49.46811836337551, 62.518770680484572 ], [ -49.468114176308681, 62.518745918718629 ], [ -49.46781768376853, 62.518719646899278 ], [ -49.467466712578904, 62.518707749233094 ], [ -49.467038408955808, 62.518767236022924 ], [ -49.466681490039861, 62.518749389743768 ], [ -49.466276982043453, 62.518820774134333 ], [ -49.465783243779576, 62.518951644033294 ], [ -49.465325198036844, 62.51900518224501 ], [ -49.464789818948205, 62.519040873640179 ], [ -49.464319875522257, 62.519094411981889 ], [ -49.463915367640624, 62.519159846793947 ], [ -49.463510858026076, 62.519136052573472 ], [ -49.463112298888419, 62.519142000951312 ], [ -49.462594765398769, 62.519225282723497 ], [ -49.462196205587702, 62.519260973999586 ], [ -49.461756005120378, 62.519272871402151 ], [ -49.461184936010163, 62.519302614347637 ], [ -49.460613863905131, 62.5192966657632 ], [ -49.459995205066058, 62.519397793491457 ], [ -49.459578800040973, 62.519528663564664 ], [ -49.459156444382657, 62.519611944319678 ], [ -49.458656758697551, 62.519665482694315 ], [ -49.458264146532699, 62.51965953390247 ], [ -49.457883433090792, 62.519695225623451 ], [ -49.457407540886642, 62.519736866625379 ], [ -49.45687216135989, 62.519784455320817 ], [ -49.456503345796222, 62.519832044895097 ], [ -49.456039349984323, 62.519802301888198 ], [ -49.455593385286491, 62.519747694068577 ], [ -49.455399818358245, 62.519754663894872 ], [ -49.455396071875995, 62.519732444921701 ], [ -49.454986439094263, 62.519742814802264 ], [ -49.454474855915187, 62.51979635293133 ], [ -49.453891887691299, 62.519778506532205 ], [ -49.453237534785124, 62.519778507426039 ], [ -49.452583183722133, 62.519849890814747 ], [ -49.452170542281237, 62.519783335850533 ], [ -49.451995032437118, 62.519789650620446 ], [ -49.451989923192109, 62.519759326374967 ], [ -49.451494579515305, 62.51974281523993 ], [ -49.451030584659399, 62.519719020235286 ], [ -49.450310799097537, 62.519748763494711 ], [ -49.4497099853522, 62.51973686675408 ], [ -49.449049684833795, 62.519754712649799 ], [ -49.448383436120004, 62.519766609973566 ], [ -49.447889808069064, 62.519762163107885 ], [ -49.447822220584143, 62.519764592560861 ], [ -49.447821708345735, 62.519761549474751 ], [ -49.447723133950035, 62.519760661174075 ], [ -49.447163961492016, 62.519790404259659 ], [ -49.446515558018788, 62.519843942310168 ], [ -49.446176485675288, 62.519927222834667 ], [ -49.445807668870714, 62.519945068974899 ], [ -49.445504287115774, 62.520010504527818 ], [ -49.445302033391968, 62.520052144722968 ], [ -49.445224701183214, 62.520028350730975 ], [ -49.445213705859473, 62.519945887690184 ], [ -49.445200075303184, 62.519946377348738 ], [ -49.445185433660022, 62.519859343594895 ], [ -49.444997091014798, 62.519866109381603 ], [ -49.444971976316971, 62.519716813472421 ], [ -49.444957010383099, 62.519713071986224 ], [ -49.444617937849294, 62.519707122900819 ], [ -49.444602931915995, 62.519705148478721 ], [ -49.444591126130284, 62.519705572529979 ], [ -49.444590785990826, 62.519703550363793 ], [ -49.444165840456456, 62.519647636772497 ], [ -49.443600718235679, 62.519564355386848 ], [ -49.443131283986922, 62.519495321575697 ], [ -49.443040486342703, 62.51949858183994 ], [ -49.44303762212288, 62.519481547645881 ], [ -49.442993956039899, 62.519475126075399 ], [ -49.442357450839481, 62.519445381963152 ], [ -49.441756635315784, 62.519421587510081 ], [ -49.441143924392037, 62.519397792825515 ], [ -49.440483623744392, 62.51933830635182 ], [ -49.439674607454059, 62.519344255428152 ], [ -49.438972666841295, 62.519302614972666 ], [ -49.438484877800647, 62.519320460881026 ], [ -49.438008985395825, 62.519362101693403 ], [ -49.437503349710326, 62.51940374212181 ], [ -49.436997714175483, 62.519421588173621 ], [ -49.436575359106023, 62.519463228377226 ], [ -49.436034032137933, 62.519469177188427 ], [ -49.435409423626105, 62.519451330919246 ], [ -49.43491568640497, 62.519451331062392 ], [ -49.434088822816079, 62.519362101308722 ], [ -49.433351190430848, 62.519385895966273 ], [ -49.432797965975119, 62.519409690797374 ], [ -49.432405355104613, 62.519427536166795 ], [ -49.432061985424404, 62.519366941940497 ], [ -49.432028980890983, 62.519368124080394 ], [ -49.432027769873585, 62.519360903877818 ], [ -49.431899719554231, 62.519338306564791 ], [ -49.431589036179901, 62.519296323034965 ], [ -49.431449356897765, 62.519301325412869 ], [ -49.431261014717414, 62.519308070318417 ], [ -49.431253416450154, 62.519262760680199 ], [ -49.431001473288958, 62.519243128171965 ], [ -49.430531528433264, 62.519290717604044 ], [ -49.430156763313448, 62.519290717858681 ], [ -49.429727959442452, 62.519275403604411 ], [ -49.429362998320592, 62.519288468234251 ], [ -49.429360948069984, 62.519276237020598 ], [ -49.429133595359623, 62.519278820078426 ], [ -49.428627960501906, 62.519302614942248 ], [ -49.42800335123529, 62.519284769141656 ], [ -49.4276017204525, 62.519263944554126 ], [ -49.427464984736204, 62.519268837096455 ], [ -49.427462959428119, 62.519256749474543 ], [ -49.42720028366648, 62.519243128694328 ], [ -49.426738586137432, 62.519207268505895 ], [ -49.426508689065223, 62.519215492774158 ], [ -49.426505078177371, 62.519193937235208 ], [ -49.425974861323596, 62.51918364170205 ], [ -49.425747134339389, 62.519155176148438 ], [ -49.425740739843491, 62.519155404857976 ], [ -49.4257405639827, 62.519154354855992 ], [ -49.425498969752446, 62.519124155381 ], [ -49.425058769438245, 62.519153898396993 ], [ -49.424844617745919, 62.519260974177058 ], [ -49.42481348460246, 62.519275428932723 ], [ -49.42481360016594, 62.519276119063321 ], [ -49.424811864495126, 62.519276181129044 ], [ -49.424637680615618, 62.519357052248125 ], [ -49.424639830215057, 62.51936988985765 ], [ -49.424607543665658, 62.519371044336793 ], [ -49.424511492243617, 62.519415639285228 ], [ -49.42427641796511, 62.519462654570034 ], [ -49.424277713920674, 62.519470394746655 ], [ -49.424229010379825, 62.519472136100489 ], [ -49.424065343019507, 62.519504869430172 ], [ -49.423913337468768, 62.519557415040019 ], [ -49.423915594877158, 62.519570898619641 ], [ -49.423869571751908, 62.519572543997214 ], [ -49.423583503501931, 62.519671431444941 ], [ -49.423220635177152, 62.519820147671986 ], [ -49.422857766931706, 62.519962914791321 ], [ -49.422292645748506, 62.520111631163211 ], [ -49.421745369475993, 62.520290091213049 ], [ -49.421031531635236, 62.520474499500892 ], [ -49.420299847264388, 62.520623215726133 ], [ -49.419651443474308, 62.520736239720357 ], [ -49.419008988749759, 62.52081357218475 ], [ -49.418544994122165, 62.52097418656578 ], [ -49.417914437628156, 62.521105056694743 ], [ -49.417271983025827, 62.521295412949911 ], [ -49.416421325110399, 62.521473873113102 ], [ -49.415671795712775, 62.521670178596317 ], [ -49.414940110338165, 62.521890278538571 ], [ -49.414434474247855, 62.522122275927465 ], [ -49.413916942105004, 62.522318582059427 ], [ -49.413381563863275, 62.52250298975467 ], [ -49.412874769718279, 62.522666471916494 ], [ -49.412876911874221, 62.522679297881247 ], [ -49.412829801092563, 62.522680977748465 ], [ -49.412828338847099, 62.522681449434295 ], [ -49.412096655601331, 62.522853960721946 ], [ -49.411418508551016, 62.523044317034412 ], [ -49.410538107918327, 62.52324657099043 ], [ -49.410509846480302, 62.523256412190527 ], [ -49.410515257597808, 62.523288827541364 ], [ -49.410405527412109, 62.523292738068726 ], [ -49.40987185803197, 62.523478569021833 ], [ -49.409163968593276, 62.523716514660926 ], [ -49.409079026376133, 62.523766661811329 ], [ -49.409080872062709, 62.523777721835081 ], [ -49.409058970544145, 62.52377850209416 ], [ -49.408670230009456, 62.524007998699268 ], [ -49.408170544624966, 62.524305431951696 ], [ -49.407647062790055, 62.524686145505498 ], [ -49.407272297090913, 62.524995475236736 ], [ -49.406951071246333, 62.525281010922349 ], [ -49.406504920711562, 62.525566545788507 ], [ -49.405939799937748, 62.525863978869268 ], [ -49.405404420237225, 62.526179257573055 ], [ -49.404964220011109, 62.526571868166769 ], [ -49.404631095540566, 62.526910940947538 ], [ -49.404256330183266, 62.527285706445703 ], [ -49.403774490074213, 62.527595036733786 ], [ -49.403346185893277, 62.527898417529443 ], [ -49.402900037215694, 62.528189901674956 ], [ -49.402646062639533, 62.528375499705241 ], [ -49.402647578210107, 62.528384593466342 ], [ -49.402632904310515, 62.528385115389433 ], [ -49.402436042592441, 62.528528974654364 ], [ -49.401912560893408, 62.52876097259783 ], [ -49.401329592839765, 62.528975123593959 ], [ -49.400978622881503, 62.529058405116494 ], [ -49.400484885280576, 62.529195223744921 ], [ -49.400086325940116, 62.529361786568842 ], [ -49.399806339986213, 62.529532888834183 ], [ -49.399806906469678, 62.529536289931812 ], [ -49.399800395820797, 62.529536521344617 ], [ -49.399658021317094, 62.529623526778451 ], [ -49.39927730848823, 62.52986147338563 ], [ -49.398956081937463, 62.53015295681481 ], [ -49.398771672404564, 62.530438492236819 ], [ -49.398593214192012, 62.530771617075942 ], [ -49.398462343314705, 62.531033357899936 ], [ -49.39827793552287, 62.531188022740551 ], [ -49.397873426911389, 62.531384328010127 ], [ -49.397494645769122, 62.531583260877085 ], [ -49.396952128290579, 62.53182596558711 ], [ -49.39653810269099, 62.531954456922094 ], [ -49.396238290137589, 62.532118639734755 ], [ -49.396052691991251, 62.53226140778898 ], [ -49.395995586007317, 62.532432728638156 ], [ -49.395881371149272, 62.532682571996894 ], [ -49.395774295146175, 62.532839616524171 ], [ -49.395495899649319, 62.533018075888826 ], [ -49.395260332230301, 62.533210812279584 ], [ -49.395138980330863, 62.533389271778404 ], [ -49.394860582384176, 62.533567731389567 ], [ -49.394482247911213, 62.533689083684578 ], [ -49.394089636955542, 62.533867543564988 ], [ -49.393905988240583, 62.533942502636471 ], [ -49.393907008536075, 62.53394863571323 ], [ -49.393889434080137, 62.533949259440739 ], [ -49.393739857432465, 62.534010310922461 ], [ -49.393551815943198, 62.534092579640543 ], [ -49.393559055720175, 62.534136101755649 ], [ -49.39344291630308, 62.534140223209711 ], [ -49.393397214883358, 62.534160217494218 ], [ -49.393054572365649, 62.534267293268954 ], [ -49.393013764090327, 62.534276895187666 ], [ -49.393037117253094, 62.53441729926039 ], [ -49.392848657740188, 62.534423986230259 ], [ -49.392863135299159, 62.534511031346256 ], [ -49.392877612953377, 62.534598076491747 ], [ -49.392885365928706, 62.534644690095234 ], [ -49.392918942172315, 62.534681318752 ], [ -49.392918942863737, 62.534824086659803 ], [ -49.392916279857147, 62.534830553913068 ], [ -49.392935524522663, 62.534946257368567 ], [ -49.392950002653087, 62.535033302661503 ], [ -49.393138466479705, 62.535026615520891 ], [ -49.393152945321646, 62.535113660818915 ], [ -49.393167424258834, 62.535200706146426 ], [ -49.393196382418978, 62.535374796889904 ], [ -49.393384848615398, 62.535368109365592 ], [ -49.393413808389113, 62.535542200178242 ], [ -49.393602275722834, 62.535535512318994 ], [ -49.393616756368857, 62.535622557745171 ], [ -49.393627262705451, 62.535685712636187 ], [ -49.393695674746489, 62.535707316530356 ], [ -49.39381970558118, 62.535702915006631 ], [ -49.393834187034024, 62.535789960467383 ], [ -49.393839753121888, 62.535823417095983 ], [ -49.393839793106693, 62.535823460156571 ], [ -49.393841058278959, 62.535831262119622 ], [ -49.393877631964202, 62.536051097026508 ], [ -49.393876712457228, 62.536051129657871 ], [ -49.39388262350473, 62.536087580800164 ], [ -49.393775548363358, 62.536166103198255 ], [ -49.393725038066428, 62.536273438734263 ], [ -49.393732604966715, 62.536318922215948 ], [ -49.39373787996221, 62.536350629320374 ], [ -49.39374699545187, 62.536380254476576 ], [ -49.393804101485955, 62.536508745314457 ], [ -49.393836382393445, 62.53657791837405 ], [ -49.393964524396978, 62.536573370940879 ], [ -49.393979006802581, 62.536660416696478 ], [ -49.393876578325639, 62.536664051634212 ], [ -49.393904039956418, 62.536722897072174 ], [ -49.393958834243101, 62.536923811884343 ], [ -49.394022454591067, 62.536921554140186 ], [ -49.394051420259807, 62.537095645916743 ], [ -49.39394555209509, 62.537099402926252 ], [ -49.393932592214966, 62.53717975298607 ], [ -49.393900128655176, 62.53732584353115 ], [ -49.393906389296362, 62.537363472460441 ], [ -49.394080187346894, 62.538408026950712 ], [ -49.393891699673745, 62.538414715615048 ], [ -49.393935149481202, 62.538675854974194 ], [ -49.393844902006613, 62.538679057392777 ], [ -49.393825517313118, 62.538778750620246 ], [ -49.393697025729132, 62.538992902602999 ], [ -49.393625997568748, 62.539096908923234 ], [ -49.393630582237812, 62.539124464689635 ], [ -49.393606597867219, 62.539125315705959 ], [ -49.39349715147172, 62.539285575795965 ], [ -49.393261585786647, 62.53952114264208 ], [ -49.392968911056634, 62.539785262779873 ], [ -49.392540607354377, 62.539963722656246 ], [ -49.392126581371343, 62.540106490564341 ], [ -49.391691140543053, 62.540384887093538 ], [ -49.391305667331856, 62.540527655130667 ], [ -49.390770289826541, 62.540691837843994 ], [ -49.390497535343194, 62.540807665814469 ], [ -49.390498199130988, 62.540811658082355 ], [ -49.390487217314096, 62.54081204744007 ], [ -49.390320423296927, 62.54088287741493 ], [ -49.390324166133631, 62.540905389073167 ], [ -49.390262241502775, 62.540907584489069 ], [ -49.39024918778675, 62.540913127779163 ], [ -49.389955635781021, 62.540969778331529 ], [ -49.389961624777627, 62.541005802620845 ], [ -49.389773117556842, 62.541012485099458 ], [ -49.389768846911451, 62.541012636488162 ], [ -49.389442550073468, 62.541105863439931 ], [ -49.388921447201881, 62.541255769789323 ], [ -49.388535975790347, 62.541369984081996 ], [ -49.388318925284871, 62.541390081382609 ], [ -49.388322921386283, 62.541414126919456 ], [ -49.388134410842405, 62.541420806919653 ], [ -49.387757389469073, 62.541434166061393 ], [ -49.387568878639634, 62.541440845202942 ], [ -49.387566269820198, 62.541425144597468 ], [ -49.387420007876273, 62.541454217360076 ], [ -49.387067847097917, 62.541539877327239 ], [ -49.386568160778367, 62.541711198824629 ], [ -49.386092268635188, 62.541873002034912 ], [ -49.3857258322059, 62.541944385927252 ], [ -49.385354636808131, 62.541920591552369 ], [ -49.384973922861342, 62.541801618518221 ], [ -49.384517066397045, 62.541587466412153 ], [ -49.384370698237277, 62.541532363119394 ], [ -49.384112556931782, 62.541435180991932 ], [ -49.383807985388849, 62.5413828329918 ], [ -49.383470103170488, 62.541368556529761 ], [ -49.383165532228503, 62.541363797532391 ], [ -49.38294662177973, 62.541325726307292 ], [ -49.382646809097317, 62.541230547575722 ], [ -49.382492221189409, 62.541182807308246 ], [ -49.38240681480913, 62.541185829764245 ], [ -49.382218304399203, 62.541192500769924 ], [ -49.38220415251272, 62.54110722543264 ], [ -49.382056702143245, 62.541078262050192 ], [ -49.381855519066036, 62.541030218386013 ], [ -49.381812393470327, 62.54103174435523 ], [ -49.381810350327832, 62.541019431766657 ], [ -49.381737855246371, 62.541002119368365 ], [ -49.381590037172415, 62.540952052205242 ], [ -49.381420930915212, 62.540958035477608 ], [ -49.381409033543306, 62.540886331589718 ], [ -49.381378455253781, 62.540871978524606 ], [ -49.38121797905518, 62.540877656196237 ], [ -49.381203606796369, 62.540791032183051 ], [ -49.381024018070157, 62.540740378901859 ], [ -49.3809050448533, 62.540683271427056 ], [ -49.38088039110459, 62.540626920431237 ], [ -49.380797637728158, 62.540629847974166 ], [ -49.380768755400503, 62.540455750576335 ], [ -49.380957260926635, 62.540449081793149 ], [ -49.380942819288798, 62.540362033162786 ], [ -49.381131324103357, 62.540355364117715 ], [ -49.381116881944003, 62.540268315541198 ], [ -49.381102439879669, 62.540181266994161 ], [ -49.381290943366118, 62.540174597711541 ], [ -49.381276500780281, 62.540087549218342 ], [ -49.381262058289479, 62.540000500754608 ], [ -49.381450560447824, 62.539993831234455 ], [ -49.381602163462084, 62.539988467057334 ], [ -49.381628399102055, 62.539969433041648 ], [ -49.381635145890776, 62.539963556923368 ], [ -49.38162461888232, 62.539900113042528 ], [ -49.381610175348534, 62.539813064686456 ], [ -49.381595731909783, 62.539726016359872 ], [ -49.381784232028501, 62.539719346340291 ], [ -49.381769788068269, 62.539632298067538 ], [ -49.381755344203086, 62.539545249824286 ], [ -49.381943842993742, 62.539538579567171 ], [ -49.381929398607085, 62.539451531377736 ], [ -49.382117896686196, 62.539444860858772 ], [ -49.382103451778086, 62.539357812723161 ], [ -49.38229194914566, 62.539351141942319 ], [ -49.382277503716104, 62.539264093860552 ], [ -49.3826544969331, 62.539250751488972 ], [ -49.382640050365609, 62.53916370348535 ], [ -49.382828546215045, 62.539157031894604 ], [ -49.382814099126129, 62.539069983944827 ], [ -49.383002594264021, 62.539063312092217 ], [ -49.382988146653688, 62.538976264196272 ], [ -49.383176641080048, 62.538969592081813 ], [ -49.383162192948298, 62.538882544239698 ], [ -49.383350686663114, 62.538875871863389 ], [ -49.38333623800996, 62.538788824075112 ], [ -49.38332178945187, 62.538701776316309 ], [ -49.383510281838696, 62.538695103702501 ], [ -49.383495832759216, 62.538608055997543 ], [ -49.383307340988857, 62.538614728587007 ], [ -49.383292892620901, 62.538527680887199 ], [ -49.383481383774807, 62.538521008322071 ], [ -49.383466934885469, 62.538433960676102 ], [ -49.383655425327852, 62.538427287849125 ], [ -49.383640975917132, 62.538340240256979 ], [ -49.383612077380903, 62.538166145161171 ], [ -49.383800565878893, 62.538159472121045 ], [ -49.383786116136946, 62.538072424641719 ], [ -49.383771666490077, 62.537985377191902 ], [ -49.383742767481536, 62.537811282380709 ], [ -49.383931253418751, 62.537804609151777 ], [ -49.384119739260896, 62.537797935636668 ], [ -49.384105288666397, 62.537710888323993 ], [ -49.384293773797047, 62.537704214547063 ], [ -49.384279322681223, 62.537617167288239 ], [ -49.384467807100386, 62.53761049324946 ], [ -49.384453355463222, 62.537523446044482 ], [ -49.384641839170904, 62.537516771743874 ], [ -49.3848303227835, 62.53751009715711 ], [ -49.384815870008616, 62.537423050030291 ], [ -49.384801417328831, 62.537336002932996 ], [ -49.384989899613537, 62.537329328108747 ], [ -49.384975446412447, 62.537242281065275 ], [ -49.38496099330645, 62.537155234051305 ], [ -49.384946540295537, 62.537068187066815 ], [ -49.385135020636, 62.537061512029453 ], [ -49.385120567103797, 62.536974465098808 ], [ -49.385309046732793, 62.536967789799618 ], [ -49.38549752626669, 62.536961114214272 ], [ -49.385483071596838, 62.536874067361815 ], [ -49.385671550419268, 62.536867391514662 ], [ -49.385657095228154, 62.536780344716057 ], [ -49.385628185131218, 62.536606251207324 ], [ -49.385613730225408, 62.536519204497203 ], [ -49.385425253868419, 62.536525880246955 ], [ -49.38538189157061, 62.536264740220481 ], [ -49.385570366078561, 62.536258064543759 ], [ -49.385555911553126, 62.536171017951609 ], [ -49.385541457122805, 62.536083971388955 ], [ -49.385918403388054, 62.536070619274476 ], [ -49.385903947820168, 62.535983572790009 ], [ -49.386092420193819, 62.535976896327888 ], [ -49.3860779641047, 62.535889849897281 ], [ -49.38626643576692, 62.53588317317336 ], [ -49.38625197915659, 62.535796126796583 ], [ -49.38622306622127, 62.535622034131521 ], [ -49.386215372992886, 62.53557571074036 ], [ -49.386196964156625, 62.535562671167668 ], [ -49.386170626587983, 62.535536333446409 ], [ -49.386020140699294, 62.535541664469719 ], [ -49.386005685085699, 62.53545461818657 ], [ -49.385991229567203, 62.535367571932909 ], [ -49.385976774143799, 62.535280525708735 ], [ -49.386108433434778, 62.535275861640628 ], [ -49.386111304794674, 62.535248582517831 ], [ -49.386111303847819, 62.535110574123621 ], [ -49.386130037515223, 62.535061868191271 ], [ -49.386107418284119, 62.53492566465097 ], [ -49.386092962719935, 62.53483861859862 ], [ -49.386086799381204, 62.53480150509089 ], [ -49.386082751358629, 62.534801243916441 ], [ -49.385778180063021, 62.534763172491459 ], [ -49.385774471796317, 62.53476234302164 ], [ -49.385701579854974, 62.534764925104263 ], [ -49.385698322702837, 62.534745309859879 ], [ -49.3854165025976, 62.53468227126131 ], [ -49.385078619309496, 62.53459661060343 ], [ -49.384816877704047, 62.534510949892095 ], [ -49.384708791359699, 62.534449857156055 ], [ -49.384701456031301, 62.534450116939851 ], [ -49.384699568858736, 62.534438749276468 ], [ -49.384643231440712, 62.534364621156165 ], [ -49.38449854411683, 62.534369745176662 ], [ -49.384484094148313, 62.534282699135986 ], [ -49.384590466412277, 62.534278932039911 ], [ -49.384550378859821, 62.534201620102351 ], [ -49.384542680620733, 62.534193066606839 ], [ -49.384469644274844, 62.534195653124819 ], [ -49.384455194496439, 62.534108607143132 ], [ -49.384452600013987, 62.534092977830596 ], [ -49.384421886921942, 62.53405885226244 ], [ -49.384335920078868, 62.533937715760793 ], [ -49.384237836976332, 62.53394118914305 ], [ -49.384223388099329, 62.533854143225518 ], [ -49.384215581752748, 62.533807114389582 ], [ -49.384150628465569, 62.533792352548694 ], [ -49.384066845132708, 62.533772129125744 ], [ -49.384020482206338, 62.533773770877438 ], [ -49.384018263289889, 62.533760402515988 ], [ -49.383874610763314, 62.533725727723457 ], [ -49.38368425401147, 62.533697174150944 ], [ -49.383536727685197, 62.53364958492466 ], [ -49.383493898146455, 62.533573442438268 ], [ -49.38347836430318, 62.533530294211069 ], [ -49.383411771922084, 62.533532652001369 ], [ -49.383397325985193, 62.533445606133967 ], [ -49.383208870958889, 62.533452278432065 ], [ -49.383194425733237, 62.533365232569821 ], [ -49.383179980602613, 62.533278186737085 ], [ -49.383368434396488, 62.533271514487645 ], [ -49.383353988744673, 62.53318446870874 ], [ -49.383339543187887, 62.533097422959322 ], [ -49.383325097726129, 62.533010377239407 ], [ -49.383310652359398, 62.532923331548993 ], [ -49.383281761911, 62.532749240256642 ], [ -49.38326731682934, 62.532662194654726 ], [ -49.383078867348829, 62.5326688667338 ], [ -49.383049978702921, 62.532494775569788 ], [ -49.383035534522492, 62.53240773003202 ], [ -49.382847086795493, 62.532414401751986 ], [ -49.382832643326239, 62.532327356219398 ], [ -49.382644196120395, 62.532334027628913 ], [ -49.382629753362323, 62.532246982101491 ], [ -49.382622760216634, 62.532204834689608 ], [ -49.382584942943112, 62.532193354394934 ], [ -49.382448777859281, 62.532165831955133 ], [ -49.382426864630737, 62.532166607678313 ], [ -49.382425971093255, 62.53216122210555 ], [ -49.382137604960036, 62.532102935203554 ], [ -49.382077909934637, 62.532091403368213 ], [ -49.382035531489109, 62.532092903428065 ], [ -49.382033871276924, 62.532082895992446 ], [ -49.381718819875161, 62.532022033842622 ], [ -49.381692702328245, 62.532017481307172 ], [ -49.381644200527148, 62.53201919796556 ], [ -49.381642463097755, 62.532008724114526 ], [ -49.381200097327323, 62.531931614289107 ], [ -49.380662338230067, 62.531822158903125 ], [ -49.380369486243183, 62.531714082315695 ], [ -49.380267341987548, 62.531717696497786 ], [ -49.380260080034489, 62.531673904514129 ], [ -49.380126307771569, 62.531635130283526 ], [ -49.380064464487994, 62.531637318385648 ], [ -49.3798760214979, 62.531643985570732 ], [ -49.379863893378641, 62.531570842173771 ], [ -49.379775291502781, 62.531559993081395 ], [ -49.379673145751831, 62.531563606842937 ], [ -49.379670417354845, 62.531547151394712 ], [ -49.379467849137619, 62.531522346927112 ], [ -49.379049063351559, 62.531484275135647 ], [ -49.378639796646382, 62.531512829235062 ], [ -49.378221011762307, 62.531536623897601 ], [ -49.377730843956336, 62.531455721942052 ], [ -49.377235915635829, 62.531389096905919 ], [ -49.377218328763647, 62.531387761237241 ], [ -49.376991669685303, 62.531395775322871 ], [ -49.376987436007639, 62.531370225401993 ], [ -49.376859960035411, 62.531360543667567 ], [ -49.376250818701223, 62.531365301869911 ], [ -49.375746372024416, 62.531260605781384 ], [ -49.375275238640747, 62.531198740376958 ], [ -49.374846936423971, 62.53118922185633 ], [ -49.374521347986992, 62.531132870368459 ], [ -49.374484253700295, 62.531134181156247 ], [ -49.374482935627633, 62.531126222046282 ], [ -49.374352008015798, 62.531103561285427 ], [ -49.373804732523112, 62.53104169521059 ], [ -49.373343117741257, 62.530960794154453 ], [ -49.372805358098823, 62.530870374588694 ], [ -49.372186698707722, 62.530789472848888 ], [ -49.371529968002164, 62.530684776604701 ], [ -49.371191044617788, 62.530637622465534 ], [ -49.371179915442298, 62.530638015440466 ], [ -49.371179586616471, 62.530636028304009 ], [ -49.370982691170099, 62.530608633878607 ], [ -49.37043541614932, 62.530513455188334 ], [ -49.369778684231584, 62.530423035788282 ], [ -49.369472083972546, 62.530348089010218 ], [ -49.369426375268638, 62.530349702372078 ], [ -49.369237938769722, 62.530356353360084 ], [ -49.369229804583007, 62.530307174948724 ], [ -49.368836418730702, 62.530270750198412 ], [ -49.368342607292519, 62.530125287464472 ], [ -49.368252571615209, 62.530128464600693 ], [ -49.368247408942274, 62.530097244351893 ], [ -49.368222516194805, 62.530089911534183 ], [ -49.368051133810681, 62.530048018281768 ], [ -49.368049742788813, 62.530048067364838 ], [ -49.368049675737247, 62.530047661864131 ], [ -49.36779421401652, 62.529985215315634 ], [ -49.367729097186775, 62.529971826864909 ], [ -49.367658481018779, 62.529974318401848 ], [ -49.367470046748259, 62.529980966693692 ], [ -49.36745936649541, 62.529916367950946 ], [ -49.367285009302257, 62.529880518206667 ], [ -49.366923332073384, 62.529818652765321 ], [ -49.366514063809511, 62.529780580941164 ], [ -49.366185697695322, 62.529780581145147 ], [ -49.366116034363834, 62.529766068039486 ], [ -49.365919409537085, 62.529773002891147 ], [ -49.365911210969998, 62.529723396445256 ], [ -49.36584305543208, 62.529709197253091 ], [ -49.365371921691555, 62.52966636682811 ], [ -49.364919824611832, 62.529590224386034 ], [ -49.364790040350883, 62.529550167651443 ], [ -49.364745660775711, 62.529551732456817 ], [ -49.364743003543936, 62.52953565010592 ], [ -49.364535451622388, 62.529471590422816 ], [ -49.364354415549734, 62.529477973221802 ], [ -49.364345761732864, 62.529425592856548 ], [ -49.364220047297003, 62.529395156839144 ], [ -49.364151603549317, 62.529397569826749 ], [ -49.364148336737564, 62.529377795310836 ], [ -49.364082254800095, 62.529361796447681 ], [ -49.363687263867035, 62.529209510837916 ], [ -49.363468353144924, 62.529042948678985 ], [ -49.363335158779691, 62.528988583419881 ], [ -49.363325990372715, 62.528988906593341 ], [ -49.36332527034947, 62.528984547296041 ], [ -49.363235167054718, 62.528947770078943 ], [ -49.363141520572533, 62.528907855411617 ], [ -49.363123185243794, 62.528908501678494 ], [ -49.363121681935809, 62.528899399623583 ], [ -49.362951796296088, 62.528826989220256 ], [ -49.362920381347017, 62.528828096458618 ], [ -49.362918851585995, 62.528818833781607 ], [ -49.362659337345548, 62.528766930799691 ], [ -49.362617625835199, 62.528751213622236 ], [ -49.362529151904084, 62.528754331685583 ], [ -49.362522732216831, 62.528715456951041 ], [ -49.362330970745681, 62.528643199200985 ], [ -49.362199539652984, 62.528503288220605 ], [ -49.362109178081234, 62.528506472529081 ], [ -49.362094804942771, 62.528419425987451 ], [ -49.36190638034509, 62.528426065784188 ], [ -49.36189200791722, 62.528339019247888 ], [ -49.361877635583866, 62.528251972741096 ], [ -49.361689212123757, 62.528258612203331 ], [ -49.361674840500989, 62.52817156570184 ], [ -49.361778070610683, 62.528167928228022 ], [ -49.361740865225649, 62.528143511986165 ], [ -49.361650444890422, 62.52809116364417 ], [ -49.361626651270718, 62.52801502137762 ], [ -49.361645514149174, 62.527993939237788 ], [ -49.361631726199811, 62.527910426374511 ], [ -49.361617354955136, 62.527823379991105 ], [ -49.361602983804978, 62.527736333637229 ], [ -49.361588612749337, 62.527649287312883 ], [ -49.361777031897226, 62.527642648020134 ], [ -49.361762660320089, 62.527555601749512 ], [ -49.361748288837482, 62.527468555508406 ], [ -49.361733917449385, 62.527381509296831 ], [ -49.361922334654722, 62.527374869790656 ], [ -49.362095672710701, 62.527368761392808 ], [ -49.362108516808256, 62.527354694181348 ], [ -49.362082006808905, 62.527194137760667 ], [ -49.362067634472382, 62.527107091686084 ], [ -49.362256049640663, 62.527100451680404 ], [ -49.362241676782673, 62.527013405659559 ], [ -49.362227304019221, 62.526926359668231 ], [ -49.362415717861005, 62.52691971942491 ], [ -49.362401344576092, 62.526832673487334 ], [ -49.362589757707369, 62.526826032982171 ], [ -49.362575383901017, 62.526738987098319 ], [ -49.362561010189197, 62.526651941243983 ], [ -49.362749421993989, 62.526645300501208 ], [ -49.362735047760729, 62.526558254700603 ], [ -49.363111869854777, 62.526544972405297 ], [ -49.36309749448413, 62.52645792668266 ], [ -49.363285904773377, 62.526451285130129 ], [ -49.363271528881327, 62.526364239461245 ], [ -49.363459938460068, 62.526357597646872 ], [ -49.363445562046614, 62.526270552031725 ], [ -49.363633970914861, 62.526263909955524 ], [ -49.363619593980005, 62.526176864394117 ], [ -49.36399641020094, 62.526163579432001 ], [ -49.36398203212876, 62.526076533948562 ], [ -49.363967654151132, 62.525989488494645 ], [ -49.363953276268063, 62.525902443070244 ], [ -49.36414168238889, 62.525895800232782 ], [ -49.364330088415159, 62.525889157109255 ], [ -49.364315709394795, 62.525802111762829 ], [ -49.36430133046899, 62.525715066445926 ], [ -49.364489735168846, 62.525708423084815 ], [ -49.364475355721694, 62.525621377821643 ], [ -49.364663759711071, 62.525614734198726 ], [ -49.364649379742566, 62.525527688989314 ], [ -49.364837783021457, 62.52552104510454 ], [ -49.36482340253162, 62.525433999948888 ], [ -49.365011805100032, 62.525427355802314 ], [ -49.36499742408887, 62.5253403107004 ], [ -49.365185825946789, 62.52533366629202 ], [ -49.365374227710134, 62.525327021597583 ], [ -49.365359845561755, 62.525239976573651 ], [ -49.365548246614622, 62.525233331617414 ], [ -49.365925048436601, 62.525220040846804 ], [ -49.365910664535129, 62.525132995925091 ], [ -49.366099064688328, 62.525126350134954 ], [ -49.366084680265573, 62.525039305267001 ], [ -49.3662730797083, 62.525032659215071 ], [ -49.366287464746939, 62.525119704058781 ], [ -49.366475864710949, 62.525113057696579 ], [ -49.366461479056419, 62.525026012877092 ], [ -49.366649878309936, 62.52501936625309 ], [ -49.366635492134137, 62.524932321487356 ], [ -49.366823890677168, 62.52492567460154 ], [ -49.366809503980107, 62.524838629889565 ], [ -49.366997901812653, 62.524831982741958 ], [ -49.366983514594331, 62.524744938083749 ], [ -49.366969127470618, 62.524657893455043 ], [ -49.367157523976822, 62.52465124606988 ], [ -49.367143136331869, 62.52456420149494 ], [ -49.367128748781532, 62.52447715694953 ], [ -49.367317143961408, 62.524470509326818 ], [ -49.367505539046654, 62.524463861418063 ], [ -49.367491150359236, 62.52437681695065 ], [ -49.36746237326826, 62.524202728104385 ], [ -49.367447984864704, 62.524115683725533 ], [ -49.367636377391968, 62.524109035627724 ], [ -49.367621988467192, 62.524021991302639 ], [ -49.367607599637054, 62.523934947007064 ], [ -49.367795990838026, 62.52392829867172 ], [ -49.367781601486676, 62.523841254429911 ], [ -49.367767212229964, 62.523754210217632 ], [ -49.367955602104672, 62.523747561644733 ], [ -49.36814399188475, 62.523740912785833 ], [ -49.368129601491027, 62.52365386865155 ], [ -49.368317990560662, 62.523647219530865 ], [ -49.368506379535667, 62.523640570124151 ], [ -49.36869476841602, 62.523633920431436 ], [ -49.368680376269509, 62.523546876399415 ], [ -49.368868764439419, 62.523540226444915 ], [ -49.368883157201743, 62.523627270452685 ], [ -49.369259934489236, 62.523613969637147 ], [ -49.369448322990998, 62.523607318800345 ], [ -49.369636711398108, 62.523600667677535 ], [ -49.370013487928325, 62.523587364573842 ], [ -49.370578652013606, 62.523567407773179 ], [ -49.370767039852666, 62.523560754934252 ], [ -49.370781438867688, 62.523647798729002 ], [ -49.370969827227867, 62.523641145579816 ], [ -49.370955427597046, 62.52355410180931 ], [ -49.371143815246739, 62.523547448398347 ], [ -49.371332202801732, 62.52354079470139 ], [ -49.371317802034014, 62.523453751008923 ], [ -49.371506188878513, 62.523447097050209 ], [ -49.371694575628311, 62.523440442805466 ], [ -49.371708977627613, 62.523527486449396 ], [ -49.372274139156126, 62.523507521926291 ], [ -49.372462526142861, 62.523500866513217 ], [ -49.372650913034875, 62.523494210814142 ], [ -49.372665318207844, 62.523581254366263 ], [ -49.372674872347098, 62.52363898514853 ], [ -49.372835566922276, 62.523662791784183 ], [ -49.373244887277956, 62.523648328988948 ], [ -49.373230480162874, 62.523561285480142 ], [ -49.373418867291747, 62.523554628612729 ], [ -49.373984028109867, 62.523534656294416 ], [ -49.37436080151484, 62.523521339985479 ], [ -49.374346390799786, 62.523434296651828 ], [ -49.374534776744348, 62.52342763809262 ], [ -49.374723162594144, 62.523420979247398 ], [ -49.374911548349168, 62.523414320116167 ], [ -49.375099934009413, 62.523407660698929 ], [ -49.375085520926021, 62.523320617491919 ], [ -49.375273905875716, 62.523313957812945 ], [ -49.375259492271333, 62.52322691465973 ], [ -49.375447876510471, 62.523220254719021 ], [ -49.375824644704394, 62.523206933979608 ], [ -49.376578179954691, 62.523180289068662 ], [ -49.376563762134751, 62.523093246114968 ], [ -49.376752145094549, 62.523086584196513 ], [ -49.376766563530254, 62.523173627125914 ], [ -49.376954947011001, 62.523166964897158 ], [ -49.376969366157276, 62.523254007831767 ], [ -49.377346134065832, 62.523240682467637 ], [ -49.377331713688037, 62.523153639581615 ], [ -49.377520096884325, 62.523146976494829 ], [ -49.378085245904174, 62.523126985518452 ], [ -49.378273628721118, 62.523120321287649 ], [ -49.378259205359385, 62.523033278552624 ], [ -49.378447587465722, 62.523026614060107 ], [ -49.378635969477223, 62.523019949281604 ], [ -49.378650394070455, 62.523106991968028 ], [ -49.378838776602848, 62.523100326879216 ], [ -49.378824351393867, 62.523013284217086 ], [ -49.379012733215653, 62.523006618866575 ], [ -49.378998307485787, 62.522919576258261 ], [ -49.379563450534739, 62.522899578563603 ], [ -49.379940212093032, 62.522886245337162 ], [ -49.379925783379335, 62.522799202879888 ], [ -49.380114163400428, 62.522792535861967 ], [ -49.380099734165888, 62.522705493458517 ], [ -49.380288113476368, 62.522698826178924 ], [ -49.380476492691962, 62.522692158613317 ], [ -49.38066487181267, 62.522685490761724 ], [ -49.380853250838477, 62.522678822624115 ], [ -49.381230008605407, 62.52266548549094 ], [ -49.381795144543993, 62.522645477646194 ], [ -49.381780709862845, 62.522558435491071 ], [ -49.381969087703489, 62.522551765661817 ], [ -49.382345843100019, 62.522538425145306 ], [ -49.382331406666651, 62.522451383092672 ], [ -49.38251978360681, 62.522444712429746 ], [ -49.382708160452047, 62.522438041480832 ], [ -49.382896537202349, 62.522431370245926 ], [ -49.383273290418117, 62.522418026918125 ], [ -49.383258851001152, 62.522330985016623 ], [ -49.383447226850919, 62.522324312948065 ], [ -49.383432786913204, 62.522237271100387 ], [ -49.383621162052322, 62.522230598770157 ], [ -49.383606721593871, 62.522143556976324 ], [ -49.383592281230364, 62.522056515211986 ], [ -49.383780655043147, 62.522049842644428 ], [ -49.38396902876098, 62.522043169790898 ], [ -49.383954587261066, 62.521956128104733 ], [ -49.38414296026825, 62.521949454989532 ], [ -49.384128518247614, 62.521862413357205 ], [ -49.384316890544163, 62.52185573998036 ], [ -49.384302448002828, 62.521768698401871 ], [ -49.384288005556442, 62.521681656852898 ], [ -49.384476376526685, 62.521674983238718 ], [ -49.384461933559614, 62.521587941743583 ], [ -49.384650303819221, 62.521581267867759 ], [ -49.384635860331457, 62.521494226426469 ], [ -49.384824229880437, 62.521487552289003 ], [ -49.384809785871987, 62.52140051090155 ], [ -49.384998154710338, 62.521393836502433 ], [ -49.384983710181217, 62.521306795168826 ], [ -49.385172078308948, 62.521300120508066 ], [ -49.385186523453719, 62.521387161817351 ], [ -49.38556326065553, 62.521373811589228 ], [ -49.38554881427946, 62.521286770328636 ], [ -49.385737182122242, 62.521280094809946 ], [ -49.385722735225521, 62.521193053603199 ], [ -49.38591110235766, 62.521186377822858 ], [ -49.385896654940296, 62.52109933666997 ], [ -49.38586776039056, 62.520925254452678 ], [ -49.385853313258174, 62.520838213388295 ], [ -49.385838866220787, 62.520751172353428 ], [ -49.385824419278386, 62.520664131348063 ], [ -49.385636055839996, 62.520670806982352 ], [ -49.385621609608201, 62.52058376598216 ], [ -49.385592717429567, 62.520409684070287 ], [ -49.385404355743013, 62.520416359345603 ], [ -49.385398075943378, 62.520378520221954 ], [ -49.385355587673352, 62.520372192077488 ], [ -49.385275589216654, 62.520333369650587 ], [ -49.385201549245849, 62.520335993374594 ], [ -49.385194590585186, 62.520294061686904 ], [ -49.384870178064013, 62.520136625346062 ], [ -49.384610127164194, 62.520094291645307 ], [ -49.384593137141522, 62.520094893630827 ], [ -49.38459256281272, 62.520091432319241 ], [ -49.3845632279846, 62.520086656853522 ], [ -49.38418489361451, 62.520036688471116 ], [ -49.384002539140205, 62.519940712944454 ], [ -49.383999176570157, 62.519940832070276 ], [ -49.383998833211578, 62.519938762456512 ], [ -49.383913634724252, 62.5198939210606 ], [ -49.383808048878294, 62.519772498050479 ], [ -49.38378193823894, 62.519773423034174 ], [ -49.383775592837914, 62.519735173593482 ], [ -49.383770866208543, 62.519729737959146 ], [ -49.383755533274709, 62.519686806015493 ], [ -49.383579141591206, 62.519693054622245 ], [ -49.383550263813447, 62.519518972872959 ], [ -49.383535825066964, 62.519431932042586 ], [ -49.383696434827939, 62.519426242521085 ], [ -49.383692344532662, 62.519287158187787 ], [ -49.383692344611319, 62.519233351928122 ], [ -49.383651984834948, 62.518990056045347 ], [ -49.383637546042507, 62.51890301541637 ], [ -49.383623107344995, 62.51881597481691 ], [ -49.383811458095387, 62.518809302291572 ], [ -49.383797018877274, 62.518722261745935 ], [ -49.383985368917209, 62.518715588958969 ], [ -49.383970929178496, 62.518628548467191 ], [ -49.384347627742493, 62.518615202084071 ], [ -49.384333186867671, 62.518528161670453 ], [ -49.384521535391741, 62.51852148807432 ], [ -49.384709883820854, 62.518514814192223 ], [ -49.384695441809953, 62.518427773856786 ], [ -49.384883789528601, 62.51842109971308 ], [ -49.384869346997135, 62.518334059431467 ], [ -49.385057694005319, 62.518327385026161 ], [ -49.385043250953302, 62.5182403447984 ], [ -49.385028807996235, 62.518153304600148 ], [ -49.385014365134126, 62.518066264431411 ], [ -49.38498547969477, 62.517892184182479 ], [ -49.385173823530522, 62.517885509612881 ], [ -49.385362167271303, 62.517878834757362 ], [ -49.385927197923898, 62.517858808475175 ], [ -49.385912752269235, 62.517771768516646 ], [ -49.386101095014681, 62.517765092541723 ], [ -49.386289437665148, 62.517758416280863 ], [ -49.386274990874504, 62.517671376400521 ], [ -49.386260544178839, 62.517584336549703 ], [ -49.386448885503384, 62.517577660051572 ], [ -49.386434438287225, 62.517490620254605 ], [ -49.386419991166044, 62.517403580487134 ], [ -49.386405544139848, 62.517316540749178 ], [ -49.386376650372391, 62.5171424613618 ], [ -49.386445224093144, 62.51714003042963 ], [ -49.386433482699474, 62.517095674398767 ], [ -49.386408349504642, 62.517053785850194 ], [ -49.38636220363113, 62.517055421712378 ], [ -49.386347756984847, 62.516968382092465 ], [ -49.386344181224416, 62.516946838404522 ], [ -49.386326407238776, 62.516917214858388 ], [ -49.386322529622682, 62.516816388420722 ], [ -49.386318863977195, 62.516794302941179 ], [ -49.386275525178014, 62.516533184435595 ], [ -49.386087191238801, 62.516539860641643 ], [ -49.386072745777767, 62.516452821174454 ], [ -49.386043855140592, 62.516278742328645 ], [ -49.38623218723356, 62.516272066195612 ], [ -49.38621774144201, 62.516185026841292 ], [ -49.386174404637167, 62.515923908955472 ], [ -49.386159959225481, 62.515836869719216 ], [ -49.385971630209504, 62.515843545730583 ], [ -49.385942740901783, 62.51566946729794 ], [ -49.385939528298607, 62.515650108966319 ], [ -49.385912382211465, 62.515639444282485 ], [ -49.385791028723901, 62.515632305962491 ], [ -49.385786543221506, 62.515587452889342 ], [ -49.385739969125574, 62.515589103778325 ], [ -49.385725525324482, 62.515502064611461 ], [ -49.385537198580117, 62.51550873995366 ], [ -49.385522755489355, 62.515421700791961 ], [ -49.385711081618339, 62.515415025474098 ], [ -49.385696638007147, 62.515327986366266 ], [ -49.385884963425816, 62.515321310786831 ], [ -49.385870519294215, 62.51523427173283 ], [ -49.386058844002577, 62.51522759589183 ], [ -49.38604439935056, 62.515140556891687 ], [ -49.386232723348598, 62.515133880789122 ], [ -49.386218278176194, 62.515046841842825 ], [ -49.386203833098733, 62.514959802926036 ], [ -49.386392155771119, 62.514953126586235 ], [ -49.386377710173285, 62.514866087723306 ], [ -49.386334373949524, 62.514604971311606 ], [ -49.38652269406559, 62.514598294783255 ], [ -49.386711014086707, 62.514591617969018 ], [ -49.386696567638047, 62.51450457927281 ], [ -49.386682121284352, 62.514417540606118 ], [ -49.386870439979852, 62.514410863554666 ], [ -49.386855993105804, 62.51432382494184 ], [ -49.38666767502562, 62.514330501968956 ], [ -49.38665322886186, 62.514243463361296 ], [ -49.386650463529321, 62.514226802080749 ], [ -49.386462037215203, 62.514197491431901 ], [ -49.386219332370068, 62.514133245281563 ], [ -49.385876688938922, 62.514090415099723 ], [ -49.385790158447115, 62.514011408829347 ], [ -49.385668311421284, 62.514015728075904 ], [ -49.38565386871386, 62.513928689464628 ], [ -49.38546555314052, 62.513935364654721 ], [ -49.38545111114334, 62.513848326048638 ], [ -49.385436669241088, 62.513761287472057 ], [ -49.385432078284978, 62.513733618545949 ], [ -49.385379993716164, 62.513675745934989 ], [ -49.385233913611387, 62.513680923756205 ], [ -49.385205031512115, 62.513506846701979 ], [ -49.385256540105971, 62.513505020996909 ], [ -49.385198622575537, 62.513419523530118 ], [ -49.385190590604864, 62.513419808219119 ], [ -49.385184839985641, 62.513385147837603 ], [ -49.385129529229928, 62.51324687193366 ], [ -49.384973398234237, 62.513252405765662 ], [ -49.384958958227038, 62.513165367347042 ], [ -49.384944518314747, 62.513078328957938 ], [ -49.384940566161944, 62.513054506764817 ], [ -49.384868437102952, 62.512993475329083 ], [ -49.384741769407348, 62.512997964663164 ], [ -49.384727330300151, 62.512910926308749 ], [ -49.384722535000812, 62.512882020318202 ], [ -49.38461064850371, 62.51282751155636 ], [ -49.384524583333445, 62.512830561714161 ], [ -49.384516465901257, 62.512781627519068 ], [ -49.38447756573995, 62.512762676008869 ], [ -49.384441454031993, 62.512745957765716 ], [ -49.384321837597234, 62.512750196814558 ], [ -49.384311125985946, 62.512685620959779 ], [ -49.38426579201397, 62.512664633004533 ], [ -49.384119093091535, 62.512669831609948 ], [ -49.38410595686927, 62.512590634850589 ], [ -49.384092093137205, 62.51258421639313 ], [ -49.383926755842737, 62.512501547508364 ], [ -49.383901913644642, 62.512502427796221 ], [ -49.383899507964799, 62.512487923462253 ], [ -49.38384938880467, 62.512462863634859 ], [ -49.383643577845973, 62.51242403188246 ], [ -49.38351086695738, 62.5124287341661 ], [ -49.383505775095472, 62.512398031449777 ], [ -49.3834710547561, 62.512391480432306 ], [ -49.383361738870384, 62.512346468250449 ], [ -49.383308127373624, 62.512348367741495 ], [ -49.383303860101641, 62.512322635846608 ], [ -49.383165963984972, 62.512265854892682 ], [ -49.383105389020336, 62.512268001011918 ], [ -49.383100825119499, 62.512240479073839 ], [ -49.382664417445277, 62.512163051876051 ], [ -49.382286083655785, 62.512098806745414 ], [ -49.382036240582501, 62.512070252995528 ], [ -49.381993410226507, 62.51201314578347 ], [ -49.382064792803092, 62.511948900124082 ], [ -49.382104523998663, 62.511943419991802 ], [ -49.38209171571075, 62.511866162789218 ], [ -49.382280017420889, 62.511859492781213 ], [ -49.382265587024861, 62.511772454548236 ], [ -49.382236726517348, 62.511598378170838 ], [ -49.382048426652837, 62.51160504810592 ], [ -49.38201104777891, 62.5113795790528 ], [ -49.381872056273941, 62.511327861037316 ], [ -49.381800672489867, 62.5112636156855 ], [ -49.381795316471887, 62.511220763949353 ], [ -49.381787983236478, 62.511176527085162 ], [ -49.381773554829586, 62.511089489039719 ], [ -49.38175912651753, 62.511002451023806 ], [ -49.381744698300302, 62.510915413037424 ], [ -49.381932993338147, 62.510908743582704 ], [ -49.381918564600589, 62.51082170565013 ], [ -49.382106858928424, 62.510815035933867 ], [ -49.382092429670529, 62.510727998055138 ], [ -49.382078000507477, 62.51064096020594 ], [ -49.382266293510149, 62.510634290252426 ], [ -49.382398340536966, 62.510629612542679 ], [ -49.382443472747973, 62.510560586862638 ], [ -49.382440156119443, 62.510540582242008 ], [ -49.382425725915759, 62.510453544500464 ], [ -49.382411295806911, 62.510366506788451 ], [ -49.382599586774447, 62.510359836336193 ], [ -49.382585156145296, 62.510272798678002 ], [ -49.382570725611004, 62.510185761049328 ], [ -49.382759015253399, 62.510179090359841 ], [ -49.383135594253645, 62.510165748123327 ], [ -49.383121161968795, 62.510078710597121 ], [ -49.383309450711501, 62.510072039074409 ], [ -49.38329501790637, 62.50998500160204 ], [ -49.383483305939095, 62.509978329817805 ], [ -49.383671593876947, 62.509971657747705 ], [ -49.383686027912326, 62.510058695171438 ], [ -49.383874316370438, 62.510052022791186 ], [ -49.383859881719935, 62.509964985391782 ], [ -49.384048169468052, 62.509958312750015 ], [ -49.384236457121297, 62.509951639822404 ], [ -49.384222021335425, 62.509864602501153 ], [ -49.384410308278675, 62.50985792931202 ], [ -49.384395871972565, 62.509770892044621 ], [ -49.384584158205811, 62.509764218593965 ], [ -49.384569721379478, 62.509677181380404 ], [ -49.384555284648023, 62.509590144196373 ], [ -49.384743569556178, 62.509583470508524 ], [ -49.384729132304507, 62.509496433378331 ], [ -49.384917416502674, 62.509489759428973 ], [ -49.384902978730793, 62.509402722352625 ], [ -49.385091262218971, 62.509396048141753 ], [ -49.385279545612256, 62.509389373645057 ], [ -49.385467828910642, 62.509382698862524 ], [ -49.385453389388388, 62.509295661888665 ], [ -49.385641671976785, 62.509288986844631 ], [ -49.385829954470275, 62.509282311514752 ], [ -49.385844395222705, 62.509369348439947 ], [ -49.386409243978981, 62.509349320662331 ], [ -49.386394801381286, 62.509262283810116 ], [ -49.386583083495125, 62.509255607336925 ], [ -49.387336211001177, 62.509228898585782 ], [ -49.387321765423025, 62.509141861884778 ], [ -49.387510046447126, 62.509135184006759 ], [ -49.387698327376278, 62.509128505842902 ], [ -49.387712774184578, 62.509215542495234 ], [ -49.387901055633854, 62.509208864021218 ], [ -49.387912105400844, 62.509275431542903 ], [ -49.388100936120544, 62.509272059342678 ], [ -49.388089336988187, 62.509202185261358 ], [ -49.388277618247557, 62.509195506215676 ], [ -49.388654180481403, 62.509182147266834 ], [ -49.388842461455887, 62.509175467363654 ], [ -49.388828010957162, 62.509088430857389 ], [ -49.389016291221594, 62.509081750692744 ], [ -49.389581131445041, 62.509061708483813 ], [ -49.389566678581041, 62.508974672104465 ], [ -49.389754957850492, 62.50896799082085 ], [ -49.389740504466424, 62.508880954495353 ], [ -49.38992878302583, 62.508874272950273 ], [ -49.390117061490244, 62.508867591119376 ], [ -49.39010260697107, 62.508780554872104 ], [ -49.390290884725424, 62.508773872779727 ], [ -49.390276429686203, 62.508686836586321 ], [ -49.390464706730526, 62.508680154232479 ], [ -49.390652983679843, 62.5086734715928 ], [ -49.390638527505537, 62.508586435477625 ], [ -49.390826803744808, 62.508579752576495 ], [ -49.390812347050478, 62.508492716515192 ], [ -49.39100062257971, 62.50848603335259 ], [ -49.391188898013922, 62.508479349904178 ], [ -49.391174440184543, 62.508392313921114 ], [ -49.391362714908716, 62.508385630211244 ], [ -49.391348256559326, 62.508298594282039 ], [ -49.39133379830497, 62.508211558382357 ], [ -49.391522071704074, 62.5082048744354 ], [ -49.391710345008164, 62.508198190202592 ], [ -49.391695885618788, 62.508111154381162 ], [ -49.391884158212839, 62.508104469886916 ], [ -49.392072430711856, 62.50809778510687 ], [ -49.392057970187494, 62.508010749363656 ], [ -49.392246241976466, 62.508004064322151 ], [ -49.392260703115831, 62.508091100041 ], [ -49.392448975424777, 62.508084414689321 ], [ -49.392434513670409, 62.507997378994844 ], [ -49.392622785269303, 62.507990693381714 ], [ -49.392608322994974, 62.507903657741117 ], [ -49.392984864677629, 62.507890285706154 ], [ -49.393173135376379, 62.507883599259969 ], [ -49.393158671352104, 62.507796563721989 ], [ -49.393346941340809, 62.507789877014353 ], [ -49.393535211234457, 62.507783190020923 ], [ -49.393520746075261, 62.507696154561195 ], [ -49.393709015258857, 62.507689467306321 ], [ -49.393897284347389, 62.507682779765638 ], [ -49.393882818053285, 62.507595744384169 ], [ -49.394071086431758, 62.507589056582056 ], [ -49.394259354715167, 62.507582368494127 ], [ -49.394447622903492, 62.507575680120397 ], [ -49.394433154859541, 62.507488644841565 ], [ -49.394621422337813, 62.507481956206405 ], [ -49.394606953773966, 62.507394920981483 ], [ -49.394721194116684, 62.507390862191116 ], [ -49.394723525036497, 62.507353566323381 ], [ -49.394711628877381, 62.507249464992228 ], [ -49.394648161668364, 62.507130809322128 ], [ -49.394563548652933, 62.507133815483755 ], [ -49.394553753499871, 62.507074891615744 ], [ -49.394506399508259, 62.507050185317254 ], [ -49.394342812042652, 62.507005569900571 ], [ -49.394271227951897, 62.506969102535173 ], [ -49.394158084708884, 62.506973121991521 ], [ -49.394143617945424, 62.506886086894923 ], [ -49.394129151277028, 62.506799051827834 ], [ -49.39394088852827, 62.506805739696404 ], [ -49.393926422569876, 62.506718704634466 ], [ -49.39391195670656, 62.506631669602029 ], [ -49.393909688130172, 62.506618020480168 ], [ -49.393872869396759, 62.506603292914754 ], [ -49.393733059160162, 62.506550475650201 ], [ -49.393709229939283, 62.50655132210877 ], [ -49.393707483450264, 62.506540813665033 ], [ -49.393605179486713, 62.506502165180279 ], [ -49.393420771842862, 62.506454576621451 ], [ -49.393345281270854, 62.506389152133288 ], [ -49.393303780094321, 62.5063906262072 ], [ -49.393289316456013, 62.506303591219741 ], [ -49.393274852912754, 62.506216556261776 ], [ -49.393245926111369, 62.506042486434417 ], [ -49.393216999690168, 62.505868416725122 ], [ -49.393202536622127, 62.505781381914751 ], [ -49.393390792277017, 62.505774695195996 ], [ -49.393767303301665, 62.505761320901151 ], [ -49.393752838483991, 62.505674286193411 ], [ -49.393941093238844, 62.505667598641672 ], [ -49.394129347898634, 62.505660910804167 ], [ -49.39411488194623, 62.505573876174665 ], [ -49.394303135896081, 62.505567188075744 ], [ -49.394288669423858, 62.505480153500152 ], [ -49.394476922663763, 62.505473465139815 ], [ -49.394462455671722, 62.505386430618103 ], [ -49.394650708201681, 62.505379741996371 ], [ -49.395027212976387, 62.505366363895568 ], [ -49.395012744234798, 62.505279329476501 ], [ -49.39520099586467, 62.505272640021808 ], [ -49.395389247399457, 62.505265950281341 ], [ -49.395374777523216, 62.505178915940547 ], [ -49.395563028348057, 62.505172225938686 ], [ -49.395939529712464, 62.505158845077624 ], [ -49.396127780252023, 62.505152154218429 ], [ -49.396316030696482, 62.505145463073475 ], [ -49.396301557841042, 62.505058428884105 ], [ -49.396489807575541, 62.505051737477736 ], [ -49.396678057214935, 62.505045045785614 ], [ -49.396663583224893, 62.504958011674539 ], [ -49.396851832154326, 62.504951319721009 ], [ -49.397040080988646, 62.50494462748172 ], [ -49.397025605864023, 62.504857593448932 ], [ -49.397402102017622, 62.504844208161821 ], [ -49.397387625758441, 62.504757174207313 ], [ -49.397575873077713, 62.504750481159483 ], [ -49.397561396298819, 62.504663447258892 ], [ -49.397749642908138, 62.504656753949689 ], [ -49.397764120301858, 62.504743787825909 ], [ -49.398140614464751, 62.50473040030144 ], [ -49.398126135841366, 62.504643366474014 ], [ -49.398314382165275, 62.504636672307512 ], [ -49.398690874527652, 62.504623283117219 ], [ -49.398676394154933, 62.504536249392487 ], [ -49.398864639578576, 62.504529554393095 ], [ -49.399617620321571, 62.504502771537858 ], [ -49.399603136969908, 62.504415737964635 ], [ -49.399791381302926, 62.504409041560827 ], [ -49.3998058652694, 62.504496075109635 ], [ -49.399994110122059, 62.504489378395661 ], [ -49.399979625540766, 62.504402344871238 ], [ -49.400167869683443, 62.504395647895905 ], [ -49.400356113730922, 62.504388950634798 ], [ -49.400341628015198, 62.504301917188705 ], [ -49.400529871352688, 62.504295219666247 ], [ -49.400718114595001, 62.504288521858022 ], [ -49.400906357742109, 62.504281823764053 ], [ -49.401094600794032, 62.504275125384311 ], [ -49.401080112714283, 62.504188092065355 ], [ -49.401065624729732, 62.504101058775916 ], [ -49.401253866456855, 62.504094360159229 ], [ -49.40144210808878, 62.50408766125679 ], [ -49.401427618969848, 62.504000628045695 ], [ -49.401413129946121, 62.503913594864088 ], [ -49.40160137025326, 62.503906895724725 ], [ -49.401586880709957, 62.503819862597041 ], [ -49.401775120307114, 62.503813163196327 ], [ -49.40176063024424, 62.50372613012258 ], [ -49.401746140276586, 62.503639097078349 ], [ -49.40155790190898, 62.503645796430234 ], [ -49.4015434126513, 62.503558763391091 ], [ -49.401538232667697, 62.503527648503571 ], [ -49.401445502560563, 62.503504044409063 ], [ -49.401112378477301, 62.503504044514401 ], [ -49.400404489924227, 62.5035218906106 ], [ -49.400369474322829, 62.503512988452819 ], [ -49.400211260856842, 62.503518617501918 ], [ -49.400203292545839, 62.503470739176386 ], [ -49.400067389699721, 62.503436187613111 ], [ -49.400008538808102, 62.503438281343612 ], [ -49.400006553583559, 62.503426352371783 ], [ -49.399654958768842, 62.503379123342214 ], [ -49.399083888482366, 62.503313687442784 ], [ -49.39874481575368, 62.503224458191696 ], [ -49.398695094903729, 62.503222357398229 ], [ -49.398647436183353, 62.503224052429772 ], [ -49.398646814805382, 62.503220317459679 ], [ -49.398322459812753, 62.503206612264421 ], [ -49.39798338640275, 62.503141176483112 ], [ -49.397662160727933, 62.503016255302384 ], [ -49.397382573694102, 62.50292107647163 ], [ -49.397366564678691, 62.502919408916469 ], [ -49.397271880696429, 62.502922775444965 ], [ -49.397083646287818, 62.502929467980614 ], [ -49.397077086026336, 62.502890021131584 ], [ -49.396644941280627, 62.502861590174462 ], [ -49.396311816742937, 62.502808052325001 ], [ -49.3958894623836, 62.502790206482572 ], [ -49.395722189517883, 62.502715221747536 ], [ -49.395534360134832, 62.502721897566886 ], [ -49.39553285992239, 62.502712873545008 ], [ -49.395360031560855, 62.502712873417885 ], [ -49.395080445515454, 62.502677181900282 ], [ -49.394794910626068, 62.502665284693954 ], [ -49.394509374072783, 62.502724770936091 ], [ -49.394057276521401, 62.502659336336187 ], [ -49.393688446066029, 62.502612394709736 ], [ -49.3936230961191, 62.502614716334996 ], [ -49.39362129001141, 62.502603847519012 ], [ -49.393402925184418, 62.502576055160617 ], [ -49.393242799397484, 62.502540678729275 ], [ -49.393232168345477, 62.502541056373346 ], [ -49.393231698074821, 62.502538226114083 ], [ -49.392901422281156, 62.50246525763243 ], [ -49.392862444243285, 62.502466642130045 ], [ -49.392558215760602, 62.502504671296172 ], [ -49.39221914333271, 62.502445184495251 ], [ -49.391810956459302, 62.502416439095754 ], [ -49.391697391282271, 62.502420471890964 ], [ -49.391697107617226, 62.502418764086102 ], [ -49.391439868832713, 62.502427338372655 ], [ -49.391118642628463, 62.502403544249077 ], [ -49.390755774812661, 62.502332159713504 ], [ -49.390226345111628, 62.502260776440025 ], [ -49.390001907618363, 62.502218026766975 ], [ -49.389959945943914, 62.502219516267409 ], [ -49.38977171468656, 62.502226197676706 ], [ -49.389763266730199, 62.502175313950119 ], [ -49.389441123058774, 62.502123957197604 ], [ -49.388971178031362, 62.502082317117718 ], [ -49.388541452348264, 62.502007219716106 ], [ -49.388410757138075, 62.502011857399239 ], [ -49.38840606034303, 62.50198355867677 ], [ -49.388358467450821, 62.501975241322022 ], [ -49.388071604020467, 62.501936344974361 ], [ -49.388019852754432, 62.50193818117728 ], [ -49.388018349659056, 62.501929124031186 ], [ -49.387656527660901, 62.50188006262966 ], [ -49.38687725250287, 62.501784884005112 ], [ -49.38649417189864, 62.501729665617603 ], [ -49.386470695608594, 62.501730498295089 ], [ -49.386469978938941, 62.501726178324731 ], [ -49.386216951777854, 62.501689705403393 ], [ -49.385669677635498, 62.501517194991436 ], [ -49.385584606275543, 62.501499285261914 ], [ -49.385486244914397, 62.501502773299052 ], [ -49.385482086654484, 62.501477702112489 ], [ -49.385330603042313, 62.501445810504244 ], [ -49.384890402757406, 62.501451759771825 ], [ -49.384283640087553, 62.501398221650881 ], [ -49.383670929197081, 62.501416067315873 ], [ -49.383111756487111, 62.501463656707067 ], [ -49.382433609665398, 62.501517194769761 ], [ -49.381797104247852, 62.501594527459652 ], [ -49.381142752934217, 62.50161832152174 ], [ -49.380500297631663, 62.501677808601556 ], [ -49.379899483229792, 62.501654013759293 ], [ -49.379425971816538, 62.501680187829486 ], [ -49.378555087984772, 62.501737294525867 ], [ -49.377991155916376, 62.501858647748051 ], [ -49.377362978452922, 62.502001414587866 ], [ -49.376920399171297, 62.502236981408913 ], [ -49.376456403973151, 62.502308365249604 ], [ -49.37609234640923, 62.502336919449334 ], [ -49.375878194080784, 62.502479686877152 ], [ -49.375385645806055, 62.502679561524779 ], [ -49.374764606628659, 62.502922266333165 ], [ -49.374193535904588, 62.503122140763296 ], [ -49.373572496569963, 62.503229216869784 ], [ -49.372737305653331, 62.503421953668607 ], [ -49.371866422860982, 62.503664658304707 ], [ -49.371181138533935, 62.503857394706955 ], [ -49.370595790678252, 62.504114376087955 ], [ -49.370124658073301, 62.504299974410678 ], [ -49.369873964514198, 62.504413032436645 ], [ -49.369889350158864, 62.504506119536934 ], [ -49.369725585527661, 62.504511905375914 ], [ -49.369705484876626, 62.504539315681299 ], [ -49.369715482762302, 62.504599807611534 ], [ -49.369758638807639, 62.504860919061414 ], [ -49.369570383697472, 62.50486756985628 ], [ -49.369584768620044, 62.504954607089545 ], [ -49.369402510187726, 62.504961045756993 ], [ -49.369475065281748, 62.505013812936284 ], [ -49.369524572205862, 62.505044279134083 ], [ -49.369599153637147, 62.505041644352353 ], [ -49.369627923954937, 62.505215718966589 ], [ -49.369573493841855, 62.505217641856845 ], [ -49.369567863593339, 62.505227963890633 ], [ -49.369447895677951, 62.505272163169515 ], [ -49.369454050976216, 62.505309406948264 ], [ -49.369265792602278, 62.505316057292724 ], [ -49.369264846264777, 62.505310331061466 ], [ -49.368989655679066, 62.505363593610589 ], [ -49.368668428501586, 62.505484946023714 ], [ -49.368375754083061, 62.505627713261084 ], [ -49.367918896628801, 62.505734788973797 ], [ -49.367647639201152, 62.505813311700329 ], [ -49.367512009513959, 62.505920387435403 ], [ -49.367262167018524, 62.506056016184971 ], [ -49.366998047169098, 62.506105985305915 ], [ -49.366598297383256, 62.506084569663109 ], [ -49.366498360278335, 62.506034601312201 ], [ -49.366455529344613, 62.50594180235364 ], [ -49.366405561163695, 62.505863280236795 ], [ -49.366384433735476, 62.505855533567868 ], [ -49.366325518340616, 62.505857613316024 ], [ -49.36632135503708, 62.505832404828354 ], [ -49.366191409765683, 62.505784758247394 ], [ -49.366153989350778, 62.50577612287907 ], [ -49.366122881196659, 62.505777220963516 ], [ -49.365934618661967, 62.505783866260423 ], [ -49.365924598087055, 62.505723186757145 ], [ -49.365824953533078, 62.505700191806021 ], [ -49.365757954964664, 62.505702556600866 ], [ -49.365434741289697, 62.505720512619227 ], [ -49.365377004503586, 62.505716002008377 ], [ -49.365355458956834, 62.505716762409556 ], [ -49.365355050198936, 62.505714286849624 ], [ -49.364977884574287, 62.505684820510886 ], [ -49.364456782615171, 62.505627713625422 ], [ -49.363971372075717, 62.505549191711943 ], [ -49.363744906260663, 62.505510957475131 ], [ -49.363617997448046, 62.50551543472897 ], [ -49.36361359952005, 62.505488788713109 ], [ -49.363421716603902, 62.505456392449048 ], [ -49.362943444985348, 62.505335039509596 ], [ -49.362536565231323, 62.505203402492036 ], [ -49.362430981056804, 62.505207126439828 ], [ -49.36242586204294, 62.505176102735163 ], [ -49.3620939760903, 62.505156580206965 ], [ -49.361687088807372, 62.505135165415744 ], [ -49.361451522942907, 62.504992397343187 ], [ -49.361137434359676, 62.504942429206473 ], [ -49.360623469408019, 62.504871045253722 ], [ -49.360489325168494, 62.504837870245694 ], [ -49.360476606643111, 62.504838318626362 ], [ -49.360475988725433, 62.504834572017998 ], [ -49.35995960030715, 62.504706862608707 ], [ -49.359338560285096, 62.504521263956413 ], [ -49.359181695469111, 62.504446242094083 ], [ -49.359087051522195, 62.50444957769281 ], [ -49.35907835281143, 62.504396817307232 ], [ -49.35901121233745, 62.504364706481759 ], [ -49.358884447117568, 62.504369173971838 ], [ -49.358872796696495, 62.504298507011789 ], [ -49.358846013304742, 62.504285697377007 ], [ -49.358838347957629, 62.504283254617953 ], [ -49.35868184394284, 62.504288769946271 ], [ -49.358493590121263, 62.50429540389878 ], [ -49.358479241997998, 62.504208365616101 ], [ -49.358290988697078, 62.504214999258643 ], [ -49.358276641283027, 62.504127960981329 ], [ -49.358088388502772, 62.504134594313896 ], [ -49.358074041797934, 62.504047556041961 ], [ -49.357885789538329, 62.504054189064568 ], [ -49.357871758038968, 62.503969058877004 ], [ -49.357866611429486, 62.503967321052471 ], [ -49.357683191803766, 62.503973783510652 ], [ -49.357671254554916, 62.503901355759211 ], [ -49.357646765311294, 62.50389308654082 ], [ -49.357629588553124, 62.503888128396525 ], [ -49.357292343986515, 62.50390000976904 ], [ -49.357278000024209, 62.503812971489069 ], [ -49.357089749232337, 62.503819603295987 ], [ -49.357075405979209, 62.503732565021394 ], [ -49.356887155708009, 62.50373919651836 ], [ -49.356875862089218, 62.503670660811991 ], [ -49.356818171260755, 62.503654083065989 ], [ -49.356496313568755, 62.503665420337391 ], [ -49.356481972348888, 62.503578382049419 ], [ -49.356293723024791, 62.503585012640691 ], [ -49.356279921559008, 62.503501246046724 ], [ -49.356268504675128, 62.50349835749261 ], [ -49.356091133710663, 62.503504604639417 ], [ -49.356082344594348, 62.50345125741449 ], [ -49.35596477686898, 62.503421511557953 ], [ -49.355888545626364, 62.503424196333576 ], [ -49.35588476837534, 62.503401268477546 ], [ -49.355740815626426, 62.503364846552323 ], [ -49.355572590301946, 62.503347780165406 ], [ -49.355497710915628, 62.503350417098815 ], [ -49.35530946296516, 62.503357046188661 ], [ -49.355303438754078, 62.503320474338231 ], [ -49.355248268065679, 62.503314877110604 ], [ -49.354584398077272, 62.503136418316664 ], [ -49.353891975379433, 62.502986511902684 ], [ -49.353320903405432, 62.502765221920058 ], [ -49.352571374117055, 62.502593900834448 ], [ -49.351832307160109, 62.502341386875507 ], [ -49.351734751987955, 62.502344819499186 ], [ -49.351728340702067, 62.502305864365795 ], [ -49.351714767490407, 62.502301226755627 ], [ -49.351583125742117, 62.502262612153856 ], [ -49.351532185995467, 62.502264404455936 ], [ -49.351529292236521, 62.502246821048466 ], [ -49.351316648971867, 62.502184445510437 ], [ -49.351141380528148, 62.502190611834436 ], [ -49.35113043295646, 62.502124084598336 ], [ -49.35069132031407, 62.501943818184337 ], [ -49.350533695180587, 62.501949363034583 ], [ -49.350521298594785, 62.501874019094778 ], [ -49.350501243908695, 62.501865785997552 ], [ -49.350492908587377, 62.501863255654747 ], [ -49.350331135857523, 62.501868946159014 ], [ -49.350321645922989, 62.501811265441972 ], [ -49.350234478948963, 62.501784803995761 ], [ -49.350128577764167, 62.501788528978963 ], [ -49.350122365660198, 62.501750769385097 ], [ -49.350101494431442, 62.501744433415197 ], [ -49.349921250372105, 62.501620737322874 ], [ -49.349911702325834, 62.501621073148534 ], [ -49.349910424909552, 62.501613308089489 ], [ -49.349737435652649, 62.501494589398874 ], [ -49.349486410745222, 62.50137340526932 ], [ -49.349304041239854, 62.501379818884502 ], [ -49.349289724885999, 62.501292780584464 ], [ -49.349101490003889, 62.501299400187584 ], [ -49.349087174358928, 62.501212361892975 ], [ -49.348522470992734, 62.501232218915369 ], [ -49.348508157286339, 62.501145180577964 ], [ -49.348131689134945, 62.501158417115818 ], [ -49.348117376752256, 62.50107137875974 ], [ -49.347929143150324, 62.501077996575908 ], [ -49.347886208410934, 62.500816881612685 ], [ -49.347871897019218, 62.50072984335074 ], [ -49.347683665782526, 62.50073646078468 ], [ -49.347669355099654, 62.500649422528177 ], [ -49.34729289357383, 62.500662656490562 ], [ -49.347278584214592, 62.500575618215393 ], [ -49.347090353925459, 62.500582234743817 ], [ -49.346902123542314, 62.500588850986489 ], [ -49.346887815506712, 62.500501812692676 ], [ -49.346699585644359, 62.500508428625473 ], [ -49.346685278317572, 62.500421390337117 ], [ -49.346670971084784, 62.500334352078298 ], [ -49.346859199717528, 62.500327736193704 ], [ -49.346844891963954, 62.500240697988573 ], [ -49.346656663946, 62.500247313849059 ], [ -49.346642356901228, 62.500160275649378 ], [ -49.346637867549639, 62.50013296416158 ], [ -49.34663223885422, 62.500131158718219 ], [ -49.346507569464855, 62.500077471986586 ], [ -49.346251596091705, 62.500086468246515 ], [ -49.346237290464494, 62.499999430057763 ], [ -49.346049064008923, 62.500006044988659 ], [ -49.346034759090486, 62.499919006805349 ], [ -49.346030808136568, 62.499894967156244 ], [ -49.345900312386988, 62.499855068500132 ], [ -49.345506592333926, 62.499729256695652 ], [ -49.345278734667076, 62.499669545398319 ], [ -49.345073275851504, 62.499602629270676 ], [ -49.345036422038433, 62.499603924133396 ], [ -49.345034113492325, 62.499589874360112 ], [ -49.345006252357408, 62.49958080016583 ], [ -49.344834129981798, 62.49952349087544 ], [ -49.344833897332983, 62.499523499049182 ], [ -49.344833882448363, 62.499523408457193 ], [ -49.344673353907659, 62.49946995898393 ], [ -49.344575846328567, 62.499445024433378 ], [ -49.344443150953133, 62.499449686136778 ], [ -49.344436532233082, 62.499409398947876 ], [ -49.344293463977948, 62.499372813189069 ], [ -49.343976366715353, 62.499255030840082 ], [ -49.343845650286291, 62.499208053821683 ], [ -49.343835589464952, 62.499208407215264 ], [ -49.343459146500173, 62.499221629451341 ], [ -49.343444850513322, 62.499134591250439 ], [ -49.343256629504801, 62.499141201915776 ], [ -49.343242334226623, 62.499054163720345 ], [ -49.34286589315731, 62.49906738414559 ], [ -49.342851599202554, 62.498980345931557 ], [ -49.342475158987099, 62.498993565165655 ], [ -49.342460866355744, 62.498906526933034 ], [ -49.342272646721909, 62.498913136097379 ], [ -49.342258354799199, 62.498826097870229 ], [ -49.341881916479316, 62.498839315293523 ], [ -49.341867625879992, 62.498752277047792 ], [ -49.341491188414039, 62.498765493279954 ], [ -49.34147689913808, 62.498678455015629 ], [ -49.341100462526079, 62.498691670056658 ], [ -49.341086174573476, 62.498604631773745 ], [ -49.340897956741401, 62.498611238841576 ], [ -49.340889058756581, 62.498557032140724 ], [ -49.340749000022868, 62.498539716979892 ], [ -49.340396375314391, 62.498507020938412 ], [ -49.339936738279498, 62.498458799390669 ], [ -49.339554503697158, 62.498404370745398 ], [ -49.339278882560158, 62.49837258759603 ], [ -49.338970875409665, 62.498368924565341 ], [ -49.338649054243632, 62.498336590484392 ], [ -49.338220225906383, 62.498288729409076 ], [ -49.33791301446437, 62.498270820795746 ], [ -49.337544598119308, 62.498245056069848 ], [ -49.337222383041876, 62.49821984060096 ], [ -49.33693057358343, 62.498202113151329 ], [ -49.33651675174071, 62.498161552238884 ], [ -49.336178345456517, 62.49815039379893 ], [ -49.33580993391849, 62.498124625147568 ], [ -49.335550511794679, 62.498078775047908 ], [ -49.335275693468034, 62.49803274057858 ], [ -49.334953085092415, 62.498014641738436 ], [ -49.334598487562296, 62.498017539602479 ], [ -49.334289690877384, 62.498028109035758 ], [ -49.333949301528335, 62.498052554007955 ], [ -49.333625898385165, 62.498048695156442 ], [ -49.333274083217631, 62.49800173839489 ], [ -49.332889876716273, 62.497982899198355 ], [ -49.332581876922355, 62.497979221601476 ], [ -49.33244287806594, 62.497984688133769 ], [ -49.332164484335138, 62.498002742627399 ], [ -49.331872281264154, 62.497992126424379 ], [ -49.331534277731343, 62.497973835334641 ], [ -49.331548264758801, 62.497767872131597 ], [ -49.331569386881867, 62.497619658198289 ], [ -49.331586199668529, 62.497548594966432 ], [ -49.331579928938773, 62.49753735348753 ], [ -49.331447065365793, 62.497542007382407 ], [ -49.331418554214991, 62.497367929446895 ], [ -49.331404298780072, 62.497280890523491 ], [ -49.331216087939644, 62.49728748284749 ], [ -49.331201833213086, 62.497200443929664 ], [ -49.331173324040918, 62.497026366182723 ], [ -49.330985114950941, 62.497032958148928 ], [ -49.330970861120022, 62.496945919295804 ], [ -49.330958627720648, 62.496871217468545 ], [ -49.330956354257751, 62.496869999130205 ], [ -49.330916872400763, 62.496860272139948 ], [ -49.330768399428507, 62.496865472104716 ], [ -49.330761270312294, 62.496821936875442 ], [ -49.330753683700991, 62.496820067774912 ], [ -49.330563181709358, 62.496782158467326 ], [ -49.330360841491803, 62.49672629127128 ], [ -49.330171999031847, 62.496658707867567 ], [ -49.329995991655935, 62.496591277313087 ], [ -49.329886175325349, 62.496546215084855 ], [ -49.329770358992526, 62.496550270406267 ], [ -49.329582152935259, 62.496556860228274 ], [ -49.329567903968908, 62.496469821384544 ], [ -49.32937969843271, 62.496476410896818 ], [ -49.329365450174635, 62.496389372058658 ], [ -49.329177245159499, 62.496395961261207 ], [ -49.329162997609707, 62.496308922428618 ], [ -49.32878658852799, 62.496322099928513 ], [ -49.328772342301129, 62.496235061077492 ], [ -49.328960546274118, 62.496228472494401 ], [ -49.32894629952618, 62.496141433696963 ], [ -49.32875809616786, 62.496148022256037 ], [ -49.328715358329589, 62.495886905969208 ], [ -49.328527156721648, 62.495893494170538 ], [ -49.328512911577384, 62.495806455443422 ], [ -49.328324710490506, 62.495813043335048 ], [ -49.328310466054468, 62.495726004613495 ], [ -49.328122265488659, 62.495732592195402 ], [ -49.328108021760841, 62.495645553479434 ], [ -49.327919821716108, 62.495652140751616 ], [ -49.327731621577797, 62.495658727738075 ], [ -49.327717379172832, 62.495571689003697 ], [ -49.327152780040464, 62.495591448176768 ], [ -49.327138539572985, 62.495504409399992 ], [ -49.326762140912919, 62.49551758070546 ], [ -49.326747901768258, 62.495430541910274 ], [ -49.326559702912547, 62.495437127110442 ], [ -49.326545464476069, 62.495350088320841 ], [ -49.326357266141457, 62.495356673211305 ], [ -49.326343028413142, 62.495269634427288 ], [ -49.326154830599627, 62.495276219008048 ], [ -49.326140593579481, 62.49518918022963 ], [ -49.32609788308018, 62.494928064071907 ], [ -49.325909687631629, 62.494934648270984 ], [ -49.325895451600189, 62.494847609586927 ], [ -49.325881215662278, 62.494760570932435 ], [ -49.325866979817881, 62.494673532307552 ], [ -49.325678786119639, 62.494680116148956 ], [ -49.325636080991345, 62.494419000379835 ], [ -49.325447889043389, 62.494425583863581 ], [ -49.325433654802232, 62.494338545309049 ], [ -49.325245463375367, 62.494345128483111 ], [ -49.325231229842309, 62.494258089934192 ], [ -49.324854847937239, 62.494271255377214 ], [ -49.324840615726856, 62.494184216809913 ], [ -49.323899662401068, 62.494217125297759 ], [ -49.32391389153851, 62.494304163984964 ], [ -49.323349316577563, 62.494323905721153 ], [ -49.323335089283894, 62.494236866962019 ], [ -49.322582323819233, 62.494263185181161 ], [ -49.322568099077401, 62.494176146355748 ], [ -49.322003525841509, 62.494195881948286 ], [ -49.322000283329082, 62.494176038890693 ], [ -49.32181012971445, 62.494182992081619 ], [ -49.32155349659449, 62.494179907869821 ], [ -49.321284700119072, 62.494164799037492 ], [ -49.321041566463094, 62.494149997911194 ], [ -49.320988173827502, 62.494143832802202 ], [ -49.320860157730131, 62.494148306407801 ], [ -49.320671966518731, 62.494154882629033 ], [ -49.320669300790776, 62.494138564226439 ], [ -49.320541131998695, 62.4941439803154 ], [ -49.320438479109761, 62.494142745363206 ], [ -49.320272336185973, 62.494128869504806 ], [ -49.320171685306804, 62.494092026234959 ], [ -49.320136151455536, 62.494086068966581 ], [ -49.320093175758849, 62.49408757050076 ], [ -49.319904984788451, 62.494094145555209 ], [ -49.319919200739122, 62.49418118465691 ], [ -49.319573643235429, 62.494193257067465 ], [ -49.319469763858457, 62.494243924649908 ], [ -49.319367153869109, 62.494277624860992 ], [ -49.319368839624083, 62.494287947381046 ], [ -49.319331782359946, 62.494289241891508 ], [ -49.31915579264713, 62.494347041729242 ], [ -49.318895817952068, 62.494403298971513 ], [ -49.31882275696276, 62.494420936690759 ], [ -49.318861111983963, 62.494655825798418 ], [ -49.318672916672263, 62.49466239899661 ], [ -49.318687128880896, 62.494749438443513 ], [ -49.318702723892351, 62.494844945928705 ], [ -49.318805603741502, 62.494865430297857 ], [ -49.318892085394417, 62.49492585770988 ], [ -49.318837752435883, 62.494978652300517 ], [ -49.318727102134986, 62.494994242661036 ], [ -49.318729766066959, 62.495010556961759 ], [ -49.318541568203358, 62.49501712997003 ], [ -49.318353370246399, 62.495023702692585 ], [ -49.318367581599198, 62.495110742305748 ], [ -49.318179382934225, 62.495117314766517 ], [ -49.317991184175902, 62.49512388694157 ], [ -49.317802985324228, 62.495130458830928 ], [ -49.317817194926434, 62.495217498545507 ], [ -49.317440795713729, 62.495230641514901 ], [ -49.317455004179969, 62.495317681306965 ], [ -49.317266803818939, 62.495324252387029 ], [ -49.317281011763853, 62.495411292232625 ], [ -49.316716408276783, 62.495431003830255 ], [ -49.316702202175861, 62.495343963912859 ], [ -49.316355643421957, 62.49535606177799 ], [ -49.316363093797897, 62.495370482855584 ], [ -49.316373585022639, 62.495412180072577 ], [ -49.316339180461469, 62.495439088169647 ], [ -49.316340005485422, 62.495444143466734 ], [ -49.316332376268662, 62.495444409778891 ], [ -49.316252329983421, 62.495507014387684 ], [ -49.316164551932893, 62.495528828717191 ], [ -49.316166008299994, 62.495537752875208 ], [ -49.31612253631738, 62.495539270273916 ], [ -49.316106466983001, 62.495543263756339 ], [ -49.315951677546423, 62.495555649587509 ], [ -49.315734223516081, 62.495586283797493 ], [ -49.315609585223129, 62.495607614412975 ], [ -49.315615603888631, 62.495644499521809 ], [ -49.315441305768346, 62.495650582540797 ], [ -49.31539063305474, 62.495667656028495 ], [ -49.315249581262137, 62.495721277423229 ], [ -49.315253398982271, 62.495744676022952 ], [ -49.315134713882038, 62.495748817806906 ], [ -49.315087566954041, 62.495759017841671 ], [ -49.315067967308195, 62.495768235550266 ], [ -49.315079395984789, 62.495838284021218 ], [ -49.314899567796303, 62.495844559212358 ], [ -49.314891658395339, 62.495847714308965 ], [ -49.314905391757911, 62.495931891811196 ], [ -49.314717186402412, 62.495938459034676 ], [ -49.314663998698471, 62.495940314910023 ], [ -49.3146032819891, 62.49596696642395 ], [ -49.31453531541009, 62.495983855707969 ], [ -49.314543180238154, 62.496032066354566 ], [ -49.31435654240142, 62.496038578311648 ], [ -49.314352612562132, 62.496039956064536 ], [ -49.314206746098357, 62.496076202508533 ], [ -49.314040883933231, 62.496102705914382 ], [ -49.313798636217449, 62.496109102770696 ], [ -49.313804551970371, 62.496145371851334 ], [ -49.313616344825782, 62.496151937408257 ], [ -49.313239930256813, 62.496165067664883 ], [ -49.313051722832448, 62.496171632364579 ], [ -49.313065917385849, 62.4962586729973 ], [ -49.312877709253506, 62.496265237435196 ], [ -49.312689501027911, 62.496271801587341 ], [ -49.312703694445126, 62.496358842297489 ], [ -49.312515485511568, 62.496365406187806 ], [ -49.312327276484758, 62.496371969792399 ], [ -49.312341468765773, 62.496459010579976 ], [ -49.312153259030993, 62.496465573922734 ], [ -49.312139067364718, 62.496378533111255 ], [ -49.311950858151441, 62.496385096144365 ], [ -49.311762648844933, 62.496391658891731 ], [ -49.311574439445195, 62.49639822135336 ], [ -49.311560249716329, 62.496311180499724 ], [ -49.31118383186665, 62.496324304517934 ], [ -49.310995622801983, 62.496330866098447 ], [ -49.310981435010525, 62.496243825202683 ], [ -49.310793226467375, 62.496250386473527 ], [ -49.310605017831023, 62.49625694745864 ], [ -49.310590831362212, 62.496169906544665 ], [ -49.310402623247391, 62.496176467220124 ], [ -49.310388437486502, 62.496089426311855 ], [ -49.310200229893205, 62.496095986677673 ], [ -49.310186044840229, 62.496008945775095 ], [ -49.309997837768456, 62.496015505831267 ], [ -49.309809630603496, 62.496022065601714 ], [ -49.309795446873146, 62.495935024680939 ], [ -49.309607240229717, 62.49594158414174 ], [ -49.309593057207259, 62.495854543226649 ], [ -49.309404851085375, 62.495861102377809 ], [ -49.309216644870304, 62.495867661243246 ], [ -49.309028438562073, 62.495874219822959 ], [ -49.309014257476925, 62.495787178865754 ], [ -49.308826051690239, 62.495793737135834 ], [ -49.308797691028857, 62.495619655262466 ], [ -49.308609486378423, 62.495626213199003 ], [ -49.308421281634836, 62.495632770849816 ], [ -49.308449639837391, 62.495806852818752 ], [ -49.308261433771236, 62.495813410231619 ], [ -49.308275612397523, 62.495900451284378 ], [ -49.307899198756338, 62.495913565300675 ], [ -49.307913376246333, 62.496000606430805 ], [ -49.307725168671304, 62.496007163034236 ], [ -49.307739345639725, 62.496094204217876 ], [ -49.307362928980801, 62.49610731661528 ], [ -49.30734875324184, 62.49602027538387 ], [ -49.306972337439859, 62.496033386590547 ], [ -49.306958163023481, 62.495946345340968 ], [ -49.306769955597538, 62.495952900491815 ], [ -49.306755781889002, 62.495865859247957 ], [ -49.306567574984655, 62.495872414089177 ], [ -49.306553401983962, 62.495785372851024 ], [ -49.306365195601224, 62.495791927382626 ], [ -49.306351023308359, 62.495704886150207 ], [ -49.306162817447238, 62.49571144037219 ], [ -49.305974611493006, 62.495717994308428 ], [ -49.305960440522675, 62.495630953057841 ], [ -49.30577223509006, 62.495637506684474 ], [ -49.305019412428727, 62.495663718333624 ], [ -49.305005244625058, 62.495576676993274 ], [ -49.304817039341735, 62.49558322916733 ], [ -49.304788705243041, 62.495409146527663 ], [ -49.304600501096068, 62.495415698368248 ], [ -49.304572168599066, 62.495241615799259 ], [ -49.304760371516629, 62.495235064006401 ], [ -49.304746204793027, 62.495148022790183 ], [ -49.304732038162498, 62.495060981603551 ], [ -49.304543836474316, 62.495067533348653 ], [ -49.304355634693074, 62.495074084808032 ], [ -49.304369800094229, 62.495161126042397 ], [ -49.304181597605229, 62.495167677239913 ], [ -49.304195762484738, 62.495254718527754 ], [ -49.304007559287989, 62.495261269463406 ], [ -49.304021723645853, 62.495348310804701 ], [ -49.303457111653188, 62.495367961968846 ], [ -49.303442949139438, 62.495280920555949 ], [ -49.303254745570506, 62.495287470348664 ], [ -49.303226422051537, 62.495113387563926 ], [ -49.303038219618969, 62.495119937023183 ], [ -49.303024058613737, 62.495032895651356 ], [ -49.302835856702828, 62.495039444801009 ], [ -49.302821696405317, 62.494952403434937 ], [ -49.302633495016082, 62.494958952274999 ], [ -49.302605175929514, 62.494784869583931 ], [ -49.302981576156206, 62.494771771713509 ], [ -49.302953254982995, 62.494597689236294 ], [ -49.302765056145525, 62.494604238266653 ], [ -49.302750896313128, 62.494517197048587 ], [ -49.302562697997303, 62.494523745769364 ], [ -49.3025485388726, 62.494436704557046 ], [ -49.302172143191243, 62.49444980109368 ], [ -49.302157985388895, 62.494362759863257 ], [ -49.301969788023371, 62.494369307679129 ], [ -49.301941473927016, 62.494195225259382 ], [ -49.302129670063216, 62.494188677491223 ], [ -49.302044726318258, 62.493666431085636 ], [ -49.302232918673575, 62.493659883174892 ], [ -49.302119660637963, 62.49296355648292 ], [ -49.301931473199588, 62.492970104202819 ], [ -49.301903160849861, 62.492796022778172 ], [ -49.30209134705904, 62.492789475105972 ], [ -49.301992252462085, 62.492180191219326 ], [ -49.302180434276217, 62.492173643428409 ], [ -49.302137964714397, 62.491912522278369 ], [ -49.302326144591859, 62.49190597427333 ], [ -49.3022978307865, 62.491731893702386 ], [ -49.30248600934187, 62.491725345459365 ], [ -49.302457694679397, 62.491551265054561 ], [ -49.302645871912695, 62.491544716573543 ], [ -49.302631714106418, 62.491457676439417 ], [ -49.302603398772852, 62.491283596259976 ], [ -49.302415223383136, 62.491290144669421 ], [ -49.302358596289992, 62.490941984570405 ], [ -49.302170423265345, 62.490948532598743 ], [ -49.302085489102197, 62.490426293195348 ], [ -49.302273658439873, 62.490419745310149 ], [ -49.302146257940898, 62.489636388418376 ], [ -49.302334421655402, 62.489629840462172 ], [ -49.302291954652638, 62.489368722102782 ], [ -49.30266827811608, 62.489355625476499 ], [ -49.302654121405581, 62.489268586130301 ], [ -49.303030443268227, 62.489255488409064 ], [ -49.30298797000809, 62.488994370691266 ], [ -49.303176128956672, 62.488987821473735 ], [ -49.303119496787346, 62.488639665026625 ], [ -49.303307653185314, 62.48863311561886 ], [ -49.303279336429789, 62.488459037620679 ], [ -49.303467491505984, 62.488452487974975 ], [ -49.303453332653319, 62.48836544904416 ], [ -49.303641487022134, 62.488358899136678 ], [ -49.30362732764808, 62.488271860259317 ], [ -49.304003634877951, 62.488258759635116 ], [ -49.303989474368144, 62.488171720835098 ], [ -49.304177627229201, 62.488165170118378 ], [ -49.304365779997255, 62.488158619116014 ], [ -49.304553932672292, 62.488152067828004 ], [ -49.304742085254311, 62.488145516254328 ], [ -49.304727922380032, 62.488058477579379 ], [ -49.30491607425467, 62.488051925743932 ], [ -49.304901910859037, 62.487964887122459 ], [ -49.304887747556428, 62.487877848530601 ], [ -49.3052640485692, 62.487864744098232 ], [ -49.305452198936045, 62.48785819145359 ], [ -49.305466364081731, 62.487945229973846 ], [ -49.305654514969895, 62.487938677019699 ], [ -49.30564034920986, 62.487851638523303 ], [ -49.305828499390635, 62.48784508530737 ], [ -49.306204799473072, 62.487831978018569 ], [ -49.306577045901449, 62.487819010789771 ], [ -49.306527954615305, 62.487770449104126 ], [ -49.30656830136553, 62.487740252810219 ], [ -49.306566930444561, 62.487731831239792 ], [ -49.306580170084295, 62.487731370014984 ], [ -49.306655090256861, 62.487675298048124 ], [ -49.306742786314594, 62.487649762342606 ], [ -49.306740910285725, 62.48763823832558 ], [ -49.306787996062852, 62.487636597936259 ], [ -49.306843052777552, 62.487620566200754 ], [ -49.306925662528528, 62.487610822549527 ], [ -49.306914888898199, 62.487544645203087 ], [ -49.3071030365846, 62.487538090059303 ], [ -49.307291184177927, 62.487531534629859 ], [ -49.307277013261015, 62.487444496466779 ], [ -49.307653306939798, 62.487431384798761 ], [ -49.30766575172774, 62.487507814390412 ], [ -49.30769701067419, 62.487502643956873 ], [ -49.307958716385812, 62.487505816171478 ], [ -49.307986286833497, 62.487507313391333 ], [ -49.308420067783302, 62.487492196054845 ], [ -49.308428672065162, 62.487545029697785 ], [ -49.308540881590531, 62.487562755647843 ], [ -49.308574726335358, 62.487574337888049 ], [ -49.308998684868257, 62.487559560888982 ], [ -49.309186832145031, 62.48755300257929 ], [ -49.309201009391437, 62.487640040562745 ], [ -49.309389157189436, 62.487633481943533 ], [ -49.30940333514328, 62.487720519932701 ], [ -49.309591483462505, 62.487713961003941 ], [ -49.309967779821577, 62.487700842289527 ], [ -49.309973546731449, 62.487736240372641 ], [ -49.309994495789162, 62.487737141597862 ], [ -49.31031617075336, 62.487769541741706 ], [ -49.310344068820108, 62.48777525503256 ], [ -49.310358256926776, 62.48777476033186 ], [ -49.310546405394689, 62.487768199951013 ], [ -49.310554579289857, 62.487818365539333 ], [ -49.310575058254258, 62.487822559406865 ], [ -49.310708020486601, 62.487850096933386 ], [ -49.310748736209902, 62.487848677165658 ], [ -49.310936885105868, 62.48784211618964 ], [ -49.310948452131605, 62.487913099730221 ], [ -49.311000325922265, 62.487927436354546 ], [ -49.311139217670934, 62.487922592790909 ], [ -49.311144695908098, 62.48795620954143 ], [ -49.311305144843722, 62.487988174447317 ], [ -49.311387827789737, 62.488001455190201 ], [ -49.311529701309858, 62.487996507207605 ], [ -49.311534343127889, 62.488024988686085 ], [ -49.311641012419912, 62.488042121921168 ], [ -49.311893837893621, 62.488071339465577 ], [ -49.31192018712666, 62.488070420415724 ], [ -49.312108337306675, 62.488063857654168 ], [ -49.312296487393517, 62.488057294606961 ], [ -49.312306824670216, 62.488120711010282 ], [ -49.312436619994287, 62.488139939045908 ], [ -49.312498825729314, 62.488137769058525 ], [ -49.31268697624413, 62.488131205416131 ], [ -49.312875126665759, 62.488124641488092 ], [ -49.312888387890588, 62.488205984331735 ], [ -49.312894935976345, 62.488206936031425 ], [ -49.313199616541787, 62.488267629150712 ], [ -49.31330496960895, 62.488284710377336 ], [ -49.313467960478768, 62.488279023408651 ], [ -49.313473338737197, 62.488312008368396 ], [ -49.313627054113581, 62.488336930273888 ], [ -49.313934550193572, 62.488347771466856 ], [ -49.313956639184575, 62.488349504437593 ], [ -49.314611062125174, 62.488326666023639 ], [ -49.314623712094715, 62.488404227643663 ], [ -49.314697564187853, 62.48841118005263 ], [ -49.315001561398482, 62.488400569617525 ], [ -49.315189713158887, 62.488394002166125 ], [ -49.315377864826054, 62.488387434429079 ], [ -49.31556601639997, 62.488380866406402 ], [ -49.315754167880634, 62.488374298098087 ], [ -49.316130470562186, 62.488361160624514 ], [ -49.316318621763074, 62.48835459145927 ], [ -49.316506772870682, 62.488348022008381 ], [ -49.316520974580158, 62.488435059438473 ], [ -49.316709126208842, 62.488428489678007 ], [ -49.316897277744246, 62.488421919631911 ], [ -49.317085429186378, 62.488415349300169 ], [ -49.317461731790765, 62.488402207779771 ], [ -49.317475936665232, 62.488489245119801 ], [ -49.31804039171513, 62.488469530625075 ], [ -49.318228543211823, 62.488462958555552 ], [ -49.318242750636969, 62.488549995829423 ], [ -49.318253313632461, 62.488614706312291 ], [ -49.318337837038023, 62.488634207969369 ], [ -49.318445110787486, 62.488630460729851 ], [ -49.318449944922158, 62.488660073922603 ], [ -49.318667338352654, 62.488710231328405 ], [ -49.318835625226484, 62.488704352328092 ], [ -49.319023778192943, 62.488697779044166 ], [ -49.319037988355426, 62.488784816311068 ], [ -49.319226141842911, 62.488778242717579 ], [ -49.31941429523706, 62.488771668838432 ], [ -49.319602448537864, 62.488765094673646 ], [ -49.31961666063674, 62.488852131898284 ], [ -49.319804814458557, 62.488845557423907 ], [ -49.31999296818703, 62.488838982663886 ], [ -49.320007181607963, 62.488926019870242 ], [ -49.320018672574761, 62.488996385479034 ], [ -49.32007312543211, 62.489011249413295 ], [ -49.320209549986075, 62.489006482012627 ], [ -49.320217649046135, 62.489056074652439 ], [ -49.320318523543975, 62.489090207767568 ], [ -49.320411919592907, 62.489086943851042 ], [ -49.320600074884375, 62.489080368162242 ], [ -49.320614290428459, 62.489167405385501 ], [ -49.321178757585763, 62.489147676533335 ], [ -49.321164540198595, 62.489060639381925 ], [ -49.321352695116587, 62.489054062550522 ], [ -49.321540849941194, 62.489047485433495 ], [ -49.321729004672413, 62.489040908030816 ], [ -49.321743223902658, 62.489127945110347 ], [ -49.321931379154854, 62.489121367398063 ], [ -49.321917159310253, 62.489034330342491 ], [ -49.322105313854685, 62.489027752368521 ], [ -49.322481622663375, 62.489014595563646 ], [ -49.322467401069112, 62.488927558609561 ], [ -49.322655554718999, 62.488920979802614 ], [ -49.322843708275478, 62.48891440071003 ], [ -49.322829485545924, 62.488827363833472 ], [ -49.323017638394646, 62.488820784479202 ], [ -49.323205791149952, 62.488814204839322 ], [ -49.323220015108191, 62.488901241667961 ], [ -49.323408168384425, 62.488894661718454 ], [ -49.32359632156723, 62.488888081483303 ], [ -49.323784474656605, 62.48888150096252 ], [ -49.323972627652545, 62.488874920156093 ], [ -49.324160780555054, 62.488868339064034 ], [ -49.324175007678434, 62.488955375802405 ], [ -49.324551314431808, 62.488942212713404 ], [ -49.324739467668323, 62.48893563074045 ], [ -49.325115773860993, 62.488922465937591 ], [ -49.325303926817142, 62.488915883107715 ], [ -49.325492079679819, 62.488909299992187 ], [ -49.325506311197039, 62.488996336592322 ], [ -49.325694464580586, 62.488989753167182 ], [ -49.325882617870661, 62.488983169456397 ], [ -49.326070771067258, 62.488976585459973 ], [ -49.326258924170375, 62.488970001177904 ], [ -49.326273158238429, 62.489057037711689 ], [ -49.326649465392883, 62.489043868242675 ], [ -49.326837618829863, 62.489037283079696 ], [ -49.326823382918789, 62.488950246617868 ], [ -49.327011535647934, 62.488943661193247 ], [ -49.327199688283585, 62.488937075483001 ], [ -49.327387840825722, 62.488930489487096 ], [ -49.327402078579802, 62.489017525876953 ], [ -49.327966537488145, 62.488997766103445 ], [ -49.327980777178745, 62.489084802450925 ], [ -49.328168930575487, 62.489078215264485 ], [ -49.328154690270551, 62.488991178941006 ], [ -49.328342842959437, 62.48898459149293 ], [ -49.328530995554786, 62.4889780037592 ], [ -49.328907300464877, 62.488964827434842 ], [ -49.328893057796151, 62.488877791236952 ], [ -49.329269361103428, 62.488864613818038 ], [ -49.329255117299596, 62.488777577697725 ], [ -49.329443268198588, 62.488770988583823 ], [ -49.329471757128438, 62.488945060806032 ], [ -49.329848061103043, 62.488931881625305 ], [ -49.330036212950006, 62.488925291606492 ], [ -49.330021966595339, 62.488838255552601 ], [ -49.33021011773441, 62.488831665272158 ], [ -49.330398268779909, 62.488825074706071 ], [ -49.330384021290179, 62.488738038729785 ], [ -49.330554745339775, 62.488732058349797 ], [ -49.330556099683598, 62.488707824777158 ], [ -49.33056374808173, 62.488679991583211 ], [ -49.330557923617313, 62.488644411979386 ], [ -49.330543675700412, 62.488557376086277 ], [ -49.330647051225924, 62.488553754764581 ], [ -49.330726003170263, 62.488515224478334 ], [ -49.330717576278211, 62.488463749181449 ], [ -49.33070332793416, 62.488376713371515 ], [ -49.330689079683687, 62.48828967759119 ], [ -49.330877226762645, 62.488283086312265 ], [ -49.331065373748018, 62.488276494747709 ], [ -49.331051124362538, 62.488189459044975 ], [ -49.331036875070652, 62.488102423371849 ], [ -49.331022625872343, 62.488015387728289 ], [ -49.331210770921274, 62.488008795950137 ], [ -49.331196521202273, 62.487921760360173 ], [ -49.33100837676762, 62.487928352114317 ], [ -49.330994127756469, 62.487841316529938 ], [ -49.331182271576864, 62.487834724799818 ], [ -49.331168022045027, 62.487747689269028 ], [ -49.331153772606768, 62.48766065376784 ], [ -49.331125274011015, 62.487486582854217 ], [ -49.331313415280775, 62.487479990934517 ], [ -49.331299165509016, 62.487392955546092 ], [ -49.331675446539286, 62.487379770897853 ], [ -49.33166119563262, 62.487292735587047 ], [ -49.33184933539313, 62.487286142858522 ], [ -49.331835083965814, 62.48719910760132 ], [ -49.332023223018481, 62.487192514611174 ], [ -49.332008971070522, 62.487105479407575 ], [ -49.332197109415361, 62.487098886155849 ], [ -49.332385247666608, 62.48709229261852 ], [ -49.332370994583783, 62.487005257492527 ], [ -49.332559132127194, 62.486998663693591 ], [ -49.332544878523748, 62.486911628621222 ], [ -49.332733015359331, 62.486905034560692 ], [ -49.332718761235277, 62.486817999541906 ], [ -49.332906897363024, 62.486811405219783 ], [ -49.333095033397164, 62.486804810612071 ], [ -49.333080778138289, 62.486717775670918 ], [ -49.333268913464593, 62.486711180801599 ], [ -49.333254657685124, 62.486624145914071 ], [ -49.333442792303607, 62.486617550783166 ], [ -49.333630926828462, 62.486610955366658 ], [ -49.333616669914207, 62.486523920556756 ], [ -49.333804803731233, 62.486517324878676 ], [ -49.333992937454632, 62.486510728914979 ], [ -49.334557338063, 62.486490939310279 ], [ -49.334745471411836, 62.486484342204193 ], [ -49.334759732011285, 62.486571376869939 ], [ -49.334773992704392, 62.486658411565273 ], [ -49.334962127187978, 62.486651814125509 ], [ -49.335150261577901, 62.486645216400127 ], [ -49.335338395874167, 62.486638618389158 ], [ -49.33552653007677, 62.486632020092578 ], [ -49.335714664185701, 62.486625421510396 ], [ -49.335728928043473, 62.486712456115164 ], [ -49.335743191994915, 62.486799490749505 ], [ -49.335931327238576, 62.486792891833645 ], [ -49.336119462388567, 62.486786292632182 ], [ -49.336307597444872, 62.486779693145117 ], [ -49.336495732407492, 62.486773093372442 ], [ -49.336683867276413, 62.486766493314164 ], [ -49.336872002051656, 62.486759892970284 ], [ -49.336843466872047, 62.486585824019635 ], [ -49.336655333325204, 62.48659242431544 ], [ -49.33646719968467, 62.486599024325642 ], [ -49.336452933463796, 62.486511989846605 ], [ -49.33626480034377, 62.48651858954716 ], [ -49.336250534830768, 62.486431555073679 ], [ -49.336062402231242, 62.486438154464601 ], [ -49.336048137426111, 62.486351119996662 ], [ -49.335860005347108, 62.486357719077951 ], [ -49.335671873174419, 62.486364317873637 ], [ -49.335657609691324, 62.48627728338721 ], [ -49.335643346301914, 62.486190248930377 ], [ -49.336019608096883, 62.486177051149554 ], [ -49.336207738853858, 62.486170451830745 ], [ -49.336193473715582, 62.486083417475598 ], [ -49.3363816037647, 62.486076817895245 ], [ -49.336395869517155, 62.486163852226341 ], [ -49.336584000086766, 62.486157252336326 ], [ -49.33656973372014, 62.486070218029276 ], [ -49.336757863581894, 62.486063617877718 ], [ -49.336743596694795, 62.485976583624279 ], [ -49.336729329901374, 62.485889549400412 ], [ -49.336541201267956, 62.485896149503894 ], [ -49.336512669190505, 62.485722081096853 ], [ -49.336700796595622, 62.485715481041453 ], [ -49.336715063201652, 62.485802515206139 ], [ -49.337091318959118, 62.485789314190477 ], [ -49.337105586887155, 62.485876348336674 ], [ -49.337293715239497, 62.485869747376405 ], [ -49.337858099734312, 62.48584994278206 ], [ -49.338046227711828, 62.485843340679423 ], [ -49.338031956713017, 62.48575630665345 ], [ -49.338596338240798, 62.485736498704142 ], [ -49.338624884017065, 62.48591056664138 ], [ -49.33881301223385, 62.485903963372316 ], [ -49.338827285876732, 62.485990997361256 ], [ -49.339015414613932, 62.485984393782545 ], [ -49.339203543257398, 62.485977789918259 ], [ -49.33921781822233, 62.486064823888675 ], [ -49.339405947386219, 62.486058219714742 ], [ -49.339594076456351, 62.486051615255214 ], [ -49.339579800263095, 62.485964581332908 ], [ -49.34033231314946, 62.485938160735067 ], [ -49.340346591799339, 62.486025194561144 ], [ -49.340534720400669, 62.486018588673637 ], [ -49.340548999758468, 62.486105622505249 ], [ -49.340360870542973, 62.4861122284168 ], [ -49.340375149380385, 62.486199262302037 ], [ -49.339998889439762, 62.486212473316499 ], [ -49.339810759328813, 62.486219078395322 ], [ -49.339825036417494, 62.486306112382323 ], [ -49.339260643679602, 62.486325925977432 ], [ -49.339072512579484, 62.486332529937918 ], [ -49.338319987241597, 62.486358942923964 ], [ -49.338334259510624, 62.486445977132966 ], [ -49.33814612732764, 62.486452579689548 ], [ -49.337957995050942, 62.486459181960498 ], [ -49.337972266185332, 62.486546216247184 ], [ -49.337784133200728, 62.486552818256591 ], [ -49.33759600012241, 62.486559419980402 ], [ -49.337610270122134, 62.486646454344758 ], [ -49.337798403814645, 62.486639852596902 ], [ -49.337986537413435, 62.48663325056345 ], [ -49.338000808735273, 62.486720284909296 ], [ -49.338188942854536, 62.48671368256619 ], [ -49.338377076880072, 62.486707079937482 ], [ -49.338565210811886, 62.486700477023163 ], [ -49.338579484070024, 62.486787511326455 ], [ -49.33876761852229, 62.486780908102482 ], [ -49.338955752880828, 62.486774304592913 ], [ -49.339143887145617, 62.486767700797742 ], [ -49.339158162340077, 62.486854735058458 ], [ -49.339534431816801, 62.48684152656319 ], [ -49.33972256641453, 62.486834921887151 ], [ -49.339708289377491, 62.486747887698606 ], [ -49.33989642326727, 62.486741282761024 ], [ -49.340084557063285, 62.486734677537846 ], [ -49.340070278891616, 62.486647643427006 ], [ -49.340056000813725, 62.48656060934573 ], [ -49.340244133287605, 62.486554003885082 ], [ -49.340432265667715, 62.486547398138811 ], [ -49.340417986455222, 62.486460364135247 ], [ -49.340606118127383, 62.486453758127446 ], [ -49.340591838394495, 62.486366724177522 ], [ -49.341156231005797, 62.486346904512715 ], [ -49.341170512581201, 62.486433938390448 ], [ -49.340794249705773, 62.486447151834035 ], [ -49.340808530146617, 62.486534185789488 ], [ -49.340996662245402, 62.486527579186422 ], [ -49.341561057979014, 62.486507757663659 ], [ -49.341546775081476, 62.486420723804478 ], [ -49.341734906190929, 62.486414116083097 ], [ -49.341923037206577, 62.486407508076098 ], [ -49.341937321332452, 62.486494541887154 ], [ -49.34195160555214, 62.486581575727783 ], [ -49.342139737702325, 62.486574967387078 ], [ -49.342154022629991, 62.486662001233206 ], [ -49.343659081367399, 62.486609124033393 ], [ -49.343673371302287, 62.486696157716516 ], [ -49.343861503836393, 62.486689546757269 ], [ -49.343875064213293, 62.486772132951337 ], [ -49.343908196241003, 62.486775441821486 ], [ -49.344440193361031, 62.48675674578233 ], [ -49.344628326133886, 62.486750133656606 ], [ -49.344642619327367, 62.486837167278466 ], [ -49.345395151936827, 62.486810715823282 ], [ -49.345409447680886, 62.486897749378393 ], [ -49.345597581212736, 62.48689113577651 ], [ -49.345785714650695, 62.486884521889024 ], [ -49.345800011717003, 62.486971555425534 ], [ -49.345988145675257, 62.486964941228351 ], [ -49.34597384799477, 62.48687790771595 ], [ -49.346161981244954, 62.486871293257281 ], [ -49.346350114401233, 62.486864678513008 ], [ -49.346335815586308, 62.486777645078369 ], [ -49.346523948034509, 62.486771030072589 ], [ -49.346712080388819, 62.486764414781206 ], [ -49.346697780439449, 62.486677381424343 ], [ -49.346885912085675, 62.486670765871466 ], [ -49.347074043637988, 62.486664150032993 ], [ -49.347450306460871, 62.486650917499283 ], [ -49.347461961412371, 62.486721840462344 ], [ -49.347491583347725, 62.486716761666038 ], [ -49.347648490824049, 62.486705473478338 ], [ -49.347638437731426, 62.486644300804031 ], [ -49.347826568908054, 62.486637683823176 ], [ -49.348014699990756, 62.48663106655674 ], [ -49.348202830979517, 62.486624449004708 ], [ -49.348390961874337, 62.486617831167088 ], [ -49.349143484514144, 62.486591356960659 ], [ -49.349129176674644, 62.486504323946683 ], [ -49.34931730648556, 62.486497704705208 ], [ -49.349331614939203, 62.486584737695075 ], [ -49.349519745270307, 62.486578118143903 ], [ -49.349707875507434, 62.486571498307129 ], [ -49.34969356582549, 62.486484465365479 ], [ -49.349881695354505, 62.486477845267231 ], [ -49.349867385152386, 62.48639081237927 ], [ -49.349853075044237, 62.486303779520881 ], [ -49.350041203250996, 62.48629715918527 ], [ -49.350026892622694, 62.48621012638057 ], [ -49.35021502012134, 62.486203505783479 ], [ -49.350403147526002, 62.486196884900806 ], [ -49.350417459382577, 62.486283917657275 ], [ -49.350793715138209, 62.486270674986947 ], [ -49.350981842875036, 62.486264053223394 ], [ -49.350996156668003, 62.486351085937088 ], [ -49.35137241308793, 62.486337841504991 ], [ -49.351386728203167, 62.486424874200011 ], [ -49.351574856886259, 62.486418251531461 ], [ -49.351589172709637, 62.486505284231939 ], [ -49.351777301912854, 62.486498661253677 ], [ -49.351965431022066, 62.486492037989834 ], [ -49.351979748167743, 62.486579070671638 ], [ -49.352167877797065, 62.486572447098062 ], [ -49.352356007332368, 62.486565823238919 ], [ -49.352544136773638, 62.486559199094174 ], [ -49.352732266120881, 62.48655257466384 ], [ -49.352920395374085, 62.486545949947931 ], [ -49.352934715684498, 62.486632982538666 ], [ -49.352949036088944, 62.486720015158973 ], [ -49.353137166476394, 62.486713390109202 ], [ -49.353151487589024, 62.486800422734952 ], [ -49.353157607868013, 62.486837616882937 ], [ -49.353198578655586, 62.486862588379033 ], [ -49.353240440328726, 62.486884827143676 ], [ -49.353353940317412, 62.486880830006655 ], [ -49.353365466365361, 62.48695087254211 ], [ -49.353408084882339, 62.486966460204918 ], [ -49.353556394274101, 62.486961236974068 ], [ -49.353566807254261, 62.487024512408368 ], [ -49.353626400917385, 62.487046308486796 ], [ -49.353758849459098, 62.487041643637198 ], [ -49.353946981926946, 62.487035017348525 ], [ -49.353961305872417, 62.487122049996032 ], [ -49.354149438860347, 62.487115423397626 ], [ -49.354337571754215, 62.487108796513631 ], [ -49.354351897022084, 62.487195829142436 ], [ -49.354373391391398, 62.487326416362066 ], [ -49.354403855324215, 62.487354266064926 ], [ -49.35440978129931, 62.487368864728118 ], [ -49.354568682482331, 62.487363267246714 ], [ -49.354597334904959, 62.487537332663003 ], [ -49.354785470681506, 62.487530705087124 ], [ -49.354798445822162, 62.48760952583504 ], [ -49.354829827615802, 62.487616679904015 ], [ -49.355176070147316, 62.487604481758652 ], [ -49.355364206255771, 62.487597853301835 ], [ -49.355378535159019, 62.487684885987328 ], [ -49.355566671787557, 62.487678257220779 ], [ -49.355581001399088, 62.487765289911692 ], [ -49.355769138547707, 62.487758660835397 ], [ -49.355783468867536, 62.487845693531739 ], [ -49.356159744110798, 62.487832434474029 ], [ -49.356174075753124, 62.487919467151649 ], [ -49.356550351848284, 62.487906206903247 ], [ -49.356738489754669, 62.48789957635065 ], [ -49.356926627566935, 62.487892945512435 ], [ -49.356940961760138, 62.487979978123008 ], [ -49.357317238330623, 62.487966715541504 ], [ -49.357505376474656, 62.48796008382233 ], [ -49.357519712604578, 62.488047116390014 ], [ -49.357895989838561, 62.48803385204657 ], [ -49.357910327291009, 62.488120884595503 ], [ -49.358098466380959, 62.488114251971218 ], [ -49.358110685761062, 62.488188423572844 ], [ -49.358116730857795, 62.488189005797246 ], [ -49.358173501364575, 62.488199144667377 ], [ -49.358677223089217, 62.488181384866607 ], [ -49.358691563186788, 62.488268417378023 ], [ -49.358879703128451, 62.488261783563004 ], [ -49.359067842975939, 62.488255149462383 ], [ -49.359082184396087, 62.488342181955048 ], [ -49.359458465036894, 62.488328912848658 ], [ -49.359646605216007, 62.488322277867063 ], [ -49.359660948572945, 62.488409310316769 ], [ -49.359849089272068, 62.488402675025405 ], [ -49.359863433337409, 62.488489707480511 ], [ -49.360051574556529, 62.488483071879365 ], [ -49.360239715681445, 62.488476435992609 ], [ -49.360254061069398, 62.488563468428936 ], [ -49.36044220271431, 62.488556832232405 ], [ -49.360630344264997, 62.488550195750278 ], [ -49.360644690975583, 62.488637228167825 ], [ -49.360832833046267, 62.488630591375909 ], [ -49.361020975022718, 62.48862395429839 ], [ -49.361006627083711, 62.488536921929196 ], [ -49.36119476835173, 62.488530284590254 ], [ -49.361382909525524, 62.488523646965689 ], [ -49.361397258692932, 62.488610679286538 ], [ -49.361773541986203, 62.48859740313226 ], [ -49.361961683491472, 62.488590764626707 ], [ -49.362337966219258, 62.488577486758793 ], [ -49.362526107441766, 62.488570847396431 ], [ -49.362540460388644, 62.488657879601746 ], [ -49.3631048853332, 62.488637959728479 ], [ -49.363119240216953, 62.488724991890798 ], [ -49.363307382290806, 62.488718351337646 ], [ -49.36349552427037, 62.488711710498883 ], [ -49.363509880476819, 62.488798742642395 ], [ -49.363698022976308, 62.488792101493829 ], [ -49.363683666155659, 62.488705069374511 ], [ -49.363871807946651, 62.488698427964543 ], [ -49.363886165381508, 62.488785460059674 ], [ -49.364450592031353, 62.488765534043544 ], [ -49.364436232753889, 62.48867850202101 ], [ -49.364812515487209, 62.488665216630629 ], [ -49.364798155075654, 62.488578184686041 ], [ -49.364986295686656, 62.488571541586637 ], [ -49.36517443620334, 62.488564898201631 ], [ -49.365188797843281, 62.488651930097824 ], [ -49.365376938879841, 62.488645286403028 ], [ -49.365565079822083, 62.488638642422622 ], [ -49.365578915458279, 62.488722478993076 ], [ -49.365598575112934, 62.488724998647427 ], [ -49.366708290142341, 62.488685804274674 ], [ -49.366896431038406, 62.488679158270848 ], [ -49.366910798394763, 62.488766190008334 ], [ -49.367287081132197, 62.488752897095452 ], [ -49.367272712547454, 62.488665865406389 ], [ -49.367460853160438, 62.488659218545756 ], [ -49.367648993679055, 62.48865257139952 ], [ -49.367620254335932, 62.48847850820691 ], [ -49.36799653263332, 62.488465213154484 ], [ -49.368010903486052, 62.488552244687583 ], [ -49.36819904310736, 62.488545596708775 ], [ -49.368184671640442, 62.488458565199878 ], [ -49.36837281055319, 62.488451916959676 ], [ -49.368560949371556, 62.488445268433871 ], [ -49.368749088095527, 62.488438619622471 ], [ -49.368734714880468, 62.488351588215792 ], [ -49.368922852895878, 62.488344939142998 ], [ -49.368908479161043, 62.4882579077901 ], [ -49.369096616467893, 62.488251258455946 ], [ -49.369110990816893, 62.488338289784636 ], [ -49.369863541556896, 62.48831168949517 ], [ -49.369849164751237, 62.488224658263363 ], [ -49.370413574972403, 62.488204705120197 ], [ -49.370427953620542, 62.488291736279315 ], [ -49.370616090786243, 62.488285084636182 ], [ -49.370804227857505, 62.48827843270746 ], [ -49.370818607828397, 62.488365463847671 ], [ -49.371006745419393, 62.488358811609125 ], [ -49.370992364834343, 62.488271780493122 ], [ -49.371180501716729, 62.488265127993209 ], [ -49.37116612061196, 62.488178096930994 ], [ -49.37135425678575, 62.488171444169716 ], [ -49.371542392865095, 62.488164791122848 ], [ -49.37152801062647, 62.488077760138658 ], [ -49.371904281273494, 62.488064453236596 ], [ -49.371889897901028, 62.487977422330431 ], [ -49.372266166941948, 62.487964114334488 ], [ -49.372294936237921, 62.488138176079438 ], [ -49.372483071844968, 62.4881315216046 ], [ -49.372468686535598, 62.488044490741594 ], [ -49.372844956237991, 62.488031180983647 ], [ -49.372859342775648, 62.488118211798167 ], [ -49.373047478099267, 62.488111556466571 ], [ -49.373033090947466, 62.488024525676281 ], [ -49.373221225562467, 62.488017870083333 ], [ -49.373409360082974, 62.488011214204789 ], [ -49.373394971797381, 62.487924183492524 ], [ -49.373583105609271, 62.487917527352643 ], [ -49.37356871680403, 62.487830496694187 ], [ -49.373756849907295, 62.487823840292968 ], [ -49.373944982916058, 62.487817183606147 ], [ -49.373930592977061, 62.487730153025723 ], [ -49.374118725277199, 62.487723496077571 ], [ -49.374306857482843, 62.487716838843838 ], [ -49.374494989593963, 62.487710181324523 ], [ -49.374480597907109, 62.487623150846403 ], [ -49.374668729309604, 62.487616493065737 ], [ -49.374856860617584, 62.487609834999496 ], [ -49.374842467797016, 62.487522804599422 ], [ -49.375218728901203, 62.487509487658713 ], [ -49.375204334946922, 62.487422457336692 ], [ -49.375189941087164, 62.487335427044222 ], [ -49.375378070269271, 62.48732876819399 ], [ -49.375754328349871, 62.48731544963681 ], [ -49.375739932742349, 62.487228419446666 ], [ -49.376116189216624, 62.487215099795677 ], [ -49.376101792475453, 62.487128069683585 ], [ -49.376289919956683, 62.487121409453998 ], [ -49.376478047343369, 62.487114748938815 ], [ -49.376449251688314, 62.486940688900312 ], [ -49.376825503721712, 62.486927367110276 ], [ -49.37681110480785, 62.486840337183878 ], [ -49.377187355234881, 62.486827014300083 ], [ -49.377201755376888, 62.486914044177958 ], [ -49.377954257552439, 62.486887394886459 ], [ -49.378142382859892, 62.486880731849652 ], [ -49.37817118956837, 62.487054791451385 ], [ -49.377983063032772, 62.487061454536736 ], [ -49.377997465914802, 62.487148484406198 ], [ -49.377809338670538, 62.487155147230233 ], [ -49.377823741033069, 62.487242177153519 ], [ -49.37744748503264, 62.487255501993403 ], [ -49.377433083898282, 62.48716847202158 ], [ -49.377244956370291, 62.487175133988899 ], [ -49.37705682874774, 62.487181795670629 ], [ -49.377042428936129, 62.487094765679842 ], [ -49.376854301833099, 62.487101427051748 ], [ -49.376868701030624, 62.487188457066793 ], [ -49.376680573218948, 62.487195118177382 ], [ -49.376492445312721, 62.48720177900239 ], [ -49.37652124153508, 62.487375839218188 ], [ -49.376709370669495, 62.48736917834465 ], [ -49.376723769536603, 62.487456208472622 ], [ -49.376752567554497, 62.487630268817199 ], [ -49.376564436577759, 62.487636929763504 ], [ -49.376188174340641, 62.487650250799383 ], [ -49.376202571649081, 62.487737281088783 ], [ -49.376014439774579, 62.487743941202602 ], [ -49.376028836563449, 62.487830971545812 ], [ -49.376216969052066, 62.487824311407728 ], [ -49.376593233745659, 62.487810990274809 ], [ -49.376578835114429, 62.487723960004388 ], [ -49.376766966705276, 62.487717299033804 ], [ -49.376955098201556, 62.48771063777766 ], [ -49.377143229603277, 62.487703976235927 ], [ -49.377128829224276, 62.487616946067831 ], [ -49.377316959917316, 62.487610284264782 ], [ -49.37750509051579, 62.487603622176145 ], [ -49.377693221019683, 62.487596959801934 ], [ -49.377881351428996, 62.487590297142134 ], [ -49.377866948688144, 62.487503267100657 ], [ -49.378055078388776, 62.487496604179547 ], [ -49.378243207994821, 62.487489940972864 ], [ -49.378619466923141, 62.487476613702761 ], [ -49.37860506182048, 62.487389583787909 ], [ -49.378793190528654, 62.487382919748768 ], [ -49.378778784906501, 62.487295889887733 ], [ -49.37896691290598, 62.487289225587276 ], [ -49.378981319142227, 62.487376255424046 ], [ -49.379169447661184, 62.487369590813742 ], [ -49.379155040810858, 62.487282561001258 ], [ -49.379111820827511, 62.487021471741087 ], [ -49.379488072668963, 62.487008141857963 ], [ -49.379531296336779, 62.487269230972487 ], [ -49.379907551484237, 62.487255899801404 ], [ -49.379893142272188, 62.487168870115568 ], [ -49.380081269089906, 62.487162204125958 ], [ -49.380066859358394, 62.487075174493953 ], [ -49.380254985467417, 62.487068508243034 ], [ -49.380240575216462, 62.486981478664859 ], [ -49.380428700616775, 62.486974812152653 ], [ -49.380804951133506, 62.486961478271546 ], [ -49.380790539134992, 62.486874448795767 ], [ -49.380978663637329, 62.486867781451139 ], [ -49.380993076249908, 62.486954810902638 ], [ -49.381181201271659, 62.486948143248149 ], [ -49.381369326198772, 62.486941475308107 ], [ -49.38135491235807, 62.486854445905173 ], [ -49.38154303657646, 62.486847777703844 ], [ -49.381731160700205, 62.486841109216932 ], [ -49.381919284729278, 62.486834440444468 ], [ -49.381904869141067, 62.486747411143945 ], [ -49.382092992461423, 62.4867407421102 ], [ -49.382281115687114, 62.486734072790895 ], [ -49.382266698965466, 62.486647043568489 ], [ -49.382454821482447, 62.486640373987903 ], [ -49.382642943904742, 62.486633704121758 ], [ -49.382628526049679, 62.48654667497749 ], [ -49.382816647763256, 62.48654000485007 ], [ -49.383004576442978, 62.486532169912593 ], [ -49.38299035039369, 62.486446305370947 ], [ -49.383178471303872, 62.486439634696694 ], [ -49.383191990297803, 62.486521228160669 ], [ -49.383754172787071, 62.486488050308871 ], [ -49.383742833466258, 62.486419620960575 ], [ -49.383930953997655, 62.486412949144068 ], [ -49.384119074434352, 62.486406277042029 ], [ -49.384104651856397, 62.486319248151219 ], [ -49.384292771584356, 62.486312575787906 ], [ -49.384480891217606, 62.486305903139026 ], [ -49.384669010756141, 62.486299230204594 ], [ -49.384857130199954, 62.486292556984601 ], [ -49.385045249549052, 62.486285883479056 ], [ -49.385059675197127, 62.486372912248335 ], [ -49.385247795065524, 62.486366238432929 ], [ -49.385435914839171, 62.486359564331963 ], [ -49.38542148796305, 62.486272535611285 ], [ -49.385609607027945, 62.486265861249066 ], [ -49.38579772599811, 62.486259186601281 ], [ -49.385985844873531, 62.486252511667935 ], [ -49.385971416250094, 62.486165483049753 ], [ -49.386159534416748, 62.486158807855155 ], [ -49.386535770465805, 62.486145456609329 ], [ -49.386521340095094, 62.486058428093607 ], [ -49.38670945736348, 62.486051752066672 ], [ -49.386897574537102, 62.486045075754191 ], [ -49.387085691615965, 62.486038399156143 ], [ -49.387273808600064, 62.486031722272557 ], [ -49.387650042283923, 62.486018367648711 ], [ -49.387635608323961, 62.485931339308429 ], [ -49.388011840400708, 62.485917983591008 ], [ -49.388388072098294, 62.485904626731397 ], [ -49.388764303416707, 62.48589126872956 ], [ -49.388778741060634, 62.485978296923903 ], [ -49.388966857191619, 62.485971617470348 ], [ -49.388981295544347, 62.486058645669893 ], [ -49.389169412194519, 62.486051965906441 ], [ -49.389733761576146, 62.486031924902818 ], [ -49.389921877847051, 62.486025243997169 ], [ -49.390109994023113, 62.486018562805967 ], [ -49.390095551986434, 62.485931534752396 ], [ -49.39047178282609, 62.48591817156202 ], [ -49.390486226090744, 62.486005199566918 ], [ -49.39067434198229, 62.485998517519064 ], [ -49.39065989810365, 62.485911489538502 ], [ -49.390848013286373, 62.485904807229439 ], [ -49.390862457778994, 62.485991835185679 ], [ -49.391050573480861, 62.485985152566727 ], [ -49.391238689087864, 62.485978469662221 ], [ -49.391614920017297, 62.48596510299658 ], [ -49.391803035339706, 62.485958419235445 ], [ -49.392555495680654, 62.48593168133538 ], [ -49.392743610528676, 62.485924996146494 ], [ -49.392758061256004, 62.486012023888826 ], [ -49.392772512078217, 62.486099051660709 ], [ -49.392960628059321, 62.486092366137576 ], [ -49.393148743945531, 62.486085680328898 ], [ -49.393336859736834, 62.486078994234667 ], [ -49.393351312495902, 62.486166021963037 ], [ -49.393539428806292, 62.486159335558909 ], [ -49.393727545021775, 62.486152648869229 ], [ -49.393915661142344, 62.48614596189401 ], [ -49.394103777167999, 62.486139274633231 ], [ -49.394291893098732, 62.486132587086914 ], [ -49.394480008934536, 62.486125899255043 ], [ -49.394494465472434, 62.486212926866806 ], [ -49.395999393652993, 62.486159413737248 ], [ -49.39598493220327, 62.486072386320373 ], [ -49.396173047184575, 62.486065695918576 ], [ -49.396187509248279, 62.486152723311079 ], [ -49.3963756247486, 62.486146032599372 ], [ -49.396390087521247, 62.486233059997048 ], [ -49.396578203540578, 62.486226368975416 ], [ -49.396954435294312, 62.486212986075536 ], [ -49.397142551028708, 62.486206294197267 ], [ -49.397157016352253, 62.486293321527 ], [ -49.397533248764042, 62.486279936865074 ], [ -49.397547715410532, 62.486366964175595 ], [ -49.397735832087911, 62.486360271391938 ], [ -49.398112065157676, 62.486346884967993 ], [ -49.398126533741113, 62.486433912234901 ], [ -49.398314650747466, 62.486427218570221 ], [ -49.398690884475137, 62.486413830384222 ], [ -49.398879001196434, 62.486407135862898 ], [ -49.398893472330819, 62.486494163061835 ], [ -49.399457823766511, 62.486474077711428 ], [ -49.399443350790193, 62.486387050585648 ], [ -49.399631467131371, 62.486380354922133 ], [ -49.399602520235888, 62.48620630080795 ], [ -49.399978750177247, 62.48619290872184 ], [ -49.400007699528608, 62.486366962738472 ], [ -49.399819583377514, 62.486373658973086 ], [ -49.399834057581792, 62.486460686050087 ], [ -49.400022174346866, 62.486453989791087 ], [ -49.400774640456632, 62.486427201899652 ], [ -49.400789117825852, 62.486514228884239 ], [ -49.400803595290142, 62.486601255898357 ], [ -49.40099171280788, 62.486594558162842 ], [ -49.401006190981221, 62.486681585182097 ], [ -49.401194309017882, 62.486674887136644 ], [ -49.401382426959458, 62.486668188805638 ], [ -49.401758662557377, 62.486654791286973 ], [ -49.401787624101175, 62.486828845218902 ], [ -49.402163861774675, 62.486815446460461 ], [ -49.402351980468787, 62.486808746652912 ], [ -49.402540099067785, 62.486802046559816 ], [ -49.402554582438277, 62.486889073472462 ], [ -49.402742701556171, 62.486882373069413 ], [ -49.402728217571685, 62.486795346181168 ], [ -49.403292572512711, 62.486775243331941 ], [ -49.403480690636151, 62.486768541811102 ], [ -49.403495177076579, 62.486855568601719 ], [ -49.403683295718864, 62.486848866770927 ], [ -49.403668808664463, 62.486761840004718 ], [ -49.403856926597641, 62.486755137912766 ], [ -49.403885902029558, 62.486929191425908 ], [ -49.404074021095568, 62.486922488999603 ], [ -49.404088509568219, 62.487009515776059 ], [ -49.404276629153081, 62.487002813039794 ], [ -49.404233162178599, 62.486741732872261 ], [ -49.404421279826373, 62.486735029923672 ], [ -49.404392301091143, 62.486560976675108 ], [ -49.40476853364536, 62.486547570018963 ], [ -49.404783024193335, 62.486634596579648 ], [ -49.404971140941683, 62.48662789279885 ], [ -49.405000123551041, 62.486801945959989 ], [ -49.405188241432185, 62.486795241844803 ], [ -49.405231717901877, 62.487056321734698 ], [ -49.405246210248762, 62.487143348423714 ], [ -49.405255000759951, 62.487196135267858 ], [ -49.405309069883344, 62.487196753039591 ], [ -49.405476894426741, 62.487227175159795 ], [ -49.40561241068395, 62.487285732517705 ], [ -49.405626320196163, 62.487304887753098 ], [ -49.405651438072688, 62.487303992510299 ], [ -49.405659106919366, 62.487350039291478 ], [ -49.405669808768906, 62.487364777082547 ], [ -49.405712563763856, 62.487389357188952 ], [ -49.405854053826651, 62.487384314096296 ], [ -49.406042175625025, 62.487377608667984 ], [ -49.40605667080861, 62.487464635377414 ], [ -49.406244793125808, 62.487457929639113 ], [ -49.406621037474622, 62.487444517305875 ], [ -49.406809159506238, 62.487437810710922 ], [ -49.406823657241027, 62.487524837352176 ], [ -49.407011779791446, 62.487518130447242 ], [ -49.407026278235449, 62.487605157093604 ], [ -49.407214401304664, 62.487598449878682 ], [ -49.407402524278666, 62.487591742378214 ], [ -49.407590647157456, 62.487585034592179 ], [ -49.407778769941018, 62.487578326520612 ], [ -49.408531260123013, 62.487551491378746 ], [ -49.408719382430419, 62.487544781879386 ], [ -49.408733886495682, 62.487631808335379 ], [ -49.4087483906562, 62.487718834820889 ], [ -49.408936514096368, 62.487712124987112 ], [ -49.408950387369657, 62.48779536202894 ], [ -49.408970967759714, 62.487798439943155 ], [ -49.409139142925063, 62.487792441333937 ], [ -49.409327266788743, 62.487785730904612 ], [ -49.409341475489164, 62.487870972644721 ], [ -49.409348514256379, 62.487872516907295 ], [ -49.409718021651379, 62.487859335611645 ], [ -49.40990614584328, 62.487852624301205 ], [ -49.409920653973629, 62.487939650728634 ], [ -49.410108778684268, 62.487932939108205 ], [ -49.410296903299631, 62.487926227202209 ], [ -49.410311412753281, 62.488013253610269 ], [ -49.410499537887375, 62.48800654139427 ], [ -49.410687662926186, 62.487999828892718 ], [ -49.41070217370315, 62.488086855281402 ], [ -49.41107842472293, 62.48807342937274 ], [ -49.411266550089884, 62.488066715990051 ], [ -49.411454675361533, 62.488060002321824 ], [ -49.411469188689857, 62.488147028642238 ], [ -49.411657314480209, 62.488140314663994 ], [ -49.412221691279406, 62.488120171015936 ], [ -49.412236207159111, 62.488207197268032 ], [ -49.412424333182216, 62.488200482123112 ], [ -49.41243884977127, 62.488287508380267 ], [ -49.412815102759531, 62.488274077184826 ], [ -49.412829620671964, 62.488361103422591 ], [ -49.413205874506929, 62.488347671035996 ], [ -49.413394001281382, 62.488340954414355 ], [ -49.413408521131231, 62.488427980608243 ], [ -49.413784775622148, 62.48841454645936 ], [ -49.413799296795396, 62.488501572633851 ], [ -49.413987424511845, 62.488494855106609 ], [ -49.414001946394478, 62.488581881286137 ], [ -49.414190074629595, 62.488575163448864 ], [ -49.414378202769335, 62.488568445326031 ], [ -49.414392725975404, 62.488655471486148 ], [ -49.414768983196829, 62.488642034334859 ], [ -49.414957111664478, 62.488635315330868 ], [ -49.415333368313604, 62.488621876466219 ], [ -49.415521496495089, 62.488615156605555 ], [ -49.415536023480712, 62.488702182648353 ], [ -49.415550550561733, 62.488789208720661 ], [ -49.415738679875879, 62.488782488525473 ], [ -49.415926809094614, 62.488775768044732 ], [ -49.416114938217952, 62.488769047278439 ], [ -49.41612946723648, 62.488856073306835 ], [ -49.416317596878436, 62.488849352230488 ], [ -49.41650572642498, 62.488842630868575 ], [ -49.416520256766994, 62.488929656877524 ], [ -49.416708386832148, 62.488922935205572 ], [ -49.416896516801877, 62.488916213248068 ], [ -49.416911048467398, 62.489003239237562 ], [ -49.417287309348637, 62.488989794416881 ], [ -49.417301842337672, 62.48907682038692 ], [ -49.417489973249175, 62.489070097523751 ], [ -49.417504506947687, 62.489157123498821 ], [ -49.417692638377801, 62.489150400325592 ], [ -49.417880769712461, 62.48914367686681 ], [ -49.418068900951674, 62.489136953122468 ], [ -49.418083436587764, 62.489223979053584 ], [ -49.418271568345567, 62.489217254999183 ], [ -49.418459700007901, 62.4892105306592 ], [ -49.418474236967555, 62.489297556570847 ], [ -49.418662369148471, 62.489290831920826 ], [ -49.418647831574781, 62.489203806033672 ], [ -49.418835963046185, 62.489197081122576 ], [ -49.418850501233926, 62.489284106985231 ], [ -49.419038633223899, 62.489277381764076 ], [ -49.41905317212116, 62.489364407631754 ], [ -49.419241304629708, 62.489357682100533 ], [ -49.419255844236503, 62.489444707973227 ], [ -49.419443977263619, 62.489437982131946 ], [ -49.419458517579947, 62.48952500800965 ], [ -49.419646651125625, 62.489518281858309 ], [ -49.419661192151509, 62.48960530774103 ], [ -49.419849326215754, 62.489598581279608 ], [ -49.419863867951186, 62.489685607167338 ], [ -49.420052002533993, 62.489678880395864 ], [ -49.420240137021295, 62.489672153338809 ], [ -49.420254680080355, 62.489759179207049 ], [ -49.420442815086219, 62.489752451839919 ], [ -49.42045735885484, 62.489839477713161 ], [ -49.42047190271898, 62.489926503615919 ], [ -49.420480365846515, 62.489977144056382 ], [ -49.420570132784441, 62.490010536988322 ], [ -49.420674583431193, 62.490006801821977 ], [ -49.42086272008823, 62.490000073810194 ], [ -49.420877265371544, 62.490087099722963 ], [ -49.421065402547143, 62.490080371401106 ], [ -49.421079948540061, 62.490167397318878 ], [ -49.421268086234214, 62.49016066868694 ], [ -49.421456223832827, 62.490153939769435 ], [ -49.421470771149437, 62.490240965667688 ], [ -49.421658909266597, 62.490234236440081 ], [ -49.421673457292826, 62.49032126234335 ], [ -49.421861595928533, 62.490314532805684 ], [ -49.421876144664388, 62.49040155871392 ], [ -49.422064283818635, 62.490394828866165 ], [ -49.422078833264131, 62.490481854779411 ], [ -49.42208698186024, 62.490530594476994 ], [ -49.422123283124591, 62.490544713874705 ], [ -49.42218431144547, 62.490565628045381 ], [ -49.422281523092046, 62.490562150539787 ], [ -49.422469663283373, 62.49055542007185 ], [ -49.422484214148163, 62.490642445995086 ], [ -49.422672354858022, 62.490635715217053 ], [ -49.422686906432467, 62.490722741145269 ], [ -49.42287504766086, 62.490716010057128 ], [ -49.42288959994498, 62.490803035990346 ], [ -49.422901844535005, 62.490876260973785 ], [ -49.422929605209646, 62.490889151307812 ], [ -49.423092294685695, 62.49088333053033 ], [ -49.423106847775067, 62.490970356498032 ], [ -49.423294990654625, 62.490963624765179 ], [ -49.42330954445368, 62.491050650737883 ], [ -49.423324098348331, 62.491137676740081 ], [ -49.423337399680314, 62.491217212484699 ], [ -49.423345836169837, 62.491224445729024 ], [ -49.423526796964879, 62.491217970679806 ], [ -49.423541351664809, 62.491304996716487 ], [ -49.423554055762118, 62.491380957113854 ], [ -49.423719643437281, 62.49153191045 ], [ -49.423748409148502, 62.491560228324737 ], [ -49.423773163325386, 62.491559342527928 ], [ -49.423778219875992, 62.491589574879065 ], [ -49.423834221771855, 62.491644704602059 ], [ -49.423975866527613, 62.491639635872339 ], [ -49.423990422933784, 62.491726662007522 ], [ -49.424004979435544, 62.491813688172186 ], [ -49.424019536032915, 62.491900714366373 ], [ -49.424207685285545, 62.491893981221438 ], [ -49.42422224259267, 62.491981007420591 ], [ -49.424410392363846, 62.491974273965525 ], [ -49.424439508493236, 62.492148326403303 ], [ -49.42462765939711, 62.492141592613592 ], [ -49.424642218219383, 62.492228618852231 ], [ -49.424830369641811, 62.492221884752382 ], [ -49.424844929173872, 62.49230891099598 ], [ -49.425033081114833, 62.492302176586023 ], [ -49.425047641356691, 62.49238920283458 ], [ -49.425062201694168, 62.492476229112654 ], [ -49.42525035476784, 62.492469494368038 ], [ -49.425264915815127, 62.492556520651071 ], [ -49.425453069407347, 62.492549785596331 ], [ -49.425467631164452, 62.492636811884338 ], [ -49.425655785275204, 62.492630076519461 ], [ -49.425670347742127, 62.492717102812435 ], [ -49.425858502371419, 62.492710367137413 ], [ -49.425873065548167, 62.49279739343536 ], [ -49.426061220695992, 62.492790657450215 ], [ -49.426075784582586, 62.492877683753122 ], [ -49.426263940248944, 62.492870947457831 ], [ -49.426452095819648, 62.492864210876938 ], [ -49.426466661030275, 62.49295123716027 ], [ -49.426481226336563, 62.49303826347311 ], [ -49.42649579173851, 62.49312528981546 ], [ -49.426683949056134, 62.493118552875345 ], [ -49.426698515167949, 62.493205579222654 ], [ -49.426704871652539, 62.493243556355324 ], [ -49.426740650204103, 62.493262019797776 ], [ -49.426797416121687, 62.4932895859124 ], [ -49.426901239825789, 62.493285868324648 ], [ -49.426911102955359, 62.493344793169278 ], [ -49.426935952884151, 62.493356860455222 ], [ -49.426980182229308, 62.493370589585425 ], [ -49.42710396571205, 62.493366157121457 ], [ -49.427111532622199, 62.493411361589118 ], [ -49.427233054700125, 62.493449082591184 ], [ -49.427306692826718, 62.493446445613067 ], [ -49.427494852218459, 62.493439707432373 ], [ -49.427683011514503, 62.493432968966047 ], [ -49.427871170714859, 62.493426230214126 ], [ -49.428059329819511, 62.493419491176596 ], [ -49.428073900613512, 62.493506517470088 ], [ -49.428088471503209, 62.493593543793075 ], [ -49.428276631740587, 62.493586804420836 ], [ -49.428464791882256, 62.493580064762988 ], [ -49.428652951928221, 62.493573324819543 ], [ -49.428667524756271, 62.493660351098377 ], [ -49.429043845789479, 62.493646870305554 ], [ -49.429420166439797, 62.493633388370277 ], [ -49.429608326621356, 62.493626646974228 ], [ -49.429622902616202, 62.493713673159796 ], [ -49.429811063316244, 62.49370693145358 ], [ -49.429825640021043, 62.493793957644094 ], [ -49.430201962362332, 62.493780473325714 ], [ -49.430390123389358, 62.493773730738113 ], [ -49.430578284320632, 62.493766987864902 ], [ -49.430954605895899, 62.493753501261665 ], [ -49.431330927088105, 62.493740013515996 ], [ -49.431316345469604, 62.493652987521997 ], [ -49.431692665050299, 62.493639498683031 ], [ -49.431707247897229, 62.493726524627881 ], [ -49.432271728392529, 62.493706289153671 ], [ -49.432286313177869, 62.493793315054326 ], [ -49.432474473765602, 62.493786569300475 ], [ -49.43250364485209, 62.493960621141113 ], [ -49.433068129725761, 62.493940382018444 ], [ -49.433256291158692, 62.49393363507302 ], [ -49.433270879302519, 62.49402066093927 ], [ -49.433285467542149, 62.494107686835029 ], [ -49.433473630107706, 62.494100939554833 ], [ -49.433661792577439, 62.494094191989014 ], [ -49.433676382141343, 62.494181217865119 ], [ -49.434052708021774, 62.494167721827488 ], [ -49.434240870818243, 62.494160973380268 ], [ -49.434429033518875, 62.494154224647431 ], [ -49.434617196123654, 62.494147475628992 ], [ -49.434805358632602, 62.494140726324943 ], [ -49.434993521045683, 62.494133976735277 ], [ -49.43518168336292, 62.494127226859995 ], [ -49.435196277936434, 62.494214252568916 ], [ -49.435384440772026, 62.494207502383446 ], [ -49.435572603511751, 62.494200751912359 ], [ -49.435587199409568, 62.494287777601585 ], [ -49.436339851866663, 62.494260772762786 ], [ -49.436528014741235, 62.49425402083908 ], [ -49.436904340202716, 62.494240516134795 ], [ -49.436918940495943, 62.494327541681351 ], [ -49.436933540885072, 62.494414567257401 ], [ -49.437121704700402, 62.494407814427667 ], [ -49.43768619557099, 62.494387554224758 ], [ -49.437874359002691, 62.494380800252564 ], [ -49.438438848722285, 62.494360536622338 ], [ -49.438453454121095, 62.49444756203107 ], [ -49.438468059615829, 62.494534587469268 ], [ -49.438656223892281, 62.49452783230543 ], [ -49.438670830097173, 62.49461485774853 ], [ -49.438858994891916, 62.494608102274455 ], [ -49.438870312262587, 62.494675529238947 ], [ -49.438926762582355, 62.494693219096391 ], [ -49.439061767120009, 62.494688371938167 ], [ -49.439072140338816, 62.494750170818229 ], [ -49.439120823125485, 62.494773801497921 ], [ -49.439264540576559, 62.494768641296517 ], [ -49.439276246259141, 62.494838374978464 ], [ -49.43931967508837, 62.494854211623434 ], [ -49.439467315261574, 62.494848910349518 ], [ -49.439478072562572, 62.494912991186169 ], [ -49.439534401065409, 62.494934051500444 ], [ -49.43985825794698, 62.494922422096607 ], [ -49.439872868317025, 62.495009447539481 ], [ -49.440061035607222, 62.495002690228674 ], [ -49.440075646687475, 62.495089715676407 ], [ -49.440090257863702, 62.495176741153642 ], [ -49.440100827470673, 62.49523969434366 ], [ -49.440116514017518, 62.49526334846886 ], [ -49.440293038172861, 62.495257008990095 ], [ -49.44030765015529, 62.495344034501684 ], [ -49.440495819710527, 62.495337276521177 ], [ -49.440509927869847, 62.49542129731126 ], [ -49.440521313467869, 62.495423911242668 ], [ -49.440698602476715, 62.495417543746889 ], [ -49.440886772454242, 62.495410785170527 ], [ -49.440901386471403, 62.495497810667246 ], [ -49.441089556967206, 62.49549105178064 ], [ -49.441465897670817, 62.495477533150563 ], [ -49.441480513626757, 62.495564558602901 ], [ -49.441668684448821, 62.49555779883481 ], [ -49.441856855174876, 62.495551038781109 ], [ -49.441871472455354, 62.495638064213665 ], [ -49.441886089831833, 62.495725089675709 ], [ -49.441900707304328, 62.495812115167233 ], [ -49.442277052153997, 62.495798594055202 ], [ -49.442291670951057, 62.495885619526959 ], [ -49.442479843846129, 62.495878858517884 ], [ -49.442492985522144, 62.495957086939036 ], [ -49.442516867163576, 62.495965079011157 ], [ -49.442682636766811, 62.495959122675146 ], [ -49.442694246582001, 62.496028229061118 ], [ -49.442720580385604, 62.496045310095546 ], [ -49.442885430916043, 62.496039386527023 ], [ -49.443073604751575, 62.496032624611807 ], [ -49.443088226293831, 62.496119650073496 ], [ -49.443464574905327, 62.496106125336908 ], [ -49.443479197772199, 62.496193150778815 ], [ -49.443667372548163, 62.496186387957444 ], [ -49.44368199612537, 62.496273413404197 ], [ -49.443870171419555, 62.496266650272574 ], [ -49.443855547228054, 62.496179624850463 ], [ -49.444043721811902, 62.496172861457836 ], [ -49.444420070691393, 62.496159333815726 ], [ -49.44460824498703, 62.49615256956622 ], [ -49.444593618434482, 62.496065544272156 ], [ -49.444781792019768, 62.496058779761668 ], [ -49.445158138902102, 62.496045249883842 ], [ -49.445143510602811, 62.49595822469319 ], [ -49.445331683285588, 62.495951459350479 ], [ -49.445346312199149, 62.49603848451649 ], [ -49.445534485400103, 62.496031718863513 ], [ -49.445519855872263, 62.495944693722151 ], [ -49.445708028362851, 62.4959379278082 ], [ -49.445896200757353, 62.495931161608638 ], [ -49.445881570097079, 62.495844136546047 ], [ -49.446069741781216, 62.495837370085511 ], [ -49.446634256256964, 62.495817068990156 ], [ -49.446619623235762, 62.495730044055648 ], [ -49.446807793921195, 62.495723276477285 ], [ -49.446995964510513, 62.495716508613299 ], [ -49.44718413500371, 62.495709740463688 ], [ -49.447372305400769, 62.495702972028468 ], [ -49.447357670018697, 62.495615947222049 ], [ -49.447545839705384, 62.495609178525882 ], [ -49.4475604757017, 62.495696203307631 ], [ -49.447748645906501, 62.495689434301177 ], [ -49.447734009295935, 62.495602409544077 ], [ -49.44792217879035, 62.495595640276669 ], [ -49.448298517490748, 62.495582100884988 ], [ -49.448283879133598, 62.495495076231357 ], [ -49.448472047725332, 62.495488306131762 ], [ -49.448660216220922, 62.495481535746549 ], [ -49.448848384620355, 62.49547476507572 ], [ -49.44941288924165, 62.495454451349559 ], [ -49.449427531284215, 62.495541475855212 ], [ -49.44961569991321, 62.49553470401726 ], [ -49.449601057256409, 62.495447679536291 ], [ -49.449789225174989, 62.495440907437391 ], [ -49.44997739299739, 62.495434135052882 ], [ -49.450165560723612, 62.49542736238277 ], [ -49.450150916320311, 62.495340338005285 ], [ -49.450339083336111, 62.49533356507424 ], [ -49.450527250255725, 62.495326791857572 ], [ -49.450715417079145, 62.495320018355301 ], [ -49.450700770929373, 62.495232994081306 ], [ -49.450888937042372, 62.495226220318102 ], [ -49.451453434804122, 62.495205897314818 ], [ -49.451468083410759, 62.495292921490098 ], [ -49.451656249753128, 62.495286146559771 ], [ -49.451641600532291, 62.495199122409176 ], [ -49.451829766164224, 62.495192347217923 ], [ -49.452206097139445, 62.495178795978603 ], [ -49.452191446172186, 62.49509177193152 ], [ -49.452379610901247, 62.495084995908137 ], [ -49.452567775534064, 62.495078219599129 ], [ -49.452755940070645, 62.495071443004534 ], [ -49.452944104510991, 62.495064666124335 ], [ -49.452958757935058, 62.495151690072667 ], [ -49.453146922893353, 62.495144912882161 ], [ -49.453132268855079, 62.49505788895852 ], [ -49.453320433102924, 62.495051111507095 ], [ -49.453335087755399, 62.495138135406066 ], [ -49.453523252521194, 62.495131357644354 ], [ -49.453711417190725, 62.495124579597032 ], [ -49.45369676130985, 62.495037555747452 ], [ -49.453884925268916, 62.495030777439226 ], [ -49.454073089131725, 62.495023998845397 ], [ -49.454058432118728, 62.494936975074665 ], [ -49.454246595271066, 62.494930196219926 ], [ -49.454434758327139, 62.49492341707959 ], [ -49.454420100182027, 62.494836393387729 ], [ -49.454608262527628, 62.494829613986482 ], [ -49.454593603864616, 62.494742590348785 ], [ -49.454781765499767, 62.494735810686635 ], [ -49.454969927038618, 62.494729030738881 ], [ -49.454955267243527, 62.494642007180055 ], [ -49.455143428071935, 62.494635226971404 ], [ -49.455519749439851, 62.494621665697288 ], [ -49.455534411077473, 62.494708689182026 ], [ -49.45572257223116, 62.494701908091862 ], [ -49.455707909979367, 62.494614884631837 ], [ -49.455896070422575, 62.494608103280797 ], [ -49.456084230769491, 62.494601321644154 ], [ -49.456272391020093, 62.494594539721916 ], [ -49.457401350500945, 62.494553842190953 ], [ -49.457416018280249, 62.494640865428615 ], [ -49.459297615849167, 62.494573013115598 ], [ -49.459312289866446, 62.494660036135564 ], [ -49.461005724965595, 62.494598944413063 ], [ -49.460991045420933, 62.494511921615619 ], [ -49.461179203780219, 62.494505132243219 ], [ -49.461193883939039, 62.49459215501593 ], [ -49.462134677359856, 62.494558203746401 ], [ -49.462510994053133, 62.494544621239434 ], [ -49.462699152255105, 62.494537829557572 ], [ -49.462713837423536, 62.494624852161863 ], [ -49.462727855913151, 62.494707923599094 ], [ -49.462750163535482, 62.494710641020355 ], [ -49.46275155510488, 62.494711043406397 ], [ -49.462916682022239, 62.49470508277868 ], [ -49.462926210874457, 62.494761546632191 ], [ -49.463020736532016, 62.494788879364712 ], [ -49.463119527849237, 62.494785313089906 ], [ -49.46312522897972, 62.494819093915979 ], [ -49.463160081480247, 62.49482917166921 ], [ -49.463246883639741, 62.494868268384252 ], [ -49.463322374904543, 62.494865543095507 ], [ -49.463510535177278, 62.494858750172313 ], [ -49.463698695353543, 62.494851956963515 ], [ -49.463713383978593, 62.494938979561951 ], [ -49.464089705269998, 62.494925392238102 ], [ -49.464075015416647, 62.494838369689155 ], [ -49.464263175303472, 62.494831575623579 ], [ -49.46520397329023, 62.49479760101184 ], [ -49.465392132598076, 62.494790805232711 ], [ -49.465406826750488, 62.494877827608406 ], [ -49.465594986575972, 62.494871031518947 ], [ -49.465783146304936, 62.494864235143879 ], [ -49.46579784178217, 62.49495125749953 ], [ -49.465609681439055, 62.494958053899339 ], [ -49.465624376398651, 62.495045076309211 ], [ -49.465812537355923, 62.495038279884639 ], [ -49.466000698216675, 62.495031483174472 ], [ -49.466015394501106, 62.495118505564292 ], [ -49.466203555879488, 62.495111708543767 ], [ -49.466391717161343, 62.495104911237654 ], [ -49.466406414770624, 62.495191933607423 ], [ -49.466421112476432, 62.495278956006644 ], [ -49.46679743720717, 62.49526536043858 ], [ -49.46698559942773, 62.495258562226162 ], [ -49.467000299072581, 62.495345584580576 ], [ -49.467376624452363, 62.495331987249408 ], [ -49.467752949445924, 62.495318388775857 ], [ -49.467941111797856, 62.495311589110699 ], [ -49.467955814610086, 62.495398611370739 ], [ -49.468143977479606, 62.495391811395208 ], [ -49.468158681002578, 62.495478833659931 ], [ -49.468535007680238, 62.495465232802545 ], [ -49.468723170874199, 62.495458431945451 ], [ -49.468737876336249, 62.495545454165317 ], [ -49.469678693927968, 62.495511445472054 ], [ -49.469663985395094, 62.495424423376065 ], [ -49.469852148009466, 62.495417620805398 ], [ -49.469971350698984, 62.495413311166807 ], [ -49.469974807457518, 62.495345826610382 ], [ -49.470086253538199, 62.495275785711343 ], [ -49.470203796531486, 62.495258035555175 ], [ -49.470199052487501, 62.495229970852378 ], [ -49.470387213583727, 62.495223167474492 ], [ -49.470575374583326, 62.495216363811025 ], [ -49.470560663269524, 62.495129341927317 ], [ -49.470748823558353, 62.495122538003045 ], [ -49.470936983750548, 62.495115733793163 ], [ -49.470951696292651, 62.49520275562729 ], [ -49.472080659101294, 62.495161924221961 ], [ -49.4720953754249, 62.495248945936815 ], [ -49.472283536168874, 62.495242139678226 ], [ -49.472659857366835, 62.495228526304302 ], [ -49.472848017820802, 62.495221719188947 ], [ -49.473036178178113, 62.495214911788004 ], [ -49.473224338438733, 62.495208104101479 ], [ -49.473239058543861, 62.495295125697027 ], [ -49.473427219321941, 62.495288317700101 ], [ -49.473615380003345, 62.49528150941758 ], [ -49.473630101433443, 62.495368530992991 ], [ -49.473818262632292, 62.495361722400091 ], [ -49.473832984773225, 62.495448743980155 ], [ -49.474021146489527, 62.495441935076862 ], [ -49.474209308109124, 62.49543512588798 ], [ -49.474224031575055, 62.495522147447879 ], [ -49.474412193712098, 62.495515337948596 ], [ -49.474426013851726, 62.495597016566045 ], [ -49.474441260249975, 62.495601840457809 ], [ -49.474615080543366, 62.495595549703488 ], [ -49.474803243101142, 62.495588739608223 ], [ -49.474817968602942, 62.49567576115264 ], [ -49.47500613167815, 62.495668950746968 ], [ -49.475020857890833, 62.49575597229601 ], [ -49.475209021483472, 62.495749161579944 ], [ -49.475223748407039, 62.495836183133648 ], [ -49.47541191251711, 62.495829372107174 ], [ -49.475434795864238, 62.495964583304712 ], [ -49.475569183292215, 62.495998788516481 ], [ -49.475817698269353, 62.495989792244337 ], [ -49.476005863317532, 62.495982980311453 ], [ -49.476194028268964, 62.495976168092973 ], [ -49.476208758553568, 62.496063189610979 ], [ -49.476396924022417, 62.496056377082091 ], [ -49.476585089394511, 62.496049564267594 ], [ -49.476599821004207, 62.49613658576542 ], [ -49.476787986893704, 62.496129772640515 ], [ -49.476976152686447, 62.496122959230014 ], [ -49.476990885621248, 62.496209980707654 ], [ -49.477005618652825, 62.496297002214767 ], [ -49.477193785577128, 62.496290188469025 ], [ -49.477208519319653, 62.496377209980757 ], [ -49.477396686761367, 62.4963703959246 ], [ -49.477410339072186, 62.496451026337049 ], [ -49.477428920301442, 62.496456783736392 ], [ -49.477599589173963, 62.496450603074379 ], [ -49.477610673504735, 62.49651606390254 ], [ -49.47766829732987, 62.496535669948422 ], [ -49.477802492814916, 62.496530809918376 ], [ -49.477990661194646, 62.496523994955766 ], [ -49.47800539768425, 62.496611016456562 ], [ -49.478193566581368, 62.49660420118353 ], [ -49.478381735381681, 62.496597385624888 ], [ -49.478396473196455, 62.496684407105498 ], [ -49.478584642514164, 62.49667759123642 ], [ -49.478599381039928, 62.496764612721655 ], [ -49.478614119662517, 62.496851634236336 ], [ -49.478802290111794, 62.496844818032002 ], [ -49.478817029445381, 62.496931839551308 ], [ -49.479005200412047, 62.496925023036539 ], [ -49.479193371281895, 62.496918206236167 ], [ -49.4792081119407, 62.497005227735265 ], [ -49.479396283327922, 62.49699841062445 ], [ -49.479584454618326, 62.496991593228039 ], [ -49.479599196602358, 62.497078614706915 ], [ -49.479787368410129, 62.497071797000061 ], [ -49.479802111105201, 62.497158818483548 ], [ -49.47999028343034, 62.497152000466258 ], [ -49.480005026836459, 62.497239021954357 ], [ -49.480193199678965, 62.497232203626616 ], [ -49.480207943796138, 62.497319225119348 ], [ -49.480396117156005, 62.497312406481157 ], [ -49.48041086198424, 62.497399427978479 ], [ -49.480599035861466, 62.497392609029845 ], [ -49.480613781400777, 62.497479630531785 ], [ -49.480801955795371, 62.497472811272708 ], [ -49.480990130093105, 62.497465991727999 ], [ -49.481366478397973, 62.497452351781774 ], [ -49.481351730401805, 62.497365330379196 ], [ -49.481539903794719, 62.49735851000252 ], [ -49.481916250289913, 62.497344868392339 ], [ -49.481901500547998, 62.497257847093756 ], [ -49.482089673036064, 62.497251025885113 ], [ -49.482104423392194, 62.497338047158834 ], [ -49.482292596397585, 62.497331225639734 ], [ -49.482307347464804, 62.497418246918059 ], [ -49.48306004097423, 62.49739095788614 ], [ -49.483248214109317, 62.497384134914149 ], [ -49.483262968344491, 62.497471156097674 ], [ -49.483451141996873, 62.497464332815206 ], [ -49.483465896943173, 62.497551354003306 ], [ -49.483654071112852, 62.497544530410394 ], [ -49.483698338375909, 62.49780559407683 ], [ -49.483713094324109, 62.49789261535787 ], [ -49.48390127085375, 62.497885791379908 ], [ -49.483886514291321, 62.497798770123723 ], [ -49.484074690109807, 62.497791945885005 ], [ -49.484045176047296, 62.497617903510701 ], [ -49.484421524936593, 62.497604254275878 ], [ -49.484495316962089, 62.498039360183874 ], [ -49.484683494332437, 62.498032535013735 ], [ -49.484871671605845, 62.498025709557979 ], [ -49.484886431530235, 62.498112730778196 ], [ -49.485074609320918, 62.498105905011968 ], [ -49.485089369956498, 62.498192926236761 ], [ -49.485277548264463, 62.498186100160055 ], [ -49.485292309611239, 62.498273121389417 ], [ -49.485668667164745, 62.498259468329415 ], [ -49.485683429836968, 62.498346489538491 ], [ -49.486059788231074, 62.498332835286291 ], [ -49.486074552228757, 62.498419856475067 ], [ -49.486262731894584, 62.498413028895669 ], [ -49.486277496603492, 62.498500050089035 ], [ -49.486089316323422, 62.498506877693302 ], [ -49.485712955472337, 62.498520532044985 ], [ -49.485727718435484, 62.498607553342403 ], [ -49.485539537250226, 62.498614380114688 ], [ -49.485524774901336, 62.498527358792401 ], [ -49.48533659423336, 62.498534185254201 ], [ -49.485395641753719, 62.498882270819472 ], [ -49.485583824878731, 62.498875444258211 ], [ -49.485772007906768, 62.498868617411304 ], [ -49.485786771257821, 62.498955638826487 ], [ -49.485598587615513, 62.498962465698263 ], [ -49.48560967375267, 62.49902781444576 ], [ -49.485643589947017, 62.499048390167097 ], [ -49.485801534705843, 62.499042660271137 ], [ -49.485816298250853, 62.499129681745217 ], [ -49.485827881684934, 62.499197958158774 ], [ -49.485950720923192, 62.499346666338738 ], [ -49.485959623613866, 62.499475032772388 ], [ -49.485968886873223, 62.499596276644645 ], [ -49.485999822769024, 62.499648366838031 ], [ -49.486093070017141, 62.499644983851667 ], [ -49.486107834855332, 62.499732005506978 ], [ -49.48629602383226, 62.499725177840105 ], [ -49.486310789381754, 62.499812199499985 ], [ -49.486340320771731, 62.499986242908086 ], [ -49.486528511494598, 62.499979414880968 ], [ -49.486543277949394, 62.500066436604293 ], [ -49.486731469189571, 62.500059608266668 ], [ -49.486746236355707, 62.50014662999456 ], [ -49.486934428113194, 62.500139801346421 ], [ -49.486949195990654, 62.500226823078883 ], [ -49.487137388265459, 62.500219994120222 ], [ -49.487152156854258, 62.500307015857253 ], [ -49.487340349646367, 62.500300186588063 ], [ -49.48735511894651, 62.500387208329663 ], [ -49.487543312255937, 62.500380378749959 ], [ -49.487558082267434, 62.500467400496113 ], [ -49.487746276094164, 62.500460570605888 ], [ -49.487761046817027, 62.500547592356611 ], [ -49.487775817636923, 62.500634614136757 ], [ -49.487964012595292, 62.500627783911128 ], [ -49.487978784126568, 62.500714805695836 ], [ -49.488166979602241, 62.500707975159685 ], [ -49.488181751844898, 62.500794996948954 ], [ -49.488558143733805, 62.50078133496995 ], [ -49.4885729173022, 62.500868356738877 ], [ -49.488761113715427, 62.500861525296024 ], [ -49.488790662372089, 62.501035568872432 ], [ -49.488978859916962, 62.50102873709416 ], [ -49.489008410190579, 62.501202780738545 ], [ -49.489196608867111, 62.501195948624833 ], [ -49.489384807446569, 62.501189116225483 ], [ -49.489399583957706, 62.501276138042051 ], [ -49.48941436056591, 62.501363159888065 ], [ -49.489602560277035, 62.501356327153275 ], [ -49.489790759891079, 62.501349494132853 ], [ -49.489978959408035, 62.501342660826765 ], [ -49.489993737956432, 62.501429682627524 ], [ -49.49018193799067, 62.501422849010901 ], [ -49.490370137927826, 62.501416015108617 ], [ -49.490384917802054, 62.501503036889034 ], [ -49.490761318613806, 62.501489368177744 ], [ -49.490949518874039, 62.501482533393613 ], [ -49.490964300688475, 62.501569555128761 ], [ -49.49097908260002, 62.501656576893346 ], [ -49.491167283991892, 62.501649741773768 ], [ -49.492108289494432, 62.501615561891136 ], [ -49.492123075189355, 62.501702583535725 ], [ -49.491746672050958, 62.501716256395554 ], [ -49.491761456614249, 62.50180327811939 ], [ -49.491385051858586, 62.501816949886404 ], [ -49.491196849335068, 62.501823785341443 ], [ -49.49122641506672, 62.50199782902687 ], [ -49.491414618819014, 62.501990993522028 ], [ -49.491429402444908, 62.502078015383987 ], [ -49.49161760671447, 62.502071179568595 ], [ -49.491805810886909, 62.502064343467538 ], [ -49.491820595838718, 62.502151365309118 ], [ -49.492197005120993, 62.502137692200229 ], [ -49.492182218940385, 62.502050670408458 ], [ -49.492167432856924, 62.501963648646132 ], [ -49.492152646870601, 62.501876626913223 ], [ -49.492340849522854, 62.501869790005017 ], [ -49.492529052077977, 62.501862952811173 ], [ -49.492514264960015, 62.501775931157525 ], [ -49.492702466803614, 62.501769093702919 ], [ -49.492687679168426, 62.50168207210362 ], [ -49.492875880300502, 62.501675234388294 ], [ -49.49286109214809, 62.501588212843345 ], [ -49.492672891630392, 62.501595050533759 ], [ -49.492484691015548, 62.501601887938527 ], [ -49.492499477939212, 62.501688909533314 ], [ -49.492311276612853, 62.501695746677349 ], [ -49.492296490303559, 62.501608725057672 ], [ -49.492281704091404, 62.501521703467418 ], [ -49.492469904189015, 62.501514866373199 ], [ -49.492455117459635, 62.501427844837295 ], [ -49.492266917976387, 62.501434681906602 ], [ -49.492252131958502, 62.501347660375224 ], [ -49.492063932992473, 62.501354497133967 ], [ -49.492049147686082, 62.501267475607136 ], [ -49.491860949237285, 62.50127431205533 ], [ -49.491672750691357, 62.501281148217878 ], [ -49.491657966710804, 62.501194126670661 ], [ -49.491281570556318, 62.501207798089027 ], [ -49.491266787901594, 62.501120776521418 ], [ -49.491643182827374, 62.501107105152869 ], [ -49.491831380144589, 62.501100269040137 ], [ -49.492019577364687, 62.501093432641746 ], [ -49.492207774487653, 62.501086595957716 ], [ -49.492395971513488, 62.501079758988048 ], [ -49.492410757854323, 62.501166780406201 ], [ -49.492598955397362, 62.501159943125984 ], [ -49.49278715284327, 62.501153105560114 ], [ -49.492975350192033, 62.501146267708606 ], [ -49.493163547443636, 62.501139429571445 ], [ -49.493178336339014, 62.50122645091939 ], [ -49.493366534107814, 62.501219612471687 ], [ -49.493351744598101, 62.501132591148661 ], [ -49.493539941655399, 62.50112575244021 ], [ -49.493554731779469, 62.501212773738338 ], [ -49.493931126831278, 62.501199095414698 ], [ -49.493916335478517, 62.5011120741664 ], [ -49.494104532244322, 62.501105234601042 ], [ -49.494089740374392, 62.5010182134071 ], [ -49.494277936428688, 62.501011373581015 ], [ -49.494654328245751, 62.500997693071916 ], [ -49.494639534629989, 62.500910671982176 ], [ -49.494827729778407, 62.500903831324081 ], [ -49.495015924829652, 62.500896990380362 ], [ -49.495001130082414, 62.500809969369897 ], [ -49.494986335432365, 62.500722948388876 ], [ -49.494798141609778, 62.500729789282751 ], [ -49.494421753673052, 62.5007434702136 ], [ -49.494406960963161, 62.500656449187247 ], [ -49.493842380172232, 62.500676968366491 ], [ -49.493465992492453, 62.500690646391135 ], [ -49.493451202951334, 62.500603625269633 ], [ -49.493436413507375, 62.500516604177569 ], [ -49.493248220750395, 62.500523442711597 ], [ -49.493060027896263, 62.500530280960014 ], [ -49.492871834944985, 62.500537118922779 ], [ -49.492857047441127, 62.500450097785404 ], [ -49.492668855007025, 62.500456935437633 ], [ -49.492480662475785, 62.500463772804224 ], [ -49.492465876297693, 62.500376751646456 ], [ -49.492277684283643, 62.500383588702512 ], [ -49.492262898816996, 62.500296567549277 ], [ -49.492074707320128, 62.500303404294776 ], [ -49.49205992256492, 62.500216383146089 ], [ -49.491871731585235, 62.500223219581052 ], [ -49.491856947541457, 62.500136198436877 ], [ -49.491842163594796, 62.500049177322168 ], [ -49.492406732556653, 62.500028667309813 ], [ -49.492421518346227, 62.500115688349815 ], [ -49.492609708420225, 62.500108851082871 ], [ -49.493362467744859, 62.500081499158753 ], [ -49.493550657333152, 62.500074660463646 ], [ -49.493738846824293, 62.500067821482915 ], [ -49.493753637011089, 62.500154842377974 ], [ -49.49394182701937, 62.500148003086693 ], [ -49.494130016930498, 62.500141163509788 ], [ -49.494318206744445, 62.500134323647252 ], [ -49.494506396461233, 62.500127483499078 ], [ -49.494694586080833, 62.50012064306528 ], [ -49.495259154356582, 62.500100120050107 ], [ -49.495447343587458, 62.500093278473784 ], [ -49.495635532721131, 62.500086436611852 ], [ -49.495823721757617, 62.500079594464282 ], [ -49.496011910696893, 62.50007275203108 ], [ -49.4959971131386, 62.499985731435082 ], [ -49.496185301366388, 62.499978888741182 ], [ -49.496373489496968, 62.499972045761652 ], [ -49.49635869080732, 62.49988502524495 ], [ -49.496546878226404, 62.499878182004728 ], [ -49.496532079019687, 62.49979116154239 ], [ -49.496517279910194, 62.499704141109476 ], [ -49.496140907431901, 62.49971782720457 ], [ -49.496081716880127, 62.499369745567861 ], [ -49.496269900710828, 62.499362902762826 ], [ -49.496225506974888, 62.499101841919149 ], [ -49.496413688865637, 62.499094998903281 ], [ -49.496398890533825, 62.499007978705855 ], [ -49.49658707171313, 62.499001135429317 ], [ -49.496572272864292, 62.498914115286254 ], [ -49.496760453332151, 62.498907271749019 ], [ -49.496745653966286, 62.49882025166032 ], [ -49.496933833722707, 62.498813407862421 ], [ -49.496919033839838, 62.498726387828079 ], [ -49.497107212884814, 62.498719543769504 ], [ -49.497092412484946, 62.498632523789539 ], [ -49.497280590818484, 62.498625679470265 ], [ -49.497468769054805, 62.49861883486539 ], [ -49.497453967523718, 62.498531814964721 ], [ -49.497642145048594, 62.498524970099176 ], [ -49.497627343000524, 62.498437950252878 ], [ -49.497815519813969, 62.49843110512667 ], [ -49.497800717248921, 62.498344085334736 ], [ -49.497988893350929, 62.498337239947858 ], [ -49.498365245263237, 62.498323548317259 ], [ -49.498350440952827, 62.49823652862959 ], [ -49.498726791247762, 62.498222835906461 ], [ -49.498711985806217, 62.498135816298095 ], [ -49.498900160193621, 62.49812896953307 ], [ -49.499088334483773, 62.498122122482442 ], [ -49.499276508676672, 62.498115275146205 ], [ -49.499261701489814, 62.498028255642112 ], [ -49.499449874971262, 62.498021408045219 ], [ -49.49963804835545, 62.498014560162737 ], [ -49.499826221642365, 62.498007711994646 ], [ -49.500014394832007, 62.498000863540959 ], [ -49.4999995852857, 62.497913844166078 ], [ -49.500187757763889, 62.497906995451743 ], [ -49.500375930144799, 62.497900146451819 ], [ -49.500361119467428, 62.497813127156256 ], [ -49.500549291136892, 62.497806277895677 ], [ -49.500564102428434, 62.497893297166264 ], [ -49.500752274614776, 62.497886447595143 ], [ -49.501128618695574, 62.497872747596084 ], [ -49.501113805561531, 62.497785728400352 ], [ -49.501301976841816, 62.497778877997384 ], [ -49.501490148024807, 62.497772027308812 ], [ -49.501475333759736, 62.497685008192406 ], [ -49.50166350423126, 62.497678157243207 ], [ -49.50164868944934, 62.497591138181207 ], [ -49.501836859209391, 62.497584286971367 ], [ -49.502025028872133, 62.497577435475925 ], [ -49.502213198437559, 62.497570583694902 ], [ -49.502401367905662, 62.497563731628283 ], [ -49.502386550764456, 62.497476712695537 ], [ -49.502574719521093, 62.497469860368298 ], [ -49.50258953727645, 62.497556879276082 ], [ -49.502965875726019, 62.497543173714881 ], [ -49.503718551457098, 62.497515759165417 ], [ -49.503906720146496, 62.497508904814069 ], [ -49.503891898092135, 62.497421886081042 ], [ -49.504080066070031, 62.497415031469082 ], [ -49.504065243498893, 62.497328012790447 ], [ -49.504253410765301, 62.49732115791786 ], [ -49.504238587677385, 62.497234139293639 ], [ -49.50461492068986, 62.497220428741649 ], [ -49.504600096471052, 62.497133410196803 ], [ -49.505352758871034, 62.497105985765693 ], [ -49.505337932293131, 62.497018967350165 ], [ -49.505526097035556, 62.497012110553406 ], [ -49.505714261680595, 62.497005253471066 ], [ -49.505699433971849, 62.496918235134927 ], [ -49.505887597905392, 62.496911377791974 ], [ -49.505857941551859, 62.496737341257933 ], [ -49.506046104159793, 62.496730483679372 ], [ -49.506031275515028, 62.496643465481483 ], [ -49.506219437411474, 62.496636607642309 ], [ -49.506204608250002, 62.496549589498834 ], [ -49.50639276943496, 62.496542731399067 ], [ -49.506363110176046, 62.496368695250347 ], [ -49.50655127003543, 62.496361836914978 ], [ -49.506536439937989, 62.496274818909733 ], [ -49.506912758136394, 62.496261101432232 ], [ -49.506897926908216, 62.496174083506411 ], [ -49.507274243488823, 62.496160364936578 ], [ -49.507289075945138, 62.496247382812449 ], [ -49.507665393364213, 62.496233663050369 ], [ -49.50765055967976, 62.496146645224478 ], [ -49.508026875480979, 62.49613292437008 ], [ -49.508012040665832, 62.4960459066236 ], [ -49.508388354849195, 62.496032184676913 ], [ -49.508373518903355, 62.49594516700985 ], [ -49.508358683054958, 62.495858149372197 ], [ -49.508546838772375, 62.495851288020496 ], [ -49.508532002407371, 62.49576427043727 ], [ -49.5087201574133, 62.495757408824986 ], [ -49.508908312321772, 62.495750546927134 ], [ -49.508893474826124, 62.495663529423332 ], [ -49.509081629023115, 62.495656667264903 ], [ -49.509066791010881, 62.495569649815529 ], [ -49.509254944496377, 62.495562787396537 ], [ -49.509240105967571, 62.495475770001576 ], [ -49.509428258741572, 62.495468907322035 ], [ -49.509413419696187, 62.495381889981502 ], [ -49.509225267536209, 62.495388752636039 ], [ -49.509210429202312, 62.495301735299947 ], [ -49.509022277558898, 62.495308597643934 ], [ -49.508834125818034, 62.495315459702368 ], [ -49.508819288809633, 62.495228442345699 ], [ -49.508442986263617, 62.495242165555908 ], [ -49.508428150580691, 62.495155148178668 ], [ -49.508804451898662, 62.495141425018453 ], [ -49.509368903144789, 62.495120838136444 ], [ -49.509557053365256, 62.495113975271323 ], [ -49.509745203488265, 62.495107112120657 ], [ -49.509730363604689, 62.495020094947826 ], [ -49.509918513016224, 62.495013231536589 ], [ -49.510482960666018, 62.494992639589569 ], [ -49.510859258611816, 62.494978910197126 ], [ -49.510874102179429, 62.49506592721994 ], [ -49.511250400963291, 62.495052196635271 ], [ -49.5112652458564, 62.495139213637501 ], [ -49.511641545478291, 62.49512548186059 ], [ -49.511626699357173, 62.495038464908376 ], [ -49.511814848407859, 62.495031598616599 ], [ -49.512002997361037, 62.495024732039262 ], [ -49.512191146216701, 62.495017865176379 ], [ -49.512176298351093, 62.494930848328622 ], [ -49.512364446495248, 62.494923981205197 ], [ -49.512349598113168, 62.494836964411881 ], [ -49.512725892880937, 62.494823229358403 ], [ -49.512755592198594, 62.494997262874413 ], [ -49.51294374066417, 62.494990394869319 ], [ -49.513131889032223, 62.494983526578665 ], [ -49.513117038096645, 62.494896509855984 ], [ -49.513102187258603, 62.494809493162727 ], [ -49.512914040118531, 62.494816361403338 ], [ -49.512899189992012, 62.494729344714486 ], [ -49.512711043368398, 62.49473621264454 ], [ -49.512696193953374, 62.4946491959601 ], [ -49.512681344635887, 62.494562179305071 ], [ -49.512869490031548, 62.494555311425067 ], [ -49.513057635329673, 62.494548443259504 ], [ -49.513245780530269, 62.494541574808387 ], [ -49.513433925633336, 62.494534706071732 ], [ -49.513622070638853, 62.494527837049532 ], [ -49.513636923026226, 62.494614853579463 ], [ -49.513825068548179, 62.494607984246699 ], [ -49.514201359299442, 62.49459424472451 ], [ -49.514186505070164, 62.494507228269647 ], [ -49.514374649685486, 62.494500358105256 ], [ -49.514562794203258, 62.494493487655326 ], [ -49.514547938843599, 62.494406471279945 ], [ -49.514924226358531, 62.494392729573498 ], [ -49.515112369969636, 62.49438585829197 ], [ -49.515300513483169, 62.49437898672489 ], [ -49.515315371298676, 62.494466003000163 ], [ -49.515503515328589, 62.494459131122518 ], [ -49.515691659260931, 62.494452258959313 ], [ -49.515706518401942, 62.494539275213974 ], [ -49.515894662850648, 62.494532402740191 ], [ -49.515879803095679, 62.494445386510584 ], [ -49.516067946832834, 62.494438513776302 ], [ -49.516256090472403, 62.494431640756474 ], [ -49.516444234014365, 62.494424767451122 ], [ -49.516632377458727, 62.494417893860202 ], [ -49.516647239669538, 62.494504909989672 ], [ -49.516835383630251, 62.494498036088196 ], [ -49.516865109572613, 62.494672068385327 ], [ -49.517053254663644, 62.494665194148226 ], [ -49.517068118395215, 62.494752210315887 ], [ -49.517082982224402, 62.49483922651298 ], [ -49.517647420595566, 62.49481860193815 ], [ -49.517835566524035, 62.494811726508786 ], [ -49.517820700238964, 62.494724710411859 ], [ -49.518008845455832, 62.494717834721975 ], [ -49.518196990575056, 62.494710958746573 ], [ -49.518385135596638, 62.494704082485605 ], [ -49.518400003723599, 62.494791098507392 ], [ -49.518588149261504, 62.494784221935838 ], [ -49.518573280520577, 62.494697205939111 ], [ -49.51876142534686, 62.494690329107058 ], [ -49.518949570075492, 62.494683451989481 ], [ -49.518964440044343, 62.494770467936121 ], [ -49.518979310110858, 62.49485748391217 ], [ -49.519167455969765, 62.49485060645894 ], [ -49.519152585289284, 62.494763590507922 ], [ -49.519340730436554, 62.494756712794207 ], [ -49.519528875486166, 62.494749834794924 ], [ -49.519717020438094, 62.494742956510123 ], [ -49.519702148013408, 62.494655940663684 ], [ -49.519890292253713, 62.494649062118377 ], [ -49.520266580441273, 62.49463530417114 ], [ -49.520454724388529, 62.494628424769218 ], [ -49.520642868238099, 62.494621545081742 ], [ -49.520831011989976, 62.494614665108735 ], [ -49.520845888098393, 62.494701680804837 ], [ -49.521034032366522, 62.494694800521231 ], [ -49.521222176536952, 62.494687919952071 ], [ -49.521410320609668, 62.494681039097379 ], [ -49.521425198657653, 62.494768054747709 ], [ -49.521801487737861, 62.494754292131567 ], [ -49.52198963213138, 62.494747410395185 ], [ -49.52197475224154, 62.494660394820045 ], [ -49.522162895923394, 62.494653512823191 ], [ -49.522351039507512, 62.494646630540799 ], [ -49.522365920625255, 62.494733646065797 ], [ -49.522742208728204, 62.494719880594246 ], [ -49.522757091171577, 62.494806896098524 ], [ -49.522945235690393, 62.494800012909366 ], [ -49.522930352633068, 62.494712997430163 ], [ -49.52311849644019, 62.494706113980534 ], [ -49.523306640149563, 62.494699230245381 ], [ -49.523494783761187, 62.49469234622466 ], [ -49.523682927275061, 62.494685461918429 ], [ -49.5236680418597, 62.494598446568929 ], [ -49.524232469972915, 62.494577792012187 ], [ -49.524420612481784, 62.494570906588869 ], [ -49.524608754892874, 62.494564020880013 ], [ -49.524985039421722, 62.494550248605698 ], [ -49.525173181539465, 62.494543362040233 ], [ -49.525158291310397, 62.494456346920778 ], [ -49.525346432716425, 62.494449460094856 ], [ -49.525534574024654, 62.494442572983402 ], [ -49.525722715235091, 62.49443568558641 ], [ -49.525707823262039, 62.494348670571632 ], [ -49.525331541971212, 62.494362445029907 ], [ -49.524955260289225, 62.494376218346041 ], [ -49.524767119301558, 62.49438310457581 ], [ -49.524752230495906, 62.494296089465031 ], [ -49.524564090024377, 62.494302975384187 ], [ -49.524375949455077, 62.49430986101779 ], [ -49.523811527160547, 62.494330516205437 ], [ -49.523796641522289, 62.494243500998671 ], [ -49.52360850117585, 62.494250385465079 ], [ -49.523420360731649, 62.494257269645956 ], [ -49.523044079550012, 62.494271037151094 ], [ -49.52302919646521, 62.494184021873458 ], [ -49.52284105634169, 62.494190905172651 ], [ -49.522652916120443, 62.49419778818632 ], [ -49.52246477580146, 62.494204670914449 ], [ -49.522276635384749, 62.49421155335704 ], [ -49.522261754853375, 62.494124538008549 ], [ -49.522449894656162, 62.494117655591019 ], [ -49.5224350136086, 62.494030640297005 ], [ -49.522420132658759, 62.493943625032401 ], [ -49.522608271135979, 62.493936742379489 ], [ -49.522796409515479, 62.493929859441032 ], [ -49.522781527435548, 62.493842844255987 ], [ -49.522969665103396, 62.493835961057066 ], [ -49.523157802673509, 62.493829077572627 ], [ -49.523172685981258, 62.493916092707529 ], [ -49.523360824067538, 62.493909208912484 ], [ -49.523548962056068, 62.4939023248319 ], [ -49.52373709994685, 62.493895440465792 ], [ -49.523722214797381, 62.493808425406122 ], [ -49.523910351976497, 62.493801540779558 ], [ -49.524286626041466, 62.493787770669854 ], [ -49.524271739148048, 62.493700755714819 ], [ -49.524459875419986, 62.493693870256756 ], [ -49.524648011594159, 62.493686984513161 ], [ -49.524633123570723, 62.493599969637707 ], [ -49.524821259033224, 62.493593083633669 ], [ -49.525009394397955, 62.493586197344108 ], [ -49.524994505244514, 62.493499182548213 ], [ -49.525182639897579, 62.493492295998216 ], [ -49.525197529664901, 62.493579310769022 ], [ -49.525385664834069, 62.493572423908404 ], [ -49.525573799905452, 62.493565536762269 ], [ -49.525761934879029, 62.493558649330609 ], [ -49.525747043270052, 62.49347163463505 ], [ -49.525732151758874, 62.493384619968921 ], [ -49.52571726034548, 62.493297605332202 ], [ -49.525905393379645, 62.493290717690279 ], [ -49.526093526316004, 62.493283829762838 ], [ -49.52607863377267, 62.4931968152057 ], [ -49.526266765997356, 62.493189927017823 ], [ -49.526251872937955, 62.493102912515205 ], [ -49.526063741327128, 62.493109800677985 ], [ -49.526048848979393, 62.493022786179694 ], [ -49.526033956729457, 62.492935771710805 ], [ -49.526222087112565, 62.492928883598182 ], [ -49.526410217397874, 62.492921995200057 ], [ -49.526598347585377, 62.492915106516413 ], [ -49.526613241676877, 62.493002120910027 ], [ -49.526801372380433, 62.492995231915785 ], [ -49.526989502986169, 62.492988342636004 ], [ -49.527004398403193, 62.493075357008856 ], [ -49.527192529524967, 62.493068467418489 ], [ -49.527207425653671, 62.493155481795654 ], [ -49.527395557291477, 62.493148591894673 ], [ -49.528336214013017, 62.493114138106975 ], [ -49.528712476016736, 62.493100354593288 ], [ -49.528900606871808, 62.493093462408169 ], [ -49.528915508623065, 62.493180476588869 ], [ -49.529103639994133, 62.493173584093128 ], [ -49.529118542457105, 62.493260598278148 ], [ -49.52930667434417, 62.49325370547178 ], [ -49.529321577518871, 62.493340719661099 ], [ -49.529509709921918, 62.493333826544124 ], [ -49.529697842227094, 62.493326933141617 ], [ -49.529885974434393, 62.4933200394536 ], [ -49.530074106543815, 62.493313145480073 ], [ -49.530059200913684, 62.493226131391168 ], [ -49.530044295381437, 62.493139117331694 ], [ -49.530232426165256, 62.493132223122871 ], [ -49.530247332311355, 62.493219237157234 ], [ -49.530435463611134, 62.493212342637783 ], [ -49.530450370468984, 62.493299356676459 ], [ -49.53082663400258, 62.493285566730769 ], [ -49.530811725917026, 62.493198552742321 ], [ -49.530999856923117, 62.493191657366303 ], [ -49.531014765622523, 62.493278671329641 ], [ -49.53120289714456, 62.493271775643016 ], [ -49.531391028568692, 62.493264879670868 ], [ -49.531361208812392, 62.493090851874079 ], [ -49.531925598814205, 62.493070162395249 ], [ -49.53211372861896, 62.49306326533128 ], [ -49.532678117445656, 62.493042572426305 ], [ -49.532866246858681, 62.493035674220287 ], [ -49.533242505390888, 62.49302187695173 ], [ -49.53399502127985, 62.492994278988476 ], [ -49.533980102954885, 62.492907265485911 ], [ -49.534168231068385, 62.492900365306461 ], [ -49.534153312227566, 62.492813351858437 ], [ -49.534341439629273, 62.492806451418602 ], [ -49.5343265202726, 62.492719438025134 ], [ -49.534702773554464, 62.49270563633921 ], [ -49.534890900048417, 62.492698735067989 ], [ -49.534905821246547, 62.492785748386055 ], [ -49.534920742542653, 62.492872761733544 ], [ -49.535108870166262, 62.49286586012655 ], [ -49.535093948256332, 62.492778846804207 ], [ -49.535079026444393, 62.492691833511259 ], [ -49.535267152742378, 62.492684931669039 ], [ -49.535252230414621, 62.49259791843064 ], [ -49.535440356000805, 62.492591016328049 ], [ -49.535628481488992, 62.492584113939941 ], [ -49.535613558031613, 62.492497100781236 ], [ -49.535801682807993, 62.492490198132771 ], [ -49.536177932066757, 62.492476391979331 ], [ -49.536163006865984, 62.492389378925445 ], [ -49.536351130734545, 62.492382475445631 ], [ -49.536539254505108, 62.492375571680299 ], [ -49.536727378177638, 62.492368667629478 ], [ -49.536712451233505, 62.492281654680433 ], [ -49.536900574194227, 62.492274750369248 ], [ -49.537088697056923, 62.492267845772552 ], [ -49.537073768983241, 62.492180832903216 ], [ -49.538202500418009, 62.492139399478575 ], [ -49.538390621980646, 62.49213249290856 ], [ -49.538578743445228, 62.492125586053049 ], [ -49.538593676429151, 62.492212598721188 ], [ -49.538608609511137, 62.492299611418723 ], [ -49.538796732105219, 62.49229270422741 ], [ -49.538781798409453, 62.492205691555036 ], [ -49.538969920291684, 62.492198784103373 ], [ -49.539158042075847, 62.492191876366228 ], [ -49.539346163761934, 62.492184968343579 ], [ -49.539331228322908, 62.492097955776075 ], [ -49.539519349297152, 62.492091047493091 ], [ -49.540083711631382, 62.492070320931198 ], [ -49.540068773835372, 62.491983308493737 ], [ -49.540256893803509, 62.491976399093936 ], [ -49.54024195549183, 62.491889386711044 ], [ -49.54061819390629, 62.491875567105303 ], [ -49.540633133445489, 62.491962579437882 ], [ -49.540821253119333, 62.491955669181607 ], [ -49.540806312966374, 62.491868656874225 ], [ -49.540994431928347, 62.491861746357621 ], [ -49.541009372695065, 62.491948758639843 ], [ -49.541197492172685, 62.491941847812598 ], [ -49.541212433651268, 62.492028860099069 ], [ -49.541227375227969, 62.492115872414928 ], [ -49.541415495834997, 62.492108961251837 ], [ -49.541603616343906, 62.492102049803258 ], [ -49.541588673539685, 62.49201503753774 ], [ -49.541776793336702, 62.492008125828853 ], [ -49.541791736754689, 62.492095138069196 ], [ -49.541979857067346, 62.492088226049646 ], [ -49.54199480119722, 62.492175238294223 ], [ -49.542182922025503, 62.492168325963995 ], [ -49.542197866867276, 62.4922553382128 ], [ -49.542385988211194, 62.492248425571923 ], [ -49.542400933764881, 62.492335437824941 ], [ -49.542589055624418, 62.492328524873379 ], [ -49.542604001890012, 62.49241553713064 ], [ -49.542039634175651, 62.492436275204369 ], [ -49.541851511407913, 62.492443187324618 ], [ -49.541866455316551, 62.492530199711972 ], [ -49.541678331836906, 62.492537111571913 ], [ -49.541490208259134, 62.492544023146351 ], [ -49.541505151038329, 62.492631035613449 ], [ -49.541317026748644, 62.492637946927552 ], [ -49.541128902360832, 62.492644857956158 ], [ -49.541143844010577, 62.492731870503007 ], [ -49.541331969012177, 62.492724959449241 ], [ -49.541346911373836, 62.492811972000311 ], [ -49.541535036891105, 62.492805060635867 ], [ -49.541723162310248, 62.492798148985919 ], [ -49.541911287631258, 62.492791237050483 ], [ -49.54189634342822, 62.492704224574908 ], [ -49.542084468037302, 62.492697312379129 ], [ -49.542272592548244, 62.492690399897867 ], [ -49.54225764721577, 62.492603387502044 ], [ -49.542633894715657, 62.492589561733347 ], [ -49.542822018318375, 62.492582648420765 ], [ -49.542807071242699, 62.492495636129888 ], [ -49.542995194133489, 62.492488722556971 ], [ -49.543371439620586, 62.492474894554675 ], [ -49.543747684715029, 62.492461065410389 ], [ -49.543732734668637, 62.492374053274801 ], [ -49.543717784720428, 62.49228704116863 ], [ -49.543529663449824, 62.492293955833155 ], [ -49.543499765075438, 62.49211993165865 ], [ -49.543687885118516, 62.492113017044495 ], [ -49.544064124910157, 62.492099186959706 ], [ -49.544252244658715, 62.492092271489064 ], [ -49.544440364309089, 62.492085355732947 ], [ -49.544628483861281, 62.492078439691333 ], [ -49.54464343668193, 62.492165451612792 ], [ -49.544831556749685, 62.492158535260501 ], [ -49.544816603315283, 62.492071523364245 ], [ -49.545004722671095, 62.492064606751654 ], [ -49.545192841928703, 62.492057689853581 ], [ -49.545380961088114, 62.492050772670005 ], [ -49.54556908014932, 62.492043855200954 ], [ -49.545757199112316, 62.492036937446422 ], [ -49.5459453179771, 62.492030019406386 ], [ -49.545960275094004, 62.49211703115148 ], [ -49.546148394474315, 62.492110112800766 ], [ -49.546524632940269, 62.492096275242872 ], [ -49.546539591996634, 62.492183286941781 ], [ -49.54691583129717, 62.492169448191532 ], [ -49.547103950800071, 62.492162528388178 ], [ -49.54729207020474, 62.492155608299328 ], [ -49.547480189511163, 62.492148687924995 ], [ -49.547495151734502, 62.492235699527292 ], [ -49.547871391280083, 62.492221857871762 ], [ -49.547886354829174, 62.492308869453041 ], [ -49.548074475068326, 62.492301948171843 ], [ -49.548262595209209, 62.492295026605149 ], [ -49.548292525057192, 62.492469049755066 ], [ -49.548480646327313, 62.49246212785247 ], [ -49.548668767499159, 62.492455205664378 ], [ -49.548653801298521, 62.492368194125135 ], [ -49.548841921758338, 62.492361271676749 ], [ -49.549030042119874, 62.492354348942889 ], [ -49.54904500954801, 62.492441360431719 ], [ -49.549233130425009, 62.492434437387146 ], [ -49.549421251203725, 62.492427514057098 ], [ -49.549406282548084, 62.492340502618703 ], [ -49.549594402614751, 62.492333579028369 ], [ -49.549970642453189, 62.492319730991248 ], [ -49.549955672054608, 62.492232719657899 ], [ -49.550143791212633, 62.492225795236322 ], [ -49.550173733335576, 62.492399817881982 ], [ -49.549985612950067, 62.492406742353985 ], [ -49.550000583545255, 62.492493753746132 ], [ -49.550188704544517, 62.492486829248897 ], [ -49.550376825445461, 62.49247990446618 ], [ -49.550361853622775, 62.492392893124475 ], [ -49.550738093902226, 62.492379042753015 ], [ -49.550753066952403, 62.492466054044279 ], [ -49.550564946248095, 62.492472979397974 ], [ -49.550579918782844, 62.49255999074385 ], [ -49.550768040100913, 62.49255306536493 ], [ -49.550956161320649, 62.492546139700515 ], [ -49.55114428244206, 62.492539213750625 ], [ -49.551520524389886, 62.492525360994343 ], [ -49.551896765944349, 62.492511507096133 ], [ -49.551911742873678, 62.49259851829482 ], [ -49.551723621531877, 62.492605445411904 ], [ -49.551738597945807, 62.492692456665225 ], [ -49.551550475891901, 62.492699383522037 ], [ -49.551565451790417, 62.492786394829977 ], [ -49.551753574458083, 62.492779467947926 ], [ -49.551768551068712, 62.49286647926003 ], [ -49.551956674251791, 62.492859552067259 ], [ -49.551971651574526, 62.492946563383519 ], [ -49.552159775273012, 62.492939635880028 ], [ -49.55214479733651, 62.492852624588991 ], [ -49.552332920322883, 62.492845696825242 ], [ -49.552521043210895, 62.492838768776004 ], [ -49.552536022374923, 62.492925780016577 ], [ -49.552724145778328, 62.492918851656611 ], [ -49.552912269083372, 62.492911923011143 ], [ -49.553100392290041, 62.492904994080192 ], [ -49.553115373393723, 62.492992005274459 ], [ -49.552927249573294, 62.492998934230641 ], [ -49.552942230161584, 62.493085945479521 ], [ -49.552957210848255, 62.493172956757796 ], [ -49.553145335896218, 62.493166027751144 ], [ -49.553160317295038, 62.493253039033583 ], [ -49.5533484428584, 62.493246109716189 ], [ -49.553378407178741, 62.493420132318754 ], [ -49.553566533871283, 62.493413202665408 ], [ -49.553581516792811, 62.493500213985534 ], [ -49.553769644000745, 62.493493284021433 ], [ -49.553784627634457, 62.493580295345708 ], [ -49.553596499812734, 62.493587225335048 ], [ -49.553611482931061, 62.493674236713971 ], [ -49.553423354397154, 62.493681166443039 ], [ -49.553438337000067, 62.493768177876589 ], [ -49.553626466147762, 62.493761248122276 ], [ -49.553641449462866, 62.493848259559961 ], [ -49.553453319701376, 62.49385518933952 ], [ -49.553483285399153, 62.49402921235356 ], [ -49.553671416388269, 62.494022282523524 ], [ -49.553686399998561, 62.494109294049402 ], [ -49.553874531503091, 62.494102363908617 ], [ -49.554062662909217, 62.494095433482329 ], [ -49.554250794216941, 62.494088502770545 ], [ -49.554438925426254, 62.494081571773251 ], [ -49.55462705653715, 62.494074640490453 ], [ -49.554612069857804, 62.493987629090796 ], [ -49.554423939360717, 62.493994560348355 ], [ -49.554393967524888, 62.493820537586728 ], [ -49.55458209679437, 62.493813606379668 ], [ -49.554770225965441, 62.493806674887097 ], [ -49.554958355038096, 62.493799743109022 ], [ -49.554943367426411, 62.493712731848028 ], [ -49.554755238967552, 62.493719663600857 ], [ -49.554725265267024, 62.493545641116548 ], [ -49.554710278564386, 62.493458629918464 ], [ -49.554522151848474, 62.49346556131006 ], [ -49.554507165858027, 62.49337855011612 ], [ -49.554492179965997, 62.493291538951595 ], [ -49.55430405437923, 62.493298470007197 ], [ -49.554289069199378, 62.493211458846808 ], [ -49.554274084117921, 62.493124447715807 ], [ -49.554085959660298, 62.493131378435429 ], [ -49.554070975291012, 62.493044367308578 ], [ -49.553882851348753, 62.493051297717471 ], [ -49.553867867691636, 62.492964286594763 ], [ -49.553679744264734, 62.492971216692929 ], [ -49.553664761319766, 62.49288420557437 ], [ -49.553649778473194, 62.492797194485227 ], [ -49.553837900672569, 62.492790264437545 ], [ -49.553822917310633, 62.492703253403015 ], [ -49.553634795725003, 62.492710183425459 ], [ -49.553619813075201, 62.492623172395078 ], [ -49.55358984807075, 62.492449150422495 ], [ -49.553401728227968, 62.492456080083741 ], [ -49.55338674648705, 62.492369069116315 ], [ -49.553371764844513, 62.492282058178255 ], [ -49.553183646130819, 62.492288987503549 ], [ -49.553168665200396, 62.492201976569653 ], [ -49.552980547002058, 62.492208905584206 ], [ -49.552965566783726, 62.492121894654481 ], [ -49.552777449100752, 62.492128823358328 ], [ -49.552762469594512, 62.492041812432753 ], [ -49.55274749018664, 62.491954801536572 ], [ -49.552559373632739, 62.49196172990446 ], [ -49.552544394936945, 62.491874719012451 ], [ -49.552356278898408, 62.491881647069626 ], [ -49.552341300914684, 62.491794636181773 ], [ -49.55252941633951, 62.491787708149808 ], [ -49.552514437840422, 62.491700697316588 ], [ -49.552326323029313, 62.491707625323308 ], [ -49.552311345242288, 62.491620614494231 ], [ -49.552281389963298, 62.49144659292427 ], [ -49.552093276894936, 62.491453520569834 ], [ -49.552078300016653, 62.491366509803704 ], [ -49.551890187463641, 62.491373437138556 ], [ -49.551875211297393, 62.491286426376611 ], [ -49.551860235229498, 62.491199415644047 ], [ -49.551672123805524, 62.491206342642975 ], [ -49.551484012283218, 62.491213269356422 ], [ -49.551469037541018, 62.491126258602804 ], [ -49.551280926534076, 62.491133185005559 ], [ -49.55126595250389, 62.491046174256113 ], [ -49.551077842012297, 62.491053100348175 ], [ -49.551062868694117, 62.4909660896029 ], [ -49.550874758717889, 62.490973015384263 ], [ -49.550859786111701, 62.490886004643166 ], [ -49.550844813603817, 62.490798993931449 ], [ -49.550656704756626, 62.490805919376911 ], [ -49.550641732960734, 62.490718908669379 ], [ -49.55082984119425, 62.490711983249149 ], [ -49.550814868883002, 62.490624972596223 ], [ -49.551002976404547, 62.490618046915756 ], [ -49.551017949329463, 62.490705057543458 ], [ -49.551206057366365, 62.490698131552286 ], [ -49.551394165304934, 62.490691205275645 ], [ -49.551379191152691, 62.490604194698406 ], [ -49.551567298379283, 62.490597268161522 ], [ -49.551755405507542, 62.490590341339185 ], [ -49.551943512537477, 62.490583414231381 ], [ -49.551973464622257, 62.490757435263916 ], [ -49.552161572781174, 62.490750507820181 ], [ -49.552146596075957, 62.490663497314451 ], [ -49.552334703522874, 62.490656569610479 ], [ -49.552349680841751, 62.490743580090992 ], [ -49.552537788803988, 62.490736652076329 ], [ -49.552552766834879, 62.490823662561006 ], [ -49.552364658258981, 62.490830590600893 ], [ -49.552379635774557, 62.490917601140197 ], [ -49.552755854055341, 62.490903744724477 ], [ -49.552770832896599, 62.490990755242713 ], [ -49.552582723191712, 62.490997683618531 ], [ -49.552597701517662, 62.491084694191393 ], [ -49.552785811836223, 62.491077765790337 ], [ -49.553162032178278, 62.491063908131821 ], [ -49.553350142201758, 62.491056978874362 ], [ -49.553365123080766, 62.491143989375672 ], [ -49.553553233619553, 62.491137059807507 ], [ -49.55353825212687, 62.491050049331434 ], [ -49.553914471681971, 62.491036189389149 ], [ -49.554102581311959, 62.491029258989826 ], [ -49.554117564645672, 62.491116269390176 ], [ -49.554493784837824, 62.491102407684622 ], [ -49.554508769497268, 62.49118941806389 ], [ -49.554320658836701, 62.491196349084646 ], [ -49.554335642980867, 62.491283359518555 ], [ -49.554711865430946, 62.49126949714109 ], [ -49.554899976508388, 62.491262565524146 ], [ -49.55508808748742, 62.491255633621741 ], [ -49.555276198368063, 62.491248701433847 ], [ -49.555464309150274, 62.491241768960492 ], [ -49.555840530419474, 62.49122790315738 ], [ -49.555855519571459, 62.491314913418726 ], [ -49.555479297074911, 62.491328779272337 ], [ -49.55549428509795, 62.491415789613569 ], [ -49.555306173088375, 62.491422722137415 ], [ -49.555321160596151, 62.491509732533274 ], [ -49.555133047874463, 62.491516664796904 ], [ -49.555148034866967, 62.49160367524739 ], [ -49.555336148202336, 62.491596742958535 ], [ -49.555351135906946, 62.49168375341317 ], [ -49.555539249757594, 62.491676820813588 ], [ -49.55591547716363, 62.491662954757999 ], [ -49.555930466807744, 62.491749965166292 ], [ -49.556118580976822, 62.491743031685019 ], [ -49.556133571333064, 62.491830042097455 ], [ -49.556886029479777, 62.491802305216645 ], [ -49.557074143770343, 62.491795370282752 ], [ -49.557089137293517, 62.491882380598298 ], [ -49.557277252099325, 62.491875445353671 ], [ -49.557292246334654, 62.491962455673367 ], [ -49.557668476878291, 62.491948584277168 ], [ -49.557683472439486, 62.492035594575725 ], [ -49.557871588177306, 62.492028658424154 ], [ -49.557886584450678, 62.492115668726832 ], [ -49.558262816858303, 62.492101795516746 ], [ -49.558450932914404, 62.492094858483469 ], [ -49.558465931127373, 62.492181868739749 ], [ -49.558654047698688, 62.492174931395745 ], [ -49.558842164171516, 62.492167993766259 ], [ -49.558857163710378, 62.492255004001393 ], [ -49.559045280698427, 62.492248066061165 ], [ -49.559060280949502, 62.492335076300428 ], [ -49.559248398452759, 62.492328138049459 ], [ -49.559233397587967, 62.492241127835463 ], [ -49.559421514379004, 62.492234189324257 ], [ -49.559436515857506, 62.492321199512986 ], [ -49.55945151743451, 62.492408209731103 ], [ -49.559639635354465, 62.492401270883882 ], [ -49.560768340805282, 62.49235963180557 ], [ -49.560798352846859, 62.49253365197611 ], [ -49.560233996882531, 62.492554472951589 ], [ -49.560218992653624, 62.492467462775785 ], [ -49.559842756078865, 62.492481341948157 ], [ -49.55985775908033, 62.492568352174494 ], [ -49.559669640031451, 62.492575291357724 ], [ -49.559293401638158, 62.492589168867745 ], [ -49.559105282293743, 62.49259610719453 ], [ -49.559135283682423, 62.492770127937526 ], [ -49.559323404254293, 62.492763189560208 ], [ -49.559338405710115, 62.49285019995051 ], [ -49.559526526797214, 62.492843261262443 ], [ -49.560090889467396, 62.492822443485295 ], [ -49.560105893476681, 62.492909453803904 ], [ -49.56029401478343, 62.492902513948607 ], [ -49.560309019504984, 62.49298952427133 ], [ -49.560497141326941, 62.492982584105285 ], [ -49.560512146760757, 62.493069594432114 ], [ -49.560527152293119, 62.493156604788318 ], [ -49.560339029243679, 62.493163545004933 ], [ -49.5601509060957, 62.493170484936051 ], [ -49.560135901790829, 62.493083474529278 ], [ -49.55994777915808, 62.493090414149627 ], [ -49.559977786638846, 62.493264435043102 ], [ -49.560354034260833, 62.493250555415806 ], [ -49.560730281488667, 62.493236674646553 ], [ -49.560745287831864, 62.493323685036252 ], [ -49.560933411911726, 62.493316744198118 ], [ -49.561121535893037, 62.493309803074496 ], [ -49.561309659775795, 62.493302861665377 ], [ -49.56149778356, 62.49329591997077 ], [ -49.561512792456753, 62.493382930288732 ], [ -49.561700916756145, 62.493375988283354 ], [ -49.561889040956977, 62.493369045992495 ], [ -49.561904051179802, 62.493456056289276 ], [ -49.56171592636521, 62.493462998605423 ], [ -49.561730936072841, 62.493550008956888 ], [ -49.561166559196415, 62.493570834268247 ], [ -49.561181567161313, 62.493657844724929 ], [ -49.561369693499117, 62.493650903214679 ], [ -49.561745945879039, 62.493637019337719 ], [ -49.561760955783797, 62.493724029747931 ], [ -49.562325335455704, 62.493703201715441 ], [ -49.562340347300335, 62.49379021207919 ], [ -49.562904727926323, 62.493769381401393 ], [ -49.56291974171085, 62.493856391718651 ], [ -49.562543486831245, 62.493870279173265 ], [ -49.562558499486819, 62.493957289570488 ], [ -49.562370371285361, 62.493964232894825 ], [ -49.562355359243554, 62.493877222472328 ], [ -49.562167231557289, 62.493884165485881 ], [ -49.562152220227844, 62.493797155067469 ], [ -49.561399710952131, 62.493824924165644 ], [ -49.56141471982648, 62.493911934685201 ], [ -49.561602847907039, 62.493904992813611 ], [ -49.561617857493729, 62.493992003337269 ], [ -49.561805986089496, 62.493985061154902 ], [ -49.562182242985315, 62.493971175933687 ], [ -49.562197254511922, 62.494058186410882 ], [ -49.562212266137109, 62.494145196917437 ], [ -49.563717299597364, 62.494089644208088 ], [ -49.563702283061936, 62.49400263390384 ], [ -49.564078539213398, 62.493988742922113 ], [ -49.564093556976381, 62.494075753175764 ], [ -49.564108574837981, 62.494162763458796 ], [ -49.564296703993342, 62.494155817489087 ], [ -49.564326741239981, 62.494329838092696 ], [ -49.564891131796983, 62.494308998318822 ], [ -49.565455521466212, 62.494288155975461 ], [ -49.565643651158659, 62.494281207956689 ], [ -49.56562862818955, 62.494194197817308 ], [ -49.565816757169571, 62.494187249538328 ], [ -49.565831780752461, 62.4942742596524 ], [ -49.566584298140988, 62.494246463580325 ], [ -49.566569272102996, 62.494159453567477 ], [ -49.566757400589672, 62.494152503861031 ], [ -49.566945528977676, 62.494145553869089 ], [ -49.567698041542826, 62.49411775104636 ], [ -49.567683011920892, 62.494030741214786 ], [ -49.567494884541411, 62.494037692323388 ], [ -49.567479855631944, 62.493950682495878 ], [ -49.566351092965206, 62.493992383000283 ], [ -49.566162965508717, 62.493999332085131 ], [ -49.565974837953576, 62.49400628088447 ], [ -49.565959814052881, 62.493919270883843 ], [ -49.565771687012834, 62.493926219372391 ], [ -49.565583559874135, 62.493933167575449 ], [ -49.565568537299633, 62.493846157553584 ], [ -49.565380410676049, 62.493853105445844 ], [ -49.565365388813959, 62.493766095428064 ], [ -49.565553514823783, 62.493759147561107 ], [ -49.56611789226136, 62.493738302247301 ], [ -49.56630601787657, 62.493731353238381 ], [ -49.566494143393108, 62.493724403943979 ], [ -49.566479117947146, 62.493637394107417 ], [ -49.566667242751265, 62.493630444552828 ], [ -49.567043492063483, 62.493616544587184 ], [ -49.567058519350695, 62.493703554347825 ], [ -49.567434769495684, 62.493689653189612 ], [ -49.567419740980981, 62.493602643479591 ], [ -49.567795989503729, 62.493588741230056 ], [ -49.567780959860229, 62.493501731600062 ], [ -49.56796908335982, 62.493494780072389 ], [ -49.567939023141442, 62.493320760951171 ], [ -49.568127145314868, 62.493313809188635 ], [ -49.568112114740003, 62.49322679969741 ], [ -49.568300236200997, 62.493219847674716 ], [ -49.568330298676891, 62.493393866635898 ], [ -49.568706543757671, 62.493379961632776 ], [ -49.568894666149994, 62.493373008702989 ], [ -49.569082788443595, 62.493366055487712 ], [ -49.569270910638473, 62.493359101986961 ], [ -49.569255876282547, 62.493272092618291 ], [ -49.569443997764978, 62.493265138857375 ], [ -49.569632119148679, 62.493258184810976 ], [ -49.569617083664035, 62.493171175522342 ], [ -49.569805204335282, 62.493164221215793 ], [ -49.569820240433643, 62.49325123047911 ], [ -49.570008361619877, 62.493244275861741 ], [ -49.570023398430699, 62.493331285129116 ], [ -49.570587763238073, 62.493310419488168 ], [ -49.570775884643034, 62.493303463703548 ], [ -49.570790924007483, 62.493390472898966 ], [ -49.570602801988805, 62.493397428708903 ], [ -49.570617840838288, 62.49348443795904 ], [ -49.57080596347069, 62.493477482123758 ], [ -49.570821003032663, 62.493564491377924 ], [ -49.57100912618003, 62.49355753523183 ], [ -49.571024166454492, 62.493644544490031 ], [ -49.571212290116826, 62.493637588033124 ], [ -49.571227331103792, 62.493724597295369 ], [ -49.571415455281091, 62.493717640527628 ], [ -49.571430496980561, 62.493804649793923 ], [ -49.571618621672819, 62.493797692715361 ], [ -49.571633664084807, 62.493884701985692 ], [ -49.572198039410111, 62.493863828961068 ], [ -49.572213083762108, 62.493950838184759 ], [ -49.572589334712504, 62.493936921356891 ], [ -49.572604380390779, 62.494023930559258 ], [ -49.572792506331517, 62.49401697169175 ], [ -49.572807552722345, 62.494103980898146 ], [ -49.572431299514577, 62.494117898398358 ], [ -49.572446344776708, 62.494204907684825 ], [ -49.57207008994623, 62.494218824093743 ], [ -49.572055045911604, 62.494131814756614 ], [ -49.571490664766216, 62.494152687152805 ], [ -49.571460580675833, 62.49397866841462 ], [ -49.571272454657311, 62.493985625258361 ], [ -49.571257413374028, 62.493898615907987 ], [ -49.571069287870479, 62.493905572440916 ], [ -49.570881162268158, 62.493912528688341 ], [ -49.570896202323937, 62.49399953808939 ], [ -49.570708076009105, 62.494006494076672 ], [ -49.570723115549903, 62.494093503532412 ], [ -49.570534988522553, 62.494100459259535 ], [ -49.57056506667292, 62.494274478309826 ], [ -49.570753194927789, 62.494267522532041 ], [ -49.570768234764884, 62.494354532075903 ], [ -49.570956363534748, 62.494347575987305 ], [ -49.571144492205846, 62.49434061961319 ], [ -49.571332620778172, 62.494333662953586 ], [ -49.571347662555333, 62.494420672450836 ], [ -49.571362704431266, 62.494507681977453 ], [ -49.571550834132353, 62.494500724981677 ], [ -49.57156587672084, 62.494587734512336 ], [ -49.571580919408113, 62.494674744072363 ], [ -49.571769050237961, 62.494667786740415 ], [ -49.571784093637802, 62.494754796304484 ], [ -49.571972224982638, 62.494747838661695 ], [ -49.572002313306271, 62.494921857827265 ], [ -49.57181418073386, 62.494928815520723 ], [ -49.571626048062662, 62.494935772928685 ], [ -49.57143791529267, 62.494942730051143 ], [ -49.571061649456347, 62.494956643439565 ], [ -49.571046608314084, 62.494869633715403 ], [ -49.570858475861542, 62.494876589956021 ], [ -49.57084343543184, 62.494789580235903 ], [ -49.57065530349432, 62.494796536165694 ], [ -49.570467171458034, 62.494803491809989 ], [ -49.570482210660153, 62.49489050158077 ], [ -49.570294077911306, 62.4948974569649 ], [ -49.570309116598402, 62.494984466790399 ], [ -49.570120983137002, 62.494991421914342 ], [ -49.570136021309047, 62.495078431794539 ], [ -49.5699478871351, 62.495085386658324 ], [ -49.569962924792094, 62.495172396593233 ], [ -49.56977478990558, 62.495179351196846 ], [ -49.569789827047529, 62.495266361186452 ], [ -49.569601691448447, 62.495273315529893 ], [ -49.569616728075339, 62.495360325574204 ], [ -49.569631764800967, 62.495447335647881 ], [ -49.569443627875508, 62.495454289756481 ], [ -49.569255490851297, 62.495461243579548 ], [ -49.569292326528839, 62.495674408613645 ], [ -49.569336596456786, 62.495720943591103 ], [ -49.569488736803422, 62.49571532022977 ], [ -49.569503773310224, 62.495802330446296 ], [ -49.569880051973037, 62.495788421740983 ], [ -49.569865014238566, 62.495701411575126 ], [ -49.570053152807994, 62.495694456819535 ], [ -49.57024129127867, 62.495687501778427 ], [ -49.570617567923726, 62.495673590839708 ], [ -49.570632608113527, 62.495760600904212 ], [ -49.570820746901731, 62.495753644981257 ], [ -49.571008885591148, 62.495746688772783 ], [ -49.571385162673643, 62.495732775499306 ], [ -49.571370120028526, 62.495645765536118 ], [ -49.571558257807766, 62.495638808496452 ], [ -49.571573301066707, 62.495725818434295 ], [ -49.571761439360984, 62.49571886108378 ], [ -49.57194957755646, 62.495711903447756 ], [ -49.571934533069864, 62.495624893560596 ], [ -49.572122670552723, 62.495617935664406 ], [ -49.572092580648295, 62.495443916028883 ], [ -49.572280716804713, 62.49543695789788 ], [ -49.572325853651002, 62.495697987319183 ], [ -49.572513991550061, 62.495691028826627 ], [ -49.572529037976935, 62.495778038667126 ], [ -49.572717176391002, 62.495771079863729 ], [ -49.573093452922684, 62.495757161400398 ], [ -49.573078404654339, 62.495670151635942 ], [ -49.573063356484823, 62.495583141900852 ], [ -49.573439630165922, 62.495569222396881 ], [ -49.573454679563071, 62.495656232081274 ], [ -49.57383095407647, 62.495642311384572 ], [ -49.573815903451695, 62.49555530175089 ], [ -49.57380085292575, 62.495468292146555 ], [ -49.573612716946094, 62.495475252586957 ], [ -49.573424580867602, 62.495482212741848 ], [ -49.573409531668112, 62.495395203116189 ], [ -49.5732213961046, 62.495402162960239 ], [ -49.573206347617742, 62.495315153338616 ], [ -49.57301821256921, 62.495322112871797 ], [ -49.572830077421855, 62.495329072119482 ], [ -49.572799983199822, 62.495155052862948 ], [ -49.572988117119579, 62.495148093665954 ], [ -49.573176250940513, 62.495141134183456 ], [ -49.573161202750136, 62.495054124649947 ], [ -49.57334933585846, 62.495047164907298 ], [ -49.573537468867947, 62.495040204879153 ], [ -49.573522419548816, 62.494953195425708 ], [ -49.573334287153109, 62.494960155428494 ], [ -49.573319238546588, 62.494873145979078 ], [ -49.573131106665841, 62.494880105671029 ], [ -49.572942974686278, 62.494887065077471 ], [ -49.57291288022482, 62.494713046165359 ], [ -49.572897833142314, 62.494626036753345 ], [ -49.572709702905271, 62.494632995798263 ], [ -49.572694656535347, 62.4945459863903 ], [ -49.57288278615863, 62.49453902737072 ], [ -49.57307091568309, 62.494532068065652 ], [ -49.573055868184447, 62.494445058737746 ], [ -49.573243996996332, 62.494438099172527 ], [ -49.573274093319974, 62.49461211780703 ], [ -49.573462223260563, 62.494605157905632 ], [ -49.573477272184384, 62.494692167241588 ], [ -49.573853532996644, 62.494678246531606 ], [ -49.574041663254519, 62.49467128574836 ], [ -49.574229793413551, 62.494664324679647 ], [ -49.574244844891297, 62.494751333943576 ], [ -49.574621106140384, 62.494737410898921 ], [ -49.574636158944514, 62.494824420141512 ], [ -49.574824290034549, 62.494817458165585 ], [ -49.574839343551318, 62.494904467412184 ], [ -49.575027475156276, 62.494897505125422 ], [ -49.57501242102574, 62.494810495904169 ], [ -49.575200551918066, 62.494803533357256 ], [ -49.575185497272614, 62.494716524190729 ], [ -49.574997366994062, 62.494723486712296 ], [ -49.574982313061241, 62.494636477549797 ], [ -49.575170442726026, 62.494629515053596 ], [ -49.575358572291947, 62.494622552271899 ], [ -49.575373627452301, 62.494709561383686 ], [ -49.57556175753313, 62.494702598291134 ], [ -49.575749887515073, 62.4946956349131 ], [ -49.575764944001833, 62.494782644003543 ], [ -49.576329335195716, 62.494761752080372 ], [ -49.576517465395902, 62.494754787535008 ], [ -49.576532524436615, 62.494841796553359 ], [ -49.576720655151682, 62.494834831697119 ], [ -49.576735714905055, 62.494921840719478 ], [ -49.577111977266028, 62.494907910099791 ], [ -49.577096916285115, 62.494820901128165 ], [ -49.57728504670348, 62.494813935415458 ], [ -49.577269985207707, 62.494726926498572 ], [ -49.577458114913398, 62.494719960525735 ], [ -49.577834374028036, 62.494706027723588 ], [ -49.577819310789891, 62.494619018912189 ], [ -49.578195568281345, 62.494605085018804 ], [ -49.578383696878682, 62.494598117643889 ], [ -49.578759953776554, 62.494584182037585 ], [ -49.57879008648932, 62.494758199435985 ], [ -49.578820219597844, 62.49493221695186 ], [ -49.579008350353405, 62.494925248618962 ], [ -49.579384611567683, 62.494911311096665 ], [ -49.579414748754594, 62.495085328577723 ], [ -49.579602880440831, 62.495078359337576 ], [ -49.579572742026393, 62.494904341907279 ], [ -49.579760872386146, 62.494897372432412 ], [ -49.579949002646927, 62.494890402672041 ], [ -49.580325262871604, 62.494876462294819 ], [ -49.580310191357782, 62.494789453725268 ], [ -49.58049832070791, 62.494782483133811 ], [ -49.580513392835478, 62.494869491677974 ], [ -49.58070152270038, 62.494862520775648 ], [ -49.580686449959046, 62.494775512256858 ], [ -49.58087457911121, 62.49476854109443 ], [ -49.581062708164389, 62.494761569646492 ], [ -49.581047634294549, 62.494674561207859 ], [ -49.581235762634982, 62.494667589499841 ], [ -49.582176402852205, 62.494632726677395 ], [ -49.5821613253989, 62.494545718420483 ], [ -49.582349452531588, 62.494538745024933 ], [ -49.582537579565255, 62.494531771343908 ], [ -49.58255265824603, 62.494618779550002 ], [ -49.582740785794421, 62.494611805558101 ], [ -49.582725706499907, 62.49452479737738 ], [ -49.582913833335532, 62.494517823125371 ], [ -49.583101960072135, 62.494510848587879 ], [ -49.58308687964918, 62.494423840487329 ], [ -49.583275005673023, 62.494416865689743 ], [ -49.583463131597824, 62.49440989060669 ], [ -49.584027508777993, 62.49438896364461 ], [ -49.584042592269576, 62.494475971618151 ], [ -49.584057675860215, 62.494562979621037 ], [ -49.584072759549905, 62.494649987653297 ], [ -49.584260886919715, 62.494643011352082 ], [ -49.584275971322199, 62.494730019388285 ], [ -49.584291055823734, 62.494817027453855 ], [ -49.584479184321964, 62.494810050816348 ], [ -49.5844942695363, 62.494897058885876 ], [ -49.584682398549212, 62.494890081937456 ], [ -49.584667312721123, 62.494803073893344 ], [ -49.584855441021226, 62.494796096684858 ], [ -49.584870527463053, 62.494883104703554 ], [ -49.585434913610122, 62.494862171288943 ], [ -49.585623042127651, 62.494855192913086 ], [ -49.585811170546087, 62.494848214251746 ], [ -49.585999298865438, 62.494841235304932 ], [ -49.586014389088781, 62.494928243200505 ], [ -49.586202517922771, 62.494921263942778 ], [ -49.586217608858959, 62.495008271842302 ], [ -49.586405738207588, 62.495001292273663 ], [ -49.586593867457118, 62.494994312419543 ], [ -49.586608959719889, 62.495081320297579 ], [ -49.586797089484051, 62.495074340132554 ], [ -49.586985219149099, 62.495067359682039 ], [ -49.587361478181826, 62.495053397924536 ], [ -49.587549607549505, 62.495046416617562 ], [ -49.587579798509864, 62.495220432207454 ], [ -49.587767929005892, 62.495213450564137 ], [ -49.587798121590289, 62.495387466220627 ], [ -49.588174384739951, 62.495373501975791 ], [ -49.588362516166065, 62.49536651942514 ], [ -49.58855064749303, 62.495359536589014 ], [ -49.588926909849484, 62.495345570060266 ], [ -49.589491302640447, 62.49532461812597 ], [ -49.589506404605132, 62.49541162576935 ], [ -49.590070798344755, 62.495390671189348 ], [ -49.590258929392931, 62.49538368575837 ], [ -49.590447060341916, 62.495376700041895 ], [ -49.590462165474527, 62.495463707587433 ], [ -49.590650296938065, 62.495456721560025 ], [ -49.590838428302405, 62.495449735247135 ], [ -49.591402821800173, 62.495428774595538 ], [ -49.591417930100732, 62.495515782043199 ], [ -49.591982324546791, 62.495494818745854 ], [ -49.591967214404995, 62.495407811374534 ], [ -49.592155345074815, 62.495400823063235 ], [ -49.592170455830356, 62.495487830409083 ], [ -49.592734849085645, 62.495466863685884 ], [ -49.592749961781657, 62.495553870984729 ], [ -49.592938093282015, 62.495546881480564 ], [ -49.593126224683118, 62.495539891690925 ], [ -49.593141338705877, 62.495626898968212 ], [ -49.592953206691021, 62.495633888783324 ], [ -49.592765074576917, 62.49564087831294 ], [ -49.592388810050977, 62.495654856515728 ], [ -49.592403921717974, 62.495741863924195 ], [ -49.592215788692386, 62.495748852622796 ], [ -49.592246011096584, 62.49592286757872 ], [ -49.592434145349692, 62.495915878829202 ], [ -49.592622279503566, 62.495908889794187 ], [ -49.592637392082047, 62.49599589726526 ], [ -49.592449257314414, 62.496002886325734 ], [ -49.592464369378376, 62.496089893851611 ], [ -49.592840640041942, 62.496075915394293 ], [ -49.592855753432694, 62.49616292289862 ], [ -49.593043889229364, 62.496155933216251 ], [ -49.593232024926792, 62.496148943248393 ], [ -49.593216910308492, 62.496061935794977 ], [ -49.593405045292876, 62.496054945567074 ], [ -49.593593180178004, 62.49604795505369 ], [ -49.593608296023838, 62.496134962456175 ], [ -49.593796431423463, 62.496127971631829 ], [ -49.593781314963856, 62.496040964254817 ], [ -49.593969449650444, 62.496033973170427 ], [ -49.594157584237756, 62.496026981800554 ], [ -49.59417270192489, 62.496113989126655 ], [ -49.594360837026684, 62.496106997445828 ], [ -49.594548972029195, 62.496100005479512 ], [ -49.594564091043154, 62.496187012784041 ], [ -49.594579210156397, 62.496274020117902 ], [ -49.594767346287163, 62.496267027815165 ], [ -49.594782466113465, 62.496354035152933 ], [ -49.594812706063976, 62.496528049916506 ], [ -49.59482782618818, 62.496615057342325 ], [ -49.594639687602289, 62.496622049746932 ], [ -49.594654807211995, 62.496709057227577 ], [ -49.594466667913032, 62.496716049372168 ], [ -49.594496906202735, 62.496890064472424 ], [ -49.594685046729303, 62.496883072276908 ], [ -49.595061327484537, 62.49686908702936 ], [ -49.595076448619743, 62.496956094547109 ], [ -49.595640870849195, 62.496935114458111 ], [ -49.595671117100352, 62.497109129428829 ], [ -49.594730406749981, 62.497144095071015 ], [ -49.59471528664379, 62.497057087443622 ], [ -49.594903428298672, 62.497050094911664 ], [ -49.594888307677969, 62.496963087339097 ], [ -49.594700166636898, 62.496970079845582 ], [ -49.594512025496527, 62.496977072066571 ], [ -49.594323884256859, 62.496984064002064 ], [ -49.594135742917906, 62.496991055652039 ], [ -49.594150861083371, 62.497078063326477 ], [ -49.593962719031325, 62.497085054716408 ], [ -49.593992954432487, 62.497259070204265 ], [ -49.593804811053516, 62.497266061359625 ], [ -49.5938199282892, 62.497353069173037 ], [ -49.594008072282001, 62.497346077992219 ], [ -49.594023190230793, 62.497433085809526 ], [ -49.594399479146169, 62.497419102540427 ], [ -49.594414598421913, 62.497506110336154 ], [ -49.594790888167765, 62.497492125874075 ], [ -49.595167177516409, 62.497478140269962 ], [ -49.595355322041755, 62.497471147039647 ], [ -49.595543466467802, 62.497464153523815 ], [ -49.595919755021903, 62.497450165635627 ], [ -49.595934879307585, 62.497537173256923 ], [ -49.59574673446636, 62.497544167369249 ], [ -49.595761858237537, 62.497631175045392 ], [ -49.596138149048301, 62.497617186484291 ], [ -49.596326294304681, 62.497610191775458 ], [ -49.596341420016685, 62.497697199404513 ], [ -49.596529565787556, 62.497690204384703 ], [ -49.596717711459092, 62.497683209079391 ], [ -49.596687457679124, 62.497509193952546 ], [ -49.596499313235249, 62.497516189206905 ], [ -49.596484187108096, 62.497429181662028 ], [ -49.59610789914997, 62.497443171263264 ], [ -49.596092774349799, 62.497356163696786 ], [ -49.595904630835562, 62.497363158043655 ], [ -49.595874382760847, 62.497189142947789 ], [ -49.596062525047465, 62.497182148651859 ], [ -49.596017151838915, 62.496921126304592 ], [ -49.596205292184784, 62.496914131799585 ], [ -49.59622041710211, 62.497001139193848 ], [ -49.596408557962448, 62.496994144377858 ], [ -49.596423683592903, 62.497081151775994 ], [ -49.596235542118762, 62.497088146617457 ], [ -49.596265792450069, 62.497262161552733 ], [ -49.596642077754254, 62.49724817148239 ], [ -49.596657204296534, 62.497335178943096 ], [ -49.596845347413428, 62.497328183454194 ], [ -49.59681509320059, 62.497154168613086 ], [ -49.597567659764188, 62.497126184006248 ], [ -49.597597918887502, 62.497300198643494 ], [ -49.597221633349179, 62.49731419161985 ], [ -49.597236761832249, 62.497401199033462 ], [ -49.597801191832133, 62.497380209064225 ], [ -49.597816322256016, 62.497467216430728 ], [ -49.598004466004397, 62.49746021917781 ], [ -49.598019597141459, 62.497547226548186 ], [ -49.597267019096456, 62.497575213948735 ], [ -49.5972821478776, 62.497662221450376 ], [ -49.597094002504122, 62.497669217612227 ], [ -49.597109130770789, 62.497756225168715 ], [ -49.597297276758098, 62.497749228981384 ], [ -49.598238005204195, 62.49771424376209 ], [ -49.598253137253216, 62.497801251195007 ], [ -49.597500552239751, 62.497829240043401 ], [ -49.597515681932805, 62.497916247607613 ], [ -49.597703828949065, 62.497909250798308 ], [ -49.597718959355333, 62.497996258366378 ], [ -49.597907106886062, 62.497989261246062 ], [ -49.598095254317428, 62.497982263840235 ], [ -49.598283401649397, 62.497975266148892 ], [ -49.598298533996562, 62.498062273669859 ], [ -49.598486681842999, 62.498055275667518 ], [ -49.598674829590053, 62.49804827737966 ], [ -49.598689963264285, 62.498135284878984 ], [ -49.598878111525785, 62.498128286280121 ], [ -49.59889324591326, 62.498215293783304 ], [ -49.599081394689215, 62.498208294873443 ], [ -49.599269543365764, 62.498201295678058 ], [ -49.599284679080334, 62.498288303159597 ], [ -49.599472828271324, 62.498281303653208 ], [ -49.599487964699158, 62.498368311138606 ], [ -49.599676114404588, 62.498361311321204 ], [ -49.599864264010598, 62.498354311218279 ], [ -49.599849126355068, 62.498267303783884 ], [ -49.600037275247814, 62.498260303420942 ], [ -49.600225424041142, 62.49825330277249 ], [ -49.600413572735036, 62.49824630183852 ], [ -49.600398433337389, 62.498159294509968 ], [ -49.600586581318012, 62.498152293315997 ], [ -49.600962876980965, 62.498138290071495 ], [ -49.601151024663281, 62.498131288020979 ], [ -49.601166166516293, 62.498218295247526 ], [ -49.601542462810258, 62.498204290238952 ], [ -49.601730610808062, 62.498197287306404 ], [ -49.601715467113536, 62.498110280156361 ], [ -49.601903614398047, 62.498103276963803 ], [ -49.602091761583097, 62.498096273485729 ], [ -49.602279908668685, 62.498089269722151 ], [ -49.602264763232121, 62.498002262677986 ], [ -49.602452909604409, 62.497995258654399 ], [ -49.602437763653491, 62.497908251665081 ], [ -49.603002200332043, 62.497887237957826 ], [ -49.603017348124425, 62.497974244870598 ], [ -49.603205494098795, 62.497967239704977 ], [ -49.603220642604484, 62.498054246621578 ], [ -49.603596935482408, 62.498040235382796 ], [ -49.603785081772131, 62.498033229335128 ], [ -49.603800232218788, 62.498120236204528 ], [ -49.60398837902283, 62.498113229845835 ], [ -49.604003530182815, 62.498200236719057 ], [ -49.604379824720041, 62.498186223094116 ], [ -49.604364672332402, 62.498099216271939 ], [ -49.604552818837917, 62.498092209056729 ], [ -49.604537665935958, 62.498005202289413 ], [ -49.604161374053064, 62.498019216383298 ], [ -49.604146222478271, 62.497932209594275 ], [ -49.604710658311888, 62.497911188101774 ], [ -49.604725811728137, 62.497998194814215 ], [ -49.604913957420791, 62.497991187053522 ], [ -49.604944265779501, 62.498165200515373 ], [ -49.605696852465385, 62.498137166413279 ], [ -49.605712009249331, 62.498224173086108 ], [ -49.606088303222677, 62.49821015427095 ], [ -49.606103461333817, 62.498297160922064 ], [ -49.605727166132816, 62.498311179788274 ], [ -49.605742323115855, 62.498398186519793 ], [ -49.605366026289005, 62.498412204295029 ], [ -49.605350870533641, 62.498325197512457 ], [ -49.604786426388351, 62.498346221957405 ], [ -49.60477127257402, 62.498259215127597 ], [ -49.6043949772072, 62.498273229945625 ], [ -49.60441012979387, 62.498360236826478 ], [ -49.604033832801314, 62.498374250553503 ], [ -49.604018681442319, 62.498287243621611 ], [ -49.603454237048695, 62.498308261994239 ], [ -49.602889791759608, 62.498329277797282 ], [ -49.602874644183125, 62.498242270741628 ], [ -49.602498348053985, 62.49825627979839 ], [ -49.602310199840204, 62.49826328389851 ], [ -49.602325345575167, 62.498350291030697 ], [ -49.602137196648073, 62.498357294870814 ], [ -49.60216748718873, 62.498531309274249 ], [ -49.602355637343521, 62.498524305383114 ], [ -49.602543787398837, 62.498517301206462 ], [ -49.602731937354676, 62.498510296744307 ], [ -49.602747084615764, 62.498597303913492 ], [ -49.602935235085965, 62.498590299140304 ], [ -49.603123385456691, 62.498583294081591 ], [ -49.603108236967898, 62.498496286963423 ], [ -49.603296386625281, 62.498489281644716 ], [ -49.603311535727919, 62.498576288737368 ], [ -49.603499685899656, 62.498569283107628 ], [ -49.60368783597189, 62.49856227719237 ], [ -49.603672685641556, 62.498475270150749 ], [ -49.603860835000447, 62.498468263975511 ], [ -49.603875985944619, 62.498555270991595 ], [ -49.60406413581785, 62.498548264505324 ], [ -49.604079287475386, 62.498635271525231 ], [ -49.60389113698831, 62.498642278037032 ], [ -49.603906288131498, 62.498729285111807 ], [ -49.604094439232426, 62.498722278574498 ], [ -49.604282590233844, 62.498715271751642 ], [ -49.604267437862944, 62.498628264727913 ], [ -49.604455588150998, 62.498621257645077 ], [ -49.604485894220005, 62.498795271670858 ], [ -49.604501047403794, 62.498882278727741 ], [ -49.604689199433878, 62.498875271282827 ], [ -49.604877351364443, 62.498868263552382 ], [ -49.604831888428521, 62.498607242622867 ], [ -49.60596078687233, 62.498565190703886 ], [ -49.605975944767849, 62.498652197497883 ], [ -49.606164094773916, 62.498645187819889 ], [ -49.606179253382834, 62.498732194617702 ], [ -49.606367403903185, 62.498725184628668 ], [ -49.606397722647387, 62.498899198261228 ], [ -49.606585874295881, 62.498892187935603 ], [ -49.606601034431179, 62.498979194770364 ], [ -49.606789186593964, 62.498972184133699 ], [ -49.60680434744269, 62.499059190972247 ], [ -49.607556957553484, 62.499031145468244 ], [ -49.607541794249336, 62.498944138731829 ], [ -49.607729945914208, 62.498937126667592 ], [ -49.607918097479505, 62.498930114317808 ], [ -49.607933262011358, 62.499017121003135 ], [ -49.608121414090903, 62.499010108342326 ], [ -49.608309566070844, 62.499003095395963 ], [ -49.608685869731914, 62.498989068646729 ], [ -49.608874021413037, 62.498982054843843 ], [ -49.608889189113754, 62.499069061430774 ], [ -49.60907734130911, 62.499062047316833 ], [ -49.609453645400933, 62.499048018232372 ], [ -49.609829949094241, 62.499033988005849 ], [ -49.609814778324278, 62.498946981546666 ], [ -49.609626627141282, 62.498953996777132 ], [ -49.609611457084796, 62.49886699032173 ], [ -49.609423306416012, 62.498874005241127 ], [ -49.609392967829606, 62.498699992367236 ], [ -49.609769266612183, 62.498685962345135 ], [ -49.609784437083249, 62.49877296871631 ], [ -49.612042228774293, 62.498688764294144 ], [ -49.612057406710974, 62.498775770387944 ], [ -49.612998152081914, 62.498740672950063 ], [ -49.613013333187425, 62.498827678945375 ], [ -49.613201482576351, 62.498820658575696 ], [ -49.613216664395395, 62.498907664574759 ], [ -49.612464063786184, 62.498935744442683 ], [ -49.612509602475527, 62.499196762922715 ], [ -49.612697754618893, 62.499189743307298 ], [ -49.612682574342251, 62.499102737143524 ], [ -49.613435179463323, 62.499074655928993 ], [ -49.613450362195344, 62.499161661990492 ], [ -49.613638513840172, 62.499154640947509 ], [ -49.613653697285748, 62.499241647012767 ], [ -49.614218153463419, 62.499220582093997 ], [ -49.614202968176322, 62.499133576105486 ], [ -49.614579270568434, 62.499119531449892 ], [ -49.614594457083214, 62.499206537387252 ], [ -49.614782608743496, 62.499199514605621 ], [ -49.61515891176483, 62.499185468185807 ], [ -49.615535214387144, 62.499171420623938 ], [ -49.615550404070866, 62.499258426462738 ], [ -49.615738555846221, 62.499251402227955 ], [ -49.615926707521808, 62.499244377707655 ], [ -49.616114859097628, 62.499237352901844 ], [ -49.616303010573667, 62.499230327810523 ], [ -49.616318202812508, 62.499317333576307 ], [ -49.617258961765152, 62.499282203709072 ], [ -49.617447113256304, 62.499275176879109 ], [ -49.617635264647646, 62.499268149763601 ], [ -49.617823415939185, 62.499261122362611 ], [ -49.617808218789683, 62.499174116801576 ], [ -49.617996369367582, 62.499167089140663 ], [ -49.618184519845663, 62.499160061194232 ], [ -49.618169321568324, 62.49907305571373 ], [ -49.618357471332772, 62.499066027507382 ], [ -49.618342272541426, 62.498979022081805 ], [ -49.618530421592233, 62.498971993615569 ], [ -49.618718570543216, 62.498964964863809 ], [ -49.618703370624061, 62.498877959518758 ], [ -49.618891518861403, 62.498870930507117 ], [ -49.618876318428278, 62.498783925216983 ], [ -49.619064465951979, 62.498776895945426 ], [ -49.619252613375849, 62.498769866388372 ], [ -49.61923741181495, 62.498682861178779 ], [ -49.619425558525172, 62.498675831361822 ], [ -49.619440760699881, 62.498762836545808 ], [ -49.619628907924074, 62.498755806417748 ], [ -49.619613705135563, 62.498668801259363 ], [ -49.619801851646116, 62.498661770871401 ], [ -49.619989998056809, 62.498654740197949 ], [ -49.61997479414056, 62.498567735120105 ], [ -49.620351085434805, 62.498553672967887 ], [ -49.620335880390833, 62.49846666797059 ], [ -49.620524025274385, 62.498459636491845 ], [ -49.620712170058063, 62.498452604727603 ], [ -49.620696963886388, 62.49836559981086 ], [ -49.620885107956418, 62.498358567786731 ], [ -49.621073251926589, 62.498351535477106 ], [ -49.621058044627219, 62.498264530640903 ], [ -49.621246187883742, 62.498257498071396 ], [ -49.621434331040383, 62.498250465216394 ], [ -49.621449539567301, 62.49833747000136 ], [ -49.621637683237843, 62.498330436835246 ], [ -49.622013970279248, 62.498316369646531 ], [ -49.621998759911008, 62.498229364938425 ], [ -49.622186902668105, 62.498222330941431 ], [ -49.622563187882605, 62.498208262090984 ], [ -49.622547975772967, 62.498121257489061 ], [ -49.622736117616597, 62.498114222661222 ], [ -49.622924259360317, 62.49810718754788 ], [ -49.623112401004128, 62.498100152149057 ], [ -49.623097187153121, 62.498013147653317 ], [ -49.623285328083263, 62.498006111994641 ], [ -49.623473468913488, 62.497999076050455 ], [ -49.623488683992008, 62.498086080494922 ], [ -49.623676825336062, 62.498079044239638 ], [ -49.623864966580193, 62.498072007698838 ], [ -49.624017715878352, 62.49806629461505 ], [ -49.624052899355696, 62.498063779505983 ], [ -49.624037890804594, 62.497977966504955 ], [ -49.624226031235104, 62.497970929418805 ], [ -49.624414171565675, 62.497963892047188 ], [ -49.62439895351833, 62.497876887760164 ], [ -49.624587093135219, 62.49786985012868 ], [ -49.624775232652155, 62.497862812211707 ], [ -49.624760013477264, 62.497775808005272 ], [ -49.624948152280517, 62.497768769828447 ], [ -49.624932932591847, 62.497681765676987 ], [ -49.625121070681402, 62.497674727240295 ], [ -49.625105850478953, 62.497587723143795 ], [ -49.625482125130745, 62.497573645465245 ], [ -49.625466903800799, 62.497486641449321 ], [ -49.625655040363029, 62.49747960220747 ], [ -49.625639818519325, 62.497392598246506 ], [ -49.625609375131809, 62.497218590412572 ], [ -49.625607644380771, 62.497208697747986 ], [ -49.625599377956945, 62.497207729457521 ], [ -49.625510490021469, 62.497186070980575 ], [ -49.62544071957857, 62.497167569599455 ], [ -49.625403443427473, 62.497140480514567 ], [ -49.625404047782418, 62.497127355274756 ], [ -49.625399090057925, 62.497099016435691 ], [ -49.625386649094459, 62.497086871240064 ], [ -49.62535579291891, 62.497059845679523 ], [ -49.625357627974644, 62.497052862877901 ], [ -49.625202665056833, 62.497058660637798 ], [ -49.625187444940345, 62.496971656772189 ], [ -49.625087122361606, 62.49697541012037 ], [ -49.62508353482297, 62.496976999986465 ], [ -49.625050764877493, 62.496991522721821 ], [ -49.62497921897873, 62.49701160233522 ], [ -49.624908354161171, 62.497016842431535 ], [ -49.624869166494847, 62.497031302299455 ], [ -49.624873671902471, 62.497072914237499 ], [ -49.624846635914977, 62.49710233850459 ], [ -49.624808267425493, 62.497098991743393 ], [ -49.6247577488069, 62.497080679527834 ], [ -49.624733582853572, 62.497047781798543 ], [ -49.624689618151535, 62.497026565405378 ], [ -49.624613021104587, 62.497016903619745 ], [ -49.624542839780702, 62.49700730478181 ], [ -49.624489923732177, 62.496997751289086 ], [ -49.624434912021158, 62.496999809127665 ], [ -49.624432694956198, 62.496987133452386 ], [ -49.624315320206065, 62.496958531277222 ], [ -49.624214392648952, 62.496919532710329 ], [ -49.624082880358699, 62.496875482135493 ], [ -49.623909861346611, 62.496840523659415 ], [ -49.623787742373452, 62.496815567067351 ], [ -49.623666500927598, 62.496771617095604 ], [ -49.623637941273792, 62.496766899669574 ], [ -49.62363673248197, 62.496766944879454 ], [ -49.623636688385453, 62.496766692719824 ], [ -49.623544163949603, 62.496751409662807 ], [ -49.623360878399318, 62.496716349289152 ], [ -49.623246906626626, 62.496693951124698 ], [ -49.623245254725788, 62.496694012902125 ], [ -49.623057123101425, 62.496701048461922 ], [ -49.623046095461959, 62.496637980272162 ], [ -49.622974342366739, 62.496616571225566 ], [ -49.622853779124654, 62.496621079709726 ], [ -49.622844686800661, 62.49656907736918 ], [ -49.622843797861023, 62.496568733861338 ], [ -49.622719800118681, 62.496538516902582 ], [ -49.622650436375267, 62.496541110650142 ], [ -49.622462305678589, 62.49654814530227 ], [ -49.622449394122405, 62.496474292849939 ], [ -49.622346160996081, 62.496445061618061 ], [ -49.622245456711305, 62.496401313029502 ], [ -49.622103464690461, 62.496361907546564 ], [ -49.622023296469742, 62.496318361372133 ], [ -49.622017843794744, 62.496302045546408 ], [ -49.621852286336072, 62.496308235345893 ], [ -49.621837077651442, 62.496221231337898 ], [ -49.621648949009966, 62.496228264745668 ], [ -49.621633741038877, 62.496141260741375 ], [ -49.621821869066679, 62.496134227359214 ], [ -49.621806660581797, 62.496047223409882 ], [ -49.621791452196781, 62.495960219489859 ], [ -49.621979578897374, 62.495953185873468 ], [ -49.621964369998565, 62.495866182008392 ], [ -49.621399991438167, 62.49588728192434 ], [ -49.621384784480213, 62.49580027801175 ], [ -49.622137286573036, 62.495772144322011 ], [ -49.622152495985624, 62.495859148132141 ], [ -49.622716873347514, 62.495838044790595 ], [ -49.622701662093959, 62.495751041057318 ], [ -49.622889787067827, 62.495744006064832 ], [ -49.622904998935034, 62.495831009772481 ], [ -49.62309312442266, 62.495823974468905 ], [ -49.62328124981039, 62.495816938879869 ], [ -49.623266036715883, 62.495729935223466 ], [ -49.623454161390057, 62.495722899374577 ], [ -49.62364228596433, 62.495715863240235 ], [ -49.623657500286143, 62.495802866845395 ], [ -49.623845625374152, 62.495795830399949 ], [ -49.623830410438693, 62.495708826820426 ], [ -49.62381519560315, 62.495621823270227 ], [ -49.623627071742433, 62.495628859664407 ], [ -49.623611857620439, 62.495541856117903 ], [ -49.623235610826569, 62.49555592799863 ], [ -49.623047487279777, 62.495562963510814 ], [ -49.623032275098609, 62.49547595991676 ], [ -49.622844152065568, 62.495482995117854 ], [ -49.622656028932632, 62.49549003003348 ], [ -49.621903535402083, 62.495518166841386 ], [ -49.621527288037562, 62.495532233532558 ], [ -49.621512080865401, 62.4954452297629 ], [ -49.620759587392648, 62.495473359617243 ], [ -49.620744382774916, 62.495386355774457 ], [ -49.620556259770744, 62.495393387498794 ], [ -49.620541055866504, 62.495306383659731 ], [ -49.620352933376125, 62.495313415072992 ], [ -49.62016481078593, 62.495320446200779 ], [ -49.619788565306031, 62.495334507599992 ], [ -49.619803766755709, 62.495421511541473 ], [ -49.619615643252381, 62.495428541838486 ], [ -49.619427519649221, 62.495435571850038 ], [ -49.619442719971431, 62.495522575872052 ], [ -49.619254595654809, 62.495529605623737 ], [ -49.619239395946259, 62.495442601576116 ], [ -49.61922419633752, 62.495355597557825 ], [ -49.61884794985945, 62.495369656102419 ], [ -49.618832751577806, 62.495282652062244 ], [ -49.618644628802706, 62.495289680880745 ], [ -49.61862943123451, 62.495202676844315 ], [ -49.618065064151374, 62.495223761510246 ], [ -49.617876941590758, 62.495230789161297 ], [ -49.617688818930347, 62.495237816526881 ], [ -49.617673624530156, 62.49515081239182 ], [ -49.617658430229739, 62.495063808286069 ], [ -49.617470308696838, 62.495070835315005 ], [ -49.617455115109834, 62.494983831213005 ], [ -49.617266994090805, 62.494990857930901 ], [ -49.617078872972002, 62.494997884363336 ], [ -49.617048488551823, 62.494823876144977 ], [ -49.617236608443356, 62.494816849763723 ], [ -49.617206223194977, 62.494642841713862 ], [ -49.617018104530693, 62.494649868043936 ], [ -49.617002912669768, 62.494562864037412 ], [ -49.616814794519335, 62.494569890056454 ], [ -49.616626676269156, 62.49457691579002 ], [ -49.616611485735213, 62.494489911761669 ], [ -49.616423367998898, 62.494496937184202 ], [ -49.616408178178325, 62.494409933159602 ], [ -49.616784412323987, 62.494395882080234 ], [ -49.616972529247185, 62.494388856112373 ], [ -49.616957337685527, 62.494301852193857 ], [ -49.616769221375932, 62.494308878136124 ], [ -49.61675403052763, 62.49422187422136 ], [ -49.616942146223629, 62.494214848304672 ], [ -49.616926954861484, 62.494127844444826 ], [ -49.616911763599084, 62.494040840614304 ], [ -49.617099877968137, 62.49403381446335 ], [ -49.617084686191902, 62.493946810687753 ], [ -49.617272799847605, 62.493939784276932 ], [ -49.617460913403541, 62.493932757580666 ], [ -49.617476106406954, 62.494019761305083 ], [ -49.618040448316947, 62.493998679426824 ], [ -49.618228562087403, 62.493991651563178 ], [ -49.618243757644926, 62.494078655214565 ], [ -49.618619986113657, 62.494064598579733 ], [ -49.618808100198351, 62.494057569834148 ], [ -49.618996214183241, 62.494050540803109 ], [ -49.61901141229491, 62.494137544381452 ], [ -49.619199526793594, 62.494130515039359 ], [ -49.619387641192468, 62.494123485411841 ], [ -49.619402840631125, 62.494210488968299 ], [ -49.619967185069676, 62.494189398296221 ], [ -49.619997587927962, 62.49436340534352 ], [ -49.620185703768371, 62.494356374497393 ], [ -49.620170501675723, 62.494269370984682 ], [ -49.620358616802704, 62.494262339878716 ], [ -49.620734846757195, 62.49424827681041 ], [ -49.621111076312346, 62.49423421260034 ], [ -49.621126281472939, 62.494321215984996 ], [ -49.62131439671434, 62.494314183426177 ], [ -49.621690626897589, 62.494300117452184 ], [ -49.62170583399881, 62.494387120789348 ], [ -49.621721041199891, 62.494474124155836 ], [ -49.621751455901624, 62.494648130976806 ], [ -49.621939573297844, 62.49464109745918 ], [ -49.621954781412114, 62.494728100888047 ], [ -49.622142899322071, 62.494721067059345 ], [ -49.622331017132161, 62.494714032945211 ], [ -49.622519134842378, 62.494706998545617 ], [ -49.622488715032112, 62.494532991870912 ], [ -49.622864947698524, 62.494518922317837 ], [ -49.622880158780909, 62.494605925589283 ], [ -49.623068275577886, 62.494598890358951 ], [ -49.623053063881905, 62.494511887113127 ], [ -49.623241179965397, 62.49450485162297 ], [ -49.623225967755701, 62.494417848432086 ], [ -49.623414083125716, 62.494410812682105 ], [ -49.623602198395837, 62.494403776646671 ], [ -49.623790313566062, 62.49439674032579 ], [ -49.623978428636377, 62.494389703719463 ], [ -49.62416654360679, 62.494382666827697 ], [ -49.624181758884419, 62.494469669890442 ], [ -49.624369874368504, 62.494462632687593 ], [ -49.624385090359631, 62.494549635754041 ], [ -49.624400306450674, 62.494636638849819 ], [ -49.624964655984961, 62.494615525374805 ], [ -49.625152772296538, 62.494608486978905 ], [ -49.625167990941875, 62.49469549000149 ], [ -49.625183209687144, 62.494782493053386 ], [ -49.626123795881867, 62.494747296535806 ], [ -49.626688146399282, 62.494726175199879 ], [ -49.626703370153258, 62.494813178076001 ], [ -49.626718594007194, 62.494900180981453 ], [ -49.626530476040834, 62.494907221763498 ], [ -49.62654569938114, 62.494994224723918 ], [ -49.6269219364411, 62.494980142823088 ], [ -49.626906711873588, 62.494893139913962 ], [ -49.627094829640022, 62.494886098561011 ], [ -49.627110054821124, 62.494973101444508 ], [ -49.627486291281237, 62.494959017830972 ], [ -49.627674409361312, 62.494951975596031 ], [ -49.627862527341406, 62.494944933075651 ], [ -49.627847299705913, 62.494857930294735 ], [ -49.627832072170413, 62.494770927543151 ], [ -49.628020188823321, 62.494763884788618 ], [ -49.628004960774227, 62.494676882092001 ], [ -49.628193076713558, 62.494669839077659 ], [ -49.628177848150884, 62.494582836436017 ], [ -49.628365963376631, 62.494575793161872 ], [ -49.628350734300369, 62.494488790575211 ], [ -49.628538848812553, 62.494481747041284 ], [ -49.628523619222726, 62.494394744509584 ], [ -49.628711733021326, 62.494387700715862 ], [ -49.6290879603185, 62.494373612272085 ], [ -49.629276073817074, 62.494366567622038 ], [ -49.629464187215618, 62.494359522686544 ], [ -49.629448954657974, 62.49427252031245 ], [ -49.629637067342941, 62.49426547511716 ], [ -49.629621834271767, 62.494178472798041 ], [ -49.629809946243149, 62.494171427342991 ], [ -49.629794712658438, 62.494084425078839 ], [ -49.629779479173756, 62.493997422844018 ], [ -49.629967589818015, 62.493990377154852 ], [ -49.629952355819817, 62.493903374974998 ], [ -49.62993712192165, 62.493816372824483 ], [ -49.629921888123519, 62.493729370703285 ], [ -49.63010999682713, 62.493722324805653 ], [ -49.63009476251549, 62.493635322739436 ], [ -49.630282870505539, 62.493628276582029 ], [ -49.63047097839555, 62.493621230139183 ], [ -49.630455742956897, 62.493534228153599 ], [ -49.630643850133346, 62.493527181450993 ], [ -49.63083195720975, 62.493520134462941 ], [ -49.630816720644098, 62.493433132558017 ], [ -49.63100482700694, 62.493426085310205 ], [ -49.630989589927815, 62.493339083460263 ], [ -49.631177695577101, 62.493332035952697 ], [ -49.631162457984516, 62.493245034157745 ], [ -49.631147220491982, 62.493158032392103 ], [ -49.631335324814202, 62.493150984650434 ], [ -49.631320086808223, 62.493063982939795 ], [ -49.631508190416888, 62.493056934938352 ], [ -49.631884397334041, 62.493042838079226 ], [ -49.631869157587637, 62.492955836474898 ], [ -49.632057260282629, 62.49294878764286 ], [ -49.632042020022801, 62.492861786093535 ], [ -49.632026779863033, 62.492774784573527 ], [ -49.632214881230986, 62.4927677355074 ], [ -49.632199640557808, 62.492680734042395 ], [ -49.632011539803329, 62.492687783082836 ], [ -49.631981059984128, 62.492513780189419 ], [ -49.631950580565181, 62.492339777413306 ], [ -49.631762482164518, 62.492346826065663 ], [ -49.631747243218598, 62.492259824695914 ], [ -49.6319353410058, 62.492252776069229 ], [ -49.632123438692943, 62.492245727157119 ], [ -49.632138678865779, 62.492332728475532 ], [ -49.632326777066318, 62.492325679252353 ], [ -49.632342017952681, 62.492412680574404 ], [ -49.632906313794237, 62.492391531115352 ], [ -49.633094412207925, 62.49238448072483 ], [ -49.633109655648219, 62.492471481973524 ], [ -49.633673952129136, 62.492450329012449 ], [ -49.633689197509909, 62.492537330213445 ], [ -49.632748699807273, 62.492572583849856 ], [ -49.632763942220805, 62.492659585208536 ], [ -49.63277918473441, 62.492746586596532 ], [ -49.632967285702058, 62.49273953638874 ], [ -49.632982528929219, 62.492826537780381 ], [ -49.633170630410262, 62.492819487261492 ], [ -49.633358731791212, 62.492812436457193 ], [ -49.633373976345432, 62.492899437826807 ], [ -49.63356207823977, 62.492892386711397 ], [ -49.633577323507566, 62.49297938808467 ], [ -49.633953528222889, 62.492965284946237 ], [ -49.634329732537779, 62.492951180666125 ], [ -49.634314484816059, 62.492864179395582 ], [ -49.634502586209855, 62.492857126853067 ], [ -49.63487878869708, 62.49284302091182 ], [ -49.635066889790501, 62.492835967513052 ], [ -49.63508213996613, 62.492922968680858 ], [ -49.635270241572904, 62.492915914970986 ], [ -49.635458343079527, 62.492908860975696 ], [ -49.635473594582244, 62.492995862121447 ], [ -49.635661696602213, 62.492988807815067 ], [ -49.635615940554054, 62.492727804542831 ], [ -49.63580404063346, 62.492720750028084 ], [ -49.635992140612714, 62.492713695227927 ], [ -49.635976887570017, 62.4926266942472 ], [ -49.636164986835666, 62.492619639187303 ], [ -49.636541185066484, 62.492605528211307 ], [ -49.6371054816615, 62.492584359606674 ], [ -49.637293580326165, 62.492577302834306 ], [ -49.637339352637419, 62.49283830532486 ], [ -49.637151252132377, 62.492845362174322 ], [ -49.637166509156351, 62.492932363088848 ], [ -49.637181766280513, 62.493019364032683 ], [ -49.637369868012492, 62.493012307131821 ], [ -49.637385125850308, 62.493099308079287 ], [ -49.637573228095576, 62.493092250867313 ], [ -49.637588486647047, 62.493179251818376 ], [ -49.637964692063996, 62.493165136486766 ], [ -49.637934172607331, 62.492991134716746 ], [ -49.638122273938563, 62.492984076674226 ], [ -49.63810701374706, 62.492897075858885 ], [ -49.637730812211338, 62.492911191607128 ], [ -49.637700294582771, 62.492737189961595 ], [ -49.637512194891556, 62.492744247356192 ], [ -49.637496936841011, 62.492657246551694 ], [ -49.637466421040465, 62.49248324503067 ], [ -49.637278323089433, 62.492490302062762 ], [ -49.63726306595288, 62.492403301320529 ], [ -49.637074968515115, 62.492410358041496 ], [ -49.637059712092181, 62.49232335730288 ], [ -49.637435905640643, 62.492309243626927 ], [ -49.637451163290464, 62.492396244314129 ], [ -49.63763926052787, 62.49238918702234 ], [ -49.637654518891324, 62.49247618771318 ], [ -49.637842616641983, 62.49246913011028 ], [ -49.637857875719071, 62.492556130804722 ], [ -49.638045973982997, 62.492549072890711 ], [ -49.638234072146737, 62.492542014691281 ], [ -49.638249332550906, 62.492629015363654 ], [ -49.638437431227892, 62.4926219568531 ], [ -49.638625529804678, 62.492614898057141 ], [ -49.639001726657632, 62.492600779608999 ], [ -49.638986463799661, 62.492513779039434 ], [ -49.639174561462369, 62.492506719412951 ], [ -49.639362659024862, 62.492499659501057 ], [ -49.63937792310972, 62.492586660019178 ], [ -49.639754119160926, 62.492572539287735 ], [ -49.639738853849174, 62.492485538821022 ], [ -49.639926951110986, 62.492478478052895 ], [ -49.639911685286037, 62.49239147764122 ], [ -49.640099781834174, 62.492384416613397 ], [ -49.640084515496021, 62.492297416256726 ], [ -49.640272611330495, 62.492290354969214 ], [ -49.640257344479146, 62.492203354667588 ], [ -49.64100972436092, 62.492175106766304 ], [ -49.641040263071282, 62.492349107193149 ], [ -49.641228359017951, 62.492342044452876 ], [ -49.641416454864363, 62.492334981427192 ], [ -49.641431725596782, 62.49242198163315 ], [ -49.641619821956361, 62.492414918296348 ], [ -49.641604550610509, 62.492327918116111 ], [ -49.641792646256384, 62.492320854519619 ], [ -49.641823190275225, 62.492494854857959 ], [ -49.641635093402492, 62.492501918505894 ], [ -49.64165036494888, 62.492588918744744 ], [ -49.641462267362442, 62.492595982132997 ], [ -49.641274169675725, 62.492603045235825 ], [ -49.641304710615557, 62.492777045904369 ], [ -49.641492809529161, 62.49276998275009 ], [ -49.641680908342494, 62.492762919310401 ], [ -49.641696180189697, 62.492849919637209 ], [ -49.641884279516205, 62.492842855886373 ], [ -49.641869007055547, 62.492755855585301 ], [ -49.642057105668336, 62.49274879157479 ], [ -49.642245204180838, 62.492741727278855 ], [ -49.642433302593048, 62.492734662697529 ], [ -49.642448576894047, 62.492821662921422 ], [ -49.642824774644502, 62.492807532851074 ], [ -49.642809499116616, 62.492720532678625 ], [ -49.642997597227954, 62.49271346724106 ], [ -49.64301287336928, 62.492800467387788 ], [ -49.643389070517927, 62.492786335604961 ], [ -49.643404347986447, 62.49287333572952 ], [ -49.643409954813194, 62.492905264615345 ], [ -49.643481927420588, 62.492922792357767 ], [ -49.643557400974395, 62.492955160079568 ], [ -49.643607725206039, 62.492953269512419 ], [ -49.643795824756474, 62.492946202856011 ], [ -49.644360122805864, 62.492925001174335 ], [ -49.644375403542249, 62.493012001228863 ], [ -49.644563503304838, 62.493004933405068 ], [ -49.644751602967084, 62.492997865295877 ], [ -49.644766885030705, 62.493084865328235 ], [ -49.644782167194677, 62.493171865389883 ], [ -49.644970267983481, 62.493164796943802 ], [ -49.644985550861243, 62.493251797009023 ], [ -49.645173652163159, 62.493244728251796 ], [ -49.645361753364725, 62.493237659209136 ], [ -49.645377037569752, 62.493324659252188 ], [ -49.645565139284422, 62.493317589898375 ], [ -49.645580424203267, 62.493404589945001 ], [ -49.646144730585469, 62.493383380093839 ], [ -49.64633283251213, 62.493376309572618 ], [ -49.646348119985191, 62.493463309545561 ], [ -49.646912427003279, 62.493442096192176 ], [ -49.647100529141859, 62.493435024503555 ], [ -49.647115819169152, 62.493522024402807 ], [ -49.647680126822905, 62.493500807547179 ], [ -49.647664834955236, 62.493413807725183 ], [ -49.647852936692217, 62.493406734894904 ], [ -49.648229139864952, 62.493392588378093 ], [ -49.648213846257342, 62.493305588662693 ], [ -49.648401947079627, 62.493298515001918 ], [ -49.648417241300699, 62.493385514691575 ], [ -49.648605342636024, 62.493378440719646 ], [ -49.649169646039418, 62.493357217091351 ], [ -49.649357746973017, 62.493350141977771 ], [ -49.649342449684703, 62.493263142416936 ], [ -49.649327152496838, 62.493176142885396 ], [ -49.649515252103107, 62.493169067537927 ], [ -49.649703351608935, 62.493161991905062 ], [ -49.649688053294632, 62.493074992454353 ], [ -49.64987615208657, 62.493067916561834 ], [ -49.650064250778065, 62.493060840383912 ], [ -49.650252349369097, 62.493053763920592 ], [ -49.65023704931496, 62.492966764576494 ], [ -49.650425147192102, 62.492959687853528 ], [ -49.650440447859673, 62.493046687171841 ], [ -49.650628546249791, 62.4930396101377 ], [ -49.650816644539439, 62.493032532818148 ], [ -49.651004742728617, 62.493025455213179 ], [ -49.650989440220769, 62.492938455972187 ], [ -49.65117753769605, 62.492931378107592 ], [ -49.651365635070853, 62.492924299957593 ], [ -49.651553732345171, 62.492917221522198 ], [ -49.651538428097538, 62.492830222387816 ], [ -49.65152312395039, 62.492743223282751 ], [ -49.6517112198974, 62.492736144613509 ], [ -49.651899315743918, 62.492729065658843 ], [ -49.651884010470432, 62.492642066634623 ], [ -49.652072105603054, 62.492634987420352 ], [ -49.652260200635183, 62.492627907920678 ], [ -49.652784270225283, 62.492608181523046 ], [ -49.65282368085709, 62.492602096935691 ], [ -49.652809176888546, 62.492519668843237 ], [ -49.65299727090526, 62.492512588227754 ], [ -49.653185364821454, 62.492505507326854 ], [ -49.653170055455185, 62.492418508541725 ], [ -49.653358148657468, 62.492411427381221 ], [ -49.653734334760486, 62.49239726420403 ], [ -49.65371902365456, 62.492310265525546 ], [ -49.654095208128687, 62.49229610125834 ], [ -49.65411052046138, 62.492383099885245 ], [ -49.654298613161018, 62.492376017297751 ], [ -49.654313926207635, 62.492463015928166 ], [ -49.655630576583498, 62.492413429644138 ], [ -49.655615259243199, 62.492326431194307 ], [ -49.65580335113841, 62.492319346323669 ], [ -49.655788033285305, 62.492232347928919 ], [ -49.656352306527388, 62.492211091682044 ], [ -49.656367626220607, 62.492298089999373 ], [ -49.656555717713509, 62.492291003987177 ], [ -49.656571038120688, 62.492378002308008 ], [ -49.656759130126375, 62.492370915984594 ], [ -49.657135313835973, 62.492356742481597 ], [ -49.657119991588672, 62.492269744238179 ], [ -49.657496173669124, 62.492255569645224 ], [ -49.657511497143169, 62.492342567837028 ], [ -49.65752682071782, 62.492429566058142 ], [ -49.657338728501152, 62.492436653548921 ], [ -49.657354051563033, 62.492523651825145 ], [ -49.657165958632383, 62.492530739056342 ], [ -49.657181281181494, 62.492617737387668 ], [ -49.657369374725526, 62.492610650130665 ], [ -49.657384697988626, 62.492697648465466 ], [ -49.65776088600164, 62.492683473043648 ], [ -49.657745561511774, 62.492596474760447 ], [ -49.657933654753975, 62.492589386647246 ], [ -49.65791832975134, 62.492502388419162 ], [ -49.657730237122514, 62.492509476506555 ], [ -49.657714912833875, 62.492422478281959 ], [ -49.657903004849331, 62.492415390220387 ], [ -49.658091096764153, 62.492408301873418 ], [ -49.658106422279545, 62.492495300046393 ], [ -49.65829451470713, 62.492488211388221 ], [ -49.658279188578362, 62.49240121324106 ], [ -49.658655371904885, 62.49238703512016 ], [ -49.659219646139924, 62.492365765798375 ], [ -49.659407737350321, 62.492358675453666 ], [ -49.659595828460063, 62.492351584823567 ], [ -49.659783919469156, 62.492344493908085 ], [ -49.659768588534092, 62.492257495996753 ], [ -49.659956678829154, 62.492250404821682 ], [ -49.659941347381391, 62.492163406965481 ], [ -49.660129436962443, 62.492156315530849 ], [ -49.660317526442839, 62.492149223810841 ], [ -49.660505615822565, 62.492142131805444 ], [ -49.660693705101615, 62.49213503951465 ], [ -49.660881794279987, 62.492127946938488 ], [ -49.660866459866128, 62.492040949240696 ], [ -49.661242636694148, 62.492026763283839 ], [ -49.661430724957128, 62.49201966987733 ], [ -49.661618813119425, 62.492012576185452 ], [ -49.661806901181023, 62.492005482208178 ], [ -49.661994989141917, 62.491998387945529 ], [ -49.662010327235855, 62.492085385488338 ], [ -49.662574592354353, 62.492064100910554 ], [ -49.662762680525759, 62.492057005480525 ], [ -49.662747339978466, 62.491970008041065 ], [ -49.662935427435819, 62.491962912351489 ], [ -49.663311602048346, 62.491948720116191 ], [ -49.663499689203519, 62.491941623570462 ], [ -49.663687776257959, 62.491934526739364 ], [ -49.663875863211665, 62.491927429622883 ], [ -49.663891207438972, 62.492014426907311 ], [ -49.664643556699637, 62.491986035484175 ], [ -49.664831643762923, 62.49197893691494 ], [ -49.665019730725433, 62.491971838060323 ], [ -49.665035078733489, 62.492058835218963 ], [ -49.66559934085641, 62.492037536865269 ], [ -49.665583991008376, 62.491950539784177 ], [ -49.665772077567802, 62.491943439788045 ], [ -49.665787428029169, 62.492030436843272 ], [ -49.665975515101138, 62.492023336535908 ], [ -49.666163602072324, 62.492016235943154 ], [ -49.66614825038431, 62.491929238939626 ], [ -49.666336336641372, 62.49192213808734 ], [ -49.666712508853131, 62.491907935526655 ], [ -49.666727862381109, 62.491994932452592 ], [ -49.667104035416294, 62.491980728698664 ], [ -49.667088680661664, 62.491893731824433 ], [ -49.667464852066963, 62.491879526980703 ], [ -49.667652937618392, 62.49187242413079 ], [ -49.669157618399851, 62.491815591057787 ], [ -49.669533787586758, 62.491801379935779 ], [ -49.670098040610647, 62.491780061112472 ], [ -49.670082676143913, 62.491693064681421 ], [ -49.67027075967016, 62.49168595786211 ], [ -49.670286124750199, 62.491772954267283 ], [ -49.670301489931106, 62.49185995070173 ], [ -49.67048957458308, 62.491852843545288 ], [ -49.670504940478182, 62.491939839983146 ], [ -49.67052030647416, 62.492026836450286 ], [ -49.670332220595569, 62.492033943658491 ], [ -49.670144134616095, 62.492041050581314 ], [ -49.66976796235452, 62.492055263570826 ], [ -49.669579876072433, 62.492062369637516 ], [ -49.669595239102712, 62.492149366263334 ], [ -49.669783325998125, 62.492142260170759 ], [ -49.669798689742599, 62.492229256799995 ], [ -49.669986777150456, 62.492222150396181 ], [ -49.670002141609125, 62.492309147028827 ], [ -49.669625965465883, 62.492323359602828 ], [ -49.669437877242956, 62.49233046546177 ], [ -49.669453239962507, 62.492417462201331 ], [ -49.669265151025392, 62.492424567800761 ], [ -49.669249788919167, 62.492337571035321 ], [ -49.669061700494517, 62.492344676323505 ], [ -49.669077061987402, 62.492431673114808 ], [ -49.668888972848563, 62.492438778143466 ], [ -49.668904333828969, 62.492525774989936 ], [ -49.668716243975943, 62.492532879759104 ], [ -49.668731604443863, 62.492619876660719 ], [ -49.668919694910237, 62.492612771865687 ], [ -49.669107785275756, 62.492605666785288 ], [ -49.669123147071218, 62.49269266366445 ], [ -49.669138508967542, 62.492779660572928 ], [ -49.669326600458902, 62.492772555155391 ], [ -49.669702783139002, 62.492758343464153 ], [ -49.669890874327749, 62.492751237190447 ], [ -49.669906238778339, 62.492838234024696 ], [ -49.670658604977916, 62.492809805972534 ], [ -49.670846696275582, 62.492802698246031 ], [ -49.6708620638938, 62.492889694980171 ], [ -49.671050155703924, 62.492882586942386 ], [ -49.671034787472351, 62.492795590234131 ], [ -49.671019419341683, 62.492708593555164 ], [ -49.671207509824214, 62.492701485283781 ], [ -49.671192141181102, 62.492614488659974 ], [ -49.671380230949389, 62.492607380129094 ], [ -49.671568320616764, 62.49260027131281 ], [ -49.671583690486543, 62.492687267884833 ], [ -49.671771780666347, 62.492680158757288 ], [ -49.672524140376339, 62.49265171939328 ], [ -49.672508767439886, 62.492564722950696 ], [ -49.672696856501737, 62.492557612422132 ], [ -49.672681483052891, 62.492470616034716 ], [ -49.672869571400476, 62.492463505246668 ], [ -49.672884945462648, 62.492550501608179 ], [ -49.67307303432262, 62.492543390508857 ], [ -49.673637300296861, 62.492522055498597 ], [ -49.673621923781397, 62.492435059240648 ], [ -49.673810011624248, 62.492427947025703 ], [ -49.673825388753038, 62.492514943257738 ], [ -49.674013477108254, 62.492507830731512 ], [ -49.674201565362502, 62.492500717919896 ], [ -49.674216943818898, 62.492587714129414 ], [ -49.674405032585504, 62.492580601006537 ], [ -49.674389653515796, 62.492493604822918 ], [ -49.674765829519444, 62.492479377772796 ], [ -49.674781209815798, 62.492566373904609 ], [ -49.674796590213134, 62.492653370065717 ], [ -49.675360857141179, 62.49263202719478 ], [ -49.675548945915217, 62.492624912333717 ], [ -49.676113211631325, 62.49260356603822 ], [ -49.676301300001349, 62.492596450035641 ], [ -49.676489388270362, 62.492589333747681 ], [ -49.676504774288581, 62.492676329704878 ], [ -49.676520160407819, 62.492763325691357 ], [ -49.676708249802459, 62.492756209066194 ], [ -49.676692863069896, 62.492669213105621 ], [ -49.676880951750178, 62.49266209622099 ], [ -49.677069040329449, 62.492654979050982 ], [ -49.677257128807682, 62.492647861595586 ], [ -49.677445217184882, 62.492640743854821 ], [ -49.677429828100074, 62.492553748027184 ], [ -49.67761791576293, 62.492546630026965 ], [ -49.677602526165849, 62.492459634254544 ], [ -49.677790613114354, 62.492452515994863 ], [ -49.677978699961812, 62.492445397449799 ], [ -49.678166786708218, 62.492438278619368 ], [ -49.678354873353577, 62.49243115950356 ], [ -49.678339481404336, 62.492344163864097 ], [ -49.67852756733533, 62.492337044488849 ], [ -49.678542959897875, 62.492424040102378 ], [ -49.67873104634112, 62.492416920415813 ], [ -49.678919132683305, 62.492409800443887 ], [ -49.678903738894157, 62.4923228048822 ], [ -49.679091824521969, 62.492315684650833 ], [ -49.679279910048713, 62.492308564134063 ], [ -49.679264515134051, 62.49222156865352 ], [ -49.67945259994643, 62.49221444787733 ], [ -49.679828769267949, 62.492200205468819 ], [ -49.679813372614504, 62.492113210095347 ], [ -49.680189540305115, 62.492098966597226 ], [ -49.680174142526191, 62.49201197130489 ], [ -49.680362225606586, 62.492004849153716 ], [ -49.680550308585879, 62.491997726717166 ], [ -49.680565707591363, 62.492084721957646 ], [ -49.680753791082836, 62.4920775992098 ], [ -49.680941874473199, 62.492070476176579 ], [ -49.681129957762458, 62.492063352857997 ], [ -49.681114556917159, 62.491976357695343 ], [ -49.681302639492031, 62.491969234117313 ], [ -49.681287238134566, 62.491882239009875 ], [ -49.681475319995059, 62.491875115172427 ], [ -49.681663401754435, 62.491867991049624 ], [ -49.681647999271554, 62.491780996023337 ], [ -49.681836080316543, 62.491773871641115 ], [ -49.681820677321525, 62.491686876670045 ], [ -49.682008757652135, 62.491679752028389 ], [ -49.682572998037166, 62.491658376391278 ], [ -49.682557592690266, 62.491571381553264 ], [ -49.682745672003094, 62.491564255796121 ], [ -49.682761077963242, 62.491651250608186 ], [ -49.682860154665775, 62.491647496773425 ], [ -49.682886832503243, 62.491627850616823 ], [ -49.682944610139579, 62.491618445835059 ], [ -49.682933751214769, 62.491557129753609 ], [ -49.683121830325298, 62.491550003425743 ], [ -49.683136749775699, 62.491634244252275 ], [ -49.683143275911057, 62.491635019776567 ], [ -49.683153970311025, 62.491636364164989 ], [ -49.683325317134567, 62.491629871546735 ], [ -49.683332447011622, 62.491670127711643 ], [ -49.683448331218976, 62.491704403139387 ], [ -49.683463307182414, 62.491712221318245 ], [ -49.68352880517034, 62.491709739359749 ], [ -49.683535962924516, 62.491750151049928 ], [ -49.683568804957496, 62.491767296095858 ], [ -49.683599503002768, 62.491794638987656 ], [ -49.683732294432609, 62.491789606864778 ], [ -49.684108455422731, 62.491775351485082 ], [ -49.684123865979117, 62.491862346203312 ], [ -49.684311946935672, 62.491855218059477 ], [ -49.684500027791046, 62.491848089630281 ], [ -49.684515439675124, 62.491935084325888 ], [ -49.684703521042572, 62.491927955585368 ], [ -49.684714608161329, 62.49199053564935 ], [ -49.68483177753243, 62.492007220237056 ], [ -49.684848818314322, 62.492010027169101 ], [ -49.684907015520615, 62.492007821232455 ], [ -49.685283178976071, 62.491993562272668 ], [ -49.685298593515554, 62.492080556923 ], [ -49.685486675704752, 62.492073426989094 ], [ -49.685674757792739, 62.492066296769842 ], [ -49.68586283977951, 62.492059166265228 ], [ -49.685878256259997, 62.49214616086693 ], [ -49.686066338758813, 62.492139030050978 ], [ -49.686081755953772, 62.492226024655992 ], [ -49.68608846365214, 62.492263874016018 ], [ -49.686154907324941, 62.492280953173804 ], [ -49.686261210268178, 62.492306799875458 ], [ -49.686285256874079, 62.492305888137047 ], [ -49.686473340396994, 62.492298756698446 ], [ -49.686483343045147, 62.492355193475561 ], [ -49.686577023278375, 62.492382404551577 ], [ -49.686676843055885, 62.492378619560128 ], [ -49.687053010822083, 62.492364355204131 ], [ -49.687068431387068, 62.49245134976713 ], [ -49.687256515731583, 62.492444217135123 ], [ -49.687271580350732, 62.492529199714156 ], [ -49.687277440445882, 62.492531002992877 ], [ -49.687460021867622, 62.492524078758066 ], [ -49.687444599974846, 62.492437084217741 ], [ -49.687632684116856, 62.492429951014991 ], [ -49.687648106622909, 62.492516945529346 ], [ -49.687836191276936, 62.492509812015257 ], [ -49.687851614497511, 62.492596806532895 ], [ -49.688039699663562, 62.492589672707467 ], [ -49.688054449989217, 62.492672867928363 ], [ -49.68808904653789, 62.492674426339789 ], [ -49.688096288005099, 62.492675105876913 ], [ -49.688431294853523, 62.492662398669502 ], [ -49.688415869691859, 62.492575404200508 ], [ -49.688603954554097, 62.492568269518976 ], [ -49.689168208533147, 62.492546863762186 ], [ -49.689183636147916, 62.492633858127249 ], [ -49.689371721218301, 62.492626722278267 ], [ -49.68955980618739, 62.492619586143917 ], [ -49.68957523513, 62.492706580486285 ], [ -49.689763320611064, 62.492699444040589 ], [ -49.690139491269292, 62.492685170293079 ], [ -49.69015492215302, 62.492772164586761 ], [ -49.690343007943447, 62.492765027258969 ], [ -49.690531093632551, 62.492757889645816 ], [ -49.690719179220352, 62.492750751747295 ], [ -49.691095350091963, 62.492736475094148 ], [ -49.691283435375773, 62.492729336339515 ], [ -49.691471520558245, 62.492722197299535 ], [ -49.691486955836218, 62.492809191440529 ], [ -49.691682398744589, 62.492801772818389 ], [ -49.691751078232819, 62.492780040027618 ], [ -49.691884335505208, 62.492786038978174 ], [ -49.691949032658925, 62.492791651424326 ], [ -49.692051212615411, 62.492787772530377 ], [ -49.692239298005781, 62.492780632322926 ], [ -49.692245987722103, 62.492818329755906 ], [ -49.692354311388648, 62.492842696527795 ], [ -49.69240722388659, 62.492861837334345 ], [ -49.692442821740464, 62.492860485870381 ], [ -49.692445520092164, 62.492875690746708 ], [ -49.692475640837536, 62.492886586719649 ], [ -49.692545519431505, 62.492944167122417 ], [ -49.6926463467017, 62.492940339109737 ], [ -49.692834433014532, 62.492933197994184 ], [ -49.692849872889482, 62.493020192040987 ], [ -49.693037959714218, 62.49301305061406 ], [ -49.693047628604475, 62.493067526312458 ], [ -49.693104276019184, 62.493072989724524 ], [ -49.693166083883042, 62.49306881839513 ], [ -49.693231338421434, 62.493093288302418 ], [ -49.693241487640456, 62.493092902925831 ], [ -49.693242284624283, 62.493097393029579 ], [ -49.693257029478055, 62.493102922213069 ], [ -49.693337709250095, 62.493136930812319 ], [ -49.69342155500231, 62.493173645833643 ], [ -49.69344501679327, 62.493172754929489 ], [ -49.693447165581276, 62.493184860359989 ], [ -49.693448565744184, 62.493185473471982 ], [ -49.693549365410547, 62.493229170606 ], [ -49.69360171923374, 62.493254384869736 ], [ -49.693648547172643, 62.493252606625035 ], [ -49.693653270074144, 62.49327921235912 ], [ -49.69377027669632, 62.493335564480979 ], [ -49.69385207877859, 62.493332458012446 ], [ -49.693865559156109, 62.493408393985774 ], [ -49.693889787439517, 62.493418606534931 ], [ -49.694055611611113, 62.493412309091738 ], [ -49.694071055774089, 62.493499303158103 ], [ -49.694086500038459, 62.493586297253721 ], [ -49.694090836060901, 62.493610721003328 ], [ -49.694129894604018, 62.493672229900874 ], [ -49.694290035526976, 62.493666148031394 ], [ -49.694305480607461, 62.493753142159534 ], [ -49.694317920052121, 62.493823206705912 ], [ -49.694433840789401, 62.493907260507555 ], [ -49.694452922471761, 62.493940692820509 ], [ -49.694521055825362, 62.494026837901465 ], [ -49.694488802143454, 62.49405978974707 ], [ -49.694436222495504, 62.494087801311323 ], [ -49.694341951690696, 62.494129674324128 ], [ -49.694278480732969, 62.494171835162753 ], [ -49.694213557485085, 62.494247235511672 ], [ -49.694243528056063, 62.494266517800106 ], [ -49.694209612634587, 62.494337458538347 ], [ -49.694157031926053, 62.494365469130891 ], [ -49.694073026650585, 62.494407437955232 ], [ -49.693979376915038, 62.494435065614688 ], [ -49.693949855545526, 62.494467294441222 ], [ -49.694052851515387, 62.494463383115452 ], [ -49.694066102916821, 62.49453802320815 ], [ -49.694108073942026, 62.49454552955298 ], [ -49.694126533236194, 62.494593207050471 ], [ -49.694072290671038, 62.494659206571399 ], [ -49.694009650240893, 62.494682373653063 ], [ -49.693905939922288, 62.494705156043636 ], [ -49.693812911438933, 62.494718537591062 ], [ -49.693749438525224, 62.494760698230905 ], [ -49.693717805624779, 62.494779403910265 ], [ -49.693633591007014, 62.49482612088719 ], [ -49.693579554536299, 62.494887371867215 ], [ -49.693515665749224, 62.494939029176543 ], [ -49.693401479541052, 62.49496646358574 ], [ -49.693385393638266, 62.494970402053077 ], [ -49.693408561846276, 62.495100915892976 ], [ -49.693220460301717, 62.495108057944044 ], [ -49.693266787834425, 62.495369042367138 ], [ -49.693282230548128, 62.495456037233382 ], [ -49.693470334546213, 62.495448895078283 ], [ -49.693485777974701, 62.49553588994776 ], [ -49.693496649082022, 62.495597128004057 ], [ -49.693639148503365, 62.495638505491328 ], [ -49.693668290260256, 62.495676782291568 ], [ -49.693686540260046, 62.495729208381952 ], [ -49.693684048241231, 62.495786190865353 ], [ -49.693687684895686, 62.495790967409633 ], [ -49.69372021521886, 62.495789732187269 ], [ -49.693908321467717, 62.495782589357326 ], [ -49.693923294349219, 62.495866924730102 ], [ -49.69393347968262, 62.495869215452892 ], [ -49.694676192963492, 62.49584101001404 ], [ -49.694660745448964, 62.495754015183586 ], [ -49.694848851190713, 62.495746870926652 ], [ -49.6952250623699, 62.495732581556588 ], [ -49.695413167807338, 62.495725436443443 ], [ -49.695428617775462, 62.495812431169846 ], [ -49.695616723724839, 62.495805285745291 ], [ -49.695601273143325, 62.495718291044923 ], [ -49.69578937837786, 62.495711145361 ], [ -49.695977483510944, 62.495703999391665 ], [ -49.695962031804093, 62.495617004772605 ], [ -49.696150136222329, 62.495609858543915 ], [ -49.696165588542577, 62.495696853136948 ], [ -49.696193842017365, 62.495855915196785 ], [ -49.696218883497544, 62.495869991777205 ], [ -49.696760811653888, 62.495849401778102 ], [ -49.696948917506433, 62.495842254329737 ], [ -49.69713702325749, 62.495835106595969 ], [ -49.697152478949114, 62.495922101146661 ], [ -49.697528691373563, 62.495907804770873 ], [ -49.697904903392036, 62.495893507253498 ], [ -49.697920361638737, 62.495980501729321 ], [ -49.698108468109126, 62.495973352516494 ], [ -49.698484680745374, 62.495959053234671 ], [ -49.698672786911231, 62.495951903165654 ], [ -49.698688247713029, 62.496038897566578 ], [ -49.698876354390762, 62.496031747186123 ], [ -49.698860892975574, 62.495944752811234 ], [ -49.699048998938395, 62.495937602171409 ], [ -49.69906446096698, 62.496024596520265 ], [ -49.699252567441661, 62.496017445569024 ], [ -49.699268030185159, 62.496104439921098 ], [ -49.699644244056735, 62.496090137110315 ], [ -49.699628780086435, 62.496003142810331 ], [ -49.699816886256521, 62.495995991002886 ], [ -49.700193098292054, 62.495981686531806 ], [ -49.700177632583127, 62.495894692339206 ], [ -49.700162166975751, 62.495807698175867 ], [ -49.700350271614425, 62.495800545564322 ], [ -49.700538376151549, 62.495793392667387 ], [ -49.700726480587115, 62.495786239485049 ], [ -49.700741948034633, 62.495873233570251 ], [ -49.700553842985684, 62.49588038677863 ], [ -49.700569309921391, 62.495967380919133 ], [ -49.700757415583723, 62.495960227684698 ], [ -49.700772883234364, 62.49604722182842 ], [ -49.700788350986578, 62.49613421600138 ], [ -49.700976457774132, 62.496127062429451 ], [ -49.701352671044525, 62.496112754429404 ], [ -49.701728883908608, 62.496098445287764 ], [ -49.70191699018828, 62.496091290288852 ], [ -49.701901518755733, 62.496004296272211 ], [ -49.702089624320422, 62.495997141013952 ], [ -49.702277729783525, 62.495989985470302 ], [ -49.702465835145034, 62.495982829641257 ], [ -49.702450361973938, 62.495895835732036 ], [ -49.702638466620463, 62.495888679643649 ], [ -49.702622992937584, 62.495801685789758 ], [ -49.702811096869134, 62.49579452944203 ], [ -49.702826571165396, 62.495881523269873 ], [ -49.702842045563258, 62.49596851712699 ], [ -49.703030150619952, 62.495961360441754 ], [ -49.703218255575045, 62.495954203471136 ], [ -49.703202779950431, 62.495867209666159 ], [ -49.703390884190526, 62.4958600524362 ], [ -49.703578988329006, 62.495852894920851 ], [ -49.703767092365865, 62.495845737120113 ], [ -49.703751615002759, 62.495758743422584 ], [ -49.703939718324619, 62.495751585362513 ], [ -49.70469213059576, 62.495722950268352 ], [ -49.704707611025704, 62.495809943835539 ], [ -49.704895714452746, 62.49580278432245 ], [ -49.70491119559771, 62.49588977789282 ], [ -49.705099299536471, 62.495882618068265 ], [ -49.705083817778146, 62.495795624523964 ], [ -49.705271921001888, 62.495788464440096 ], [ -49.705256438731858, 62.495701470951133 ], [ -49.705444541240581, 62.495694310607945 ], [ -49.705632643647647, 62.495687149979375 ], [ -49.70566361074281, 62.495861136882269 ], [ -49.706227921034163, 62.49583965312776 ], [ -49.706416024261259, 62.495832491305457 ], [ -49.706400538209401, 62.495745497943695 ], [ -49.706385052259215, 62.495658504611193 ], [ -49.706196950258835, 62.495665666381321 ], [ -49.70618146502369, 62.495578673051988 ], [ -49.706369566410721, 62.495571511307929 ], [ -49.706557667696067, 62.495564349278503 ], [ -49.706542181335905, 62.495477356030577 ], [ -49.706730281906225, 62.495470193741838 ], [ -49.706745768879742, 62.495557186963687 ], [ -49.706933869961716, 62.495550024363475 ], [ -49.706918382374866, 62.495463031167709 ], [ -49.707106482741807, 62.495455868308206 ], [ -49.707294583007062, 62.495448705163305 ], [ -49.707279094295217, 62.495361712048975 ], [ -49.707467193845439, 62.495354548644784 ], [ -49.707482683170618, 62.495441541733037 ], [ -49.707670783232473, 62.495434378017379 ], [ -49.707858883192614, 62.495427214016331 ], [ -49.707843392640761, 62.49534022098026 ], [ -49.708031491885869, 62.495333056719915 ], [ -49.70801600082239, 62.495246063739167 ], [ -49.70820409935245, 62.49523889921953 ], [ -49.708188607777366, 62.495151906294126 ], [ -49.708376705592379, 62.495144741515197 ], [ -49.70836121350569, 62.495057748645145 ], [ -49.708549310605669, 62.495050583606925 ], [ -49.708564803305677, 62.495137576450894 ], [ -49.708752900917254, 62.495130411101222 ], [ -49.708768394332317, 62.495217403948359 ], [ -49.708956492455485, 62.495210238287207 ], [ -49.708940998427096, 62.495123245466161 ], [ -49.709317193141601, 62.495108913339898 ], [ -49.70950529034625, 62.495101746848711 ], [ -49.70969338744915, 62.495094580072127 ], [ -49.709677891069241, 62.495007587384734 ], [ -49.709865987457079, 62.495000420348866 ], [ -49.709850490565607, 62.49491342771681 ], [ -49.71003858623839, 62.494906260421686 ], [ -49.710226681809431, 62.494899092841166 ], [ -49.710211183793099, 62.494812100290559 ], [ -49.710023088835371, 62.494819267844967 ], [ -49.710007591534087, 62.494732275297508 ], [ -49.710195685878524, 62.494725107769199 ], [ -49.710180188065706, 62.494638115277091 ], [ -49.710368281695089, 62.494630947489512 ], [ -49.710383780121198, 62.494717939955514 ], [ -49.710759968301268, 62.494703603472047 ], [ -49.710775468055736, 62.494790595915099 ], [ -49.710963562606416, 62.49478342721919 ], [ -49.710948062238657, 62.494696434802258 ], [ -49.711136156074275, 62.494689265847079 ], [ -49.711120655194996, 62.494602273485476 ], [ -49.711308748315552, 62.494595104271042 ], [ -49.711496841334331, 62.494587934771232 ], [ -49.711873027066531, 62.494573594915522 ], [ -49.712061119779953, 62.494566424559608 ], [ -49.712045615936034, 62.494479432357792 ], [ -49.712233707934381, 62.494472261742608 ], [ -49.712421799830928, 62.494465090842063 ], [ -49.712609891625682, 62.494457919656163 ], [ -49.712797983318623, 62.494450748184889 ], [ -49.712813489615655, 62.494537740282254 ], [ -49.712828996014487, 62.494624732408866 ], [ -49.713205181548062, 62.494610388505748 ], [ -49.713393274162122, 62.494603216126137 ], [ -49.713408782502611, 62.494690208203643 ], [ -49.713596875628134, 62.494683035512544 ], [ -49.713581366674354, 62.494596043461158 ], [ -49.713957551393349, 62.494581697275095 ], [ -49.714145643600091, 62.494574523754011 ], [ -49.714333735705004, 62.494567349947552 ], [ -49.714521827708069, 62.494560175855739 ], [ -49.714709919609284, 62.494553001478543 ], [ -49.71489801140865, 62.494545826816001 ], [ -49.715086103106167, 62.494538651868076 ], [ -49.715070589348038, 62.494451660054914 ], [ -49.716011043241345, 62.494415781165486 ], [ -49.716026560065799, 62.494502772847987 ], [ -49.71640274213653, 62.494488419242401 ], [ -49.716590833019069, 62.49448124201156 ], [ -49.716621870653221, 62.494655225307532 ], [ -49.71643377854415, 62.494662402590635 ], [ -49.716418260289394, 62.494575410901909 ], [ -49.716230168691709, 62.494582587873516 ], [ -49.716261204076552, 62.494756571332495 ], [ -49.716073111150436, 62.494763748071016 ], [ -49.715696924992557, 62.494778100691924 ], [ -49.715712440997976, 62.494865092543677 ], [ -49.715524347152943, 62.49487226845222 ], [ -49.715539862646942, 62.494959260359352 ], [ -49.715351768086755, 62.494966436008639 ], [ -49.714787483795, 62.494987961244298 ], [ -49.714802996937706, 62.495074953285183 ], [ -49.714614901356789, 62.495082127819124 ], [ -49.714599388827374, 62.494995135752113 ], [ -49.714411293757884, 62.495002309974545 ], [ -49.714395781943622, 62.494915317910653 ], [ -49.714207687385581, 62.494922491821605 ], [ -49.714223198586559, 62.495009483911616 ], [ -49.713847007938369, 62.495023830929625 ], [ -49.713658912461526, 62.495031004010578 ], [ -49.713094625420005, 62.495052521541169 ], [ -49.712906529535857, 62.49505969348062 ], [ -49.712922036545571, 62.495146685782714 ], [ -49.712733939946304, 62.495153857462896 ], [ -49.712545843245223, 62.495161028857716 ], [ -49.712530337462113, 62.495074036503397 ], [ -49.71234224127253, 62.495081207586722 ], [ -49.712357746442329, 62.495168199967154 ], [ -49.712169649537636, 62.495175370791216 ], [ -49.711981552531142, 62.49518254132991 ], [ -49.711417260900895, 62.495204051233706 ], [ -49.711432763105933, 62.495291043773932 ], [ -49.711244665078958, 62.495298213197223 ], [ -49.710868468719667, 62.495312551187652 ], [ -49.710883969186526, 62.49539954383544 ], [ -49.710695870240897, 62.495406712428696 ], [ -49.710507771193498, 62.495413880736564 ], [ -49.710319672044328, 62.495421048759063 ], [ -49.710131572793401, 62.49542821649618 ], [ -49.710147070908711, 62.495515209277627 ], [ -49.709958970942694, 62.495522376755453 ], [ -49.709770870874912, 62.495529543947903 ], [ -49.709582770705389, 62.495536710854964 ], [ -49.709598267082455, 62.495623703743959 ], [ -49.709410166197834, 62.495630870391729 ], [ -49.709222065211478, 62.495638036754116 ], [ -49.709033964123378, 62.495645202831135 ], [ -49.709049458762166, 62.495732195827664 ], [ -49.709237560463613, 62.495725029724568 ], [ -49.709253055817484, 62.495812022724259 ], [ -49.709268551273098, 62.495899015753196 ], [ -49.709456654099505, 62.495891849312514 ], [ -49.709487646542676, 62.496065835405936 ], [ -49.709480241903194, 62.496066117517472 ], [ -49.709478191668182, 62.49611355477721 ], [ -49.709415354027271, 62.496141477141684 ], [ -49.709372452517336, 62.49615780764465 ], [ -49.709503142916894, 62.496152828496527 ], [ -49.709518639392854, 62.496239821616349 ], [ -49.709706744570958, 62.496232654785899 ], [ -49.709722241762037, 62.496319647908877 ], [ -49.709737739054887, 62.496406641061121 ], [ -49.709751222855772, 62.496482331152421 ], [ -49.709790351065266, 62.49649647655815 ], [ -49.709819309324892, 62.496539497878061 ], [ -49.709817873265749, 62.496572738260923 ], [ -49.70980596474633, 62.496610632205126 ], [ -49.709814795858364, 62.496643966498304 ], [ -49.709894831791949, 62.49666340666716 ], [ -49.709972339687191, 62.496660453446943 ], [ -49.709975591243143, 62.49667870472944 ], [ -49.710028578205531, 62.496688695941486 ], [ -49.710078277010339, 62.496727158393035 ], [ -49.710116067772468, 62.496803514789427 ], [ -49.710114915809008, 62.49683018845419 ], [ -49.710191445683733, 62.496827272378482 ], [ -49.710206944813933, 62.496914265653992 ], [ -49.710395054593796, 62.496907097758552 ], [ -49.710959383322717, 62.496885592359789 ], [ -49.71114749269546, 62.496878423322748 ], [ -49.71116299499441, 62.496965416496984 ], [ -49.711171398943385, 62.497012576127162 ], [ -49.711222159394161, 62.49705074565523 ], [ -49.711366607892899, 62.497045240325818 ], [ -49.711397614226577, 62.497219226768294 ], [ -49.711413117546122, 62.497306220033408 ], [ -49.711396974964153, 62.49730683528076 ], [ -49.711407840490601, 62.497337991190058 ], [ -49.711394910568551, 62.497399627874408 ], [ -49.711373143275445, 62.49742792981759 ], [ -49.711269642863172, 62.497445976775801 ], [ -49.711144988692368, 62.497478079636558 ], [ -49.711111688865984, 62.497492876455645 ], [ -49.711256010925823, 62.497487376156563 ], [ -49.711271513937348, 62.497574369535528 ], [ -49.711459628115556, 62.497567200004212 ], [ -49.711475131842306, 62.497654193386303 ], [ -49.711663246532133, 62.497647023543472 ], [ -49.711664369294184, 62.497646980749415 ], [ -49.711692510384502, 62.497644646693431 ], [ -49.711705269941604, 62.497645421814887 ], [ -49.711851361120146, 62.497639853415244 ], [ -49.711870783349248, 62.497748824558897 ], [ -49.711892551676513, 62.497770004335123 ], [ -49.711941845862427, 62.497817963618871 ], [ -49.712001203521055, 62.497870765853158 ], [ -49.712089815453318, 62.497893517380518 ], [ -49.71227410914301, 62.497886492310954 ], [ -49.712258602657094, 62.497799498945575 ], [ -49.712446718166518, 62.49779232790889 ], [ -49.712634833574114, 62.497785156586808 ], [ -49.712646992003194, 62.497853361534531 ], [ -49.712752638541623, 62.497834939506305 ], [ -49.712865387368808, 62.497840729346237 ], [ -49.712926179500272, 62.497860291682734 ], [ -49.712935014926984, 62.497893626584549 ], [ -49.712830079150855, 62.497944914340863 ], [ -49.712776076068266, 62.498006172277961 ], [ -49.712712828845596, 62.498043592858664 ], [ -49.712712476095064, 62.498044950265502 ], [ -49.712869474164002, 62.498038964928128 ], [ -49.712884982795714, 62.498125958302879 ], [ -49.713060294073088, 62.498119274558732 ], [ -49.713069155455145, 62.498118133618135 ], [ -49.713193401490003, 62.498095526590816 ], [ -49.71326507525616, 62.49810093736918 ], [ -49.713305332184134, 62.498120310471705 ], [ -49.713313348646132, 62.498172638879296 ], [ -49.713312600076868, 62.498173612819535 ], [ -49.713167777076777, 62.498205131777091 ], [ -49.713074747687521, 62.498218526300157 ], [ -49.712912022386341, 62.498277631589154 ], [ -49.71291600036465, 62.498299945140126 ], [ -49.712931509301882, 62.498386938602614 ], [ -49.713119628799909, 62.498379766526881 ], [ -49.713135138452436, 62.498466759992496 ], [ -49.713323258462069, 62.498459587605232 ], [ -49.7133387688299, 62.49854658107396 ], [ -49.713354279299594, 62.498633574571933 ], [ -49.71336978987113, 62.498720568099159 ], [ -49.713557911619304, 62.498713395348119 ], [ -49.713573422906173, 62.49880038887845 ], [ -49.713761545165958, 62.498793215815851 ], [ -49.713777057168151, 62.498880209349316 ], [ -49.714341425176734, 62.498858688370674 ], [ -49.714356939121224, 62.498945681855005 ], [ -49.714545062200486, 62.498938507598488 ], [ -49.714733185177863, 62.498931333056547 ], [ -49.714921308053356, 62.498924158229201 ], [ -49.715109430826956, 62.49891698311643 ], [ -49.715093914428579, 62.498829989736628 ], [ -49.715078398132086, 62.498742996386056 ], [ -49.715266519576858, 62.498735821040128 ], [ -49.715235486062632, 62.498561834478991 ], [ -49.715423606178589, 62.498554658899913 ], [ -49.715611726192655, 62.498547483035416 ], [ -49.715799846104822, 62.498540306885509 ], [ -49.716176085623438, 62.498525953729462 ], [ -49.71636420522988, 62.498518776723309 ], [ -49.716348684944897, 62.498431783643404 ], [ -49.71672492262514, 62.49841742882716 ], [ -49.717101159897688, 62.498403072869259 ], [ -49.717477396762504, 62.498388715769728 ], [ -49.717665515042015, 62.498381536791833 ], [ -49.717649990564858, 62.498294543924167 ], [ -49.717838108128987, 62.498287364687016 ], [ -49.71802622559116, 62.498280185164461 ], [ -49.718214342951399, 62.498273005356481 ], [ -49.718229869268853, 62.49835999814573 ], [ -49.718417987140562, 62.498352818026213 ], [ -49.718433514173412, 62.498439810818539 ], [ -49.718997869017073, 62.49841826866907 ], [ -49.718982340143924, 62.498331275955202 ], [ -49.719170457607774, 62.498324094694041 ], [ -49.719358574969647, 62.498316913147477 ], [ -49.719922926443395, 62.49829536679534 ], [ -49.720111043397331, 62.498288184107153 ], [ -49.72012657595107, 62.498375176664105 ], [ -49.720314693416441, 62.498367993664353 ], [ -49.720502810779813, 62.498360810379182 ], [ -49.720518344662409, 62.498447802913063 ], [ -49.720894580309995, 62.498433435434187 ], [ -49.72087904520054, 62.498346442952652 ], [ -49.721255279213224, 62.498332074384457 ], [ -49.721270815549531, 62.498419066813682 ], [ -49.721647050380987, 62.498404697051562 ], [ -49.721835167643675, 62.498397511742382 ], [ -49.721850705922286, 62.498484504122338 ], [ -49.722038823696366, 62.4984773185016 ], [ -49.722415058938417, 62.498462946403869 ], [ -49.722791293772282, 62.498448573164538 ], [ -49.723167528197941, 62.498434198783571 ], [ -49.723151985625364, 62.498347206586807 ], [ -49.723340102071681, 62.498340018994391 ], [ -49.723324558987755, 62.498253026853035 ], [ -49.723512674718592, 62.498245839001392 ], [ -49.723481587630104, 62.498071854858736 ], [ -49.723466044238961, 62.497984862831252 ], [ -49.723654158027522, 62.497977674772734 ], [ -49.723842271714012, 62.497970486428827 ], [ -49.723826727198137, 62.497883494482927 ], [ -49.723811182784331, 62.497796502566281 ], [ -49.723999295141958, 62.497789313989308 ], [ -49.723968205393788, 62.497615330296064 ], [ -49.723780094262928, 62.49762251882067 ], [ -49.723686831148328, 62.497100568285433 ], [ -49.723874938598968, 62.497093379917906 ], [ -49.723859394490404, 62.497006388290522 ], [ -49.724047501225627, 62.496999199663769 ], [ -49.724031956605771, 62.496912208091821 ], [ -49.724220062625577, 62.496905019205848 ], [ -49.724204517494442, 62.496818027689308 ], [ -49.724768833101379, 62.49679645939765 ], [ -49.7247532862323, 62.496709467988872 ], [ -49.724722192800392, 62.496535485259031 ], [ -49.724534089540157, 62.496542674896425 ], [ -49.724518543590648, 62.496455683549158 ], [ -49.724142337990621, 62.496470061915446 ], [ -49.724126793369834, 62.496383070545065 ], [ -49.72393869103005, 62.496390259273952 ], [ -49.723923147124651, 62.496303267906626 ], [ -49.724111248851116, 62.496296079203915 ], [ -49.724299350475519, 62.49628889021583 ], [ -49.724283805445545, 62.496201898930089 ], [ -49.724471906354566, 62.496194709682811 ], [ -49.724660007161511, 62.496187520150144 ], [ -49.724644461006982, 62.496100528946002 ], [ -49.724832561098545, 62.496093339154136 ], [ -49.724817014432787, 62.496006348005416 ], [ -49.725005113808969, 62.495999157954358 ], [ -49.725020661088024, 62.496086149076895 ], [ -49.725208760975427, 62.496078958714286 ], [ -49.725773060025091, 62.496057385914192 ], [ -49.725961159504124, 62.496050194410081 ], [ -49.725945609158551, 62.495963203418462 ], [ -49.726133707922173, 62.49595601165516 ], [ -49.726321806583698, 62.49594881960649 ], [ -49.726306255113634, 62.495861828696498 ], [ -49.726494353059756, 62.495854636388636 ], [ -49.726682450903766, 62.495847443795412 ], [ -49.72666689830924, 62.495760452967026 ], [ -49.72685499543784, 62.495753260114611 ], [ -49.727043092464328, 62.495746066976835 ], [ -49.727419286210925, 62.495731679845171 ], [ -49.727607382931033, 62.495724485851284 ], [ -49.727795479548995, 62.495717291572035 ], [ -49.7277799233769, 62.495630300930038 ], [ -49.727968019279452, 62.495623106391619 ], [ -49.728156115079862, 62.495615911567832 ], [ -49.728140557783362, 62.495528921007477 ], [ -49.728328652868356, 62.495521725924512 ], [ -49.728704842731887, 62.495507334902499 ], [ -49.728689283697733, 62.495420344449975 ], [ -49.728877377863007, 62.495413148537118 ], [ -49.728861818317746, 62.495326158140024 ], [ -49.729049911767589, 62.495318961968017 ], [ -49.729065471926113, 62.495405952338899 ], [ -49.729253565887056, 62.495398755855327 ], [ -49.729238005115278, 62.49531176551065 ], [ -49.729426098360804, 62.495304568767892 ], [ -49.729614191504155, 62.495297371739802 ], [ -49.729802284545329, 62.49529017442633 ], [ -49.729786722035968, 62.495203184189506 ], [ -49.729974814361711, 62.495195986616892 ], [ -49.729990377484327, 62.495282976827511 ], [ -49.730178470321142, 62.495275778943324 ], [ -49.730162906585271, 62.495188788758924 ], [ -49.730350998706655, 62.49518159061558 ], [ -49.730539090725841, 62.495174392186875 ], [ -49.730523525865678, 62.495087402084124 ], [ -49.730711617169426, 62.495080203396284 ], [ -49.730696051798219, 62.494993213348963 ], [ -49.730884142386536, 62.494986014401988 ], [ -49.730868576504292, 62.49489902441011 ], [ -49.731056666377178, 62.494891825203979 ], [ -49.731041099983898, 62.494804835267544 ], [ -49.731417278196609, 62.494790436051645 ], [ -49.731605367149655, 62.494783236015671 ], [ -49.731589799018906, 62.494696246187118 ], [ -49.73177788725652, 62.494689045892002 ], [ -49.73176231861477, 62.4946020561189 ], [ -49.731950406136946, 62.494594855564657 ], [ -49.732890842214466, 62.494558848513137 ], [ -49.732875269995681, 62.494471858926588 ], [ -49.733063356291282, 62.494464656686453 ], [ -49.733047783561531, 62.494377667155376 ], [ -49.73323586914168, 62.494370464656122 ], [ -49.733251442484637, 62.49445745416098 ], [ -49.733439528575744, 62.494450251350159 ], [ -49.733627614564597, 62.49444304825397 ], [ -49.733612039995251, 62.494356058801564 ], [ -49.733988210439804, 62.494341651805634 ], [ -49.734176295508696, 62.494334447879645 ], [ -49.734160719202031, 62.494247458535156 ], [ -49.734348803555463, 62.494240254350039 ], [ -49.734333226737867, 62.494153265061016 ], [ -49.734709393911565, 62.494138855887243 ], [ -49.734693815969877, 62.494051866679897 ], [ -49.734881898790135, 62.494044661691241 ], [ -49.735069981508111, 62.494037456417217 ], [ -49.735258064123798, 62.494030250857882 ], [ -49.735273643905025, 62.494117239986501 ], [ -49.735461727031606, 62.494110034115572 ], [ -49.735649810055897, 62.494102827959303 ], [ -49.736590223642857, 62.494066792897804 ], [ -49.736605807818606, 62.494153781871965 ], [ -49.736793890842243, 62.494146573977403 ], [ -49.73680947573348, 62.49423356295457 ], [ -49.736997559267976, 62.494226354748406 ], [ -49.737013144874716, 62.494313343728535 ], [ -49.73738931286308, 62.494298926407694 ], [ -49.73757739670377, 62.49429171731925 ], [ -49.737515047532689, 62.493943761889078 ], [ -49.738267372061323, 62.49391492310194 ], [ -49.73828296165324, 62.494001911810649 ], [ -49.738659124529789, 62.49398749065255 ], [ -49.73884720581453, 62.493980279645491 ], [ -49.738862797348283, 62.494067268304654 ], [ -49.739050879143825, 62.494060056986001 ], [ -49.739066471393116, 62.494147045648141 ], [ -49.739254553699453, 62.494139834017886 ], [ -49.739238960837, 62.494052845382015 ], [ -49.739427042427799, 62.494045633492696 ], [ -49.739442635903409, 62.494132622102306 ], [ -49.740194963695465, 62.494103771586559 ], [ -49.740383045387503, 62.494096558244287 ], [ -49.740571126977152, 62.494089344616668 ], [ -49.740947289849245, 62.494074916505411 ], [ -49.740962888332533, 62.494161904934124 ], [ -49.741339052021303, 62.494147475628992 ], [ -49.741527133712061, 62.494140260548406 ], [ -49.74149593316897, 62.493966283877825 ], [ -49.741684013531007, 62.49395906856445 ], [ -49.741668412799939, 62.493872080299262 ], [ -49.741480333051051, 62.493879295586353 ], [ -49.741464733035549, 62.493792307324114 ], [ -49.741276653797392, 62.493799522299611 ], [ -49.741261054497443, 62.493712534040313 ], [ -49.741449133122458, 62.493705319091085 ], [ -49.741825290065258, 62.493690888336651 ], [ -49.74201336838302, 62.493683672531432 ], [ -49.742028970135522, 62.493770660685648 ], [ -49.742405127690034, 62.493756228166653 ], [ -49.742593206313636, 62.493749011479174 ], [ -49.74260881000798, 62.493835999583773 ], [ -49.742796889142276, 62.493828782584679 ], [ -49.742812493552201, 62.493915770692219 ], [ -49.743000573197193, 62.493908553381516 ], [ -49.743016178322712, 62.493995541491991 ], [ -49.743392338531628, 62.493981105962021 ], [ -49.743580418482388, 62.49397388776903 ], [ -49.743596025549799, 62.494060875829881 ], [ -49.743972186370229, 62.494046438535335 ], [ -49.744160266626736, 62.494039219460078 ], [ -49.744175875636053, 62.494126207471297 ], [ -49.744552037067919, 62.494111768412182 ], [ -49.744567647406008, 62.494198756400039 ], [ -49.744755728581367, 62.494191536416182 ], [ -49.744771339635086, 62.49427852440698 ], [ -49.744959421321099, 62.494271304111507 ], [ -49.745335584385643, 62.49425686266455 ], [ -49.745351197381318, 62.494343850605688 ], [ -49.745366810479489, 62.494430838576044 ], [ -49.745554893084318, 62.494423617371972 ], [ -49.745570506898154, 62.494510605345255 ], [ -49.745758590013629, 62.494503383829553 ], [ -49.74594667302658, 62.494496162028518 ], [ -49.745962288169252, 62.494583149978418 ], [ -49.746150371692856, 62.494575927865753 ], [ -49.746181603512092, 62.494749903800624 ], [ -49.746369688159497, 62.494742681350004 ], [ -49.746557772704371, 62.494735458614066 ], [ -49.746573389994111, 62.494822446572726 ], [ -49.746761475049624, 62.494815223525144 ], [ -49.74677709305508, 62.494902211486711 ], [ -49.746965178621224, 62.494894988127484 ], [ -49.746980797342388, 62.494981976091971 ], [ -49.747168883419157, 62.494974752421101 ], [ -49.747137644853026, 62.494800776573939 ], [ -49.747325729600909, 62.49479355267033 ], [ -49.747513814246247, 62.494786328481389 ], [ -49.747498193890671, 62.494699340654236 ], [ -49.747686277820279, 62.494692116206259 ], [ -49.747670656954099, 62.494605128434635 ], [ -49.748046823279331, 62.494590678735264 ], [ -49.748062445371836, 62.49467766645428 ], [ -49.747874361647334, 62.494684891472943 ], [ -49.747905604913711, 62.494858867051221 ], [ -49.747717519860323, 62.494866091837153 ], [ -49.747733141034182, 62.49495307969643 ], [ -49.7477487623106, 62.495040067584917 ], [ -49.747764383689578, 62.495127055502614 ], [ -49.74795247058249, 62.495119830637748 ], [ -49.747968092677212, 62.495206818558373 ], [ -49.748156180080734, 62.495199593381869 ], [ -49.748171802891214, 62.495286581305365 ], [ -49.748359890805347, 62.495279355817217 ], [ -49.748547978616912, 62.495272130043709 ], [ -49.748532354580071, 62.495185142172815 ], [ -49.748908528669091, 62.495170689822402 ], [ -49.748924153932293, 62.495257677640666 ], [ -49.749300328837322, 62.495243224096249 ], [ -49.749315955429481, 62.495330211891108 ], [ -49.74950404334129, 62.495322984664561 ], [ -49.749519670649235, 62.495409972462312 ], [ -49.749535298059783, 62.495496960289273 ], [ -49.749723387095358, 62.495489732724756 ], [ -49.749739015221706, 62.495576720554602 ], [ -49.749927104767863, 62.495569492678435 ], [ -49.749942733610013, 62.49565648051118 ], [ -49.750130823666758, 62.495649252323325 ], [ -49.750146453224716, 62.495736240158969 ], [ -49.750334543792043, 62.495729011659456 ], [ -49.750710724618834, 62.495714553804369 ], [ -49.75072635611901, 62.495801541590261 ], [ -49.750741987721817, 62.49588852940537 ], [ -49.75093007920767, 62.495881299997144 ], [ -49.751118170590892, 62.495874070303593 ], [ -49.751133803522748, 62.495961058095247 ], [ -49.751321895416524, 62.495953828090016 ], [ -49.75130626187147, 62.49586684032468 ], [ -49.751494353049402, 62.495859610060428 ], [ -49.751509987207662, 62.495946597799431 ], [ -49.751698078896148, 62.495939367223485 ], [ -49.751713713770272, 62.49602635496538 ], [ -49.751729348747041, 62.496113342736479 ], [ -49.751917441559286, 62.496106111822527 ], [ -49.751933077251927, 62.496193099596503 ], [ -49.751948713047227, 62.49628008739969 ], [ -49.752136806983245, 62.496272856147733 ], [ -49.752152443494431, 62.496359843953798 ], [ -49.752340537941002, 62.49635261239014 ], [ -49.752528632284914, 62.49634538054115 ], [ -49.752544270125206, 62.496432368323745 ], [ -49.752732364979664, 62.496425136163076 ], [ -49.752748003535856, 62.496512123948548 ], [ -49.752763642194729, 62.496599111763231 ], [ -49.752951738172953, 62.496591879264528 ], [ -49.753139834048504, 62.496584646480457 ], [ -49.75332792982136, 62.496577413411039 ], [ -49.753704121058995, 62.49656294641612 ], [ -49.753892216523766, 62.496555712490633 ], [ -49.753907858964695, 62.496642700176487 ], [ -49.753923501508332, 62.496729687891559 ], [ -49.754111598096848, 62.496722453628031 ], [ -49.754127241356429, 62.496809441345967 ], [ -49.754142884718718, 62.496896429093105 ], [ -49.754330982431, 62.496889194491537 ], [ -49.754346626509239, 62.496976182241532 ], [ -49.754722822852131, 62.496961712129611 ], [ -49.754738468259575, 62.497048699856137 ], [ -49.755114665418049, 62.497034228550085 ], [ -49.755130312154712, 62.49712121625312 ], [ -49.755318411193095, 62.497113980145713 ], [ -49.755334058645744, 62.497200967851597 ], [ -49.75552215819463, 62.497193731432468 ], [ -49.755553454634658, 62.497367706879146 ], [ -49.755741555307303, 62.497360470121961 ], [ -49.755757204294696, 62.497447457862755 ], [ -49.755945305477852, 62.497440220793848 ], [ -49.755960955181251, 62.497527208537491 ], [ -49.756149056874911, 62.497519971156883 ], [ -49.756196008441457, 62.49778093448397 ], [ -49.756384111872158, 62.497773696738925 ], [ -49.756399763213139, 62.49786068454668 ], [ -49.756415414656892, 62.497947672383624 ], [ -49.756603519211382, 62.497940434300496 ], [ -49.756791623663091, 62.497933195931992 ], [ -49.75680727643617, 62.498020183745432 ], [ -49.75699538139839, 62.498012945065206 ], [ -49.757011034887533, 62.498099932881495 ], [ -49.75719914036025, 62.498092693889518 ], [ -49.757387245730179, 62.498085454612195 ], [ -49.757402900548676, 62.498172442404957 ], [ -49.757418555469968, 62.498259430226931 ], [ -49.757982874642707, 62.498237710524535 ], [ -49.757998531506665, 62.498324698296599 ], [ -49.758186638305261, 62.498317457798706 ], [ -49.758202295885319, 62.498404445573605 ], [ -49.758390403194404, 62.498397204763961 ], [ -49.758578510400667, 62.498389963668942 ], [ -49.758594169310136, 62.498476951420322 ], [ -49.75897038464079, 62.498462468321414 ], [ -49.75898604487967, 62.498549456049261 ], [ -49.759174153004054, 62.498542214045379 ], [ -49.759362261025608, 62.498534971756129 ], [ -49.759346599560132, 62.498447984081032 ], [ -49.759534706865558, 62.498440741532782 ], [ -49.759519044889636, 62.498353753913271 ], [ -49.759707151478928, 62.498346511106021 ], [ -49.760083364348979, 62.49833202463541 ], [ -49.760459576807634, 62.498317537023318 ], [ -49.760835788854848, 62.49830304826974 ], [ -49.761023894724161, 62.498295803464899 ], [ -49.761212000490609, 62.498288558374682 ], [ -49.761227667986091, 62.498375545756787 ], [ -49.761415774262943, 62.498368300354834 ], [ -49.761603880436908, 62.498361054667491 ], [ -49.761588211714859, 62.498274067338173 ], [ -49.761776317172661, 62.498266821391852 ], [ -49.761964422527583, 62.498259575160162 ], [ -49.762528737974982, 62.498237834752906 ], [ -49.762716842918316, 62.498230587379751 ], [ -49.762904947758742, 62.498223339721228 ], [ -49.76292062077372, 62.498310326865848 ], [ -49.763108726124507, 62.498303078895567 ], [ -49.763484936517337, 62.498288582098901 ], [ -49.763500611475052, 62.498375569193534 ], [ -49.763688717130357, 62.498368320340752 ], [ -49.764064928132171, 62.498353821779105 ], [ -49.764080605032639, 62.49844080882373 ], [ -49.764456816849254, 62.498426309067796 ], [ -49.764644922603154, 62.49841905876179 ], [ -49.764660601446373, 62.4985060457564 ], [ -49.764848707710598, 62.498498795138616 ], [ -49.764833028254095, 62.498411808170403 ], [ -49.76481734890055, 62.498324821231385 ], [ -49.765005453835272, 62.49831757038104 ], [ -49.765569768021685, 62.498295816117817 ], [ -49.765585449828308, 62.498382802951227 ], [ -49.765601131737895, 62.498469789813818 ], [ -49.765413025885515, 62.498477041573054 ], [ -49.765224919930169, 62.49848429304695 ], [ -49.765240600716183, 62.498571279991559 ], [ -49.765616813750455, 62.498556776705598 ], [ -49.76580492011314, 62.498549524634576 ], [ -49.766181132529574, 62.4985350196364 ], [ -49.766369238583316, 62.49852776670928 ], [ -49.766384923151954, 62.49861475352462 ], [ -49.766573029715985, 62.498607500285708 ], [ -49.766557344534085, 62.498520513496779 ], [ -49.766745450381855, 62.498513259998909 ], [ -49.767309767307182, 62.498491497793125 ], [ -49.767874083305443, 62.498469733019036 ], [ -49.767858393933672, 62.498382746444221 ], [ -49.768234602857582, 62.498368235220852 ], [ -49.768422707164994, 62.498360979181122 ], [ -49.768438398376546, 62.498447965676675 ], [ -49.768626503194184, 62.498440709325152 ], [ -49.768610811369378, 62.498353722856017 ], [ -49.768987019469051, 62.498339209349737 ], [ -49.769018405674721, 62.498513182211504 ], [ -49.769206510796515, 62.498505924977458 ], [ -49.76922220466718, 62.498592911425689 ], [ -49.769786521254019, 62.498571137932124 ], [ -49.769770825543581, 62.498484151563176 ], [ -49.770147034859669, 62.498469634526835 ], [ -49.770162731796624, 62.498556620842919 ], [ -49.77110325634937, 62.498520323126044 ], [ -49.771291360950677, 62.498513062726573 ], [ -49.77127566033419, 62.49842607656911 ], [ -49.771839971679775, 62.49840429373787 ], [ -49.771824269326643, 62.498317307688914 ], [ -49.772200475148374, 62.498302784427501 ], [ -49.772216178727994, 62.498389770423572 ], [ -49.772780488526983, 62.498367983311923 ], [ -49.77276478310764, 62.498280997395192 ], [ -49.773893396241775, 62.498237415625923 ], [ -49.773846269564366, 62.497976458526949 ], [ -49.773281968980442, 62.497998250457627 ], [ -49.773266262133916, 62.497911264736985 ], [ -49.77345436181848, 62.497904001071895 ], [ -49.773438654461863, 62.497817015406902 ], [ -49.773626753430072, 62.497809751482905 ], [ -49.773611045563385, 62.497722765873526 ], [ -49.773799143815246, 62.497715501690649 ], [ -49.773767727164866, 62.497541530612388 ], [ -49.77301533844426, 62.497570585420249 ], [ -49.772999632726567, 62.497483599819105 ], [ -49.77356392258212, 62.497461809220582 ], [ -49.773548215127974, 62.497374823727966 ], [ -49.773736310927042, 62.49736755965089 ], [ -49.773720602962825, 62.49728057421391 ], [ -49.774472982674951, 62.497251515157913 ], [ -49.774488693091911, 62.497338500489072 ], [ -49.774864883555452, 62.497323969196096 ], [ -49.774912019104399, 62.497584925205963 ], [ -49.774723922084625, 62.497592191074496 ], [ -49.774739633527403, 62.497679176495936 ], [ -49.774927731160375, 62.497671910600943 ], [ -49.774943443319508, 62.497758896025125 ], [ -49.775507737439021, 62.497737096548676 ], [ -49.775523451540934, 62.497824081922666 ], [ -49.775711549987633, 62.497816814833364 ], [ -49.77608774657147, 62.497802279798691 ], [ -49.776103462616184, 62.497889265122481 ], [ -49.776667758557629, 62.49786746035096 ], [ -49.776683476545159, 62.497954445624536 ], [ -49.77687157559911, 62.497947176770197 ], [ -49.776855856998381, 62.497860191523095 ], [ -49.77704395533592, 62.497852922409876 ], [ -49.777059674549854, 62.497939907630496 ], [ -49.777247773397391, 62.497932638205469 ], [ -49.777263493327744, 62.498019623428803 ], [ -49.777451592685274, 62.498012353691934 ], [ -49.777467313332053, 62.498099338917996 ], [ -49.777655413199568, 62.498092068869305 ], [ -49.77767113456278, 62.498179054098074 ], [ -49.777859234940287, 62.498171783737561 ], [ -49.777874957019939, 62.498258768969031 ], [ -49.778063057907424, 62.498251498296696 ], [ -49.778157396232608, 62.498773410139535 ], [ -49.777969291665748, 62.498780680970732 ], [ -49.778000737373567, 62.498954651871415 ], [ -49.777812631476976, 62.498961922470208 ], [ -49.777828353872493, 62.499048907990797 ], [ -49.777640247259413, 62.499056178330697 ], [ -49.777703135420801, 62.499404120810816 ], [ -49.777515026251436, 62.49941139097124 ], [ -49.777546469724989, 62.499585362439348 ], [ -49.777734580120907, 62.49957809222596 ], [ -49.777797470759992, 62.499926035406446 ], [ -49.777609357910926, 62.499933305725726 ], [ -49.7776250802155, 62.500020291620281 ], [ -49.777436966649887, 62.50002756168066 ], [ -49.777468410342152, 62.500201533610259 ], [ -49.777280295446701, 62.500208803438227 ], [ -49.777311738325281, 62.500382775537489 ], [ -49.777123622099971, 62.500390045133024 ], [ -49.77713934308079, 62.500477031252899 ], [ -49.776951226138927, 62.500484300589527 ], [ -49.776966946609654, 62.500571286765066 ], [ -49.77677882895123, 62.500578555842772 ], [ -49.776794548911866, 62.500665542073961 ], [ -49.776857429786659, 62.50101348729055 ], [ -49.777045550511772, 62.50100621808047 ], [ -49.77709271409185, 62.501267177219887 ], [ -49.776904591526673, 62.501274446509377 ], [ -49.77703036070907, 62.501970339043574 ], [ -49.777218488181255, 62.501963069542299 ], [ -49.777249932736041, 62.502137042914697 ], [ -49.776873675234839, 62.502151581737763 ], [ -49.776983725841156, 62.502760489830997 ], [ -49.77717185893728, 62.502753220376846 ], [ -49.777219026871826, 62.503014181346487 ], [ -49.777030891935397, 62.50302145088007 ], [ -49.777093781506565, 62.503369399354014 ], [ -49.77728191889679, 62.503362129714539 ], [ -49.777313365528812, 62.503536104073632 ], [ -49.777501504042696, 62.503528834095796 ], [ -49.777548676605591, 62.503789795773841 ], [ -49.777736816856617, 62.503782525431141 ], [ -49.777752541864253, 62.503869512689043 ], [ -49.777564400999758, 62.50387678305821 ], [ -49.777580125497188, 62.503963770371769 ], [ -49.777768266975166, 62.503956499976105 ], [ -49.777831168451556, 62.504304449416168 ], [ -49.778019312280229, 62.504297178629159 ], [ -49.778270944527243, 62.505688980633977 ], [ -49.778082790882124, 62.505696251844689 ], [ -49.778145700621323, 62.50604420361887 ], [ -49.778333856720728, 62.506036932302209 ], [ -49.77841249928688, 62.506471872543941 ], [ -49.778224340119543, 62.506479143993012 ], [ -49.778240068329083, 62.50656613215537 ], [ -49.778051908444851, 62.50657340334547 ], [ -49.778067636144094, 62.506660391563486 ], [ -49.778255796641936, 62.506653120346897 ], [ -49.778287253577552, 62.506827096817474 ], [ -49.778099091852489, 62.506834368087034 ], [ -49.778130547974094, 62.507008344727289 ], [ -49.777942384918504, 62.507015615764352 ], [ -49.777973840226068, 62.507189592574264 ], [ -49.778005295946848, 62.507363569500868 ], [ -49.778068208628078, 62.507711523704181 ], [ -49.778256376592779, 62.507704252455241 ], [ -49.778272105635011, 62.507791241052509 ], [ -49.778303564029414, 62.507965218334583 ], [ -49.778491733731784, 62.507957946720708 ], [ -49.778507463697629, 62.508044935379012 ], [ -49.778695633910345, 62.508037663453187 ], [ -49.778758557261632, 62.508385618272193 ], [ -49.778946729825726, 62.508378345954931 ], [ -49.778978193348721, 62.508552323486484 ], [ -49.779166367036844, 62.508545050830776 ], [ -49.779197832200552, 62.508719028426043 ], [ -49.779386007012732, 62.508711755431875 ], [ -49.779401740363305, 62.508798744246768 ], [ -49.779778090905005, 62.508784197349009 ], [ -49.779793825586324, 62.508871186140084 ], [ -49.779982001315844, 62.508863912236507 ], [ -49.779997736714215, 62.508950901030254 ], [ -49.780185912954089, 62.508943626814684 ], [ -49.780201649069525, 62.509030615611103 ], [ -49.780389825819739, 62.509023341083555 ], [ -49.780468511016018, 62.509458285370748 ], [ -49.780656690731441, 62.509451010425231 ], [ -49.780735381580747, 62.509885955309159 ], [ -49.780923564261471, 62.509878679945636 ], [ -49.780955042552357, 62.510052658050384 ], [ -49.781143226357194, 62.510045382348373 ], [ -49.781190446410228, 62.510306349644758 ], [ -49.78137863195294, 62.510299073577748 ], [ -49.781536044988435, 62.5111689661965 ], [ -49.781347853307899, 62.511176242528578 ], [ -49.781426560634401, 62.511611190064251 ], [ -49.781238365781384, 62.511618466243355 ], [ -49.781269848208197, 62.511792445514786 ], [ -49.78108165202412, 62.511799721461394 ], [ -49.781113133636893, 62.511973700902516 ], [ -49.780924936121735, 62.511980976616613 ], [ -49.780987898132786, 62.512328935954876 ], [ -49.780799698058814, 62.512336211489476 ], [ -49.780894140494411, 62.512858151530892 ], [ -49.780705936633815, 62.512865426938994 ], [ -49.780737417045174, 62.51303940723912 ], [ -49.780549211853383, 62.513046682414711 ], [ -49.780564951600283, 62.513133672635043 ], [ -49.780376745691207, 62.513140947551591 ], [ -49.780392484927603, 62.51322793782758 ], [ -49.78020427830122, 62.513235212485121 ], [ -49.780220017027112, 62.513322202816781 ], [ -49.780031809683436, 62.513329477215287 ], [ -49.780063286217597, 62.513503458019102 ], [ -49.779875077542698, 62.513510732185075 ], [ -49.779890815350953, 62.513597722657231 ], [ -49.77970260595874, 62.513604996564169 ], [ -49.779765555770005, 62.513952958850467 ], [ -49.779577343818673, 62.513960232577858 ], [ -49.779640292828454, 62.514308195436804 ], [ -49.779452078317952, 62.514315468984663 ], [ -49.779483552215282, 62.514489450642124 ], [ -49.779295336373465, 62.514496723957421 ], [ -49.779326809456435, 62.514670705784546 ], [ -49.779138592283289, 62.514677978867304 ], [ -49.779154328365884, 62.514764969851107 ], [ -49.778777892481486, 62.514779515212958 ], [ -49.778793627439505, 62.514866506278921 ], [ -49.778417189913625, 62.514881050551573 ], [ -49.778432923747047, 62.514968041699696 ], [ -49.778244704215062, 62.514975313434178 ], [ -49.778260437537867, 62.515062304637951 ], [ -49.778072217288525, 62.515069576113383 ], [ -49.77811941603516, 62.515330549979183 ], [ -49.777931193840438, 62.515337821248529 ], [ -49.778009857415476, 62.515772778407317 ], [ -49.777821632047292, 62.515780049523563 ], [ -49.777853096972827, 62.51595403264421 ], [ -49.777664870273206, 62.515961303527881 ], [ -49.777680602276995, 62.516048295158441 ], [ -49.777492374859968, 62.51605556578302 ], [ -49.777523837949531, 62.516229549184622 ], [ -49.777335609201053, 62.516236819576633 ], [ -49.777351340286828, 62.516323811347675 ], [ -49.777163110820929, 62.516331081480594 ], [ -49.777178841396001, 62.516418073307285 ], [ -49.776990611212689, 62.516425343181112 ], [ -49.777022071444783, 62.516599326974983 ], [ -49.776833839929978, 62.516606596616214 ], [ -49.776849569586986, 62.516693588583379 ], [ -49.77666133735476, 62.516700857965525 ], [ -49.776677066501037, 62.516787849988347 ], [ -49.77648883355139, 62.516795119111407 ], [ -49.776504562186936, 62.516882111189865 ], [ -49.776316328519854, 62.516889380053833 ], [ -49.776332056644655, 62.516976372187955 ], [ -49.776143822260153, 62.516983640792837 ], [ -49.776159549874201, 62.517070632982602 ], [ -49.775971314772256, 62.517077901328385 ], [ -49.77598704187556, 62.517164893573799 ], [ -49.775798806056173, 62.517172161660461 ], [ -49.77581453264871, 62.517259153961533 ], [ -49.775438059471732, 62.517273689331105 ], [ -49.775453784939387, 62.517360681714287 ], [ -49.775265547581803, 62.517367948997176 ], [ -49.775281272538663, 62.517454941436007 ], [ -49.775093034463637, 62.517462208459804 ], [ -49.77510875890971, 62.517549200954271 ], [ -49.774732281221453, 62.517563734198035 ], [ -49.774748004542602, 62.517650726774647 ], [ -49.774559764929379, 62.517657992994614 ], [ -49.774575487739703, 62.517744985626862 ], [ -49.77419900697506, 62.517759517262995 ], [ -49.774214728660432, 62.517846509977346 ], [ -49.774026487509012, 62.517853775393498 ], [ -49.774042208683554, 62.517940768163498 ], [ -49.77366572484253, 62.517955298191971 ], [ -49.773681444892077, 62.518042291044068 ], [ -49.773493202202474, 62.51804955565639 ], [ -49.773508921741161, 62.518136548564136 ], [ -49.773320678334116, 62.518143812917323 ], [ -49.773336397361945, 62.518230805880705 ], [ -49.77314815323745, 62.518238069974771 ], [ -49.773179590374646, 62.518412056041953 ], [ -49.772991344918537, 62.518419319903359 ], [ -49.77300706302789, 62.51850631300718 ], [ -49.772818816854326, 62.51851357660945 ], [ -49.772834534452791, 62.518600569768893 ], [ -49.77264628756177, 62.518607833112029 ], [ -49.772677721840182, 62.518781819571352 ], [ -49.772489473617512, 62.518789082681828 ], [ -49.772505190297451, 62.518876075981709 ], [ -49.772316941357317, 62.518883338833028 ], [ -49.772332657526327, 62.51897033218853 ], [ -49.772144407868737, 62.518977594780715 ], [ -49.772160123526824, 62.519064588191853 ], [ -49.771783622673411, 62.519079112572328 ], [ -49.77179933720636, 62.519166106065562 ], [ -49.771611086010559, 62.519173367853838 ], [ -49.77162680003255, 62.519260361402708 ], [ -49.771438548119278, 62.519267622931842 ], [ -49.771454261630325, 62.519354616536319 ], [ -49.771266008999575, 62.519361877806311 ], [ -49.771281721999657, 62.519448871466423 ], [ -49.771093468651429, 62.519456132477252 ], [ -49.771109181140538, 62.519543126192985 ], [ -49.770732672905879, 62.519557647410714 ], [ -49.770748384269787, 62.519644641208551 ], [ -49.770560129383348, 62.519651901415443 ], [ -49.770575840236262, 62.51973889526888 ], [ -49.770387584632353, 62.519746155216623 ], [ -49.770403294974265, 62.519833149125681 ], [ -49.77002678222825, 62.519847668217224 ], [ -49.770042491444904, 62.51993466220835 ], [ -49.769854234302798, 62.519941921352135 ], [ -49.76986994300843, 62.520028915398903 ], [ -49.769493427186035, 62.520043432882524 ], [ -49.76950913476638, 62.520130427011345 ], [ -49.769320876086084, 62.520137685351173 ], [ -49.769336583155393, 62.520224679535609 ], [ -49.769148323757612, 62.520231937616259 ], [ -49.769164030315871, 62.52031893185633 ], [ -49.768787509982133, 62.520333447213645 ], [ -49.768803215415055, 62.520420441535769 ], [ -49.76805017105201, 62.520449468928668 ], [ -49.768065874131018, 62.520536463385739 ], [ -49.767501087932331, 62.520558231010632 ], [ -49.76748538669618, 62.520471236474251 ], [ -49.766946078679972, 62.520492019694835 ], [ -49.76690737790188, 62.520495242550261 ], [ -49.76676534175072, 62.520511803033557 ], [ -49.766675422581365, 62.520511010123897 ], [ -49.766585504997586, 62.520510216125253 ], [ -49.766564251605736, 62.520506732662419 ], [ -49.766544077372892, 62.520507510004308 ], [ -49.766543317970616, 62.520503301603767 ], [ -49.766432339866213, 62.520485112029299 ], [ -49.766342912403189, 62.520472446691819 ], [ -49.766189502593917, 62.520453277910015 ], [ -49.766100075317198, 62.520440612411988 ], [ -49.766074428159591, 62.520438005862708 ], [ -49.765963594322265, 62.520442275976087 ], [ -49.76596003636574, 62.520422556283243 ], [ -49.765870084001989, 62.520408891847929 ], [ -49.765767812018865, 62.520396112860489 ], [ -49.765665047884866, 62.52039520512713 ], [ -49.765524485707502, 62.520376148731927 ], [ -49.765473557707956, 62.520373555139614 ], [ -49.765383114132185, 62.520377039247812 ], [ -49.76538165472212, 62.520368949578639 ], [ -49.76525497581224, 62.520367829882979 ], [ -49.765190748834691, 62.520367262502965 ], [ -49.765088477242315, 62.520354483005804 ], [ -49.764947178069882, 62.520353233824139 ], [ -49.764794014978897, 62.520328127874791 ], [ -49.764717433525462, 62.520315574834726 ], [ -49.764715211304996, 62.520315167195633 ], [ -49.764614375543189, 62.520319051018646 ] ], [ [ -49.36782276377037, 62.488558892380816 ], [ -49.367837134103304, 62.488645923967688 ], [ -49.368025274433172, 62.488639276250254 ], [ -49.368010903486052, 62.488552244687583 ], [ -49.36782276377037, 62.488558892380816 ] ], [ [ -49.374871253532689, 62.487696865429122 ], [ -49.374885646542303, 62.487783895888306 ], [ -49.37507377898401, 62.487777237487983 ], [ -49.375261911331187, 62.487770578802063 ], [ -49.375247517093328, 62.487683548391395 ], [ -49.37523312295, 62.487596518010278 ], [ -49.374856860617584, 62.487609834999496 ], [ -49.374871253532689, 62.487696865429122 ] ], [ [ -49.404812005574748, 62.486808649789616 ], [ -49.404826496408184, 62.486895676438898 ], [ -49.405014614998464, 62.48688897258485 ], [ -49.405000123551041, 62.486801945959989 ], [ -49.404812005574748, 62.486808649789616 ] ], [ [ -49.567871139201685, 62.494023789820695 ], [ -49.567856109064692, 62.493936780043803 ], [ -49.567667982397666, 62.493943731412593 ], [ -49.567683011920892, 62.494030741214786 ], [ -49.567871139201685, 62.494023789820695 ] ], [ [ -49.594451548917114, 62.496629041866058 ], [ -49.594263410132648, 62.49663603369968 ], [ -49.594278528514771, 62.496723041231249 ], [ -49.594466667913032, 62.496716049372168 ], [ -49.594451548917114, 62.496629041866058 ] ], [ [ -49.596860474668873, 62.497415190918758 ], [ -49.597048618300235, 62.497408195118858 ], [ -49.597033490430974, 62.497321187679773 ], [ -49.596845347413428, 62.497328183454194 ], [ -49.596860474668873, 62.497415190918758 ] ], [ [ -49.741542734137248, 62.494227248927537 ], [ -49.741730816338745, 62.494220033535363 ], [ -49.741918898437817, 62.494212817857836 ], [ -49.742106980434464, 62.494205601894976 ], [ -49.742075776007589, 62.494031625323579 ], [ -49.74188769523726, 62.494038841233881 ], [ -49.741903296786326, 62.494125829531249 ], [ -49.741527133712061, 62.494140260548406 ], [ -49.741542734137248, 62.494227248927537 ] ], [ [ -49.748563602756334, 62.495359117943806 ], [ -49.748751691078503, 62.495351891858661 ], [ -49.74873606632589, 62.495264903984868 ], [ -49.748547978616912, 62.495272130043709 ], [ -49.748563602756334, 62.495359117943806 ] ], [ [ -49.369906672540367, 62.488572783367907 ], [ -49.369892295451457, 62.488485752047445 ], [ -49.369877918456964, 62.488398720756535 ], [ -49.369501642047446, 62.488412021520894 ], [ -49.369530393674154, 62.488586084229169 ], [ -49.369718533154469, 62.488579433941332 ], [ -49.369906672540367, 62.488572783367907 ] ], [ [ -49.560677213036456, 62.494026709966619 ], [ -49.561053471115031, 62.494012828171371 ], [ -49.561038463369684, 62.493925817571878 ], [ -49.561023455722889, 62.493838807001751 ], [ -49.560647200099446, 62.493852688695881 ], [ -49.560677213036456, 62.494026709966619 ] ], [ [ -49.580573682335555, 62.495217526148323 ], [ -49.580558609812066, 62.495130517486693 ], [ -49.580370478006898, 62.495137488179687 ], [ -49.580385549916613, 62.495224496866712 ], [ -49.580573682335555, 62.495217526148323 ] ], [ [ -49.605629958091349, 62.498840229775453 ], [ -49.605253654926969, 62.498854247234952 ], [ -49.60526881066572, 62.498941254219091 ], [ -49.605645115057811, 62.498927236708546 ], [ -49.605629958091349, 62.498840229775453 ] ], [ [ -49.610801054561144, 62.499172920193871 ], [ -49.610785880522641, 62.499085913803789 ], [ -49.610974032335427, 62.499078896809145 ], [ -49.610989206987789, 62.499165903173662 ], [ -49.611365511542083, 62.499151868276677 ], [ -49.611553663669724, 62.499144850399908 ], [ -49.611538487175828, 62.49905784411208 ], [ -49.611523310781607, 62.498970837853577 ], [ -49.610206252389005, 62.499019956637284 ], [ -49.610221424486312, 62.499106963074688 ], [ -49.610033272274904, 62.499113978927284 ], [ -49.610048443858005, 62.499200985419591 ], [ -49.610424749408871, 62.499186953377773 ], [ -49.610801054561144, 62.499172920193871 ] ], [ [ -49.668670163177282, 62.49227188922994 ], [ -49.668482075063402, 62.492278993636099 ], [ -49.668293986848688, 62.492286097756882 ], [ -49.668309345787392, 62.492373094622366 ], [ -49.668121256858505, 62.492380198483637 ], [ -49.667933167828785, 62.49238730205952 ], [ -49.667948525641648, 62.492474299006034 ], [ -49.668136615284716, 62.492467195404288 ], [ -49.668151973811767, 62.492554192354241 ], [ -49.668340063967328, 62.492547088441242 ], [ -49.668528154022056, 62.492539984242853 ], [ -49.668512794268331, 62.492452987344649 ], [ -49.668700883608871, 62.492445882886756 ], [ -49.668685523342653, 62.492358886043696 ], [ -49.668873611969012, 62.492351781326299 ], [ -49.668858251190308, 62.492264784538406 ], [ -49.668670163177282, 62.49227188922994 ] ], [ [ -49.482975140824529, 62.498006929823532 ], [ -49.483163318356084, 62.498000106963161 ], [ -49.483148564153652, 62.497913085578098 ], [ -49.48333674097406, 62.497906262456965 ], [ -49.48332198625431, 62.497819241126201 ], [ -49.483133810048137, 62.49782606422248 ], [ -49.48294563374504, 62.497832887033148 ], [ -49.482975140824529, 62.498006929823532 ] ], [ [ -49.568480616978889, 62.494263963204475 ], [ -49.568465584704484, 62.494176953415419 ], [ -49.568277456492289, 62.494183905716625 ], [ -49.56829248815292, 62.494270915531004 ], [ -49.568480616978889, 62.494263963204475 ] ], [ [ -49.558552394579507, 62.537715904855553 ], [ -49.558740834873205, 62.53770896607903 ], [ -49.558725809948491, 62.537621939541779 ], [ -49.55891424952754, 62.537615000504552 ], [ -49.559102689007752, 62.537608061181288 ], [ -49.55908766295024, 62.537521034723994 ], [ -49.559072636991559, 62.537434008296039 ], [ -49.558884198742966, 62.537440947568697 ], [ -49.558869173498927, 62.537353921144771 ], [ -49.559246048665663, 62.537340042364079 ], [ -49.55943448610077, 62.537333102544714 ], [ -49.55944951319222, 62.537420128892698 ], [ -49.559637951144289, 62.537413188761995 ], [ -49.55962292343704, 62.537326162439314 ], [ -49.559811360674452, 62.537319222047891 ], [ -49.559796332450247, 62.537232195779872 ], [ -49.559984768973017, 62.537225255127744 ], [ -49.559969740231871, 62.53713822891438 ], [ -49.559954711589576, 62.537051202730332 ], [ -49.559939683046139, 62.536964176575637 ], [ -49.560128117622689, 62.53695723571343 ], [ -49.560113088562311, 62.53687020961339 ], [ -49.560098059600797, 62.536783183542688 ], [ -49.560083030738134, 62.536696157501339 ], [ -49.560271463368501, 62.536689216429068 ], [ -49.560648328332668, 62.536675333426487 ], [ -49.560633297721559, 62.536588307490398 ], [ -49.560618267209314, 62.536501281583675 ], [ -49.56080669831158, 62.536494339704007 ], [ -49.560746574788205, 62.53614623647173 ], [ -49.560558146148949, 62.536153178250139 ], [ -49.560543116131008, 62.5360661524901 ], [ -49.560528086211924, 62.535979126759408 ], [ -49.560716513619703, 62.535972185031639 ], [ -49.560701483183749, 62.535885159355601 ], [ -49.560671422608408, 62.535711108091562 ], [ -49.560859848070145, 62.535704166153728 ], [ -49.560844817315044, 62.535617140591036 ], [ -49.5608297866588, 62.535530115057682 ], [ -49.560814756101422, 62.535443089553667 ], [ -49.560799725642902, 62.535356064079004 ], [ -49.560784695283232, 62.535269038633672 ], [ -49.560973117567563, 62.535262096536421 ], [ -49.560928025234624, 62.535001020452448 ], [ -49.561116445573006, 62.534994078145168 ], [ -49.561071352282745, 62.534733002401197 ], [ -49.561056321383717, 62.534645977211888 ], [ -49.561041290583546, 62.534558952051945 ], [ -49.56122970774468, 62.534552009585241 ], [ -49.561199645209577, 62.534377959403997 ], [ -49.561184614090315, 62.534290934357372 ], [ -49.561169583069905, 62.534203909340107 ], [ -49.56135799766956, 62.534196966688697 ], [ -49.561342966132365, 62.534109941726079 ], [ -49.561531380017506, 62.534102998813999 ], [ -49.561719793803782, 62.534096055615962 ], [ -49.561704761134166, 62.534009030733323 ], [ -49.561689728563415, 62.533922005880022 ], [ -49.561878141019548, 62.533915062446646 ], [ -49.562066553376809, 62.533908118727268 ], [ -49.562254965635198, 62.533901174721933 ], [ -49.562239931316412, 62.533814149973935 ], [ -49.562209862975486, 62.533640100566004 ], [ -49.562194828953338, 62.533553075906042 ], [ -49.562383238650348, 62.533546131716008 ], [ -49.562368204111458, 62.533459107110716 ], [ -49.562556613093975, 62.533452162660041 ], [ -49.562541578038356, 62.533365138109403 ], [ -49.562526543081617, 62.533278113588132 ], [ -49.562705738644283, 62.533271508465504 ], [ -49.562707898883808, 62.533261465112332 ], [ -49.562711767509583, 62.53325274462501 ], [ -49.562684879886014, 62.533097119998217 ], [ -49.562496473464776, 62.533104064633577 ], [ -49.562481438804667, 62.533017040200313 ], [ -49.562669844610312, 62.533010095590285 ], [ -49.562654809433496, 62.532923071211684 ], [ -49.562609704496325, 62.53266199825196 ], [ -49.562798107740761, 62.532655053457269 ], [ -49.56278307234389, 62.532568029221366 ], [ -49.562768037045899, 62.532481005014809 ], [ -49.562737966746546, 62.53230695668973 ], [ -49.562707896842703, 62.532132908482012 ], [ -49.562677827334362, 62.531958860391676 ], [ -49.562866225555467, 62.531951915513616 ], [ -49.562851190334065, 62.531864891537779 ], [ -49.562836155211542, 62.531777867591309 ], [ -49.563024552102704, 62.531770922477932 ], [ -49.563212948894993, 62.531763977078612 ], [ -49.563197912640284, 62.531676953212113 ], [ -49.563182876484454, 62.531589929374974 ], [ -49.563371271946806, 62.531582983740343 ], [ -49.563559667310273, 62.531576037819789 ], [ -49.563544630022292, 62.531489014062629 ], [ -49.56373302467135, 62.531482067881441 ], [ -49.563717986866749, 62.531395044178971 ], [ -49.563702949161033, 62.531308020505833 ], [ -49.563891342480183, 62.531301074089363 ], [ -49.563876304257853, 62.531214050470894 ], [ -49.564064696862602, 62.531207103793804 ], [ -49.564253089368457, 62.531200156830785 ], [ -49.564238050014026, 62.531113133292315 ], [ -49.564426441805473, 62.531106186068683 ], [ -49.564614833498027, 62.531099238559115 ], [ -49.56459979301151, 62.53101221510066 ], [ -49.564584752623894, 62.530925191671543 ], [ -49.56477314298656, 62.530918243926692 ], [ -49.564758102082379, 62.530831220552251 ], [ -49.564946491730645, 62.530824272546802 ], [ -49.564931450309885, 62.530737249227037 ], [ -49.56491640898804, 62.530650225936611 ], [ -49.565104797306454, 62.530643277695894 ], [ -49.565089755468051, 62.530556254460151 ], [ -49.565278143072078, 62.530549305958836 ], [ -49.565263100717125, 62.530462282777769 ], [ -49.565248058461087, 62.530375259626041 ], [ -49.565436444735269, 62.530368310889472 ], [ -49.565813216986868, 62.53035441255853 ], [ -49.565798172983385, 62.530267389512169 ], [ -49.565783129078831, 62.530180366495138 ], [ -49.565971513825339, 62.530173416951456 ], [ -49.565956469404263, 62.530086393989102 ], [ -49.566144853436406, 62.530079444184842 ], [ -49.566129808498822, 62.529992421277171 ], [ -49.566318191816585, 62.529985471212314 ], [ -49.5663031463625, 62.52989844835934 ], [ -49.566491528965884, 62.529891498033891 ], [ -49.566476482995313, 62.529804475235601 ], [ -49.566461437123678, 62.529717452466642 ], [ -49.566649818397273, 62.52971050190596 ], [ -49.566634772009152, 62.529623479191685 ], [ -49.566823152568389, 62.529616528370433 ], [ -49.566808105663789, 62.529529505710855 ], [ -49.566996485508668, 62.529522554629011 ], [ -49.566981438087602, 62.52943553202411 ], [ -49.566966390765486, 62.529348509448546 ], [ -49.567154769280606, 62.529341558131492 ], [ -49.567139721442025, 62.529254535610633 ], [ -49.567328099242793, 62.529247584032994 ], [ -49.567313050887769, 62.529160561566819 ], [ -49.567501427974186, 62.529153609728603 ], [ -49.567471330330214, 62.528979564934957 ], [ -49.567456281656668, 62.528892542582142 ], [ -49.56764465679796, 62.528885590534067 ], [ -49.567629607607984, 62.528798568235963 ], [ -49.567817982034946, 62.528791615927318 ], [ -49.567802932328554, 62.528704593683898 ], [ -49.567787882721113, 62.528617571469809 ], [ -49.567772833212636, 62.528530549285058 ], [ -49.56796120569453, 62.528523596766561 ], [ -49.567946155669645, 62.528436574636501 ], [ -49.567931105743718, 62.528349552535794 ], [ -49.568119476895944, 62.528342599782093 ], [ -49.568104426453623, 62.528255577736068 ], [ -49.568089376110272, 62.52816855571939 ], [ -49.568277745932832, 62.528161602730478 ], [ -49.568262695073095, 62.528074580768489 ], [ -49.568451064181346, 62.528067627519029 ], [ -49.568436012805236, 62.527980605611738 ], [ -49.568420961528091, 62.527893583733785 ], [ -49.568609329306703, 62.527886630249128 ], [ -49.568594277513199, 62.527799608425866 ], [ -49.568782644577517, 62.527792654680667 ], [ -49.568767592267655, 62.527705632912102 ], [ -49.568955958617678, 62.527698678906368 ], [ -49.568940905791465, 62.527611657192487 ], [ -49.568925853064229, 62.527524635507966 ], [ -49.569114218084643, 62.527517681267035 ], [ -49.56909916484107, 62.527430659637211 ], [ -49.569084111696483, 62.527343638036733 ], [ -49.569272475387294, 62.527336683560605 ], [ -49.569257421726384, 62.527249662014825 ], [ -49.569242368164439, 62.527162640498375 ], [ -49.569212261337491, 62.526988597553519 ], [ -49.569400622468159, 62.52698164289292 ], [ -49.569385568587862, 62.526894621489859 ], [ -49.569573929004264, 62.526887666568754 ], [ -49.569558874607679, 62.526800645220384 ], [ -49.569543820310066, 62.526713623901365 ], [ -49.569732179396929, 62.526706668745078 ], [ -49.569717124583029, 62.52661964748075 ], [ -49.569702069868107, 62.526532626245775 ], [ -49.569890427625452, 62.526525670854312 ], [ -49.569875372394264, 62.526438649674034 ], [ -49.569860317262062, 62.526351628523102 ], [ -49.569830207294601, 62.526177586309252 ], [ -49.569815152459341, 62.526090565246356 ], [ -49.56978504308578, 62.525916523208572 ], [ -49.569973396437405, 62.52590956770873 ], [ -49.569928231273728, 62.525648504948201 ], [ -49.569913176417131, 62.525561484086715 ], [ -49.56989812165952, 62.525474463254575 ], [ -49.569868012441233, 62.525300421678317 ], [ -49.569852957980551, 62.525213400934192 ], [ -49.569664609550678, 62.525220356231181 ], [ -49.569649555804183, 62.525133335491063 ], [ -49.569084511766356, 62.525154199590759 ], [ -49.569099563667244, 62.525241220406947 ], [ -49.568911214841506, 62.52524817456046 ], [ -49.568722865916811, 62.525255128428135 ], [ -49.568737916686246, 62.525342149324366 ], [ -49.568549567047391, 62.525349102931514 ], [ -49.56836121730958, 62.525356056252775 ], [ -49.568376266947539, 62.525443077229056 ], [ -49.568391316684448, 62.525530098234675 ], [ -49.56820296561726, 62.525537051320782 ], [ -49.568218014837889, 62.525624072381106 ], [ -49.568029663056528, 62.525631025206692 ], [ -49.567841311176231, 62.525637977746392 ], [ -49.567856359265342, 62.525724998886751 ], [ -49.567668006670871, 62.525731951165923 ], [ -49.567683054243695, 62.52581897236098 ], [ -49.56749470093505, 62.525825924379632 ], [ -49.567509747991572, 62.525912945629358 ], [ -49.567321393968754, 62.525919897387496 ], [ -49.56733644050896, 62.526006918691913 ], [ -49.567148085771976, 62.526013870189509 ], [ -49.567163131795851, 62.526100891548616 ], [ -49.566974776344694, 62.526107842785677 ], [ -49.567004867458714, 62.526281885642618 ], [ -49.566628153798597, 62.526295787360468 ], [ -49.566613109422654, 62.526208765866649 ], [ -49.566424753059486, 62.526215716271409 ], [ -49.56643979682017, 62.526302737790573 ], [ -49.566251439742828, 62.526309687934805 ], [ -49.56626648298716, 62.526396709508653 ], [ -49.566454840679768, 62.526389759339082 ], [ -49.566469884638281, 62.526476780916951 ], [ -49.566846600957298, 62.526462879669488 ], [ -49.566861646245272, 62.526549901226005 ], [ -49.567050004871675, 62.526542950148126 ], [ -49.567080096974941, 62.526716993298521 ], [ -49.567268456732961, 62.526710041884058 ], [ -49.567298550462525, 62.526884085101145 ], [ -49.567486911352184, 62.526877133350119 ], [ -49.567547102459699, 62.527225220035056 ], [ -49.567358739108847, 62.527232171887455 ], [ -49.567388834025635, 62.527406215456679 ], [ -49.567200469345231, 62.527413167073881 ], [ -49.567215516336717, 62.527500188927853 ], [ -49.566650419855961, 62.527521042140137 ], [ -49.566635374710422, 62.52743402021013 ], [ -49.566447009634302, 62.52744097068377 ], [ -49.566431965202995, 62.527353948757778 ], [ -49.566243600643269, 62.527360898920165 ], [ -49.566228556926198, 62.527273876998194 ], [ -49.566040192882866, 62.527280826849349 ], [ -49.566025149880019, 62.527193804931365 ], [ -49.565836786353096, 62.527200754471309 ], [ -49.565821744064465, 62.527113732557339 ], [ -49.565633381053928, 62.527120681786059 ], [ -49.565648422727257, 62.52720770372536 ], [ -49.565271695178879, 62.527221601375778 ], [ -49.565286735720484, 62.527308623395101 ], [ -49.565346898875838, 62.527656711765822 ], [ -49.565158531876705, 62.527663660288866 ], [ -49.565188612817089, 62.527837704700971 ], [ -49.565000244488388, 62.527844652988769 ], [ -49.565015284491587, 62.527931675264178 ], [ -49.564826915448641, 62.527938623291412 ], [ -49.564841954935389, 62.52802564562149 ], [ -49.564653585178206, 62.528032593388147 ], [ -49.564668624148489, 62.528119615772901 ], [ -49.564480253677075, 62.528126563278995 ], [ -49.564495292130886, 62.528213585718419 ], [ -49.564306920945221, 62.528220532963942 ], [ -49.564321958882552, 62.528307555458049 ], [ -49.564133586982656, 62.528314502442988 ], [ -49.564163661923217, 62.528488547569893 ], [ -49.563975288693705, 62.528495494319579 ], [ -49.564095587488083, 62.529191676203673 ], [ -49.563907209236561, 62.529198622870055 ], [ -49.563922246415416, 62.529285645762954 ], [ -49.563733867449599, 62.529292592168751 ], [ -49.563748904111918, 62.529379615116312 ], [ -49.563560524431807, 62.529386561261525 ], [ -49.563372144652831, 62.529393507120815 ], [ -49.563387180183184, 62.529480530148376 ], [ -49.56340221581241, 62.529567553205268 ], [ -49.563213834703717, 62.529574498829291 ], [ -49.563228869816385, 62.529661521940866 ], [ -49.563040487993391, 62.529668467304283 ], [ -49.563055522589487, 62.529755490470528 ], [ -49.562867140052198, 62.529762435573339 ], [ -49.562897208310112, 62.529936482044519 ], [ -49.563017485296342, 62.530632669103014 ], [ -49.56282909650561, 62.530639614173126 ], [ -49.562859165509884, 62.530813661281847 ], [ -49.562670775389321, 62.530820606116663 ], [ -49.562685809424273, 62.530907629740362 ], [ -49.562497418589359, 62.530914574314558 ], [ -49.562512452107676, 62.531001597992919 ], [ -49.562324060558403, 62.531008542306502 ], [ -49.562339093560091, 62.531095566039532 ], [ -49.561962308933971, 62.531109453859514 ], [ -49.561977340803509, 62.53119647767253 ], [ -49.561600554550971, 62.531210364399385 ], [ -49.561615585288337, 62.531297388292373 ], [ -49.561238797409402, 62.531311273926086 ], [ -49.561253827014582, 62.531398297899059 ], [ -49.561065432311338, 62.531405240312289 ], [ -49.561080461399833, 62.531492264339917 ], [ -49.560703670465799, 62.531506148359213 ], [ -49.560733726477189, 62.531680196603752 ], [ -49.560545329630862, 62.531687138235093 ], [ -49.560560357169265, 62.5317741624267 ], [ -49.560748754631121, 62.531767220770043 ], [ -49.560763782883889, 62.531854244965679 ], [ -49.560575384806484, 62.531861186647639 ], [ -49.560605440377422, 62.532035235177574 ], [ -49.560417040970101, 62.532042176624202 ], [ -49.560432068288257, 62.532129200958515 ], [ -49.560243668166557, 62.532136142144502 ], [ -49.560258694967978, 62.532223166533441 ], [ -49.560070294131897, 62.532230107458787 ], [ -49.560085320416583, 62.532317131902388 ], [ -49.559896918866116, 62.532324072567086 ], [ -49.559911944634045, 62.532411097065356 ], [ -49.559723542369198, 62.532418037469384 ], [ -49.559738567620371, 62.532505062022302 ], [ -49.559550164641138, 62.532512002165689 ], [ -49.559580214208772, 62.532686051410167 ], [ -49.559391809899559, 62.532692991318207 ], [ -49.559406834216013, 62.532780016009774 ], [ -49.559218429192406, 62.532786955657144 ], [ -49.559263500887816, 62.533048029983824 ], [ -49.559075093918615, 62.533054969421151 ], [ -49.559105140978382, 62.53322901916961 ], [ -49.558916732679151, 62.533235958371577 ], [ -49.558946778902907, 62.533410008288016 ], [ -49.558758369273647, 62.533416947254629 ], [ -49.558833483483959, 62.533852072685796 ], [ -49.559021896191382, 62.533845133592664 ], [ -49.559051943798416, 62.534019183919945 ], [ -49.559240357638316, 62.534012244490235 ], [ -49.559270406871903, 62.534186294884279 ], [ -49.559458821844288, 62.534179355117978 ], [ -49.559488872704463, 62.534353405578791 ], [ -49.559300456500758, 62.534360345395697 ], [ -49.559315481463408, 62.534447370695425 ], [ -49.559503898282777, 62.534440430853209 ], [ -49.559533949735886, 62.534614481490081 ], [ -49.559345531685182, 62.534621421382916 ], [ -49.559360556944291, 62.534708446770665 ], [ -49.559172138179079, 62.534715386402823 ], [ -49.559187162921333, 62.534802411845241 ], [ -49.55899874344162, 62.534809351216708 ], [ -49.559013767667011, 62.53489637671376 ], [ -49.558825347472791, 62.53490331582455 ], [ -49.558855394988626, 62.53507736695731 ], [ -49.558666973464206, 62.535084305832719 ], [ -49.558681996754643, 62.535171331468419 ], [ -49.558493574515708, 62.535178270083129 ], [ -49.558508597289254, 62.535265295773478 ], [ -49.558131751283561, 62.535279172195537 ], [ -49.558146772924488, 62.535366197965814 ], [ -49.557769925292163, 62.53538007329449 ], [ -49.557784945800449, 62.535467099144725 ], [ -49.557596521220376, 62.535474036405361 ], [ -49.557611541211742, 62.535561062310244 ], [ -49.55742311591716, 62.535567999310189 ], [ -49.557438135391585, 62.535655025269705 ], [ -49.557249709382482, 62.535661962008938 ], [ -49.557264728339966, 62.535748988023101 ], [ -49.557076301616341, 62.535755924501636 ], [ -49.557106338596185, 62.535929976668584 ], [ -49.556729482389642, 62.535943848868818 ], [ -49.556744499796238, 62.536030875046904 ], [ -49.556556070929048, 62.536037810743295 ], [ -49.556601121894239, 62.53629888952949 ], [ -49.556412691081007, 62.536305825015766 ], [ -49.556427707651189, 62.536392851361803 ], [ -49.556239276123421, 62.536399786587367 ], [ -49.556269308328545, 62.536573839418089 ], [ -49.556080875470457, 62.536580774408201 ], [ -49.5560958911054, 62.536667800892872 ], [ -49.555907457532768, 62.536674735622277 ], [ -49.555922472650693, 62.536761762161582 ], [ -49.555734038363511, 62.536768696630247 ], [ -49.555764067664057, 62.536942749847469 ], [ -49.555575632046533, 62.536949684080696 ], [ -49.555590646229156, 62.53703671075862 ], [ -49.555402209897068, 62.537043644731121 ], [ -49.555432237326976, 62.537217698225554 ], [ -49.555243799664524, 62.537224631962623 ], [ -49.555258812911802, 62.537311658779139 ], [ -49.55544725119006, 62.537304725016782 ], [ -49.555537336442512, 62.537826886380422 ], [ -49.555725778316962, 62.537819952180321 ], [ -49.55591422009266, 62.537813017694184 ], [ -49.555899204405343, 62.537725990777467 ], [ -49.55646452729227, 62.537705185678774 ], [ -49.556841408722988, 62.537691314182858 ], [ -49.556826390055306, 62.537604287421935 ], [ -49.557014830006651, 62.53759735127025 ], [ -49.556984791736014, 62.537423297887038 ], [ -49.557550107302376, 62.537402487867581 ], [ -49.557565128235744, 62.537489514468611 ], [ -49.557753567176078, 62.537482577198112 ], [ -49.557768588824068, 62.537569603803199 ], [ -49.557957028281415, 62.537562666221383 ], [ -49.557987073105458, 62.537736719468967 ], [ -49.55817551369563, 62.537729781550517 ], [ -49.558190536871706, 62.537816808193021 ], [ -49.558378977978883, 62.537809869963247 ], [ -49.558394001869601, 62.537896896609794 ], [ -49.558582443493783, 62.537889958068689 ], [ -49.558567418987231, 62.537802931447438 ], [ -49.558552394579507, 62.537715904855553 ] ], [ [ -49.484945472197353, 62.498460815953493 ], [ -49.485133652445008, 62.498453990087803 ], [ -49.485118891518546, 62.498366968774675 ], [ -49.484930711885141, 62.498373794615503 ], [ -49.484945472197353, 62.498460815953493 ] ], [ [ -49.49867615824656, 62.500150968557612 ], [ -49.499240724082732, 62.500130427398304 ], [ -49.499255532375564, 62.50021744765867 ], [ -49.49944372140736, 62.500210600009375 ], [ -49.499428912500242, 62.500123579773955 ], [ -49.499805289043422, 62.500109883668372 ], [ -49.499820099179097, 62.500196903853904 ], [ -49.500196476561683, 62.500183206555924 ], [ -49.500384665107042, 62.500176357478495 ], [ -49.500340229463418, 62.499915297234757 ], [ -49.500528416068654, 62.499908447946559 ], [ -49.500498791564198, 62.499734407981123 ], [ -49.50031060618749, 62.499741257219419 ], [ -49.500295794695468, 62.499654237255889 ], [ -49.499919424878669, 62.499667934825716 ], [ -49.499904614712449, 62.499580914841722 ], [ -49.499716430272372, 62.49958776317326 ], [ -49.499701620817682, 62.499500743193735 ], [ -49.499325252874193, 62.499514438950058 ], [ -49.499340061100376, 62.499601458979463 ], [ -49.498775506612837, 62.499622000546637 ], [ -49.498760700229418, 62.499534980442412 ], [ -49.498572515819966, 62.49954182703528 ], [ -49.498587321589127, 62.499628847164466 ], [ -49.498399136468159, 62.499635693496657 ], [ -49.498210951249945, 62.499642539543231 ], [ -49.498225755887844, 62.499729559751721 ], [ -49.498037569958107, 62.499736405537625 ], [ -49.497849383931126, 62.499743251037891 ], [ -49.497878991041603, 62.49991729164293 ], [ -49.49806717829712, 62.499910446092777 ], [ -49.498081982612497, 62.499997466414506 ], [ -49.498270170385041, 62.499990620553788 ], [ -49.498284975411948, 62.500077640880015 ], [ -49.498473163701519, 62.500070794708741 ], [ -49.49866135189383, 62.500063948251835 ], [ -49.49867615824656, 62.500150968557612 ] ], [ [ -49.742686830016346, 62.494270940545078 ], [ -49.742671225809779, 62.494183952294364 ], [ -49.742483144120449, 62.494191169113236 ], [ -49.742498747713853, 62.49427815739022 ], [ -49.742686830016346, 62.494270940545078 ] ], [ [ -49.576525102459598, 62.495892871939468 ], [ -49.576510042845918, 62.495805862543335 ], [ -49.576321905181345, 62.495812827107592 ], [ -49.576306846280389, 62.495725817715453 ], [ -49.576118709130732, 62.495732781968847 ], [ -49.576103650942478, 62.495645772580716 ], [ -49.575915514307745, 62.49565273652324 ], [ -49.575945629555527, 62.495826755379603 ], [ -49.575193077117255, 62.495854608497538 ], [ -49.575208132434199, 62.495941618071221 ], [ -49.575223187850007, 62.496028627674271 ], [ -49.575035048265597, 62.496035590290724 ], [ -49.575019993463613, 62.495948580662308 ], [ -49.574455575958673, 62.495969466722478 ], [ -49.574267436592642, 62.49597642817151 ], [ -49.574282488939303, 62.496063437901348 ], [ -49.574658768800177, 62.49604951466705 ], [ -49.574673822473365, 62.496136524375551 ], [ -49.575050103166454, 62.496122599948492 ], [ -49.575238243364687, 62.496115637306694 ], [ -49.575614523464544, 62.496101711166574 ], [ -49.575802663366147, 62.496094747668252 ], [ -49.575787606009975, 62.496007738111913 ], [ -49.575975745198861, 62.49600077435344 ], [ -49.57616388428886, 62.495993810309457 ], [ -49.576178942872687, 62.49608081981507 ], [ -49.576743361390783, 62.496059925893981 ], [ -49.576931500699004, 62.49605296068259 ], [ -49.57694656183704, 62.496139970116104 ], [ -49.577134701660185, 62.496133004593851 ], [ -49.577699120536082, 62.496112106314008 ], [ -49.577684056942751, 62.496025096981995 ], [ -49.577495918030195, 62.496032063335406 ], [ -49.577480855149602, 62.495945054007372 ], [ -49.577292716751948, 62.495952020049913 ], [ -49.577104578255366, 62.495958985806936 ], [ -49.576916439659882, 62.495965951278464 ], [ -49.576901378719661, 62.49587894190369 ], [ -49.57671324063908, 62.495885907064327 ], [ -49.576525102459598, 62.495892871939468 ] ], [ [ -49.588407811310041, 62.495627542901182 ], [ -49.588784077547366, 62.495613576790831 ], [ -49.588768977839358, 62.495526568986982 ], [ -49.588392712829567, 62.495540535046487 ], [ -49.588407811310041, 62.495627542901182 ] ], [ [ -49.560737240093061, 62.494374752860686 ], [ -49.560722233181082, 62.494287742093086 ], [ -49.560534102152594, 62.494294682638305 ], [ -49.560345971025548, 62.494301622898014 ], [ -49.560330965439725, 62.494214612109253 ], [ -49.560142834827943, 62.494221552058164 ], [ -49.560127829954446, 62.494134541273517 ], [ -49.559939699857928, 62.494141480911665 ], [ -49.559751569662865, 62.494148420264317 ], [ -49.559563439369285, 62.494155359331472 ], [ -49.559548436435705, 62.49406834850037 ], [ -49.559360306657396, 62.494075287256756 ], [ -49.559172176780564, 62.494082225727631 ], [ -49.559157175173091, 62.49399521487539 ], [ -49.558780916351466, 62.49400909091009 ], [ -49.558765916070087, 62.49392208003669 ], [ -49.559142173664135, 62.493908204052516 ], [ -49.559330302313384, 62.493901265632175 ], [ -49.559315300289157, 62.493814254863963 ], [ -49.559503428226108, 62.4938073161834 ], [ -49.559879683804439, 62.493793437965778 ], [ -49.5598646800374, 62.493706427302783 ], [ -49.559849676368877, 62.493619416669155 ], [ -49.559661549856521, 62.49362635587017 ], [ -49.559473423245649, 62.493633294785688 ], [ -49.559443418659257, 62.493459273505508 ], [ -49.559631544042603, 62.493452334640523 ], [ -49.559819669327418, 62.49344539549007 ], [ -49.559804665954481, 62.493358384944592 ], [ -49.559616541283418, 62.493365324069785 ], [ -49.559601538622758, 62.493278313528435 ], [ -49.558849041408386, 62.493306067073213 ], [ -49.558834041301267, 62.493219056460163 ], [ -49.558645917365169, 62.493225994107362 ], [ -49.558660916858528, 62.49331300474568 ], [ -49.558472792210175, 62.493319942132665 ], [ -49.558284667463319, 62.493326879234139 ], [ -49.558299665827654, 62.493413889952372 ], [ -49.558314664290478, 62.493500900699985 ], [ -49.5581265382176, 62.493507837566511 ], [ -49.558141536165145, 62.493594848368772 ], [ -49.557953409380005, 62.493601784975063 ], [ -49.557968406812265, 62.493688795831979 ], [ -49.557780279314862, 62.49369573217804 ], [ -49.557592151718978, 62.493702668238583 ], [ -49.557607148022157, 62.493789679175421 ], [ -49.558171532355715, 62.493768870061466 ], [ -49.558201528940245, 62.493942891871711 ], [ -49.558389658082021, 62.493935954878864 ], [ -49.558404657135824, 62.494022965802813 ], [ -49.558592786792893, 62.494016028499203 ], [ -49.558622786423584, 62.494190050384702 ], [ -49.558810917209748, 62.494183112745063 ], [ -49.558825917786656, 62.494270123706613 ], [ -49.559014049088113, 62.494263185756203 ], [ -49.559202180291052, 62.494256247520283 ], [ -49.559217182194075, 62.494343258460681 ], [ -49.559405313912308, 62.494336319913991 ], [ -49.559593445532016, 62.494329381081812 ], [ -49.559608448761175, 62.494416392001064 ], [ -49.559796580896162, 62.494409452858086 ], [ -49.559984712932618, 62.494402513429606 ], [ -49.559999717487919, 62.49448952432769 ], [ -49.560187850039654, 62.49448258458844 ], [ -49.560202855307303, 62.494569595490631 ], [ -49.560390988374301, 62.49456265544061 ], [ -49.560405994354305, 62.494649666346909 ], [ -49.560594127936575, 62.494642725986083 ], [ -49.56060913462894, 62.494729736896481 ], [ -49.560985402725457, 62.494715855267778 ], [ -49.561000410744022, 62.494802866157009 ], [ -49.561188545258261, 62.494795924889118 ], [ -49.561376679673934, 62.49478898333571 ], [ -49.561564813991048, 62.494782041496805 ], [ -49.561549804131026, 62.494695030683417 ], [ -49.561737937735757, 62.494688088584283 ], [ -49.561722927360499, 62.494601077825571 ], [ -49.561534794369585, 62.494608019899417 ], [ -49.561519784706718, 62.494521009144805 ], [ -49.56150477514241, 62.494433998419566 ], [ -49.561316643280549, 62.49444094015734 ], [ -49.561301634428617, 62.494353929436208 ], [ -49.560737240093061, 62.494374752860686 ] ], [ [ -49.560210924300485, 62.49351852685696 ], [ -49.560022798598958, 62.493525466603685 ], [ -49.560037802782709, 62.493612477182651 ], [ -49.56022592909801, 62.493605537410652 ], [ -49.560210924300485, 62.49351852685696 ] ], [ [ -49.560059736694498, 62.494837568213867 ], [ -49.560247871701499, 62.494830628373506 ], [ -49.560436006609962, 62.494823688247649 ], [ -49.560421000432854, 62.494736677282589 ], [ -49.560044731745045, 62.494750557198245 ], [ -49.560059736694498, 62.494837568213867 ] ], [ [ -49.555627670593154, 62.494388025181443 ], [ -49.555815803568734, 62.494381092084616 ], [ -49.555800812812791, 62.494294080718902 ], [ -49.555612680451027, 62.494301013790484 ], [ -49.555627670593154, 62.494388025181443 ] ], [ [ -49.513206145173157, 62.495418610633436 ], [ -49.51301799373509, 62.495425479049175 ], [ -49.51282984219948, 62.49543234717936 ], [ -49.512859542882559, 62.495606381107301 ], [ -49.5130476956462, 62.495599512927093 ], [ -49.513062546748067, 62.495686529910174 ], [ -49.513438853210786, 62.495672792643049 ], [ -49.51362700629582, 62.495665923581136 ], [ -49.513612153351886, 62.495578906673089 ], [ -49.513800305725347, 62.495572037350655 ], [ -49.513785452264948, 62.495485020497064 ], [ -49.513770598902106, 62.495398003672896 ], [ -49.513394296513681, 62.495411741932138 ], [ -49.513379444476413, 62.495324725087364 ], [ -49.513191293749891, 62.495331593763638 ], [ -49.513206145173157, 62.495418610633436 ] ], [ [ -49.530297702742708, 62.494618360342756 ], [ -49.530282795644183, 62.49453134581271 ], [ -49.530094654940349, 62.494538240137778 ], [ -49.530079748553632, 62.494451225612018 ], [ -49.529515327696522, 62.494471906798736 ], [ -49.529530232241498, 62.494558921399808 ], [ -49.529342091146106, 62.494565814582749 ], [ -49.52935699517505, 62.494652829238355 ], [ -49.529371899301864, 62.494739843923355 ], [ -49.529560041625096, 62.494732950690199 ], [ -49.529748183850444, 62.494726057171505 ], [ -49.529936325977907, 62.494719163367272 ], [ -49.529951232044382, 62.494806178006371 ], [ -49.530139374687877, 62.494799283891503 ], [ -49.530154281466189, 62.494886298534894 ], [ -49.530342424625708, 62.494879404109369 ], [ -49.53071871065103, 62.494865614401725 ], [ -49.530703802030942, 62.494778599833673 ], [ -49.530515659681157, 62.494785494805143 ], [ -49.530500751772905, 62.494698480241389 ], [ -49.530312609939138, 62.494705374902217 ], [ -49.530297702742708, 62.494618360342756 ] ], [ [ -49.531540133225171, 62.494135020419435 ], [ -49.531525222318884, 62.494048006212232 ], [ -49.531510311510509, 62.493960992034438 ], [ -49.531134038742451, 62.49397478409508 ], [ -49.530945902211549, 62.493981679697114 ], [ -49.53093099334275, 62.493894665473384 ], [ -49.530742857327823, 62.493901560764776 ], [ -49.530554721214983, 62.493908455770651 ], [ -49.530366585004252, 62.493915350490994 ], [ -49.530178448695615, 62.49392224492582 ], [ -49.530193355108864, 62.494009259250006 ], [ -49.530005218088448, 62.494016153424418 ], [ -49.530020123985707, 62.494103167803111 ], [ -49.530035029980844, 62.494190182211227 ], [ -49.53022316822905, 62.494183287986601 ], [ -49.530238074935987, 62.494270302399002 ], [ -49.530426213700196, 62.494263407863741 ], [ -49.53045602863557, 62.494437436726564 ], [ -49.530832308325898, 62.494423646698991 ], [ -49.530802490934903, 62.49424961793661 ], [ -49.530614352366499, 62.494256513042934 ], [ -49.530599444431765, 62.494169498680748 ], [ -49.530787582386274, 62.494162603599534 ], [ -49.53135199566232, 62.494141916642747 ], [ -49.531540133225171, 62.494135020419435 ] ], [ [ -49.529787270697085, 62.493849018593913 ], [ -49.529975406587617, 62.49384212475524 ], [ -49.530163542380258, 62.493835230631056 ], [ -49.530148636162792, 62.493748216365695 ], [ -49.529772365707387, 62.493762004278324 ], [ -49.529787270697085, 62.493849018593913 ] ], [ [ -49.53805022522593, 62.493458406380874 ], [ -49.537862094162023, 62.493465312471663 ], [ -49.537847162874328, 62.493378299266105 ], [ -49.537470901680031, 62.49339211054086 ], [ -49.537485831740049, 62.493479123796725 ], [ -49.537297700381991, 62.493486029030983 ], [ -49.536921437371753, 62.493499838642968 ], [ -49.536936365688291, 62.493586852003695 ], [ -49.537312629926213, 62.49357304234141 ], [ -49.537500761898116, 62.493566137082006 ], [ -49.538065157225518, 62.493545419590696 ], [ -49.538253288805201, 62.493538513189229 ], [ -49.538223423676413, 62.493364486849302 ], [ -49.538035293324405, 62.493371393200448 ], [ -49.53805022522593, 62.493458406380874 ] ], [ [ -49.541278323273744, 62.493514984747748 ], [ -49.54129326590472, 62.493601997588627 ], [ -49.541481397044457, 62.493595086283143 ], [ -49.541669528086047, 62.493588174692142 ], [ -49.541639640466911, 62.493414149140506 ], [ -49.541451510652969, 62.49342106068115 ], [ -49.541263380740894, 62.493427971936285 ], [ -49.541248438306177, 62.493340959154217 ], [ -49.541060308909799, 62.493347870098681 ], [ -49.540684049822687, 62.493361691131085 ], [ -49.54069899041594, 62.493448703988655 ], [ -49.540887120622379, 62.493441793590044 ], [ -49.540902061927568, 62.493528806451849 ], [ -49.541090192649719, 62.49352189574256 ], [ -49.541278323273744, 62.493514984747748 ] ], [ [ -49.530698133150516, 62.493640518194702 ], [ -49.530668317521823, 62.493466489961712 ], [ -49.530480184478357, 62.493473384842027 ], [ -49.530292051336993, 62.493480279436817 ], [ -49.530306957874657, 62.493567293588825 ], [ -49.530118824021535, 62.493574187923215 ], [ -49.530133730043218, 62.493661202129751 ], [ -49.53050999887931, 62.493647413125252 ], [ -49.530698133150516, 62.493640518194702 ] ], [ [ -49.557794457593097, 62.532226351540324 ], [ -49.557982858999168, 62.532219414071783 ], [ -49.558171260306473, 62.53221247631727 ], [ -49.558156240375034, 62.53212545167932 ], [ -49.558344640967995, 62.532118513664152 ], [ -49.558329620519771, 62.532031489080858 ], [ -49.558518020398388, 62.532024550805041 ], [ -49.558487978567179, 62.531850501777072 ], [ -49.558676377115901, 62.531843563265895 ], [ -49.558646334448731, 62.531669514405927 ], [ -49.558834731667581, 62.531662575659404 ], [ -49.558819709866633, 62.531575551298737 ], [ -49.558631313263319, 62.531582490019964 ], [ -49.558601271188849, 62.531408441336097 ], [ -49.558224480148013, 62.531422317819498 ], [ -49.558209460490005, 62.531335293470988 ], [ -49.557455879685207, 62.531363042905248 ], [ -49.557470896881092, 62.531450067354946 ], [ -49.556905708393934, 62.531470876504066 ], [ -49.55671731203406, 62.531477812315195 ], [ -49.556732326866545, 62.531564836895413 ], [ -49.556543929792383, 62.531571772445879 ], [ -49.556558944108062, 62.531658797080738 ], [ -49.556573958522485, 62.531745821744934 ], [ -49.556385560118493, 62.531752757060033 ], [ -49.556400574016102, 62.531839781778878 ], [ -49.556212174897809, 62.531846716833314 ], [ -49.556227188278598, 62.531933741606778 ], [ -49.556302256663571, 62.532368865914385 ], [ -49.556113853753132, 62.532375800834593 ], [ -49.556158894122206, 62.53263687584721 ], [ -49.556347298879416, 62.532629940851145 ], [ -49.556362313148853, 62.532716965888767 ], [ -49.556550718422905, 62.532710030581448 ], [ -49.556535703537875, 62.532623005569121 ], [ -49.556724108097605, 62.53261607000114 ], [ -49.55673912359822, 62.532703094988172 ], [ -49.557115933652589, 62.532689222943716 ], [ -49.557100916920781, 62.532602198007261 ], [ -49.557289321184236, 62.53259526158137 ], [ -49.557274303935607, 62.53250823669957 ], [ -49.557651110935055, 62.532494363040499 ], [ -49.557621074271751, 62.532320313466094 ], [ -49.557809476392165, 62.532313376258209 ], [ -49.557794457593097, 62.532226351540324 ] ] ] ] } }
]
}
