,datetime,lst_median_C,lst_mean_C,lst_mean_uncertainty,lst_std,bootstrap_ci_lower,bootstrap_ci_upper,n_valid_pixels
0,2016-01-01 12:00:00,,,,,,,0
1,2016-01-02 12:00:00,,,,,,,0
2,2016-01-03 12:00:00,,,,,,,0
3,2016-01-04 12:00:00,,,,,,,0
4,2016-01-05 12:00:00,,,,,,,0
5,2016-01-06 12:00:00,,,,,,,0
6,2016-01-07 12:00:00,,,,,,,0
7,2016-01-08 12:00:00,,,,,,,0
8,2016-01-09 12:00:00,,,,,,,0
9,2016-01-10 12:00:00,,,,,,,0
10,2016-01-11 12:00:00,,,,,,,0
11,2016-01-12 12:00:00,,,,,,,0
12,2016-01-13 12:00:00,,,,,,,0
13,2016-01-14 12:00:00,,,,,,,0
14,2016-01-15 12:00:00,,,,,,,0
15,2016-01-16 12:00:00,,,,,,,0
16,2016-01-17 12:00:00,,,,,,,0
17,2016-01-18 12:00:00,-1.9200134,-1.9133301,0.19100003,0.009437303,,,3
18,2016-01-19 12:00:00,,,,,,,0
19,2016-01-20 12:00:00,,,,,,,0
20,2016-01-21 12:00:00,,,,,,,0
21,2016-01-22 12:00:00,,,,,,,0
22,2016-01-23 12:00:00,,,,,,,0
23,2016-01-24 12:00:00,,,,,,,0
24,2016-01-25 12:00:00,,,,,,,0
25,2016-01-26 12:00:00,,,,,,,0
26,2016-01-27 12:00:00,,,,,,,0
27,2016-01-28 12:00:00,,,,,,,0
28,2016-01-29 12:00:00,,,,,,,0
29,2016-01-30 12:00:00,,,,,,,0
30,2016-01-31 12:00:00,,,,,,,0
31,2016-02-01 12:00:00,,,,,,,0
32,2016-02-02 12:00:00,,,,,,,0
33,2016-02-03 12:00:00,,,,,,,0
34,2016-02-04 12:00:00,,,,,,,0
35,2016-02-05 12:00:00,,,,,,,0
36,2016-02-06 12:00:00,,,,,,,0
37,2016-02-07 12:00:00,,,,,,,0
38,2016-02-08 12:00:00,,,,,,,0
39,2016-02-09 12:00:00,,,,,,,0
40,2016-02-10 12:00:00,,,,,,,0
41,2016-02-11 12:00:00,,,,,,,0
42,2016-02-12 12:00:00,,,,,,,0
43,2016-02-13 12:00:00,,,,,,,0
44,2016-02-14 12:00:00,,,,,,,0
45,2016-02-15 12:00:00,,,,,,,0
46,2016-02-16 12:00:00,,,,,,,0
47,2016-02-17 12:00:00,,,,,,,0
48,2016-02-18 12:00:00,,,,,,,0
49,2016-02-19 12:00:00,,,,,,,0
50,2016-02-20 12:00:00,,,,,,,0
51,2016-02-21 12:00:00,,,,,,,0
52,2016-02-22 12:00:00,,,,,,,0
53,2016-02-23 12:00:00,,,,,,,0
54,2016-02-24 12:00:00,,,,,,,0
55,2016-02-25 12:00:00,,,,,,,0
56,2016-02-26 12:00:00,,,,,,,0
57,2016-02-27 12:00:00,,,,,,,0
58,2016-02-28 12:00:00,,,,,,,0
59,2016-02-29 12:00:00,,,,,,,0
60,2016-03-01 12:00:00,,,,,,,0
61,2016-03-02 12:00:00,,,,,,,0
62,2016-03-03 12:00:00,,,,,,,0
63,2016-03-04 12:00:00,,,,,,,0
64,2016-03-05 12:00:00,,,,,,,0
65,2016-03-06 12:00:00,,,,,,,0
66,2016-03-07 12:00:00,,,,,,,0
67,2016-03-08 12:00:00,,,,,,,0
68,2016-03-09 12:00:00,,,,,,,0
69,2016-03-10 12:00:00,,,,,,,0
70,2016-03-11 12:00:00,,,,,,,0
71,2016-03-12 12:00:00,,,,,,,0
72,2016-03-13 12:00:00,,,,,,,0
73,2016-03-14 12:00:00,,,,,,,0
74,2016-03-15 12:00:00,,,,,,,0
75,2016-03-16 12:00:00,,,,,,,0
76,2016-03-17 12:00:00,,,,,,,0
77,2016-03-18 12:00:00,,,,,,,0
78,2016-03-19 12:00:00,,,,,,,0
79,2016-03-20 12:00:00,,,,,,,0
80,2016-03-21 12:00:00,,,,,,,0
81,2016-03-22 12:00:00,,,,,,,0
82,2016-03-23 12:00:00,,,,,,,0
83,2016-03-24 12:00:00,,,,,,,0
84,2016-03-25 12:00:00,-0.5,-0.29815674,0.24745458,0.9937647,-0.8800048828125,0.029998779296875,33
85,2016-03-26 12:00:00,,,,,,,0
86,2016-03-27 12:00:00,,,,,,,0
87,2016-03-28 12:00:00,,,,,,,0
88,2016-03-29 12:00:00,,,,,,,0
89,2016-03-30 12:00:00,,,,,,,0
90,2016-03-31 12:00:00,,,,,,,0
91,2016-04-01 12:00:00,,,,,,,0
92,2016-04-02 12:00:00,,,,,,,0
93,2016-04-03 12:00:00,,,,,,,0
94,2016-04-04 12:00:00,,,,,,,0
95,2016-04-05 12:00:00,,,,,,,0
96,2016-04-06 12:00:00,,,,,,,0
97,2016-04-07 12:00:00,,,,,,,0
98,2016-04-08 12:00:00,,,,,,,0
99,2016-04-09 12:00:00,,,,,,,0
100,2016-04-10 12:00:00,1.0350037,1.4386902,0.2640574,0.949048,0.910003662109375,1.20001220703125,122
101,2016-04-11 12:00:00,1.9599915,0.8663025,0.30434886,1.6629908,0.579986572265625,2.25,43
102,2016-04-12 12:00:00,1.7099915,2.3423462,0.24864708,1.7846113,0.95001220703125,4.670013427734375,17
103,2016-04-13 12:00:00,,,,,,,0
104,2016-04-14 12:00:00,,,,,,,0
105,2016-04-15 12:00:00,,,,,,,0
106,2016-04-16 12:00:00,,,,,,,0
107,2016-04-17 12:00:00,,,,,,,0
108,2016-04-18 12:00:00,,,,,,,0
109,2016-04-19 12:00:00,,,,,,,0
110,2016-04-20 12:00:00,,,,,,,0
111,2016-04-21 12:00:00,,,,,,,0
112,2016-04-22 12:00:00,,,,,,,0
113,2016-04-23 12:00:00,-1.1099854,-1.1099854,0.20700002,0.0,,,1
114,2016-04-24 12:00:00,3.4549866,3.4549866,0.17950001,0.19499207,,,2
115,2016-04-25 12:00:00,,,,,,,0
116,2016-04-26 12:00:00,,,,,,,0
117,2016-04-27 12:00:00,0.9200134,1.0650024,0.18175001,1.246409,-0.55999755859375,2.350006103515625,8
118,2016-04-28 12:00:00,,,,,,,0
119,2016-04-29 12:00:00,-0.25,0.17749023,0.20258336,2.1640139,-1.94000244140625,1.6797577142715454,12
120,2016-04-30 12:00:00,,,,,,,0
121,2016-05-01 12:00:00,,,,,,,0
122,2016-05-02 12:00:00,,,,,,,0
123,2016-05-03 12:00:00,,,,,,,0
124,2016-05-04 12:00:00,,,,,,,0
125,2016-05-05 12:00:00,,,,,,,0
126,2016-05-06 12:00:00,,,,,,,0
127,2016-05-07 12:00:00,,,,,,,0
128,2016-05-08 12:00:00,,,,,,,0
129,2016-05-09 12:00:00,,,,,,,0
130,2016-05-10 12:00:00,,,,,,,0
131,2016-05-11 12:00:00,,,,,,,0
132,2016-05-12 12:00:00,,,,,,,0
133,2016-05-13 12:00:00,3.6600037,4.2948303,0.29977274,2.0079217,3.30999755859375,4.80999755859375,66
134,2016-05-14 12:00:00,3.3399963,3.631256,0.31590143,1.8409005,2.649993896484375,3.850006103515625,71
135,2016-05-15 12:00:00,2.725006,2.8850098,0.28775,1.5881456,2.209991455078125,3.220001220703125,84
136,2016-05-16 12:00:00,-0.13000488,-0.0032043457,0.19319999,1.0858517,-0.67999267578125,0.04998779296875,25
137,2016-05-17 12:00:00,2.7200012,2.9683838,0.25324002,1.3482975,2.4199981689453125,2.930367946624756,50
138,2016-05-18 12:00:00,2.1099854,2.2293396,0.26680374,1.8720367,1.850006103515625,2.230010986328125,107
139,2016-05-19 12:00:00,2.4700012,2.6230164,0.2691,0.68407416,2.350006103515625,3.42999267578125,10
140,2016-05-20 12:00:00,,,,,,,0
141,2016-05-21 12:00:00,,,,,,,0
142,2016-05-22 12:00:00,,,,,,,0
143,2016-05-23 12:00:00,2.9150085,3.1733398,0.23816665,1.2522002,2.209991455078125,3.535003662109375,24
144,2016-05-24 12:00:00,,,,,,,0
145,2016-05-25 12:00:00,,,,,,,0
146,2016-05-26 12:00:00,1.5799866,1.659668,0.2562756,0.8157735,1.54998779296875,1.69000244140625,127
147,2016-05-27 12:00:00,0.35998535,0.67196655,0.25179464,1.4381914,0.1550140380859375,0.55999755859375,112
148,2016-05-28 12:00:00,1.9100037,2.289215,0.26044443,1.1497843,1.82000732421875,2.06500244140625,126
149,2016-05-29 12:00:00,1.9599915,1.8709717,0.22296773,1.7943021,1.029998779296875,2.600006103515625,31
150,2016-05-30 12:00:00,,,,,,,0
151,2016-05-31 12:00:00,,,,,,,0
152,2016-06-01 12:00:00,,,,,,,0
153,2016-06-02 12:00:00,-0.7200012,-0.4446106,0.23228572,1.2765099,-1.260009765625,-0.1199951171875,63
154,2016-06-03 12:00:00,,,,,,,0
155,2016-06-04 12:00:00,,,,,,,0
156,2016-06-05 12:00:00,0.99002075,1.3013611,0.16981818,1.2568356,0.81500244140625,1.260009765625,22
157,2016-06-06 12:00:00,,,,,,,0
158,2016-06-07 12:00:00,,,,,,,0
159,2016-06-08 12:00:00,3.4349976,3.9248352,0.3766077,1.4310006,3.219876527786255,3.6299896240234375,130
160,2016-06-09 12:00:00,3.1700134,3.6004639,0.2613396,1.817965,3.0749969482421875,3.30999755859375,106
161,2016-06-10 12:00:00,,,,,,,0
162,2016-06-11 12:00:00,3.7000122,4.3854065,0.32319233,1.9330283,3.57000732421875,3.8900146484375,130
163,2016-06-12 12:00:00,3.4400024,4.2919006,0.37762308,1.8416241,3.32000732421875,3.68526291847229,130
164,2016-06-13 12:00:00,3.730011,4.3782043,0.29746926,1.6387522,3.519989013671875,3.890249490737915,130
165,2016-06-14 12:00:00,3.6700134,4.3029785,0.2843154,1.642432,3.4998748302459717,3.8699951171875,130
166,2016-06-15 12:00:00,3.7799988,4.6082153,0.3966231,1.8339504,3.6298797130584717,4.010009765625,130
167,2016-06-16 12:00:00,1.9200134,2.362732,0.23800828,2.4260716,1.6300048828125,2.07000732421875,121
168,2016-06-17 12:00:00,1.0799866,1.2686157,0.24505062,1.4298431,0.739990234375,1.3599853515625,79
169,2016-06-18 12:00:00,,,,,,,0
170,2016-06-19 12:00:00,3.4250183,4.118469,0.31633595,1.408294,3.2449951171875,3.970001220703125,128
171,2016-06-20 12:00:00,3.369995,3.802002,0.2711846,1.3626072,3.290008544921875,3.4199981689453125,130
172,2016-06-21 12:00:00,4.1099854,4.752838,0.22663416,1.7498567,3.92999267578125,4.239990234375,123
173,2016-06-22 12:00:00,,,,,,,0
174,2016-06-23 12:00:00,,,,,,,0
175,2016-06-24 12:00:00,4.0849915,5.0043335,0.27390218,2.8215852,3.79998779296875,5.058386325836182,92
176,2016-06-25 12:00:00,,,,,,,0
177,2016-06-26 12:00:00,,,,,,,0
178,2016-06-27 12:00:00,3.1700134,3.5809326,0.26326853,1.1257423,3.1300048828125,3.2451202869415283,108
179,2016-06-28 12:00:00,,,,,,,0
180,2016-06-29 12:00:00,,,,,,,0
181,2016-06-30 12:00:00,3.5400085,3.97818,0.41793078,1.1447072,3.45001220703125,3.7501251697540283,130
182,2016-07-01 12:00:00,3.9500122,4.5676575,0.34758142,1.6610243,3.8599853515625,4.149993896484375,129
183,2016-07-02 12:00:00,,,,,,,0
184,2016-07-03 12:00:00,4.0450134,4.4993896,0.30290768,1.4076133,3.8648650646209717,4.170013427734375,130
185,2016-07-04 12:00:00,3.6799927,4.435669,0.28930306,1.823897,3.6199951171875,3.850006103515625,99
186,2016-07-05 12:00:00,3.7450256,4.2967834,0.3718539,1.3532304,3.6199951171875,3.93499755859375,130
187,2016-07-06 12:00:00,4.0700073,4.5974426,0.37108466,1.321881,3.9300079345703125,4.329986572265625,130
188,2016-07-07 12:00:00,2.8849792,2.7606812,0.22500001,1.0699104,2.779998779296875,3.040008544921875,70
189,2016-07-08 12:00:00,,,,,,,0
190,2016-07-09 12:00:00,,,,,,,0
191,2016-07-10 12:00:00,,,,,,,0
192,2016-07-11 12:00:00,,,,,,,0
193,2016-07-12 12:00:00,3.3900146,3.7807922,0.3027638,1.3488296,3.32000732421875,3.459991455078125,127
194,2016-07-13 12:00:00,3.2900085,3.3426208,0.28671545,1.2568623,2.989990234375,3.3800048828125,123
195,2016-07-14 12:00:00,3.9499817,4.3746643,0.40561542,1.2558775,3.75,4.18499755859375,130
196,2016-07-15 12:00:00,4.100006,4.5872498,0.38235387,1.3687993,3.915008544921875,4.280124187469482,130
197,2016-07-16 12:00:00,,,,,,,0
198,2016-07-17 12:00:00,,,,,,,0
199,2016-07-18 12:00:00,4.755005,5.6082153,0.2597308,2.6062253,4.019989013671875,6.42999267578125,78
200,2016-07-19 12:00:00,4.7549744,5.4196777,0.49316153,1.830607,4.6349945068359375,4.9000091552734375,130
201,2016-07-20 12:00:00,4.380005,4.9121704,0.4514923,1.324427,4.279873847961426,4.600006103515625,130
202,2016-07-21 12:00:00,4.7900085,4.7900085,0.29000002,0.0,,,1
203,2016-07-22 12:00:00,3.9500122,4.772583,0.2926142,1.8290342,3.910003662109375,4.25,127
204,2016-07-23 12:00:00,3.9299927,4.3770447,0.34361246,1.6104981,3.75,4.32000732421875,129
205,2016-07-24 12:00:00,4.5599976,5.122864,0.41837692,1.3565652,4.5,4.725006103515625,130
206,2016-07-25 12:00:00,4.9299927,5.408539,0.2768308,1.4517721,4.769989013671875,5.110250949859619,130
207,2016-07-26 12:00:00,4.9599915,5.431549,0.3218154,1.7569078,4.6150054931640625,5.215121746063232,130
208,2016-07-27 12:00:00,4.529999,5.235016,0.37719235,1.8084528,4.3549957275390625,4.6800079345703125,130
209,2016-07-28 12:00:00,4.48999,5.099457,0.35288462,1.8309914,4.290008544921875,4.6450042724609375,130
210,2016-07-29 12:00:00,4.1650085,4.3384705,0.3311231,1.5232528,4.1199951171875,4.420013427734375,130
211,2016-07-30 12:00:00,4.8000183,5.740082,0.37312305,2.0927358,4.625,4.959991455078125,130
212,2016-07-31 12:00:00,4.644989,5.553192,0.399586,2.2757752,4.4749908447265625,4.760260105133057,128
213,2016-08-01 12:00:00,3.630005,4.3448486,0.32437694,1.9328719,3.3448760509490967,3.7449951171875,130
214,2016-08-02 12:00:00,3.2900085,4.4230957,0.28373566,3.9852536,2.339996337890625,6.6400146484375,87
215,2016-08-03 12:00:00,4.470001,5.0315857,0.2908308,1.4346116,4.350006103515625,4.655374526977539,130
216,2016-08-04 12:00:00,4.23999,4.73172,0.40026155,1.2421063,4.07000732421875,4.4050140380859375,130
217,2016-08-05 12:00:00,4.144989,4.929199,0.34577695,1.6394137,4.0,4.589996337890625,130
218,2016-08-06 12:00:00,4.3000183,5.063904,0.34437695,2.17411,4.04998779296875,4.614990234375,130
219,2016-08-07 12:00:00,4.8099976,5.451172,0.3571102,2.529718,3.760009765625,5.3900146484375,127
220,2016-08-08 12:00:00,,,,,,,0
221,2016-08-09 12:00:00,,,,,,,0
222,2016-08-10 12:00:00,5.380005,6.129425,0.30141512,2.6353917,4.540008544921875,6.399993896484375,53
223,2016-08-11 12:00:00,2.6400146,2.8145447,0.23392728,1.8906091,1.970001220703125,3.1199951171875,55
224,2016-08-12 12:00:00,,,,,,,0
225,2016-08-13 12:00:00,4.6349792,5.221161,0.3163906,1.7771033,4.260009765625,4.8899993896484375,128
226,2016-08-14 12:00:00,4.4200134,5.163574,0.3739375,1.8919606,4.1949920654296875,4.769989013671875,128
227,2016-08-15 12:00:00,,,,,,,0
228,2016-08-16 12:00:00,4.154999,4.7847595,0.35531253,1.4519188,4.040008544921875,4.430367946624756,128
229,2016-08-17 12:00:00,4.3900146,4.714905,0.37722483,0.9313317,4.25,4.440252780914307,129
230,2016-08-18 12:00:00,3.9700012,4.4791565,0.38084555,2.0529904,3.920013427734375,4.239990234375,123
231,2016-08-19 12:00:00,4.299988,5.281494,0.38609377,2.2003908,4.149993896484375,4.521366119384766,128
232,2016-08-20 12:00:00,4.4299927,4.745453,0.3530159,1.0847931,4.209741592407227,4.625,126
233,2016-08-21 12:00:00,4.1099854,4.64563,0.35641962,1.4302028,4.040008544921875,4.150369167327881,112
234,2016-08-22 12:00:00,4.2850037,4.852783,0.27430955,2.0617602,4.1450042724609375,4.3900146484375,126
235,2016-08-23 12:00:00,,,,,,,0
236,2016-08-24 12:00:00,3.9899902,4.4135437,0.2560556,1.5888647,3.8199920654296875,4.080502510070801,126
237,2016-08-25 12:00:00,,,,,,,0
238,2016-08-26 12:00:00,,,,,,,0
239,2016-08-27 12:00:00,,,,,,,0
240,2016-08-28 12:00:00,1.7799988,1.6322327,0.20805883,1.599225,1.029998779296875,2.44000244140625,85
241,2016-08-29 12:00:00,4.2900085,4.8582764,0.3496429,1.4594427,4.25,4.395129680633545,126
242,2016-08-30 12:00:00,4.130005,4.901947,0.28571096,1.7093846,4.029998779296875,4.3899993896484375,128
243,2016-08-31 12:00:00,4.25,4.718994,0.34746513,1.3549532,4.160003662109375,4.3599853515625,129
244,2016-09-01 12:00:00,3.480011,3.661621,0.19714287,1.0136483,3.3149871826171875,3.589996337890625,56
245,2016-09-02 12:00:00,,,,,,,0
246,2016-09-03 12:00:00,2.4400024,2.9927979,0.27804258,1.7107579,2.109485626220703,2.739990234375,47
247,2016-09-04 12:00:00,4.100006,4.492462,0.40024617,1.1207734,4.010009765625,4.20001220703125,130
248,2016-09-05 12:00:00,,,,,,,0
249,2016-09-06 12:00:00,,,,,,,0
250,2016-09-07 12:00:00,,,,,,,0
251,2016-09-08 12:00:00,2.4450073,2.1047058,0.2576154,1.4327439,2.1199951171875,2.6199951171875,78
252,2016-09-09 12:00:00,3.505005,3.7271729,0.40503848,1.0191,3.43499755859375,3.540008544921875,130
253,2016-09-10 12:00:00,3.769989,4.1505127,0.36288977,0.9382709,3.739990234375,3.850006103515625,127
254,2016-09-11 12:00:00,3.7900085,4.1560364,0.3740692,1.1873254,3.7350006103515625,3.8499913215637207,130
255,2016-09-12 12:00:00,,,,,,,0
256,2016-09-13 12:00:00,,,,,,,0
257,2016-09-14 12:00:00,,,,,,,0
258,2016-09-15 12:00:00,,,,,,,0
259,2016-09-16 12:00:00,1.6400146,1.4490051,0.24606453,0.9774038,0.850006103515625,2.410003662109375,31
260,2016-09-17 12:00:00,,,,,,,0
261,2016-09-18 12:00:00,0.009979248,0.1416626,0.48066667,0.77408236,-0.464996337890625,0.475006103515625,12
262,2016-09-19 12:00:00,3.394989,3.568695,0.38115627,1.0869825,3.290008544921875,3.48024582862854,128
263,2016-09-20 12:00:00,3.230011,3.2541504,0.3561308,0.51817256,3.1399993896484375,3.339996337890625,130
264,2016-09-21 12:00:00,3.230011,3.38089,0.40547252,0.73425394,3.149993896484375,3.29998779296875,127
265,2016-09-22 12:00:00,3.230011,3.3457642,0.33457813,0.7813174,3.1450042724609375,3.25,128
266,2016-09-23 12:00:00,3.3200073,3.4403076,0.34889922,0.7453143,3.1300048828125,3.480010986328125,129
267,2016-09-24 12:00:00,3.2099915,3.3145142,0.3880543,1.0584567,3.1400146484375,3.269989013671875,129
268,2016-09-25 12:00:00,,,,,,,0
269,2016-09-26 12:00:00,2.850006,3.0412903,0.41589233,0.93193847,2.80999755859375,2.93499755859375,130
270,2016-09-27 12:00:00,3.130005,3.4187622,0.3286,0.94290316,3.04998779296875,3.2449951171875,130
271,2016-09-28 12:00:00,,,,,,,0
272,2016-09-29 12:00:00,2.6849976,3.0026855,0.3624077,1.094787,2.600006103515625,2.79998779296875,130
273,2016-09-30 12:00:00,-1.5700073,-1.5700073,0.85800004,0.0,,,1
274,2016-10-01 12:00:00,2.269989,2.1871033,0.27798426,0.5777951,2.260009765625,2.3599853515625,127
275,2016-10-02 12:00:00,2.3000183,2.2544556,0.25903842,0.40624145,2.220001220703125,2.3600006103515625,130
276,2016-10-03 12:00:00,,,,,,,0
277,2016-10-04 12:00:00,2.975006,3.2096863,0.2880391,0.82833564,2.875,3.079986572265625,128
278,2016-10-05 12:00:00,2.8200073,2.7977295,0.2678455,0.92735374,2.709991455078125,2.959991455078125,123
279,2016-10-06 12:00:00,1.3299866,1.0397339,0.24774998,1.0851527,1.019239068031311,1.540008544921875,116
280,2016-10-07 12:00:00,2.519989,2.8050842,0.37950006,1.1755512,2.45001220703125,2.6199951171875,124
281,2016-10-08 12:00:00,2.5899963,2.529358,0.38114843,0.71698487,2.519989013671875,2.625,128
282,2016-10-09 12:00:00,,,,,,,0
283,2016-10-10 12:00:00,,,,,,,0
284,2016-10-11 12:00:00,2.2999878,2.2888184,0.37774223,0.5822854,2.20001220703125,2.4000091552734375,128
285,2016-10-12 12:00:00,2.0499878,2.0111084,0.6271783,0.5020643,1.980010986328125,2.1199951171875,129
286,2016-10-13 12:00:00,,,,,,,0
287,2016-10-14 12:00:00,,,,,,,0
288,2016-10-15 12:00:00,,,,,,,0
289,2016-10-16 12:00:00,1.6600037,1.5717163,0.41451615,0.46159706,1.599755883216858,1.75,124
290,2016-10-17 12:00:00,1.4299927,1.3765259,0.29184002,0.34086332,1.399993896484375,1.459991455078125,125
291,2016-10-18 12:00:00,1.2999878,1.1633911,0.28562698,0.48961616,1.239990234375,1.339996337890625,126
292,2016-10-19 12:00:00,1.1600037,1.0692749,0.34749183,0.38709623,1.100006103515625,1.25,122
293,2016-10-20 12:00:00,0.9299927,0.79208374,0.30475205,0.6173295,0.839996337890625,0.980010986328125,125
294,2016-10-21 12:00:00,1.0500183,0.9468689,0.34789062,0.46271354,1.0,1.100006103515625,128
295,2016-10-22 12:00:00,0.51000977,0.36645508,0.2654622,0.5475856,0.399993896484375,0.6099853515625,119
296,2016-10-23 12:00:00,0.480011,0.36865234,0.3169528,0.4951626,0.399993896484375,0.510009765625,127
297,2016-10-24 12:00:00,0.4500122,0.24105835,0.243384,0.6124307,0.3699951171875,0.540008544921875,125
298,2016-10-25 12:00:00,0.38000488,0.2803955,0.32225585,0.5061716,0.339996337890625,0.42999267578125,129
299,2016-10-26 12:00:00,0.14498901,-0.0044555664,0.30194536,0.4936095,0.089996337890625,0.20001220703125,128
300,2016-10-27 12:00:00,-0.23001099,-0.3547058,0.30194214,0.55765015,-0.33073651790618896,-0.1400146484375,121
301,2016-10-28 12:00:00,0.1000061,-0.037506104,0.4356641,0.44767892,0.0,0.170013427734375,128
302,2016-10-29 12:00:00,-0.4500122,-0.4288025,0.29429922,0.54780346,-0.57000732421875,-0.339996337890625,127
303,2016-10-30 12:00:00,,,,,,,0
304,2016-10-31 12:00:00,,,,,,,0
305,2016-11-01 12:00:00,0.17001343,0.08364868,0.2907091,0.65376085,0.04998779296875,0.329986572265625,110
306,2016-11-02 12:00:00,,,,,,,0
307,2016-11-03 12:00:00,,,,,,,0
308,2016-11-04 12:00:00,,,,,,,0
309,2016-11-05 12:00:00,,,,,,,0
310,2016-11-06 12:00:00,,,,,,,0
311,2016-11-07 12:00:00,,,,,,,0
312,2016-11-08 12:00:00,-0.6700134,-0.951416,0.5658857,0.66306067,-1.029998779296875,-0.6400146484375,35
313,2016-11-09 12:00:00,,,,,,,0
314,2016-11-10 12:00:00,0.010009766,-0.09744263,0.25814426,0.42778793,-0.0749969482421875,0.0500030517578125,104
315,2016-11-11 12:00:00,-0.44500732,-0.47732544,0.26857448,0.4111337,-0.55999755859375,-0.3800048828125,94
316,2016-11-12 12:00:00,,,,,,,0
317,2016-11-13 12:00:00,,,,,,,0
318,2016-11-14 12:00:00,,,,,,,0
319,2016-11-15 12:00:00,,,,,,,0
320,2016-11-16 12:00:00,0.69000244,0.69000244,0.71400005,0.0,,,3
321,2016-11-17 12:00:00,,,,,,,0
322,2016-11-18 12:00:00,,,,,,,0
323,2016-11-19 12:00:00,,,,,,,0
324,2016-11-20 12:00:00,,,,,,,0
325,2016-11-21 12:00:00,,,,,,,0
326,2016-11-22 12:00:00,,,,,,,0
327,2016-11-23 12:00:00,,,,,,,0
328,2016-11-24 12:00:00,,,,,,,0
329,2016-11-25 12:00:00,,,,,,,0
330,2016-11-26 12:00:00,,,,,,,0
331,2016-11-27 12:00:00,,,,,,,0
332,2016-11-28 12:00:00,,,,,,,0
333,2016-11-29 12:00:00,,,,,,,0
334,2016-11-30 12:00:00,,,,,,,0
335,2016-12-01 12:00:00,,,,,,,0
336,2016-12-02 12:00:00,,,,,,,0
337,2016-12-03 12:00:00,,,,,,,0
338,2016-12-04 12:00:00,,,,,,,0
339,2016-12-05 12:00:00,,,,,,,0
340,2016-12-06 12:00:00,,,,,,,0
341,2016-12-07 12:00:00,,,,,,,0
342,2016-12-08 12:00:00,,,,,,,0
343,2016-12-09 12:00:00,,,,,,,0
344,2016-12-10 12:00:00,,,,,,,0
345,2016-12-11 12:00:00,,,,,,,0
346,2016-12-12 12:00:00,,,,,,,0
347,2016-12-13 12:00:00,,,,,,,0
348,2016-12-14 12:00:00,,,,,,,0
349,2016-12-15 12:00:00,,,,,,,0
350,2016-12-16 12:00:00,,,,,,,0
351,2016-12-17 12:00:00,,,,,,,0
352,2016-12-18 12:00:00,,,,,,,0
353,2016-12-19 12:00:00,,,,,,,0
354,2016-12-20 12:00:00,,,,,,,0
355,2016-12-21 12:00:00,,,,,,,0
356,2016-12-22 12:00:00,,,,,,,0
357,2016-12-23 12:00:00,,,,,,,0
358,2016-12-24 12:00:00,,,,,,,0
359,2016-12-25 12:00:00,,,,,,,0
360,2016-12-26 12:00:00,,,,,,,0
361,2016-12-27 12:00:00,,,,,,,0
362,2016-12-28 12:00:00,,,,,,,0
363,2016-12-29 12:00:00,,,,,,,0
364,2016-12-30 12:00:00,,,,,,,0
365,2016-12-31 12:00:00,,,,,,,0
366,2017-01-01 12:00:00,,,,,,,0
367,2017-01-02 12:00:00,,,,,,,0
368,2017-01-03 12:00:00,,,,,,,0
369,2017-01-04 12:00:00,,,,,,,0
370,2017-01-05 12:00:00,,,,,,,0
371,2017-01-06 12:00:00,,,,,,,0
372,2017-01-07 12:00:00,,,,,,,0
373,2017-01-08 12:00:00,,,,,,,0
374,2017-01-09 12:00:00,,,,,,,0
375,2017-01-10 12:00:00,,,,,,,0
376,2017-01-11 12:00:00,,,,,,,0
377,2017-01-12 12:00:00,,,,,,,0
378,2017-01-13 12:00:00,,,,,,,0
379,2017-01-14 12:00:00,,,,,,,0
380,2017-01-15 12:00:00,,,,,,,0
381,2017-01-16 12:00:00,,,,,,,0
382,2017-01-17 12:00:00,,,,,,,0
383,2017-01-18 12:00:00,,,,,,,0
384,2017-01-19 12:00:00,,,,,,,0
385,2017-01-20 12:00:00,,,,,,,0
386,2017-01-21 12:00:00,,,,,,,0
387,2017-01-22 12:00:00,,,,,,,0
388,2017-01-23 12:00:00,,,,,,,0
389,2017-01-24 12:00:00,,,,,,,0
390,2017-01-25 12:00:00,,,,,,,0
391,2017-01-26 12:00:00,,,,,,,0
392,2017-01-27 12:00:00,,,,,,,0
393,2017-01-28 12:00:00,,,,,,,0
394,2017-01-29 12:00:00,,,,,,,0
395,2017-01-30 12:00:00,,,,,,,0
396,2017-01-31 12:00:00,,,,,,,0
397,2017-02-01 12:00:00,,,,,,,0
398,2017-02-02 12:00:00,,,,,,,0
399,2017-02-03 12:00:00,,,,,,,0
400,2017-02-04 12:00:00,,,,,,,0
401,2017-02-05 12:00:00,,,,,,,0
402,2017-02-06 12:00:00,,,,,,,0
403,2017-02-07 12:00:00,,,,,,,0
404,2017-02-08 12:00:00,,,,,,,0
405,2017-02-09 12:00:00,,,,,,,0
406,2017-02-10 12:00:00,,,,,,,0
407,2017-02-11 12:00:00,,,,,,,0
408,2017-02-12 12:00:00,,,,,,,0
409,2017-02-13 12:00:00,,,,,,,0
410,2017-02-14 12:00:00,,,,,,,0
411,2017-02-15 12:00:00,,,,,,,0
412,2017-02-16 12:00:00,,,,,,,0
413,2017-02-17 12:00:00,,,,,,,0
414,2017-02-18 12:00:00,,,,,,,0
415,2017-02-19 12:00:00,,,,,,,0
416,2017-02-20 12:00:00,,,,,,,0
417,2017-02-21 12:00:00,,,,,,,0
418,2017-02-22 12:00:00,,,,,,,0
419,2017-02-23 12:00:00,,,,,,,0
420,2017-02-24 12:00:00,,,,,,,0
421,2017-02-25 12:00:00,,,,,,,0
422,2017-02-26 12:00:00,,,,,,,0
423,2017-02-27 12:00:00,,,,,,,0
424,2017-02-28 12:00:00,,,,,,,0
425,2017-03-01 12:00:00,,,,,,,0
426,2017-03-02 12:00:00,,,,,,,0
427,2017-03-03 12:00:00,,,,,,,0
428,2017-03-04 12:00:00,,,,,,,0
429,2017-03-05 12:00:00,,,,,,,0
430,2017-03-06 12:00:00,,,,,,,0
431,2017-03-07 12:00:00,,,,,,,0
432,2017-03-08 12:00:00,,,,,,,0
433,2017-03-09 12:00:00,,,,,,,0
434,2017-03-10 12:00:00,,,,,,,0
435,2017-03-11 12:00:00,,,,,,,0
436,2017-03-12 12:00:00,,,,,,,0
437,2017-03-13 12:00:00,,,,,,,0
438,2017-03-14 12:00:00,,,,,,,0
439,2017-03-15 12:00:00,,,,,,,0
440,2017-03-16 12:00:00,,,,,,,0
441,2017-03-17 12:00:00,,,,,,,0
442,2017-03-18 12:00:00,,,,,,,0
443,2017-03-19 12:00:00,,,,,,,0
444,2017-03-20 12:00:00,,,,,,,0
445,2017-03-21 12:00:00,,,,,,,0
446,2017-03-22 12:00:00,,,,,,,0
447,2017-03-23 12:00:00,,,,,,,0
448,2017-03-24 12:00:00,,,,,,,0
449,2017-03-25 12:00:00,,,,,,,0
450,2017-03-26 12:00:00,,,,,,,0
451,2017-03-27 12:00:00,,,,,,,0
452,2017-03-28 12:00:00,,,,,,,0
453,2017-03-29 12:00:00,,,,,,,0
454,2017-03-30 12:00:00,,,,,,,0
455,2017-03-31 12:00:00,,,,,,,0
456,2017-04-01 12:00:00,,,,,,,0
457,2017-04-02 12:00:00,,,,,,,0
458,2017-04-03 12:00:00,,,,,,,0
459,2017-04-04 12:00:00,,,,,,,0
460,2017-04-05 12:00:00,,,,,,,0
461,2017-04-06 12:00:00,,,,,,,0
462,2017-04-07 12:00:00,,,,,,,0
463,2017-04-08 12:00:00,,,,,,,0
464,2017-04-09 12:00:00,,,,,,,0
465,2017-04-10 12:00:00,,,,,,,0
466,2017-04-11 12:00:00,,,,,,,0
467,2017-04-12 12:00:00,,,,,,,0
468,2017-04-13 12:00:00,,,,,,,0
469,2017-04-14 12:00:00,,,,,,,0
470,2017-04-15 12:00:00,,,,,,,0
471,2017-04-16 12:00:00,,,,,,,0
472,2017-04-17 12:00:00,,,,,,,0
473,2017-04-18 12:00:00,,,,,,,0
474,2017-04-19 12:00:00,,,,,,,0
475,2017-04-20 12:00:00,,,,,,,0
476,2017-04-21 12:00:00,,,,,,,0
477,2017-04-22 12:00:00,,,,,,,0
478,2017-04-23 12:00:00,,,,,,,0
479,2017-04-24 12:00:00,,,,,,,0
480,2017-04-25 12:00:00,,,,,,,0
481,2017-04-26 12:00:00,,,,,,,0
482,2017-04-27 12:00:00,,,,,,,0
483,2017-04-28 12:00:00,,,,,,,0
484,2017-04-29 12:00:00,,,,,,,0
485,2017-04-30 12:00:00,,,,,,,0
486,2017-05-01 12:00:00,,,,,,,0
487,2017-05-02 12:00:00,,,,,,,0
488,2017-05-03 12:00:00,,,,,,,0
489,2017-05-04 12:00:00,,,,,,,0
490,2017-05-05 12:00:00,,,,,,,0
491,2017-05-06 12:00:00,,,,,,,0
492,2017-05-07 12:00:00,,,,,,,0
493,2017-05-08 12:00:00,,,,,,,0
494,2017-05-09 12:00:00,,,,,,,0
495,2017-05-10 12:00:00,,,,,,,0
496,2017-05-11 12:00:00,,,,,,,0
497,2017-05-12 12:00:00,,,,,,,0
498,2017-05-13 12:00:00,,,,,,,0
499,2017-05-14 12:00:00,,,,,,,0
500,2017-05-15 12:00:00,,,,,,,0
501,2017-05-16 12:00:00,,,,,,,0
502,2017-05-17 12:00:00,,,,,,,0
503,2017-05-18 12:00:00,,,,,,,0
504,2017-05-19 12:00:00,,,,,,,0
505,2017-05-20 12:00:00,,,,,,,0
506,2017-05-21 12:00:00,,,,,,,0
507,2017-05-22 12:00:00,,,,,,,0
508,2017-05-23 12:00:00,,,,,,,0
509,2017-05-24 12:00:00,,,,,,,0
510,2017-05-25 12:00:00,,,,,,,0
511,2017-05-26 12:00:00,,,,,,,0
512,2017-05-27 12:00:00,,,,,,,0
513,2017-05-28 12:00:00,,,,,,,0
514,2017-05-29 12:00:00,,,,,,,0
515,2017-05-30 12:00:00,,,,,,,0
516,2017-05-31 12:00:00,,,,,,,0
517,2017-06-01 12:00:00,,,,,,,0
518,2017-06-02 12:00:00,,,,,,,0
519,2017-06-03 12:00:00,,,,,,,0
520,2017-06-04 12:00:00,,,,,,,0
521,2017-06-05 12:00:00,,,,,,,0
522,2017-06-06 12:00:00,1.2000122,2.3877258,0.24350001,2.5395832,1.010009765625,1.6251252889633179,22
523,2017-06-07 12:00:00,0.70999146,0.62054443,0.24327779,1.3753772,-0.95001220703125,1.649993896484375,18
524,2017-06-08 12:00:00,,,,,,,0
525,2017-06-09 12:00:00,1.0799866,1.4021912,0.29822004,1.2870613,0.910003662109375,1.19000244140625,100
526,2017-06-10 12:00:00,,,,,,,0
527,2017-06-11 12:00:00,1.4100037,1.5566101,0.27335107,1.9754535,0.959991455078125,2.1099853515625,94
528,2017-06-12 12:00:00,2.380005,3.2772217,0.3384019,2.0643828,2.230010986328125,2.660003662109375,107
529,2017-06-13 12:00:00,2.380005,2.802185,0.27654386,2.026048,2.149993896484375,2.650634527206421,114
530,2017-06-14 12:00:00,2.9899902,4.542755,0.30504045,3.5739176,2.95001220703125,3.9427547454833984,99
531,2017-06-15 12:00:00,2.600006,2.6945496,0.3660248,1.2771273,2.220001220703125,2.80999755859375,121
532,2017-06-16 12:00:00,2.4049988,2.906433,0.3515678,1.2582335,2.279998779296875,2.73525071144104,118
533,2017-06-17 12:00:00,1.5400085,2.4922485,0.24184811,2.210048,1.3800048828125,1.829986572265625,79
534,2017-06-18 12:00:00,,,,,,,0
535,2017-06-19 12:00:00,,,,,,,0
536,2017-06-20 12:00:00,2.2549744,2.6791687,0.34290007,1.1000621,2.1046206951141357,2.410003662109375,130
537,2017-06-21 12:00:00,2.744995,3.4628296,0.36085486,1.4905102,2.595001220703125,3.0106351375579834,124
538,2017-06-22 12:00:00,2.5599976,2.9817505,0.40582117,1.2407395,2.42999267578125,2.67999267578125,123
539,2017-06-23 12:00:00,2.630005,3.1474,0.2764252,1.5627198,2.3900146484375,3.019989013671875,127
540,2017-06-24 12:00:00,3.019989,3.464203,0.30022952,1.2302517,2.779998779296875,3.20001220703125,122
541,2017-06-25 12:00:00,,,,,,,0
542,2017-06-26 12:00:00,,,,,,,0
543,2017-06-27 12:00:00,,,,,,,0
544,2017-06-28 12:00:00,3.0500183,3.6571045,0.42741537,1.6172011,2.899993896484375,3.19000244140625,130
545,2017-06-29 12:00:00,,,,,,,0
546,2017-06-30 12:00:00,2.6099854,2.5776367,0.30286512,1.2630206,2.4499969482421875,2.8650054931640625,126
547,2017-07-01 12:00:00,1.3599854,1.3599854,0.194,0.0,,,1
548,2017-07-02 12:00:00,,,,,,,0
549,2017-07-03 12:00:00,,,,,,,0
550,2017-07-04 12:00:00,,,,,,,0
551,2017-07-05 12:00:00,2.2999878,2.6190186,0.2764878,1.1397347,2.159003496170044,2.45001220703125,123
552,2017-07-06 12:00:00,2.994995,3.4597473,0.37551543,1.2271643,2.8900146484375,3.1199951171875,130
553,2017-07-07 12:00:00,,,,,,,0
554,2017-07-08 12:00:00,3.6200256,3.7999878,0.22133334,0.36714068,3.480010986328125,4.29998779296875,6
555,2017-07-09 12:00:00,3.7099915,4.470215,0.37918463,1.7625431,3.489990234375,3.8851349353790283,130
556,2017-07-10 12:00:00,2.9300232,3.419159,0.28015625,1.6782556,2.7449951171875,3.279998779296875,128
557,2017-07-11 12:00:00,4.0700073,4.2066956,0.24258254,3.040005,3.399993896484375,4.5,103
558,2017-07-12 12:00:00,3.8200073,4.5940857,0.31292126,1.9578389,3.57000732421875,3.94000244140625,127
559,2017-07-13 12:00:00,,,,,,,0
560,2017-07-14 12:00:00,2.355011,2.355011,0.29400003,0.06500244,,,4
561,2017-07-15 12:00:00,,,,,,,0
562,2017-07-16 12:00:00,,,,,,,0
563,2017-07-17 12:00:00,3.2950134,3.6678162,0.37275386,0.863232,3.2350006103515625,3.4001190662384033,130
564,2017-07-18 12:00:00,,,,,,,0
565,2017-07-19 12:00:00,,,,,,,0
566,2017-07-20 12:00:00,3.8049927,4.3766174,0.3113154,1.2837297,3.68499755859375,4.160003662109375,130
567,2017-07-21 12:00:00,4.0400085,5.4370117,0.25906494,3.2213316,3.470001220703125,5.79998779296875,77
568,2017-07-22 12:00:00,,,,,,,0
569,2017-07-23 12:00:00,,,,,,,0
570,2017-07-24 12:00:00,4.350006,4.927246,0.35517326,1.8357075,4.010009765625,4.6199951171875,127
571,2017-07-25 12:00:00,4.299988,4.731842,0.277521,1.8711807,3.760009765625,4.910003662109375,119
572,2017-07-26 12:00:00,2.9700012,3.6257324,0.3016786,1.5932515,2.779998779296875,3.5749969482421875,28
573,2017-07-27 12:00:00,4.63501,5.430847,0.41410768,2.040318,4.399993896484375,4.92999267578125,130
574,2017-07-28 12:00:00,3.8299866,4.386383,0.47058463,1.603717,3.720001220703125,4.005130290985107,130
575,2017-07-29 12:00:00,1.8399963,2.195465,0.31607696,2.0250874,1.3599853515625,2.55999755859375,130
576,2017-07-30 12:00:00,4.1750183,4.780731,0.39557695,1.7082335,4.019989013671875,4.390499591827393,130
577,2017-07-31 12:00:00,4.4150085,4.7783813,0.30785158,1.1794724,4.345001220703125,4.6300048828125,128
578,2017-08-01 12:00:00,4.4200134,5.3545837,0.28191543,1.9740139,4.29998779296875,5.089996337890625,130
579,2017-08-02 12:00:00,4.149994,5.100708,0.28498438,2.0045846,4.0049896240234375,4.329986572265625,128
580,2017-08-03 12:00:00,4.8099976,5.4680176,0.29445162,1.7201298,4.54998779296875,5.595001220703125,124
581,2017-08-04 12:00:00,,,,,,,0
582,2017-08-05 12:00:00,4.649994,5.322937,0.2621849,1.982599,4.19000244140625,4.739990234375,119
583,2017-08-06 12:00:00,,,,,,,0
584,2017-08-07 12:00:00,,,,,,,0
585,2017-08-08 12:00:00,,,,,,,0
586,2017-08-09 12:00:00,,,,,,,0
587,2017-08-10 12:00:00,,,,,,,0
588,2017-08-11 12:00:00,3.2399902,3.4895325,0.26317745,1.2544912,3.1850128173828125,3.3249969482421875,124
589,2017-08-12 12:00:00,4.1750183,4.8315125,0.36224604,1.6017889,4.0749969482421875,4.279998779296875,126
590,2017-08-13 12:00:00,4.3049927,4.9492493,0.3898077,1.349497,4.20001220703125,4.489990234375,130
591,2017-08-14 12:00:00,3.9300232,4.5420837,0.35214618,1.7982334,3.80999755859375,4.1399993896484375,130
592,2017-08-15 12:00:00,3.9850159,4.753296,0.40152308,2.0097756,3.82000732421875,4.220126628875732,130
593,2017-08-16 12:00:00,4.0,5.2259827,0.26106334,2.9035554,3.790008544921875,5.1400146484375,79
594,2017-08-17 12:00:00,2.4899902,2.723236,0.27570593,1.6982297,1.95001220703125,2.9711272716522217,68
595,2017-08-18 12:00:00,,,,,,,0
596,2017-08-19 12:00:00,,,,,,,0
597,2017-08-20 12:00:00,,,,,,,0
598,2017-08-21 12:00:00,,,,,,,0
599,2017-08-22 12:00:00,,,,,,,0
600,2017-08-23 12:00:00,1.7950134,1.7141724,0.2966667,2.5560524,-0.9949951171875,3.6399993896484375,12
601,2017-08-24 12:00:00,,,,,,,0
602,2017-08-25 12:00:00,1.6300049,1.6300049,0.456,0.0,1.6300048828125,1.6300048828125,6
603,2017-08-26 12:00:00,,,,,,,0
604,2017-08-27 12:00:00,3.5299988,3.5603333,0.33450517,0.7207969,3.269989013671875,3.649993896484375,97
605,2017-08-28 12:00:00,4.0899963,4.367981,0.37394536,1.0021464,3.8800048828125,4.209991455078125,128
606,2017-08-29 12:00:00,3.7999878,3.7959595,0.29662502,1.0417039,3.626004934310913,4.0500030517578125,32
607,2017-08-30 12:00:00,,,,,,,0
608,2017-08-31 12:00:00,,,,,,,0
609,2017-09-01 12:00:00,4.3200073,4.6486206,0.22511111,0.97812265,3.95001220703125,4.8800048828125,36
610,2017-09-02 12:00:00,,,,,,,0
611,2017-09-03 12:00:00,3.7900085,4.0598145,0.3464419,0.77744836,3.709991455078125,3.8599853515625,129
612,2017-09-04 12:00:00,3.6099854,3.9587402,0.33995277,1.1239482,3.54998779296875,3.660003662109375,127
613,2017-09-05 12:00:00,,,,,,,0
614,2017-09-06 12:00:00,,,,,,,0
615,2017-09-07 12:00:00,,,,,,,0
616,2017-09-08 12:00:00,,,,,,,0
617,2017-09-09 12:00:00,1.4400024,1.198761,0.215375,0.52788544,0.8699951171875,1.730010986328125,8
618,2017-09-10 12:00:00,,,,,,,0
619,2017-09-11 12:00:00,2.230011,1.7353821,0.4068349,1.3241369,2.1300048828125,2.3900146484375,109
620,2017-09-12 12:00:00,3.1350098,3.3782349,0.2680547,1.0398561,3.05999755859375,3.260134696960449,128
621,2017-09-13 12:00:00,,,,,,,0
622,2017-09-14 12:00:00,,,,,,,0
623,2017-09-15 12:00:00,,,,,,,0
624,2017-09-16 12:00:00,,,,,,,0
625,2017-09-17 12:00:00,1.8200073,2.0683594,0.29463834,1.0210667,1.75,2.29998779296875,94
626,2017-09-18 12:00:00,3.369995,3.4820557,0.43530712,0.53995574,3.279998779296875,3.410003662109375,127
627,2017-09-19 12:00:00,3.2649841,3.5465393,0.3742266,0.8535482,3.209991455078125,3.364990234375,128
628,2017-09-20 12:00:00,3.119995,3.170227,0.39632034,0.5801226,3.07000732421875,3.170013427734375,128
629,2017-09-21 12:00:00,3.0849915,3.2450867,0.35446155,0.6589704,3.0500030517578125,3.1300048828125,130
630,2017-09-22 12:00:00,,,,,,,0
631,2017-09-23 12:00:00,,,,,,,0
632,2017-09-24 12:00:00,2.2850037,2.1566772,0.45864168,0.49851596,2.220001220703125,2.339996337890625,120
633,2017-09-25 12:00:00,2.5350037,2.4792175,0.34798437,0.52285683,2.4748809337615967,2.649993896484375,128
634,2017-09-26 12:00:00,,,,,,,0
635,2017-09-27 12:00:00,2.899994,2.8865356,0.39286047,0.67905504,2.850006103515625,2.94000244140625,129
636,2017-09-28 12:00:00,2.8049927,2.7433472,0.42809233,0.40643263,2.769989013671875,2.82000732421875,130
637,2017-09-29 12:00:00,,,,,,,0
638,2017-09-30 12:00:00,,,,,,,0
639,2017-10-01 12:00:00,,,,,,,0
640,2017-10-02 12:00:00,0.10998535,0.38650513,0.33258733,1.7097368,-0.760009765625,0.459991455078125,63
641,2017-10-03 12:00:00,2.2099915,2.1929626,0.41289848,0.68527484,2.100006103515625,2.32000732421875,128
642,2017-10-04 12:00:00,,,,,,,0
643,2017-10-05 12:00:00,,,,,,,0
644,2017-10-06 12:00:00,,,,,,,0
645,2017-10-07 12:00:00,,,,,,,0
646,2017-10-08 12:00:00,-0.22000122,-0.2106018,0.29002857,1.0128766,-0.55999755859375,0.089996337890625,70
647,2017-10-09 12:00:00,0.78500366,0.5092468,0.23793335,0.9758106,0.6598789095878601,0.9651215672492981,120
648,2017-10-10 12:00:00,1.8599854,1.7372437,0.3667874,0.6774138,1.730010986328125,1.8800048828125,127
649,2017-10-11 12:00:00,1.8199768,1.7862549,0.3763438,0.4287259,1.75,1.899993896484375,128
650,2017-10-12 12:00:00,,,,,,,0
651,2017-10-13 12:00:00,1.6650085,1.5371399,0.31267697,0.68276924,1.55999755859375,1.730010986328125,130
652,2017-10-14 12:00:00,1.4899902,1.354065,0.31260937,0.4557143,1.399993896484375,1.510009765625,128
653,2017-10-15 12:00:00,,,,,,,0
654,2017-10-16 12:00:00,,,,,,,0
655,2017-10-17 12:00:00,,,,,,,0
656,2017-10-18 12:00:00,1.1900024,1.0947266,0.66634107,0.44172686,1.089996337890625,1.29998779296875,129
657,2017-10-19 12:00:00,1.0499878,0.9187622,0.41886824,0.4908582,0.989990234375,1.1400146484375,129
658,2017-10-20 12:00:00,0.6000061,0.5506897,0.3366231,0.5328503,0.5298740267753601,0.69000244140625,130
659,2017-10-21 12:00:00,1.0749817,1.0378723,0.31978467,0.5873964,1.010009765625,1.20001220703125,130
660,2017-10-22 12:00:00,0.36999512,0.37527466,0.30868003,0.46392226,0.290008544921875,0.44000244140625,125
661,2017-10-23 12:00:00,0.69000244,0.67666626,0.30248064,0.61313474,0.600006103515625,0.79998779296875,129
662,2017-10-24 12:00:00,0.769989,0.7312012,0.23897618,1.0306964,0.480010986328125,0.94000244140625,42
663,2017-10-25 12:00:00,0.88500977,0.9416809,0.34802344,0.58958983,0.79998779296875,0.9499973058700562,128
664,2017-10-26 12:00:00,,,,,,,0
665,2017-10-27 12:00:00,,,,,,,0
666,2017-10-28 12:00:00,,,,,,,0
667,2017-10-29 12:00:00,,,,,,,0
668,2017-10-30 12:00:00,,,,,,,0
669,2017-10-31 12:00:00,,,,,,,0
670,2017-11-01 12:00:00,,,,,,,0
671,2017-11-02 12:00:00,,,,,,,0
672,2017-11-03 12:00:00,,,,,,,0
673,2017-11-04 12:00:00,,,,,,,0
674,2017-11-05 12:00:00,,,,,,,0
675,2017-11-06 12:00:00,0.36999512,0.24990845,0.23272727,0.37568405,0.29998779296875,0.42999267578125,110
676,2017-11-07 12:00:00,,,,,,,0
677,2017-11-08 12:00:00,-0.8500061,-0.83114624,0.25892752,0.55534655,-0.989990234375,-0.660003662109375,69
678,2017-11-09 12:00:00,-0.6199951,-0.78533936,0.1970548,0.63669944,-0.8800048828125,-0.55999755859375,73
679,2017-11-10 12:00:00,,,,,,,0
680,2017-11-11 12:00:00,,,,,,,0
681,2017-11-12 12:00:00,,,,,,,0
682,2017-11-13 12:00:00,,,,,,,0
683,2017-11-14 12:00:00,-0.42999268,-0.63204956,0.31789657,0.93503714,-1.350006103515625,-0.1400146484375,29
684,2017-11-15 12:00:00,,,,,,,0
685,2017-11-16 12:00:00,,,,,,,0
686,2017-11-17 12:00:00,,,,,,,0
687,2017-11-18 12:00:00,,,,,,,0
688,2017-11-19 12:00:00,-0.7000122,-0.74108887,0.20874648,0.4795039,-0.709991455078125,-0.540008544921875,71
689,2017-11-20 12:00:00,0.17501831,0.08703613,0.2427037,0.46929747,0.079986572265625,0.2649993896484375,108
690,2017-11-21 12:00:00,,,,,,,0
691,2017-11-22 12:00:00,,,,,,,0
692,2017-11-23 12:00:00,,,,,,,0
693,2017-11-24 12:00:00,,,,,,,0
694,2017-11-25 12:00:00,,,,,,,0
695,2017-11-26 12:00:00,,,,,,,0
696,2017-11-27 12:00:00,,,,,,,0
697,2017-11-28 12:00:00,,,,,,,0
698,2017-11-29 12:00:00,,,,,,,0
699,2017-11-30 12:00:00,,,,,,,0
700,2017-12-01 12:00:00,,,,,,,0
701,2017-12-02 12:00:00,,,,,,,0
702,2017-12-03 12:00:00,,,,,,,0
703,2017-12-04 12:00:00,,,,,,,0
704,2017-12-05 12:00:00,-1.6199951,-1.4899902,0.22480951,0.62211734,-1.92999267578125,-1.6199951171875,21
705,2017-12-06 12:00:00,,,,,,,0
706,2017-12-07 12:00:00,,,,,,,0
707,2017-12-08 12:00:00,,,,,,,0
708,2017-12-09 12:00:00,,,,,,,0
709,2017-12-10 12:00:00,,,,,,,0
710,2017-12-11 12:00:00,,,,,,,0
711,2017-12-12 12:00:00,,,,,,,0
712,2017-12-13 12:00:00,,,,,,,0
713,2017-12-14 12:00:00,,,,,,,0
714,2017-12-15 12:00:00,,,,,,,0
715,2017-12-16 12:00:00,,,,,,,0
716,2017-12-17 12:00:00,,,,,,,0
717,2017-12-18 12:00:00,,,,,,,0
718,2017-12-19 12:00:00,,,,,,,0
719,2017-12-20 12:00:00,,,,,,,0
720,2017-12-21 12:00:00,,,,,,,0
721,2017-12-22 12:00:00,,,,,,,0
722,2017-12-23 12:00:00,,,,,,,0
723,2017-12-24 12:00:00,,,,,,,0
724,2017-12-25 12:00:00,,,,,,,0
725,2017-12-26 12:00:00,,,,,,,0
726,2017-12-27 12:00:00,,,,,,,0
727,2017-12-28 12:00:00,,,,,,,0
728,2017-12-29 12:00:00,,,,,,,0
729,2017-12-30 12:00:00,,,,,,,0
730,2017-12-31 12:00:00,,,,,,,0
731,2018-01-01 12:00:00,,,,,,,0
732,2018-01-02 12:00:00,,,,,,,0
733,2018-01-03 12:00:00,,,,,,,0
734,2018-01-04 12:00:00,,,,,,,0
735,2018-01-05 12:00:00,,,,,,,0
736,2018-01-06 12:00:00,,,,,,,0
737,2018-01-07 12:00:00,,,,,,,0
738,2018-01-08 12:00:00,,,,,,,0
739,2018-01-09 12:00:00,,,,,,,0
740,2018-01-10 12:00:00,,,,,,,0
741,2018-01-11 12:00:00,,,,,,,0
742,2018-01-12 12:00:00,,,,,,,0
743,2018-01-13 12:00:00,,,,,,,0
744,2018-01-14 12:00:00,,,,,,,0
745,2018-01-15 12:00:00,,,,,,,0
746,2018-01-16 12:00:00,,,,,,,0
747,2018-01-17 12:00:00,,,,,,,0
748,2018-01-18 12:00:00,,,,,,,0
749,2018-01-19 12:00:00,,,,,,,0
750,2018-01-20 12:00:00,,,,,,,0
751,2018-01-21 12:00:00,,,,,,,0
752,2018-01-22 12:00:00,,,,,,,0
753,2018-01-23 12:00:00,,,,,,,0
754,2018-01-24 12:00:00,,,,,,,0
755,2018-01-25 12:00:00,,,,,,,0
756,2018-01-26 12:00:00,,,,,,,0
757,2018-01-27 12:00:00,,,,,,,0
758,2018-01-28 12:00:00,,,,,,,0
759,2018-01-29 12:00:00,,,,,,,0
760,2018-01-30 12:00:00,,,,,,,0
761,2018-01-31 12:00:00,,,,,,,0
762,2018-02-01 12:00:00,,,,,,,0
763,2018-02-02 12:00:00,,,,,,,0
764,2018-02-03 12:00:00,,,,,,,0
765,2018-02-04 12:00:00,,,,,,,0
766,2018-02-05 12:00:00,,,,,,,0
767,2018-02-06 12:00:00,,,,,,,0
768,2018-02-07 12:00:00,,,,,,,0
769,2018-02-08 12:00:00,,,,,,,0
770,2018-02-09 12:00:00,,,,,,,0
771,2018-02-10 12:00:00,,,,,,,0
772,2018-02-11 12:00:00,,,,,,,0
773,2018-02-12 12:00:00,,,,,,,0
774,2018-02-13 12:00:00,,,,,,,0
775,2018-02-14 12:00:00,,,,,,,0
776,2018-02-15 12:00:00,,,,,,,0
777,2018-02-16 12:00:00,,,,,,,0
778,2018-02-17 12:00:00,,,,,,,0
779,2018-02-18 12:00:00,,,,,,,0
780,2018-02-19 12:00:00,,,,,,,0
781,2018-02-20 12:00:00,,,,,,,0
782,2018-02-21 12:00:00,,,,,,,0
783,2018-02-22 12:00:00,,,,,,,0
784,2018-02-23 12:00:00,,,,,,,0
785,2018-02-24 12:00:00,,,,,,,0
786,2018-02-25 12:00:00,,,,,,,0
787,2018-02-26 12:00:00,,,,,,,0
788,2018-02-27 12:00:00,,,,,,,0
789,2018-02-28 12:00:00,,,,,,,0
790,2018-03-01 12:00:00,,,,,,,0
791,2018-03-02 12:00:00,,,,,,,0
792,2018-03-03 12:00:00,,,,,,,0
793,2018-03-04 12:00:00,,,,,,,0
794,2018-03-05 12:00:00,,,,,,,0
795,2018-03-06 12:00:00,,,,,,,0
796,2018-03-07 12:00:00,,,,,,,0
797,2018-03-08 12:00:00,,,,,,,0
798,2018-03-09 12:00:00,,,,,,,0
799,2018-03-10 12:00:00,,,,,,,0
800,2018-03-11 12:00:00,,,,,,,0
801,2018-03-12 12:00:00,,,,,,,0
802,2018-03-13 12:00:00,,,,,,,0
803,2018-03-14 12:00:00,,,,,,,0
804,2018-03-15 12:00:00,,,,,,,0
805,2018-03-16 12:00:00,,,,,,,0
806,2018-03-17 12:00:00,,,,,,,0
807,2018-03-18 12:00:00,,,,,,,0
808,2018-03-19 12:00:00,0.9299927,1.5644531,0.21622223,0.949014,0.670013427734375,2.790008544921875,9
809,2018-03-20 12:00:00,,,,,,,0
810,2018-03-21 12:00:00,,,,,,,0
811,2018-03-22 12:00:00,,,,,,,0
812,2018-03-23 12:00:00,,,,,,,0
813,2018-03-24 12:00:00,,,,,,,0
814,2018-03-25 12:00:00,,,,,,,0
815,2018-03-26 12:00:00,,,,,,,0
816,2018-03-27 12:00:00,,,,,,,0
817,2018-03-28 12:00:00,,,,,,,0
818,2018-03-29 12:00:00,,,,,,,0
819,2018-03-30 12:00:00,,,,,,,0
820,2018-03-31 12:00:00,,,,,,,0
821,2018-04-01 12:00:00,,,,,,,0
822,2018-04-02 12:00:00,,,,,,,0
823,2018-04-03 12:00:00,,,,,,,0
824,2018-04-04 12:00:00,,,,,,,0
825,2018-04-05 12:00:00,,,,,,,0
826,2018-04-06 12:00:00,,,,,,,0
827,2018-04-07 12:00:00,,,,,,,0
828,2018-04-08 12:00:00,,,,,,,0
829,2018-04-09 12:00:00,,,,,,,0
830,2018-04-10 12:00:00,,,,,,,0
831,2018-04-11 12:00:00,,,,,,,0
832,2018-04-12 12:00:00,,,,,,,0
833,2018-04-13 12:00:00,,,,,,,0
834,2018-04-14 12:00:00,,,,,,,0
835,2018-04-15 12:00:00,,,,,,,0
836,2018-04-16 12:00:00,,,,,,,0
837,2018-04-17 12:00:00,,,,,,,0
838,2018-04-18 12:00:00,,,,,,,0
839,2018-04-19 12:00:00,,,,,,,0
840,2018-04-20 12:00:00,,,,,,,0
841,2018-04-21 12:00:00,,,,,,,0
842,2018-04-22 12:00:00,,,,,,,0
843,2018-04-23 12:00:00,,,,,,,0
844,2018-04-24 12:00:00,,,,,,,0
845,2018-04-25 12:00:00,,,,,,,0
846,2018-04-26 12:00:00,,,,,,,0
847,2018-04-27 12:00:00,,,,,,,0
848,2018-04-28 12:00:00,,,,,,,0
849,2018-04-29 12:00:00,,,,,,,0
850,2018-04-30 12:00:00,,,,,,,0
851,2018-05-01 12:00:00,,,,,,,0
852,2018-05-02 12:00:00,,,,,,,0
853,2018-05-03 12:00:00,,,,,,,0
854,2018-05-04 12:00:00,,,,,,,0
855,2018-05-05 12:00:00,,,,,,,0
856,2018-05-06 12:00:00,,,,,,,0
857,2018-05-07 12:00:00,,,,,,,0
858,2018-05-08 12:00:00,,,,,,,0
859,2018-05-09 12:00:00,,,,,,,0
860,2018-05-10 12:00:00,,,,,,,0
861,2018-05-11 12:00:00,,,,,,,0
862,2018-05-12 12:00:00,0.269989,0.269989,0.316,0.0,,,3
863,2018-05-13 12:00:00,,,,,,,0
864,2018-05-14 12:00:00,,,,,,,0
865,2018-05-15 12:00:00,,,,,,,0
866,2018-05-16 12:00:00,,,,,,,0
867,2018-05-17 12:00:00,,,,,,,0
868,2018-05-18 12:00:00,,,,,,,0
869,2018-05-19 12:00:00,,,,,,,0
870,2018-05-20 12:00:00,,,,,,,0
871,2018-05-21 12:00:00,,,,,,,0
872,2018-05-22 12:00:00,,,,,,,0
873,2018-05-23 12:00:00,,,,,,,0
874,2018-05-24 12:00:00,,,,,,,0
875,2018-05-25 12:00:00,,,,,,,0
876,2018-05-26 12:00:00,,,,,,,0
877,2018-05-27 12:00:00,,,,,,,0
878,2018-05-28 12:00:00,,,,,,,0
879,2018-05-29 12:00:00,,,,,,,0
880,2018-05-30 12:00:00,,,,,,,0
881,2018-05-31 12:00:00,,,,,,,0
882,2018-06-01 12:00:00,,,,,,,0
883,2018-06-02 12:00:00,,,,,,,0
884,2018-06-03 12:00:00,,,,,,,0
885,2018-06-04 12:00:00,,,,,,,0
886,2018-06-05 12:00:00,,,,,,,0
887,2018-06-06 12:00:00,,,,,,,0
888,2018-06-07 12:00:00,,,,,,,0
889,2018-06-08 12:00:00,1.0499878,1.4175415,0.27783784,0.69741136,0.959991455078125,1.6199951171875,37
890,2018-06-09 12:00:00,1.7600098,2.4510803,0.2564054,1.7730862,1.350006103515625,2.079986572265625,37
891,2018-06-10 12:00:00,,,,,,,0
892,2018-06-11 12:00:00,1.2799988,1.4528198,0.26715624,1.5405056,1.0,1.5399932861328125,32
893,2018-06-12 12:00:00,,,,,,,0
894,2018-06-13 12:00:00,1.9450073,2.341156,0.21967308,1.3097818,1.664618730545044,2.2649993896484375,52
895,2018-06-14 12:00:00,,,,,,,0
896,2018-06-15 12:00:00,1.8800049,1.8878784,0.44545072,0.56255305,1.769989013671875,2.05999755859375,71
897,2018-06-16 12:00:00,2.0499878,2.2779236,0.37834886,0.89606327,1.80999755859375,2.2350006103515625,86
898,2018-06-17 12:00:00,1.9250183,2.3832397,0.28860465,1.5581304,1.670013427734375,2.11025071144104,86
899,2018-06-18 12:00:00,1.9200134,2.1089478,0.3066316,1.2450289,1.6400146484375,2.32000732421875,95
900,2018-06-19 12:00:00,2.0599976,2.4599915,0.33674,1.0804182,1.989990234375,2.2649993896484375,100
901,2018-06-20 12:00:00,,,,,,,0
902,2018-06-21 12:00:00,,,,,,,0
903,2018-06-22 12:00:00,,,,,,,0
904,2018-06-23 12:00:00,,,,,,,0
905,2018-06-24 12:00:00,1.3999939,1.8899841,0.24151516,1.8724442,0.80999755859375,2.1099853515625,33
906,2018-06-25 12:00:00,1.9899902,2.4767456,0.3076517,1.0832598,1.829986572265625,2.32000732421875,89
907,2018-06-26 12:00:00,1.4400024,1.7184143,0.22115715,1.0117058,1.3699951171875,1.470001220703125,70
908,2018-06-27 12:00:00,2.0450134,2.8804016,0.25144356,1.6197609,1.9900054931640625,2.170013427734375,124
909,2018-06-28 12:00:00,,,,,,,0
910,2018-06-29 12:00:00,,,,,,,0
911,2018-06-30 12:00:00,,,,,,,0
912,2018-07-01 12:00:00,1.2449951,1.3576965,0.32726926,1.4208326,1.040008544921875,2.0,26
913,2018-07-02 12:00:00,2.5499878,2.8382568,0.26399174,0.86581606,2.3699951171875,2.8699951171875,121
914,2018-07-03 12:00:00,2.2999878,2.6173706,0.33799192,1.2466016,2.239990234375,2.4250030517578125,124
915,2018-07-04 12:00:00,,,,,,,0
916,2018-07-05 12:00:00,1.7850037,2.1599731,0.24072224,1.2609564,1.3599853515625,2.8599853515625,18
917,2018-07-06 12:00:00,3.6799927,4.3413086,0.2308843,1.9707586,3.489990234375,3.82000732421875,121
918,2018-07-07 12:00:00,,,,,,,0
919,2018-07-08 12:00:00,,,,,,,0
920,2018-07-09 12:00:00,2.394989,2.815979,0.3867923,1.3161983,2.25,2.70001220703125,130
921,2018-07-10 12:00:00,,,,,,,0
922,2018-07-11 12:00:00,,,,,,,0
923,2018-07-12 12:00:00,1.2099915,1.2099915,0.202,0.0,,,1
924,2018-07-13 12:00:00,3.0749817,3.9134521,0.45940775,1.8914083,2.964996337890625,3.30999755859375,130
925,2018-07-14 12:00:00,3.6400146,4.702667,0.5025039,2.4343603,3.529998779296875,3.739990234375,129
926,2018-07-15 12:00:00,2.5350037,2.48938,0.35367778,1.3700422,2.2150115966796875,2.8000030517578125,90
927,2018-07-16 12:00:00,,,,,,,0
928,2018-07-17 12:00:00,,,,,,,0
929,2018-07-18 12:00:00,,,,,,,0
930,2018-07-19 12:00:00,,,,,,,0
931,2018-07-20 12:00:00,,,,,,,0
932,2018-07-21 12:00:00,1.4949951,1.2825012,0.274625,0.39647594,0.779998779296875,1.69000244140625,8
933,2018-07-22 12:00:00,3.869995,4.6012573,0.25540596,1.7332981,3.769989013671875,3.989990234375,101
934,2018-07-23 12:00:00,3.225006,3.7234802,0.51847696,1.3463281,3.1248748302459717,3.3549957275390625,130
935,2018-07-24 12:00:00,,,,,,,0
936,2018-07-25 12:00:00,3.0100098,3.481659,0.51766926,1.1629826,2.94500732421875,3.1299896240234375,130
937,2018-07-26 12:00:00,,,,,,,0
938,2018-07-27 12:00:00,,,,,,,0
939,2018-07-28 12:00:00,2.880005,3.0033264,0.18873335,1.2128277,2.480010986328125,3.839996337890625,15
940,2018-07-29 12:00:00,3.6149902,4.0522156,0.48408464,1.2292273,3.470001220703125,3.7050018310546875,130
941,2018-07-30 12:00:00,3.4700012,4.022766,0.64251536,1.4271103,3.339996337890625,3.6151154041290283,130
942,2018-07-31 12:00:00,3.4500122,4.1827087,0.31677517,1.7874751,3.32000732421875,3.54998779296875,129
943,2018-08-01 12:00:00,,,,,,,0
944,2018-08-02 12:00:00,3.0499878,3.6834412,0.31162402,1.3692816,2.899993896484375,3.44000244140625,125
945,2018-08-03 12:00:00,3.3099976,3.819458,0.3780945,1.2922716,3.220001220703125,3.420013427734375,127
946,2018-08-04 12:00:00,,,,,,,0
947,2018-08-05 12:00:00,3.064972,3.4840698,0.25953704,1.3952602,2.949747085571289,3.399993896484375,108
948,2018-08-06 12:00:00,7.1900024,6.9293213,0.32353336,3.6543856,7.19000244140625,11.209991455078125,15
949,2018-08-07 12:00:00,,,,,,,0
950,2018-08-08 12:00:00,,,,,,,0
951,2018-08-09 12:00:00,3.625,3.7965088,0.44619232,1.4135691,3.5149993896484375,3.829986572265625,130
952,2018-08-10 12:00:00,3.8850098,4.5652466,0.6163359,1.8582944,3.69500732421875,4.190878391265869,128
953,2018-08-11 12:00:00,0.39001465,0.33547974,0.19946775,1.2703217,0.2700042724609375,0.665008544921875,62
954,2018-08-12 12:00:00,3.9599915,4.7697144,0.45030236,1.8046106,3.75,4.480010986328125,129
955,2018-08-13 12:00:00,,,,,,,0
956,2018-08-14 12:00:00,1.1400146,1.2596436,0.30153576,2.1224766,0.790008544921875,1.57000732421875,28
957,2018-08-15 12:00:00,,,,,,,0
958,2018-08-16 12:00:00,,,,,,,0
959,2018-08-17 12:00:00,2.7950134,3.3804932,0.46287304,1.2894396,2.720001220703125,2.9550018310546875,126
960,2018-08-18 12:00:00,,,,,,,0
961,2018-08-19 12:00:00,1.769989,1.5599976,0.42050004,1.6884048,-0.480010986328125,2.339996337890625,16
962,2018-08-20 12:00:00,,,,,,,0
963,2018-08-21 12:00:00,2.0799866,3.1333313,0.7583334,1.48964,2.079986572265625,5.239990234375,6
964,2018-08-22 12:00:00,,,,,,,0
965,2018-08-23 12:00:00,,,,,,,0
966,2018-08-24 12:00:00,,,,,,,0
967,2018-08-25 12:00:00,2.8599854,3.4265442,0.31244627,1.7454873,2.760009765625,3.04998779296875,121
968,2018-08-26 12:00:00,1.4400024,1.3553162,0.3291024,1.0213572,1.19000244140625,1.480010986328125,127
969,2018-08-27 12:00:00,2.9299927,3.2614136,0.6693179,0.9958774,2.8900146484375,3.040008544921875,129
970,2018-08-28 12:00:00,2.7900085,2.8294373,0.31144235,1.3308274,2.480010986328125,3.295013427734375,52
971,2018-08-29 12:00:00,,,,,,,0
972,2018-08-30 12:00:00,,,,,,,0
973,2018-08-31 12:00:00,-1.0499878,-0.46917725,0.4431667,1.3500007,-1.5021251440048218,-0.600006103515625,24
974,2018-09-01 12:00:00,2.7600098,2.340088,0.33530235,1.1574119,2.67999267578125,2.899993896484375,129
975,2018-09-02 12:00:00,,,,,,,0
976,2018-09-03 12:00:00,,,,,,,0
977,2018-09-04 12:00:00,2.4599915,2.4599915,0.328,0.0,,,1
978,2018-09-05 12:00:00,,,,,,,0
979,2018-09-06 12:00:00,,,,,,,0
980,2018-09-07 12:00:00,,,,,,,0
981,2018-09-08 12:00:00,,,,,,,0
982,2018-09-09 12:00:00,,,,,,,0
983,2018-09-10 12:00:00,1.8899841,1.7687073,0.4281072,0.9110224,1.7249908447265625,2.339996337890625,84
984,2018-09-11 12:00:00,-1.9299927,-1.9233398,0.8306667,0.009422917,,,3
985,2018-09-12 12:00:00,2.5450134,2.7615967,0.609177,0.5117939,2.519989013671875,2.670013427734375,130
986,2018-09-13 12:00:00,,,,,,,0
987,2018-09-14 12:00:00,,,,,,,0
988,2018-09-15 12:00:00,2.369995,2.500885,0.42916158,0.5836589,2.345001220703125,2.420013427734375,130
989,2018-09-16 12:00:00,,,,,,,0
990,2018-09-17 12:00:00,,,,,,,0
991,2018-09-18 12:00:00,,,,,,,0
992,2018-09-19 12:00:00,2.5799866,2.8242798,0.32878467,0.6950227,2.54998779296875,2.614990234375,130
993,2018-09-20 12:00:00,2.4400024,2.6242065,0.62027127,0.66425335,2.3699951171875,2.510009765625,129
994,2018-09-21 12:00:00,1.8200073,1.874054,0.28771058,0.9448319,1.5648772716522217,1.8800048828125,76
995,2018-09-22 12:00:00,1.9899902,1.6975403,0.47075605,1.2068037,1.410003662109375,2.31500244140625,82
996,2018-09-23 12:00:00,2.649994,2.603363,0.29159203,0.7476214,2.6199951171875,2.75,125
997,2018-09-24 12:00:00,,,,,,,0
998,2018-09-25 12:00:00,2.1800232,2.0372925,0.47566926,0.86436266,2.0698673725128174,2.3102481365203857,130
999,2018-09-26 12:00:00,1.2999878,1.2004089,0.24815384,0.9453066,1.17999267578125,1.480010986328125,117
1000,2018-09-27 12:00:00,,,,,,,0
1001,2018-09-28 12:00:00,0.8299866,0.9127197,0.87481827,0.43792948,0.510009765625,1.470001220703125,11
1002,2018-09-29 12:00:00,,,,,,,0
1003,2018-09-30 12:00:00,,,,,,,0
1004,2018-10-01 12:00:00,1.6799927,1.6369934,0.67252004,0.5093248,1.510009765625,1.730010986328125,100
1005,2018-10-02 12:00:00,,,,,,,0
1006,2018-10-03 12:00:00,,,,,,,0
1007,2018-10-04 12:00:00,1.6199951,1.549408,0.43626156,0.3570191,1.54998779296875,1.67999267578125,130
1008,2018-10-05 12:00:00,,,,,,,0
1009,2018-10-06 12:00:00,,,,,,,0
1010,2018-10-07 12:00:00,,,,,,,0
1011,2018-10-08 12:00:00,-0.47000122,-0.42819214,0.29330584,0.79679054,-0.5904960632324219,-0.1099853515625,121
1012,2018-10-09 12:00:00,,,,,,,0
1013,2018-10-10 12:00:00,0.48999023,0.3814392,0.30644003,0.5777915,0.29998779296875,0.6199951171875,125
1014,2018-10-11 12:00:00,1.2850037,1.260315,0.5047308,0.36366785,1.230010986328125,1.329986572265625,130
1015,2018-10-12 12:00:00,,,,,,,0
1016,2018-10-13 12:00:00,0.8699951,0.8805237,0.48259237,0.35931224,0.8249969482421875,0.92999267578125,130
1017,2018-10-14 12:00:00,0.9500122,1.0328369,0.47339234,0.44241688,0.8800048828125,1.04998779296875,130
1018,2018-10-15 12:00:00,0.23999023,0.1348877,0.19510908,0.5028902,0.04998779296875,0.350006103515625,55
1019,2018-10-16 12:00:00,0.80999756,0.6487732,0.87046516,0.44820276,0.769989013671875,0.829986572265625,129
1020,2018-10-17 12:00:00,-1.2999878,-1.2668152,0.24270669,0.37241626,-1.399993896484375,-1.089996337890625,75
1021,2018-10-18 12:00:00,-1.1400146,-0.94818115,0.27480173,0.70746315,-1.339996337890625,-0.94000244140625,116
1022,2018-10-19 12:00:00,-1.3399963,-1.326477,0.1699231,0.45392063,-1.470001220703125,-1.100006103515625,91
1023,2018-10-20 12:00:00,-1.1300049,-1.0683594,0.25721362,0.56711006,-1.260009765625,-1.040008544921875,103
1024,2018-10-21 12:00:00,-1.0899963,-1.039093,0.18924616,0.5211635,-1.3599853515625,-0.8699951171875,65
1025,2018-10-22 12:00:00,-0.9949951,-0.9111328,0.3310283,0.552481,-1.1151154041290283,-0.899993896484375,106
1026,2018-10-23 12:00:00,-1.3599854,-1.2533264,0.28196776,0.4809924,-1.459991455078125,-1.25,93
1027,2018-10-24 12:00:00,-1.5350037,-1.4342346,0.17211542,0.41461003,-1.730010986328125,-1.3900146484375,26
1028,2018-10-25 12:00:00,,,,,,,0
1029,2018-10-26 12:00:00,,,,,,,0
1030,2018-10-27 12:00:00,-0.20999146,-0.28097534,0.82170975,0.8095124,-0.6400146484375,-0.149993896484375,31
1031,2018-10-28 12:00:00,,,,,,,0
1032,2018-10-29 12:00:00,0.5700073,0.5029907,0.31421053,0.4021126,0.540008544921875,0.6099853515625,114
1033,2018-10-30 12:00:00,0.22000122,0.06265259,0.26025662,0.41178295,0.17999267578125,0.239990234375,113
1034,2018-10-31 12:00:00,-0.13000488,-0.19506836,0.21968809,0.34776378,-0.230010986328125,-0.040008544921875,109
1035,2018-11-01 12:00:00,-0.30999756,-0.36932373,0.27216104,0.48240846,-0.3800048828125,-0.269989013671875,118
1036,2018-11-02 12:00:00,-1.6600037,-1.5970154,0.16177778,0.21642885,-1.720001220703125,-1.6099853515625,27
1037,2018-11-03 12:00:00,-1.1499939,-1.0518188,0.23336364,0.28393313,-1.149993896484375,-0.75,22
1038,2018-11-04 12:00:00,-0.480011,-0.56240845,0.2771081,0.65706223,-0.69000244140625,-0.350006103515625,37
1039,2018-11-05 12:00:00,-1.5899963,-1.5533447,0.19450001,0.2944573,-1.80999755859375,-1.399993896484375,12
1040,2018-11-06 12:00:00,-1.3050232,-1.2671204,0.3955,0.19922927,-1.4149932861328125,-1.1049957275390625,14
1041,2018-11-07 12:00:00,,,,,,,0
1042,2018-11-08 12:00:00,-1.3699951,-1.3699951,0.13800001,0.0,,,3
1043,2018-11-09 12:00:00,,,,,,,0
1044,2018-11-10 12:00:00,,,,,,,0
1045,2018-11-11 12:00:00,,,,,,,0
1046,2018-11-12 12:00:00,-0.88998413,-0.9043884,0.24287501,0.63411885,-1.114990234375,-0.6399993896484375,32
1047,2018-11-13 12:00:00,-1.7900085,-1.7900085,0.149,0.0,,,3
1048,2018-11-14 12:00:00,,,,,,,0
1049,2018-11-15 12:00:00,,,,,,,0
1050,2018-11-16 12:00:00,,,,,,,0
1051,2018-11-17 12:00:00,,,,,,,0
1052,2018-11-18 12:00:00,,,,,,,0
1053,2018-11-19 12:00:00,,,,,,,0
1054,2018-11-20 12:00:00,,,,,,,0
1055,2018-11-21 12:00:00,,,,,,,0
1056,2018-11-22 12:00:00,-1.230011,-1.21875,0.5940631,0.2924795,-1.30999755859375,-1.160003662109375,111
1057,2018-11-23 12:00:00,,,,,,,0
1058,2018-11-24 12:00:00,,,,,,,0
1059,2018-11-25 12:00:00,-1.269989,-1.1199951,0.22760318,0.69658333,-1.410003662109375,-1.089996337890625,63
1060,2018-11-26 12:00:00,,,,,,,0
1061,2018-11-27 12:00:00,,,,,,,0
1062,2018-11-28 12:00:00,,,,,,,0
1063,2018-11-29 12:00:00,,,,,,,0
1064,2018-11-30 12:00:00,,,,,,,0
1065,2018-12-01 12:00:00,,,,,,,0
1066,2018-12-02 12:00:00,,,,,,,0
1067,2018-12-03 12:00:00,,,,,,,0
1068,2018-12-04 12:00:00,,,,,,,0
1069,2018-12-05 12:00:00,,,,,,,0
1070,2018-12-06 12:00:00,,,,,,,0
1071,2018-12-07 12:00:00,,,,,,,0
1072,2018-12-08 12:00:00,,,,,,,0
1073,2018-12-09 12:00:00,,,,,,,0
1074,2018-12-10 12:00:00,,,,,,,0
1075,2018-12-11 12:00:00,,,,,,,0
1076,2018-12-12 12:00:00,,,,,,,0
1077,2018-12-13 12:00:00,,,,,,,0
1078,2018-12-14 12:00:00,,,,,,,0
1079,2018-12-15 12:00:00,,,,,,,0
1080,2018-12-16 12:00:00,,,,,,,0
1081,2018-12-17 12:00:00,,,,,,,0
1082,2018-12-18 12:00:00,,,,,,,0
1083,2018-12-19 12:00:00,,,,,,,0
1084,2018-12-20 12:00:00,,,,,,,0
1085,2018-12-21 12:00:00,,,,,,,0
1086,2018-12-22 12:00:00,,,,,,,0
1087,2018-12-23 12:00:00,,,,,,,0
1088,2018-12-24 12:00:00,,,,,,,0
1089,2018-12-25 12:00:00,,,,,,,0
1090,2018-12-26 12:00:00,,,,,,,0
1091,2018-12-27 12:00:00,,,,,,,0
1092,2018-12-28 12:00:00,,,,,,,0
1093,2018-12-29 12:00:00,,,,,,,0
1094,2018-12-30 12:00:00,,,,,,,0
1095,2018-12-31 12:00:00,,,,,,,0
1096,2019-01-01 12:00:00,,,,,,,0
1097,2019-01-02 12:00:00,,,,,,,0
1098,2019-01-03 12:00:00,,,,,,,0
1099,2019-01-04 12:00:00,,,,,,,0
1100,2019-01-05 12:00:00,,,,,,,0
1101,2019-01-06 12:00:00,,,,,,,0
1102,2019-01-07 12:00:00,,,,,,,0
1103,2019-01-08 12:00:00,,,,,,,0
1104,2019-01-09 12:00:00,,,,,,,0
1105,2019-01-10 12:00:00,,,,,,,0
1106,2019-01-11 12:00:00,,,,,,,0
1107,2019-01-12 12:00:00,,,,,,,0
1108,2019-01-13 12:00:00,,,,,,,0
1109,2019-01-14 12:00:00,,,,,,,0
1110,2019-01-15 12:00:00,,,,,,,0
1111,2019-01-16 12:00:00,,,,,,,0
1112,2019-01-17 12:00:00,,,,,,,0
1113,2019-01-18 12:00:00,,,,,,,0
1114,2019-01-19 12:00:00,,,,,,,0
1115,2019-01-20 12:00:00,,,,,,,0
1116,2019-01-21 12:00:00,,,,,,,0
1117,2019-01-22 12:00:00,,,,,,,0
1118,2019-01-23 12:00:00,,,,,,,0
1119,2019-01-24 12:00:00,,,,,,,0
1120,2019-01-25 12:00:00,,,,,,,0
1121,2019-01-26 12:00:00,,,,,,,0
1122,2019-01-27 12:00:00,,,,,,,0
1123,2019-01-28 12:00:00,,,,,,,0
1124,2019-01-29 12:00:00,,,,,,,0
1125,2019-01-30 12:00:00,,,,,,,0
1126,2019-01-31 12:00:00,,,,,,,0
1127,2019-02-01 12:00:00,,,,,,,0
1128,2019-02-02 12:00:00,,,,,,,0
1129,2019-02-03 12:00:00,,,,,,,0
1130,2019-02-04 12:00:00,,,,,,,0
1131,2019-02-05 12:00:00,,,,,,,0
1132,2019-02-06 12:00:00,,,,,,,0
1133,2019-02-07 12:00:00,,,,,,,0
1134,2019-02-08 12:00:00,,,,,,,0
1135,2019-02-09 12:00:00,,,,,,,0
1136,2019-02-10 12:00:00,,,,,,,0
1137,2019-02-11 12:00:00,,,,,,,0
1138,2019-02-12 12:00:00,,,,,,,0
1139,2019-02-13 12:00:00,,,,,,,0
1140,2019-02-14 12:00:00,,,,,,,0
1141,2019-02-15 12:00:00,,,,,,,0
1142,2019-02-16 12:00:00,,,,,,,0
1143,2019-02-17 12:00:00,,,,,,,0
1144,2019-02-18 12:00:00,,,,,,,0
1145,2019-02-19 12:00:00,,,,,,,0
1146,2019-02-20 12:00:00,,,,,,,0
1147,2019-02-21 12:00:00,,,,,,,0
1148,2019-02-22 12:00:00,,,,,,,0
1149,2019-02-23 12:00:00,,,,,,,0
1150,2019-02-24 12:00:00,,,,,,,0
1151,2019-02-25 12:00:00,,,,,,,0
1152,2019-02-26 12:00:00,,,,,,,0
1153,2019-02-27 12:00:00,,,,,,,0
1154,2019-02-28 12:00:00,,,,,,,0
1155,2019-03-01 12:00:00,,,,,,,0
1156,2019-03-02 12:00:00,,,,,,,0
1157,2019-03-03 12:00:00,,,,,,,0
1158,2019-03-04 12:00:00,,,,,,,0
1159,2019-03-05 12:00:00,,,,,,,0
1160,2019-03-06 12:00:00,,,,,,,0
1161,2019-03-07 12:00:00,,,,,,,0
1162,2019-03-08 12:00:00,,,,,,,0
1163,2019-03-09 12:00:00,,,,,,,0
1164,2019-03-10 12:00:00,,,,,,,0
1165,2019-03-11 12:00:00,,,,,,,0
1166,2019-03-12 12:00:00,,,,,,,0
1167,2019-03-13 12:00:00,,,,,,,0
1168,2019-03-14 12:00:00,,,,,,,0
1169,2019-03-15 12:00:00,,,,,,,0
1170,2019-03-16 12:00:00,,,,,,,0
1171,2019-03-17 12:00:00,,,,,,,0
1172,2019-03-18 12:00:00,,,,,,,0
1173,2019-03-19 12:00:00,,,,,,,0
1174,2019-03-20 12:00:00,,,,,,,0
1175,2019-03-21 12:00:00,,,,,,,0
1176,2019-03-22 12:00:00,,,,,,,0
1177,2019-03-23 12:00:00,,,,,,,0
1178,2019-03-24 12:00:00,,,,,,,0
1179,2019-03-25 12:00:00,,,,,,,0
1180,2019-03-26 12:00:00,,,,,,,0
1181,2019-03-27 12:00:00,,,,,,,0
1182,2019-03-28 12:00:00,,,,,,,0
1183,2019-03-29 12:00:00,,,,,,,0
1184,2019-03-30 12:00:00,,,,,,,0
1185,2019-03-31 12:00:00,,,,,,,0
1186,2019-04-01 12:00:00,,,,,,,0
1187,2019-04-02 12:00:00,,,,,,,0
1188,2019-04-03 12:00:00,,,,,,,0
1189,2019-04-04 12:00:00,,,,,,,0
1190,2019-04-05 12:00:00,,,,,,,0
1191,2019-04-06 12:00:00,,,,,,,0
1192,2019-04-07 12:00:00,,,,,,,0
1193,2019-04-08 12:00:00,,,,,,,0
1194,2019-04-09 12:00:00,,,,,,,0
1195,2019-04-10 12:00:00,,,,,,,0
1196,2019-04-11 12:00:00,,,,,,,0
1197,2019-04-12 12:00:00,,,,,,,0
1198,2019-04-13 12:00:00,,,,,,,0
1199,2019-04-14 12:00:00,,,,,,,0
1200,2019-04-15 12:00:00,,,,,,,0
1201,2019-04-16 12:00:00,,,,,,,0
1202,2019-04-17 12:00:00,,,,,,,0
1203,2019-04-18 12:00:00,,,,,,,0
1204,2019-04-19 12:00:00,,,,,,,0
1205,2019-04-20 12:00:00,,,,,,,0
1206,2019-04-21 12:00:00,,,,,,,0
1207,2019-04-22 12:00:00,,,,,,,0
1208,2019-04-23 12:00:00,,,,,,,0
1209,2019-04-24 12:00:00,,,,,,,0
1210,2019-04-25 12:00:00,,,,,,,0
1211,2019-04-26 12:00:00,,,,,,,0
1212,2019-04-27 12:00:00,,,,,,,0
1213,2019-04-28 12:00:00,,,,,,,0
1214,2019-04-29 12:00:00,,,,,,,0
1215,2019-04-30 12:00:00,1.5499878,1.7717285,0.27843478,1.6411076,0.20001220703125,3.19000244140625,23
1216,2019-05-01 12:00:00,,,,,,,0
1217,2019-05-02 12:00:00,,,,,,,0
1218,2019-05-03 12:00:00,,,,,,,0
1219,2019-05-04 12:00:00,,,,,,,0
1220,2019-05-05 12:00:00,,,,,,,0
1221,2019-05-06 12:00:00,,,,,,,0
1222,2019-05-07 12:00:00,2.1549988,3.0774841,0.22825001,2.101498,,,4
1223,2019-05-08 12:00:00,1.2099915,1.2099915,0.18400002,0.0,,,1
1224,2019-05-09 12:00:00,,,,,,,0
1225,2019-05-10 12:00:00,,,,,,,0
1226,2019-05-11 12:00:00,1.6600037,1.6600037,0.23950002,0.11999512,,,2
1227,2019-05-12 12:00:00,0.9500122,1.0519714,0.20800002,0.5868399,0.079986572265625,1.82000732421875,5
1228,2019-05-13 12:00:00,2.875,3.6622925,0.28018185,2.5670242,2.19500732421875,5.4600067138671875,22
1229,2019-05-14 12:00:00,,,,,,,0
1230,2019-05-15 12:00:00,,,,,,,0
1231,2019-05-16 12:00:00,,,,,,,0
1232,2019-05-17 12:00:00,1.6700134,1.8647156,0.25576472,1.3787884,1.579986572265625,2.5099945068359375,34
1233,2019-05-18 12:00:00,1.8599854,2.2444153,0.25603703,1.0479506,1.769989013671875,2.160003662109375,27
1234,2019-05-19 12:00:00,0.049987793,1.2271423,0.21385716,3.4636655,-1.57000732421875,6.600006103515625,7
1235,2019-05-20 12:00:00,2.2999878,2.6573486,0.28732657,1.2548798,2.010009765625,2.660003662109375,49
1236,2019-05-21 12:00:00,2.7799988,3.1490479,0.3364445,1.6226835,2.3900146484375,3.391265630722046,63
1237,2019-05-22 12:00:00,2.730011,3.4253235,0.27553126,2.1307015,2.149993896484375,3.339996337890625,64
1238,2019-05-23 12:00:00,3.269989,4.0049133,0.3300509,2.0729747,2.910003662109375,3.8800048828125,59
1239,2019-05-24 12:00:00,,,,,,,0
1240,2019-05-25 12:00:00,2.1600037,2.8564758,0.26027837,2.572575,1.8800048828125,2.6199951171875,97
1241,2019-05-26 12:00:00,,,,,,,0
1242,2019-05-27 12:00:00,2.3850098,2.9224548,0.3876636,1.5023974,2.1199951171875,2.5751218795776367,110
1243,2019-05-28 12:00:00,2.5799866,3.1159058,0.4042435,1.5269576,2.329986572265625,3.040008544921875,115
1244,2019-05-29 12:00:00,2.3099976,2.9537659,0.5057965,1.5230776,2.220001220703125,2.57000732421875,113
1245,2019-05-30 12:00:00,2.480011,3.0666504,0.34574768,1.662742,2.209991455078125,2.67999267578125,107
1246,2019-05-31 12:00:00,2.4250183,2.905365,0.4397,1.3462749,2.25,2.6300048828125,110
1247,2019-06-01 12:00:00,,,,,,,0
1248,2019-06-02 12:00:00,2.0400085,2.2232056,0.37233636,0.9053839,1.9348723888397217,2.149993896484375,110
1249,2019-06-03 12:00:00,2.1400146,2.4778748,0.41724592,1.2516023,1.8849945068359375,2.239990234375,122
1250,2019-06-04 12:00:00,2.355011,3.0649414,0.4007742,1.45523,2.260009765625,2.589996337890625,124
1251,2019-06-05 12:00:00,2.0299988,2.532013,0.26825714,2.4373534,1.980010986328125,2.350006103515625,105
1252,2019-06-06 12:00:00,,,,,,,0
1253,2019-06-07 12:00:00,,,,,,,0
1254,2019-06-08 12:00:00,,,,,,,0
1255,2019-06-09 12:00:00,2.5899963,3.2443848,0.35282573,2.5319715,2.040008544921875,3.25,109
1256,2019-06-10 12:00:00,2.649994,3.0437317,0.35906923,1.1269859,2.579986572265625,2.790008544921875,130
1257,2019-06-11 12:00:00,3.100006,3.4740295,0.3017813,1.5856578,3.06500244140625,3.135009765625,64
1258,2019-06-12 12:00:00,2.9899902,3.4864807,0.32235295,1.926011,2.709991455078125,3.6400146484375,51
1259,2019-06-13 12:00:00,,,,,,,0
1260,2019-06-14 12:00:00,3.1950073,3.9411316,0.43605387,1.975051,3.039743423461914,3.3549957275390625,130
1261,2019-06-15 12:00:00,3.3599854,4.2331543,0.4058231,2.197043,3.1199951171875,3.67999267578125,130
1262,2019-06-16 12:00:00,3.0350037,3.9469604,0.5743769,2.0655475,2.9550018310546875,3.4000091552734375,130
1263,2019-06-17 12:00:00,2.5799866,3.1042175,0.3741154,1.6085814,2.470001220703125,2.725006103515625,130
1264,2019-06-18 12:00:00,1.9400024,2.0856018,0.34155118,1.4907413,1.5,2.1400146484375,127
1265,2019-06-19 12:00:00,3.1400146,4.427429,0.3853077,2.2699816,3.0698821544647217,3.399993896484375,130
1266,2019-06-20 12:00:00,3.375,3.879303,0.60692316,1.5145136,3.25,3.4949951171875,130
1267,2019-06-21 12:00:00,3.119995,3.4763489,0.5515769,1.2382727,3.04998779296875,3.30999755859375,130
1268,2019-06-22 12:00:00,3.350006,3.8243103,0.4357692,1.6681755,3.18499755859375,3.489990234375,130
1269,2019-06-23 12:00:00,,,,,,,0
1270,2019-06-24 12:00:00,,,,,,,0
1271,2019-06-25 12:00:00,3.0799866,4.708557,0.26492858,2.53621,2.70001220703125,5.67999267578125,14
1272,2019-06-26 12:00:00,,,,,,,0
1273,2019-06-27 12:00:00,6.130005,6.005005,0.18975,0.4145781,,,4
1274,2019-06-28 12:00:00,2.9500122,2.1475525,0.1996757,2.092966,1.55999755859375,3.329986572265625,37
1275,2019-06-29 12:00:00,,,,,,,0
1276,2019-06-30 12:00:00,2.619995,2.9490662,0.31033614,1.4389315,2.579986572265625,2.67999267578125,119
1277,2019-07-01 12:00:00,2.5450134,2.6991272,0.2910455,1.0023192,2.480010986328125,2.725006103515625,110
1278,2019-07-02 12:00:00,2.6400146,2.7936096,0.26176926,0.55525523,2.57000732421875,2.709991455078125,91
1279,2019-07-03 12:00:00,3.4899902,4.0128174,0.5621924,1.1886481,3.44500732421875,3.6450042724609375,130
1280,2019-07-04 12:00:00,,,,,,,0
1281,2019-07-05 12:00:00,,,,,,,0
1282,2019-07-06 12:00:00,2.0,2.081482,0.21863638,0.44350946,1.8994941711425781,2.30999755859375,33
1283,2019-07-07 12:00:00,6.299988,7.8766785,0.395,4.039349,,,3
1284,2019-07-08 12:00:00,5.399994,5.399994,0.36900002,0.0,,,1
1285,2019-07-09 12:00:00,3.3600159,3.828064,0.35353848,1.2941172,3.20001220703125,3.6099853515625,130
1286,2019-07-10 12:00:00,,,,,,,0
1287,2019-07-11 12:00:00,3.6750183,3.9936523,0.18296668,1.5398297,3.31500244140625,4.350006103515625,30
1288,2019-07-12 12:00:00,3.6549988,3.9901428,0.45176157,1.1375688,3.54998779296875,3.769989013671875,130
1289,2019-07-13 12:00:00,,,,,,,0
1290,2019-07-14 12:00:00,3.5149841,4.29895,0.34966928,2.0546129,3.339996337890625,3.6649932861328125,130
1291,2019-07-15 12:00:00,3.8099976,4.247467,0.3451077,1.5375017,3.57000732421875,3.910003662109375,130
1292,2019-07-16 12:00:00,,,,,,,0
1293,2019-07-17 12:00:00,-0.9299927,-0.61553955,0.21900001,0.5708498,-1.239990234375,0.010009765625,9
1294,2019-07-18 12:00:00,-1.3399963,-1.3399963,0.22200002,0.0,,,2
1295,2019-07-19 12:00:00,2.2200012,2.1951904,0.228,2.2738202,1.959991455078125,3.149993896484375,27
1296,2019-07-20 12:00:00,3.6600037,4.2151794,0.62114173,1.6174986,3.519989013671875,3.850006103515625,127
1297,2019-07-21 12:00:00,4.6900024,5.1333923,0.24024999,2.0440114,4.1750030517578125,4.80999755859375,56
1298,2019-07-22 12:00:00,4.355011,4.8931885,0.5592461,1.440112,4.1300048828125,4.515124320983887,130
1299,2019-07-23 12:00:00,3.980011,4.6840515,0.27584812,1.5575018,3.8800048828125,4.269989013671875,79
1300,2019-07-24 12:00:00,,,,,,,0
1301,2019-07-25 12:00:00,,,,,,,0
1302,2019-07-26 12:00:00,,,,,,,0
1303,2019-07-27 12:00:00,,,,,,,0
1304,2019-07-28 12:00:00,3.2000122,4.378357,0.2674224,2.5465343,2.920013427734375,3.739990234375,116
1305,2019-07-29 12:00:00,3.7200012,4.2765503,0.46297655,1.597129,3.579986572265625,3.8699951171875,128
1306,2019-07-30 12:00:00,3.0299988,3.3066711,0.21366668,1.4462487,,,3
1307,2019-07-31 12:00:00,,,,,,,0
1308,2019-08-01 12:00:00,,,,,,,0
1309,2019-08-02 12:00:00,4.149994,4.8833923,0.2824077,2.5468116,3.92999267578125,4.32000732421875,130
1310,2019-08-03 12:00:00,3.369995,3.469818,0.22670315,2.1723943,3.2550048828125,3.670623540878296,128
1311,2019-08-04 12:00:00,3.7000122,4.2411804,0.24320723,2.3694813,3.558997392654419,3.8800048828125,111
1312,2019-08-05 12:00:00,2.269989,2.501709,0.20890625,2.3692608,1.69500732421875,3.0,64
1313,2019-08-06 12:00:00,,,,,,,0
1314,2019-08-07 12:00:00,,,,,,,0
1315,2019-08-08 12:00:00,3.3200073,3.7670593,0.33735788,1.1763246,3.209991455078125,3.579986572265625,95
1316,2019-08-09 12:00:00,3.505005,4.249817,0.30050927,1.9353496,3.404998779296875,3.595001220703125,108
1317,2019-08-10 12:00:00,3.7399902,4.199524,0.3836423,1.3795836,3.6099853515625,3.850756883621216,123
1318,2019-08-11 12:00:00,3.5899963,3.9883118,0.42769912,1.2135798,3.510009765625,3.6400146484375,113
1319,2019-08-12 12:00:00,3.4900208,3.9465332,0.40611723,1.131365,3.42986798286438,3.579986572265625,128
1320,2019-08-13 12:00:00,5.6799927,5.6188965,0.34005558,1.321937,5.1199951171875,6.5,18
1321,2019-08-14 12:00:00,4.029999,4.94693,0.5073231,1.965989,3.899993896484375,4.2649993896484375,130
1322,2019-08-15 12:00:00,3.3799744,3.8784485,0.27023277,1.4204149,3.1300048828125,3.519989013671875,116
1323,2019-08-16 12:00:00,3.4500122,3.886383,0.34158593,1.4553305,3.31500244140625,3.579986572265625,128
1324,2019-08-17 12:00:00,,,,,,,0
1325,2019-08-18 12:00:00,,,,,,,0
1326,2019-08-19 12:00:00,3.5599976,3.968689,0.5119375,0.93187296,3.4550018310546875,3.75,128
1327,2019-08-20 12:00:00,3.4649963,3.8362427,0.30486667,1.4095074,3.3549957275390625,3.529998779296875,120
1328,2019-08-21 12:00:00,3.269989,3.7473145,0.40118703,1.1940154,3.160003662109375,3.42999267578125,123
1329,2019-08-22 12:00:00,3.6100159,4.06131,0.59533083,1.0420873,3.464996337890625,3.8800048828125,130
1330,2019-08-23 12:00:00,2.4200134,2.365509,0.29254207,1.0648378,2.32000732421875,2.57000732421875,107
1331,2019-08-24 12:00:00,3.2600098,3.5671997,0.34776562,0.8974062,3.1750030517578125,3.339996337890625,128
1332,2019-08-25 12:00:00,3.4250183,4.0367737,0.5241154,1.5551169,3.3548710346221924,3.625,130
1333,2019-08-26 12:00:00,3.0849915,3.3952332,0.3205385,1.1798687,2.970001220703125,3.2299957275390625,130
1334,2019-08-27 12:00:00,,,,,,,0
1335,2019-08-28 12:00:00,3.4500122,4.0203857,0.47831538,1.5860456,3.3900146484375,3.5049896240234375,130
1336,2019-08-29 12:00:00,4.049988,4.7657776,0.3746406,1.8450465,3.9697513580322266,4.2649993896484375,128
1337,2019-08-30 12:00:00,,,,,,,0
1338,2019-08-31 12:00:00,-0.32998657,0.3043518,0.20874359,1.8926697,-0.980010986328125,0.470001220703125,39
1339,2019-09-01 12:00:00,,,,,,,0
1340,2019-09-02 12:00:00,,,,,,,0
1341,2019-09-03 12:00:00,,,,,,,0
1342,2019-09-04 12:00:00,2.869995,3.0657349,0.27486518,1.3974153,2.75,3.029998779296875,89
1343,2019-09-05 12:00:00,,,,,,,0
1344,2019-09-06 12:00:00,,,,,,,0
1345,2019-09-07 12:00:00,,,,,,,0
1346,2019-09-08 12:00:00,,,,,,,0
1347,2019-09-09 12:00:00,3.3200073,3.6393738,0.23257726,1.0998684,3.239990234375,3.3699951171875,123
1348,2019-09-10 12:00:00,2.5,2.4968872,0.2741593,1.2043891,2.230010986328125,2.5804874897003174,113
1349,2019-09-11 12:00:00,2.9200134,2.561432,0.2699857,1.1118209,2.80999755859375,3.100006103515625,70
1350,2019-09-12 12:00:00,,,,,,,0
1351,2019-09-13 12:00:00,2.8299866,3.0064697,0.31794402,0.66671973,2.79998779296875,2.8599853515625,125
1352,2019-09-14 12:00:00,,,,,,,0
1353,2019-09-15 12:00:00,2.619995,2.680481,0.22846156,0.56436825,2.589996337890625,2.640139579772949,130
1354,2019-09-16 12:00:00,2.7900085,2.940155,0.21574616,0.6153233,2.760009765625,2.81500244140625,130
1355,2019-09-17 12:00:00,2.769989,2.9473572,0.216992,0.6447678,2.739990234375,2.850006103515625,125
1356,2019-09-18 12:00:00,3.0,3.373413,0.24734885,1.1915636,2.9697508811950684,3.079986572265625,129
1357,2019-09-19 12:00:00,2.850006,2.9184265,0.24403615,1.3090774,2.769989013671875,2.980010986328125,83
1358,2019-09-20 12:00:00,,,,,,,0
1359,2019-09-21 12:00:00,,,,,,,0
1360,2019-09-22 12:00:00,2.5549927,2.8850708,0.26467213,1.0423946,2.510009765625,2.654998779296875,122
1361,2019-09-23 12:00:00,2.2399902,2.5136414,0.2661181,1.0860733,2.149993896484375,2.42999267578125,127
1362,2019-09-24 12:00:00,-1.2200012,-1.0296936,0.14668751,0.6859674,-1.529998779296875,-0.95001220703125,32
1363,2019-09-25 12:00:00,2.9599915,3.0429993,0.21717325,0.82069165,2.850006103515625,3.019989013671875,127
1364,2019-09-26 12:00:00,2.7099915,2.9873962,0.20071656,1.6319609,2.529998779296875,2.899993896484375,127
1365,2019-09-27 12:00:00,3.0299988,3.4487915,0.2545923,1.1236186,2.9550018310546875,3.2299957275390625,130
1366,2019-09-28 12:00:00,2.899994,3.188385,0.24843846,1.3316096,2.81500244140625,2.970001220703125,130
1367,2019-09-29 12:00:00,0.9299927,1.1186218,0.17648278,1.6664965,0.239990234375,1.1199951171875,29
1368,2019-09-30 12:00:00,1.3450012,1.1655884,0.17526,1.1079472,1.0200042724609375,1.529998779296875,50
1369,2019-10-01 12:00:00,1.9899902,2.1482239,0.21892081,1.412604,1.7394905090332031,2.32000732421875,101
1370,2019-10-02 12:00:00,,,,,,,0
1371,2019-10-03 12:00:00,,,,,,,0
1372,2019-10-04 12:00:00,-1.769989,-1.769989,0.19100001,0.0,,,2
1373,2019-10-05 12:00:00,3.0,3.1313477,0.22894488,0.9209268,2.839996337890625,3.079986572265625,127
1374,2019-10-06 12:00:00,2.25,2.1064453,0.21929114,0.8082588,2.1199951171875,2.3599853515625,79
1375,2019-10-07 12:00:00,1.6000061,1.6220703,0.22390439,0.75961465,1.3699951171875,1.829986572265625,115
1376,2019-10-08 12:00:00,,,,,,,0
1377,2019-10-09 12:00:00,,,,,,,0
1378,2019-10-10 12:00:00,1.7399902,1.8064575,0.19312601,0.79567945,1.6400146484375,1.8599853515625,127
1379,2019-10-11 12:00:00,,,,,,,0
1380,2019-10-12 12:00:00,,,,,,,0
1381,2019-10-13 12:00:00,1.7099915,1.5467834,0.22594786,0.62651813,1.670013427734375,1.769989013671875,115
1382,2019-10-14 12:00:00,1.6099854,1.4708557,0.23038892,0.49080443,1.584991455078125,1.6450042724609375,126
1383,2019-10-15 12:00:00,1.75,1.6513977,0.22946876,0.52870744,1.6199951171875,1.8101228475570679,128
1384,2019-10-16 12:00:00,2.119995,2.0228271,0.20416515,1.2233944,1.899993896484375,2.269989013671875,109
1385,2019-10-17 12:00:00,,,,,,,0
1386,2019-10-18 12:00:00,,,,,,,0
1387,2019-10-19 12:00:00,,,,,,,0
1388,2019-10-20 12:00:00,1.8900146,1.9810791,0.25039533,0.48075962,1.82000732421875,1.94000244140625,129
1389,2019-10-21 12:00:00,1.8899841,1.9458618,0.20859231,0.618352,1.82000732421875,1.95001220703125,130
1390,2019-10-22 12:00:00,1.3099976,1.263977,0.21100794,0.88570464,1.230010986328125,1.350006103515625,126
1391,2019-10-23 12:00:00,0.27999878,0.19793701,0.17242856,0.82587343,0.170013427734375,0.30999755859375,105
1392,2019-10-24 12:00:00,,,,,,,0
1393,2019-10-25 12:00:00,1.6900024,1.6732483,0.24976923,0.16557534,1.660003662109375,1.70001220703125,52
1394,2019-10-26 12:00:00,2.019989,1.9164734,0.257224,0.71132714,1.989990234375,2.04998779296875,125
1395,2019-10-27 12:00:00,0.7550049,0.3486328,0.14259726,0.89951235,0.260009765625,0.970001220703125,72
1396,2019-10-28 12:00:00,0.3999939,0.2669983,0.23136894,0.8528492,0.230010986328125,0.739990234375,103
1397,2019-10-29 12:00:00,,,,,,,0
1398,2019-10-30 12:00:00,,,,,,,0
1399,2019-10-31 12:00:00,,,,,,,0
1400,2019-11-01 12:00:00,1.1300049,1.0340576,0.2078515,0.72378916,0.989990234375,1.279998779296875,101
1401,2019-11-02 12:00:00,,,,,,,0
1402,2019-11-03 12:00:00,1.1300049,1.0023804,0.22539063,0.6146951,1.0550075769424438,1.220001220703125,128
1403,2019-11-04 12:00:00,,,,,,,0
1404,2019-11-05 12:00:00,,,,,,,0
1405,2019-11-06 12:00:00,1.2399902,1.1275024,0.22801031,0.53158635,1.079986572265625,1.3699951171875,97
1406,2019-11-07 12:00:00,,,,,,,0
1407,2019-11-08 12:00:00,,,,,,,0
1408,2019-11-09 12:00:00,,,,,,,0
1409,2019-11-10 12:00:00,,,,,,,0
1410,2019-11-11 12:00:00,,,,,,,0
1411,2019-11-12 12:00:00,,,,,,,0
1412,2019-11-13 12:00:00,0.79000854,0.41760254,0.19222002,0.83806,0.5297489166259766,0.9199981689453125,50
1413,2019-11-14 12:00:00,,,,,,,0
1414,2019-11-15 12:00:00,,,,,,,0
1415,2019-11-16 12:00:00,,,,,,,0
1416,2019-11-17 12:00:00,,,,,,,0
1417,2019-11-18 12:00:00,,,,,,,0
1418,2019-11-19 12:00:00,,,,,,,0
1419,2019-11-20 12:00:00,0.5749817,0.47506714,0.2029407,0.41342893,0.470001220703125,0.635009765625,118
1420,2019-11-21 12:00:00,0.41000366,0.2951355,0.16868469,0.36815876,0.329986572265625,0.459991455078125,111
1421,2019-11-22 12:00:00,-0.6000061,-0.7992554,0.21773587,0.61226803,-1.329986572265625,-0.55999755859375,53
1422,2019-11-23 12:00:00,,,,,,,0
1423,2019-11-24 12:00:00,-1.6499939,-1.5954285,0.14945455,0.16154326,-1.670013427734375,-1.649993896484375,11
1424,2019-11-25 12:00:00,0.32000732,0.18652344,0.18244001,0.47617286,0.25,0.3599853515625,125
1425,2019-11-26 12:00:00,-0.19000244,-0.1335144,0.19674338,0.58288366,-0.3699951171875,0.05999755859375,113
1426,2019-11-27 12:00:00,-1.6300049,-1.5580444,0.1407561,0.3283901,-1.720001220703125,-1.44000244140625,41
1427,2019-11-28 12:00:00,0.23501587,0.28863525,0.19081819,0.39618254,0.20001220703125,0.329986572265625,110
1428,2019-11-29 12:00:00,-0.45999146,-0.6661072,0.17100944,0.90655595,-1.0911213159561157,-0.2100067138671875,106
1429,2019-11-30 12:00:00,,,,,,,0
1430,2019-12-01 12:00:00,,,,,,,0
1431,2019-12-02 12:00:00,,,,,,,0
1432,2019-12-03 12:00:00,,,,,,,0
1433,2019-12-04 12:00:00,,,,,,,0
1434,2019-12-05 12:00:00,,,,,,,0
1435,2019-12-06 12:00:00,,,,,,,0
1436,2019-12-07 12:00:00,,,,,,,0
1437,2019-12-08 12:00:00,,,,,,,0
1438,2019-12-09 12:00:00,,,,,,,0
1439,2019-12-10 12:00:00,,,,,,,0
1440,2019-12-11 12:00:00,,,,,,,0
1441,2019-12-12 12:00:00,,,,,,,0
1442,2019-12-13 12:00:00,,,,,,,0
1443,2019-12-14 12:00:00,,,,,,,0
1444,2019-12-15 12:00:00,,,,,,,0
1445,2019-12-16 12:00:00,,,,,,,0
1446,2019-12-17 12:00:00,,,,,,,0
1447,2019-12-18 12:00:00,,,,,,,0
1448,2019-12-19 12:00:00,,,,,,,0
1449,2019-12-20 12:00:00,,,,,,,0
1450,2019-12-21 12:00:00,,,,,,,0
1451,2019-12-22 12:00:00,,,,,,,0
1452,2019-12-23 12:00:00,,,,,,,0
1453,2019-12-24 12:00:00,,,,,,,0
1454,2019-12-25 12:00:00,,,,,,,0
1455,2019-12-26 12:00:00,,,,,,,0
1456,2019-12-27 12:00:00,,,,,,,0
1457,2019-12-28 12:00:00,,,,,,,0
1458,2019-12-29 12:00:00,,,,,,,0
1459,2019-12-30 12:00:00,,,,,,,0
1460,2019-12-31 12:00:00,,,,,,,0
1461,2020-01-01 12:00:00,,,,,,,0
1462,2020-01-02 12:00:00,,,,,,,0
1463,2020-01-03 12:00:00,,,,,,,0
1464,2020-01-04 12:00:00,,,,,,,0
1465,2020-01-05 12:00:00,,,,,,,0
1466,2020-01-06 12:00:00,,,,,,,0
1467,2020-01-07 12:00:00,,,,,,,0
1468,2020-01-08 12:00:00,,,,,,,0
1469,2020-01-09 12:00:00,,,,,,,0
1470,2020-01-10 12:00:00,,,,,,,0
1471,2020-01-11 12:00:00,,,,,,,0
1472,2020-01-12 12:00:00,,,,,,,0
1473,2020-01-13 12:00:00,,,,,,,0
1474,2020-01-14 12:00:00,,,,,,,0
1475,2020-01-15 12:00:00,,,,,,,0
1476,2020-01-16 12:00:00,,,,,,,0
1477,2020-01-17 12:00:00,,,,,,,0
1478,2020-01-18 12:00:00,,,,,,,0
1479,2020-01-19 12:00:00,,,,,,,0
1480,2020-01-20 12:00:00,,,,,,,0
1481,2020-01-21 12:00:00,,,,,,,0
1482,2020-01-22 12:00:00,,,,,,,0
1483,2020-01-23 12:00:00,,,,,,,0
1484,2020-01-24 12:00:00,,,,,,,0
1485,2020-01-25 12:00:00,,,,,,,0
1486,2020-01-26 12:00:00,,,,,,,0
1487,2020-01-27 12:00:00,,,,,,,0
1488,2020-01-28 12:00:00,,,,,,,0
1489,2020-01-29 12:00:00,,,,,,,0
1490,2020-01-30 12:00:00,,,,,,,0
1491,2020-01-31 12:00:00,,,,,,,0
1492,2020-02-01 12:00:00,,,,,,,0
1493,2020-02-02 12:00:00,,,,,,,0
1494,2020-02-03 12:00:00,,,,,,,0
1495,2020-02-04 12:00:00,,,,,,,0
1496,2020-02-05 12:00:00,,,,,,,0
1497,2020-02-06 12:00:00,,,,,,,0
1498,2020-02-07 12:00:00,,,,,,,0
1499,2020-02-08 12:00:00,,,,,,,0
1500,2020-02-09 12:00:00,,,,,,,0
1501,2020-02-10 12:00:00,,,,,,,0
1502,2020-02-11 12:00:00,,,,,,,0
1503,2020-02-12 12:00:00,,,,,,,0
1504,2020-02-13 12:00:00,,,,,,,0
1505,2020-02-14 12:00:00,,,,,,,0
1506,2020-02-15 12:00:00,,,,,,,0
1507,2020-02-16 12:00:00,,,,,,,0
1508,2020-02-17 12:00:00,,,,,,,0
1509,2020-02-18 12:00:00,,,,,,,0
1510,2020-02-19 12:00:00,,,,,,,0
1511,2020-02-20 12:00:00,,,,,,,0
1512,2020-02-21 12:00:00,,,,,,,0
1513,2020-02-22 12:00:00,,,,,,,0
1514,2020-02-23 12:00:00,,,,,,,0
1515,2020-02-24 12:00:00,,,,,,,0
1516,2020-02-25 12:00:00,,,,,,,0
1517,2020-02-26 12:00:00,,,,,,,0
1518,2020-02-27 12:00:00,,,,,,,0
1519,2020-02-28 12:00:00,,,,,,,0
1520,2020-02-29 12:00:00,,,,,,,0
1521,2020-03-01 12:00:00,,,,,,,0
1522,2020-03-02 12:00:00,,,,,,,0
1523,2020-03-03 12:00:00,,,,,,,0
1524,2020-03-04 12:00:00,,,,,,,0
1525,2020-03-05 12:00:00,,,,,,,0
1526,2020-03-06 12:00:00,,,,,,,0
1527,2020-03-07 12:00:00,,,,,,,0
1528,2020-03-08 12:00:00,,,,,,,0
1529,2020-03-09 12:00:00,,,,,,,0
1530,2020-03-10 12:00:00,,,,,,,0
1531,2020-03-11 12:00:00,,,,,,,0
1532,2020-03-12 12:00:00,,,,,,,0
1533,2020-03-13 12:00:00,,,,,,,0
1534,2020-03-14 12:00:00,,,,,,,0
1535,2020-03-15 12:00:00,,,,,,,0
1536,2020-03-16 12:00:00,,,,,,,0
1537,2020-03-17 12:00:00,,,,,,,0
1538,2020-03-18 12:00:00,,,,,,,0
1539,2020-03-19 12:00:00,,,,,,,0
1540,2020-03-20 12:00:00,,,,,,,0
1541,2020-03-21 12:00:00,,,,,,,0
1542,2020-03-22 12:00:00,,,,,,,0
1543,2020-03-23 12:00:00,,,,,,,0
1544,2020-03-24 12:00:00,,,,,,,0
1545,2020-03-25 12:00:00,,,,,,,0
1546,2020-03-26 12:00:00,,,,,,,0
1547,2020-03-27 12:00:00,,,,,,,0
1548,2020-03-28 12:00:00,,,,,,,0
1549,2020-03-29 12:00:00,,,,,,,0
1550,2020-03-30 12:00:00,,,,,,,0
1551,2020-03-31 12:00:00,,,,,,,0
1552,2020-04-01 12:00:00,,,,,,,0
1553,2020-04-02 12:00:00,,,,,,,0
1554,2020-04-03 12:00:00,,,,,,,0
1555,2020-04-04 12:00:00,,,,,,,0
1556,2020-04-05 12:00:00,,,,,,,0
1557,2020-04-06 12:00:00,,,,,,,0
1558,2020-04-07 12:00:00,,,,,,,0
1559,2020-04-08 12:00:00,,,,,,,0
1560,2020-04-09 12:00:00,,,,,,,0
1561,2020-04-10 12:00:00,,,,,,,0
1562,2020-04-11 12:00:00,,,,,,,0
1563,2020-04-12 12:00:00,,,,,,,0
1564,2020-04-13 12:00:00,,,,,,,0
1565,2020-04-14 12:00:00,,,,,,,0
1566,2020-04-15 12:00:00,,,,,,,0
1567,2020-04-16 12:00:00,,,,,,,0
1568,2020-04-17 12:00:00,,,,,,,0
1569,2020-04-18 12:00:00,,,,,,,0
1570,2020-04-19 12:00:00,,,,,,,0
1571,2020-04-20 12:00:00,,,,,,,0
1572,2020-04-21 12:00:00,,,,,,,0
1573,2020-04-22 12:00:00,,,,,,,0
1574,2020-04-23 12:00:00,,,,,,,0
1575,2020-04-24 12:00:00,,,,,,,0
1576,2020-04-25 12:00:00,,,,,,,0
1577,2020-04-26 12:00:00,,,,,,,0
1578,2020-04-27 12:00:00,,,,,,,0
1579,2020-04-28 12:00:00,,,,,,,0
1580,2020-04-29 12:00:00,,,,,,,0
1581,2020-04-30 12:00:00,,,,,,,0
1582,2020-05-01 12:00:00,,,,,,,0
1583,2020-05-02 12:00:00,,,,,,,0
1584,2020-05-03 12:00:00,,,,,,,0
1585,2020-05-04 12:00:00,,,,,,,0
1586,2020-05-05 12:00:00,,,,,,,0
1587,2020-05-06 12:00:00,,,,,,,0
1588,2020-05-07 12:00:00,,,,,,,0
1589,2020-05-08 12:00:00,,,,,,,0
1590,2020-05-09 12:00:00,,,,,,,0
1591,2020-05-10 12:00:00,2.7649841,2.7649841,0.32200003,1.7849884,,,2
1592,2020-05-11 12:00:00,,,,,,,0
1593,2020-05-12 12:00:00,,,,,,,0
1594,2020-05-13 12:00:00,,,,,,,0
1595,2020-05-14 12:00:00,,,,,,,0
1596,2020-05-15 12:00:00,,,,,,,0
1597,2020-05-16 12:00:00,,,,,,,0
1598,2020-05-17 12:00:00,,,,,,,0
1599,2020-05-18 12:00:00,0.8800049,0.8800049,0.35300002,0.0,,,1
1600,2020-05-19 12:00:00,8.160004,8.160004,0.15400001,0.0,,,1
1601,2020-05-20 12:00:00,0.76000977,0.76000977,0.148,0.0,,,2
1602,2020-05-21 12:00:00,,,,,,,0
1603,2020-05-22 12:00:00,,,,,,,0
1604,2020-05-23 12:00:00,0.8699951,1.75354,0.20331313,1.9175014,0.850006103515625,1.220001220703125,99
1605,2020-05-24 12:00:00,1.0249939,1.3969116,0.21586764,1.7551428,0.834991455078125,1.410003662109375,68
1606,2020-05-25 12:00:00,,,,,,,0
1607,2020-05-26 12:00:00,,,,,,,0
1608,2020-05-27 12:00:00,,,,,,,0
1609,2020-05-28 12:00:00,-0.89001465,-0.67800903,0.185,0.27607775,-0.910003662109375,-0.339996337890625,5
1610,2020-05-29 12:00:00,1.2799988,1.2293091,0.44528574,0.26817912,1.1200103759765625,1.375,14
1611,2020-05-30 12:00:00,1.9299927,2.2634583,0.21817972,0.93362,1.8900146484375,2.0449981689453125,128
1612,2020-05-31 12:00:00,,,,,,,0
1613,2020-06-01 12:00:00,,,,,,,0
1614,2020-06-02 12:00:00,,,,,,,0
1615,2020-06-03 12:00:00,,,,,,,0
1616,2020-06-04 12:00:00,,,,,,,0
1617,2020-06-05 12:00:00,,,,,,,0
1618,2020-06-06 12:00:00,,,,,,,0
1619,2020-06-07 12:00:00,,,,,,,0
1620,2020-06-08 12:00:00,,,,,,,0
1621,2020-06-09 12:00:00,,,,,,,0
1622,2020-06-10 12:00:00,,,,,,,0
1623,2020-06-11 12:00:00,,,,,,,0
1624,2020-06-12 12:00:00,,,,,,,0
1625,2020-06-13 12:00:00,2.649994,2.660675,0.34275413,0.50165224,2.57000732421875,2.80999755859375,61
1626,2020-06-14 12:00:00,,,,,,,0
1627,2020-06-15 12:00:00,,,,,,,0
1628,2020-06-16 12:00:00,,,,,,,0
1629,2020-06-17 12:00:00,,,,,,,0
1630,2020-06-18 12:00:00,,,,,,,0
1631,2020-06-19 12:00:00,,,,,,,0
1632,2020-06-20 12:00:00,2.2200012,2.4331055,0.20686051,1.4387449,2.160003662109375,2.260009765625,129
1633,2020-06-21 12:00:00,2.980011,3.3891602,0.240275,1.443677,2.850006103515625,3.029998779296875,120
1634,2020-06-22 12:00:00,2.8399963,3.4535522,0.24495384,1.4729272,2.739990234375,3.0751218795776367,130
1635,2020-06-23 12:00:00,2.894989,3.6030579,0.23875836,2.7887154,2.839996337890625,3.05999755859375,120
1636,2020-06-24 12:00:00,,,,,,,0
1637,2020-06-25 12:00:00,,,,,,,0
1638,2020-06-26 12:00:00,2.75,3.063263,0.18475972,1.5971006,2.709991455078125,2.80999755859375,129
1639,2020-06-27 12:00:00,2.0299988,2.8041382,0.15796228,1.9754931,1.8900146484375,2.20001220703125,53
1640,2020-06-28 12:00:00,,,,,,,0
1641,2020-06-29 12:00:00,2.5849915,2.8257751,0.29858622,0.8979948,2.529998779296875,2.6851227283477783,116
1642,2020-06-30 12:00:00,3.2000122,4.033905,0.258048,2.5222938,3.1300048828125,3.350006103515625,125
1643,2020-07-01 12:00:00,3.1849976,3.875885,0.25003123,1.8056154,3.1099853515625,3.480010986328125,128
1644,2020-07-02 12:00:00,1.9949951,1.9285583,0.15476787,1.3030226,1.8300018310546875,2.3699951171875,56
1645,2020-07-03 12:00:00,3.4400024,3.825592,0.24426925,1.2255243,3.3699951171875,3.649993896484375,130
1646,2020-07-04 12:00:00,3.125,3.7163086,0.20862296,2.1014419,3.040008544921875,3.3699951171875,122
1647,2020-07-05 12:00:00,-1.4500122,-0.51498413,0.18675001,1.625366,-1.899993896484375,1.489990234375,8
1648,2020-07-06 12:00:00,,,,,,,0
1649,2020-07-07 12:00:00,,,,,,,0
1650,2020-07-08 12:00:00,,,,,,,0
1651,2020-07-09 12:00:00,,,,,,,0
1652,2020-07-10 12:00:00,,,,,,,0
1653,2020-07-11 12:00:00,2.7799988,3.5252075,0.16910128,1.4544494,2.399993896484375,3.6300048828125,79
1654,2020-07-12 12:00:00,4.5899963,3.5619812,0.19980001,2.6462338,1.010009765625,5.8000030517578125,10
1655,2020-07-13 12:00:00,3.7000122,4.250305,0.24381602,1.4507265,3.6300048828125,3.940502643585205,125
1656,2020-07-14 12:00:00,4.119995,5.066925,0.22023079,2.4970992,3.769989013671875,4.410003662109375,39
1657,2020-07-15 12:00:00,3.4500122,3.6923218,0.21728456,1.0129455,3.339996337890625,3.579986572265625,123
1658,2020-07-16 12:00:00,3.380005,3.7901611,0.24560939,1.5575435,3.2848784923553467,3.649993896484375,128
1659,2020-07-17 12:00:00,4.0,4.5418396,0.21657601,1.7327257,3.8699951171875,4.089996337890625,125
1660,2020-07-18 12:00:00,4.105011,4.8515015,0.2392459,2.4525855,3.720001220703125,4.3950042724609375,122
1661,2020-07-19 12:00:00,3.9899902,4.393402,0.26822835,1.6272558,3.8699951171875,4.040008544921875,127
1662,2020-07-20 12:00:00,,,,,,,0
1663,2020-07-21 12:00:00,3.75,4.375641,0.28433076,1.787851,3.649993896484375,3.899993896484375,127
1664,2020-07-22 12:00:00,,,,,,,0
1665,2020-07-23 12:00:00,,,,,,,0
1666,2020-07-24 12:00:00,3.7799988,3.7950134,0.25175,0.025979709,,,4
1667,2020-07-25 12:00:00,,,,,,,0
1668,2020-07-26 12:00:00,,,,,,,0
1669,2020-07-27 12:00:00,3.3299866,3.6438599,0.18302083,1.13883,3.19000244140625,3.3599853515625,96
1670,2020-07-28 12:00:00,,,,,,,0
1671,2020-07-29 12:00:00,,,,,,,0
1672,2020-07-30 12:00:00,,,,,,,0
1673,2020-07-31 12:00:00,,,,,,,0
1674,2020-08-01 12:00:00,,,,,,,0
1675,2020-08-02 12:00:00,,,,,,,0
1676,2020-08-03 12:00:00,,,,,,,0
1677,2020-08-04 12:00:00,3.6400146,4.2770386,0.262528,1.9301231,3.589996337890625,3.720001220703125,125
1678,2020-08-05 12:00:00,3.6099854,4.028015,0.25545737,1.4222854,3.480010986328125,3.67999267578125,129
1679,2020-08-06 12:00:00,,,,,,,0
1680,2020-08-07 12:00:00,,,,,,,0
1681,2020-08-08 12:00:00,,,,,,,0
1682,2020-08-09 12:00:00,,,,,,,0
1683,2020-08-10 12:00:00,3.480011,3.6362305,0.31607875,0.85933053,3.399993896484375,3.510009765625,127
1684,2020-08-11 12:00:00,,,,,,,0
1685,2020-08-12 12:00:00,,,,,,,0
1686,2020-08-13 12:00:00,4.149994,4.5326233,0.23043752,1.3416071,4.0649871826171875,4.31500244140625,128
1687,2020-08-14 12:00:00,3.7600098,4.250946,0.2570315,1.6849725,3.670013427734375,3.910003662109375,127
1688,2020-08-15 12:00:00,3.880005,4.3229065,0.25014064,1.7155114,3.790008544921875,3.989990234375,128
1689,2020-08-16 12:00:00,3.8200073,4.155609,0.2246977,1.1592021,3.718501329421997,3.92999267578125,129
1690,2020-08-17 12:00:00,4.029999,4.4082947,0.29200783,1.460944,3.9499969482421875,4.170013427734375,128
1691,2020-08-18 12:00:00,4.1950073,4.7066956,0.33392307,1.6168684,4.029998779296875,4.269989013671875,130
1692,2020-08-19 12:00:00,4.1900024,4.83786,0.38298404,2.2626936,4.100006103515625,4.3900146484375,125
1693,2020-08-20 12:00:00,3.8200073,4.3986816,0.2539225,1.6053749,3.779998779296875,4.010009765625,129
1694,2020-08-21 12:00:00,3.7799988,4.35495,0.22554266,1.844036,3.70001220703125,3.910003662109375,129
1695,2020-08-22 12:00:00,3.880005,4.6188354,0.24623439,2.7479908,3.79998779296875,3.9950103759765625,128
1696,2020-08-23 12:00:00,3.869995,4.143036,0.21143202,1.1717218,3.739990234375,3.959991455078125,125
1697,2020-08-24 12:00:00,3.7099915,4.1755066,0.25084,1.6408138,3.579986572265625,3.92999267578125,125
1698,2020-08-25 12:00:00,3.8200073,4.5076904,0.23862793,1.5275882,3.7797484397888184,3.899993896484375,129
1699,2020-08-26 12:00:00,3.8599854,4.592621,0.23799229,2.1604033,3.739990234375,4.029998779296875,129
1700,2020-08-27 12:00:00,,,,,,,0
1701,2020-08-28 12:00:00,,,,,,,0
1702,2020-08-29 12:00:00,,,,,,,0
1703,2020-08-30 12:00:00,3.4450073,3.240387,0.21865875,1.3700182,3.2449951171875,3.529998779296875,126
1704,2020-08-31 12:00:00,3.9899902,4.409607,0.23181397,1.204054,3.910003662109375,4.209991455078125,129
1705,2020-09-01 12:00:00,3.5599976,3.9006958,0.22214401,1.2374655,3.510009765625,3.67999267578125,125
1706,2020-09-02 12:00:00,3.7600098,4.263397,0.2237323,1.6311699,3.679492950439453,3.82000732421875,127
1707,2020-09-03 12:00:00,,,,,,,0
1708,2020-09-04 12:00:00,,,,,,,0
1709,2020-09-05 12:00:00,,,,,,,0
1710,2020-09-06 12:00:00,,,,,,,0
1711,2020-09-07 12:00:00,,,,,,,0
1712,2020-09-08 12:00:00,,,,,,,0
1713,2020-09-09 12:00:00,,,,,,,0
1714,2020-09-10 12:00:00,-0.30999756,-0.09899902,0.18730614,1.3352818,-0.470001220703125,0.160003662109375,49
1715,2020-09-11 12:00:00,3.0350037,3.1332703,0.23945904,0.6739342,3.010009765625,3.089996337890625,122
1716,2020-09-12 12:00:00,3.0100098,3.2200928,0.25469232,0.68349457,2.989990234375,3.04998779296875,130
1717,2020-09-13 12:00:00,3.105011,3.28714,0.24703847,0.80648094,3.040008544921875,3.1300048828125,130
1718,2020-09-14 12:00:00,,,,,,,0
1719,2020-09-15 12:00:00,,,,,,,0
1720,2020-09-16 12:00:00,,,,,,,0
1721,2020-09-17 12:00:00,2.2600098,2.0918274,0.16245529,0.8315641,2.160003662109375,2.279998779296875,123
1722,2020-09-18 12:00:00,,,,,,,0
1723,2020-09-19 12:00:00,2.4499817,2.0068665,0.3140625,0.8699245,1.94000244140625,2.579986572265625,16
1724,2020-09-20 12:00:00,,,,,,,0
1725,2020-09-21 12:00:00,2.6900024,2.7779846,0.62262994,0.6505213,2.6400146484375,2.7502505779266357,127
1726,2020-09-22 12:00:00,2.7600098,2.8566895,0.408648,0.83687025,2.720001220703125,2.80999755859375,125
1727,2020-09-23 12:00:00,2.3900146,2.4107056,0.19594367,1.0459368,2.3900146484375,2.42999267578125,71
1728,2020-09-24 12:00:00,,,,,,,0
1729,2020-09-25 12:00:00,-0.30999756,-0.30999756,0.535,0.0,,,1
1730,2020-09-26 12:00:00,2.9200134,2.9312134,0.2901301,0.68947184,2.8800048828125,2.94000244140625,123
1731,2020-09-27 12:00:00,1.6099854,1.2154236,0.23292981,1.4249341,0.660003662109375,2.329986572265625,57
1732,2020-09-28 12:00:00,2.505005,2.464569,0.20247541,0.6521366,2.45001220703125,2.600006103515625,122
1733,2020-09-29 12:00:00,2.2000122,2.323944,0.22873949,0.5945425,2.17999267578125,2.239990234375,119
1734,2020-09-30 12:00:00,-0.98999023,-0.28347778,0.21644999,1.6120487,-1.010009765625,-0.67999267578125,60
1735,2020-10-01 12:00:00,,,,,,,0
1736,2020-10-02 12:00:00,,,,,,,0
1737,2020-10-03 12:00:00,2.5450134,2.4143982,0.31568754,0.6525658,2.44000244140625,2.625,128
1738,2020-10-04 12:00:00,2.0599976,2.0969543,0.248,0.60477626,1.959991455078125,2.160003662109375,128
1739,2020-10-05 12:00:00,1.0249939,0.98687744,0.22410159,0.51704144,0.8900146484375,1.1002562046051025,128
1740,2020-10-06 12:00:00,1.8000183,1.7697144,0.23533595,0.43479326,1.760009765625,1.845001220703125,128
1741,2020-10-07 12:00:00,1.3699951,1.0381775,0.19773075,1.1145657,1.2948734760284424,1.480010986328125,130
1742,2020-10-08 12:00:00,,,,,,,0
1743,2020-10-09 12:00:00,,,,,,,0
1744,2020-10-10 12:00:00,-1.3500061,-1.3500061,0.171,0.0,,,4
1745,2020-10-11 12:00:00,,,,,,,0
1746,2020-10-12 12:00:00,,,,,,,0
1747,2020-10-13 12:00:00,,,,,,,0
1748,2020-10-14 12:00:00,2.4700012,2.346466,0.30411816,0.54114276,2.3800048828125,2.510009765625,127
1749,2020-10-15 12:00:00,,,,,,,0
1750,2020-10-16 12:00:00,,,,,,,0
1751,2020-10-17 12:00:00,,,,,,,0
1752,2020-10-18 12:00:00,-0.36999512,0.4883423,0.26310003,2.1373,-1.55999755859375,2.670013427734375,30
1753,2020-10-19 12:00:00,,,,,,,0
1754,2020-10-20 12:00:00,,,,,,,0
1755,2020-10-21 12:00:00,,,,,,,0
1756,2020-10-22 12:00:00,1.5700073,1.4790039,0.24852757,0.43933144,1.510009765625,1.6300048828125,127
1757,2020-10-23 12:00:00,-0.83999634,-0.8088074,0.22172526,0.5722454,-0.980010986328125,-0.6300048828125,91
1758,2020-10-24 12:00:00,1.519989,1.4433899,0.21867695,0.39171878,1.42999267578125,1.57000732421875,130
1759,2020-10-25 12:00:00,,,,,,,0
1760,2020-10-26 12:00:00,,,,,,,0
1761,2020-10-27 12:00:00,0.9500122,0.88772583,0.22035775,0.44869667,0.8900146484375,1.07000732421875,123
1762,2020-10-28 12:00:00,,,,,,,0
1763,2020-10-29 12:00:00,-0.6949768,-0.6949768,0.18850002,0.39500427,,,2
1764,2020-10-30 12:00:00,-1.2099915,-1.0507812,0.19508654,0.6400882,-1.269989013671875,-1.05999755859375,104
1765,2020-10-31 12:00:00,0.02999878,-0.18054199,0.23171028,0.64563274,-0.100006103515625,0.100006103515625,107
1766,2020-11-01 12:00:00,-0.3500061,-0.3211975,0.36614293,0.5553399,-0.600006103515625,0.019989013671875,77
1767,2020-11-02 12:00:00,,,,,,,0
1768,2020-11-03 12:00:00,,,,,,,0
1769,2020-11-04 12:00:00,-1.8800049,-1.8800049,0.514,0.0,,,2
1770,2020-11-05 12:00:00,-0.89001465,-0.9093628,0.15427274,0.7000796,-1.029998779296875,-0.739990234375,33
1771,2020-11-06 12:00:00,,,,,,,0
1772,2020-11-07 12:00:00,,,,,,,0
1773,2020-11-08 12:00:00,-0.4500122,-0.5762634,0.1499375,0.54833645,-0.910003662109375,-0.1400146484375,16
1774,2020-11-09 12:00:00,,,,,,,0
1775,2020-11-10 12:00:00,,,,,,,0
1776,2020-11-11 12:00:00,0.08999634,-0.1053772,0.14567502,0.6044025,0.0449981689453125,0.20001220703125,80
1777,2020-11-12 12:00:00,,,,,,,0
1778,2020-11-13 12:00:00,-1.8650208,-1.6385498,0.15571429,0.5223642,-1.8800048828125,-1.850006103515625,14
1779,2020-11-14 12:00:00,-0.38497925,-0.3782959,0.17937501,0.7179787,-0.6550140380859375,-0.11949490010738373,88
1780,2020-11-15 12:00:00,-0.83999634,-0.81088257,0.20130357,0.44194886,-0.9000091552734375,-0.540008544921875,56
1781,2020-11-16 12:00:00,-1.5,-1.5089417,0.17875001,0.2436371,-1.640764594078064,-1.3300018310546875,28
1782,2020-11-17 12:00:00,,,,,,,0
1783,2020-11-18 12:00:00,,,,,,,0
1784,2020-11-19 12:00:00,,,,,,,0
1785,2020-11-20 12:00:00,,,,,,,0
1786,2020-11-21 12:00:00,-0.5249939,-0.63165283,0.563,0.28019556,-0.9199981689453125,-0.45001220703125,6
1787,2020-11-22 12:00:00,,,,,,,0
1788,2020-11-23 12:00:00,-1.0700073,-1.0522156,0.17466669,0.43493438,-1.540008544921875,-0.6599884033203125,18
1789,2020-11-24 12:00:00,,,,,,,0
1790,2020-11-25 12:00:00,,,,,,,0
1791,2020-11-26 12:00:00,,,,,,,0
1792,2020-11-27 12:00:00,,,,,,,0
1793,2020-11-28 12:00:00,,,,,,,0
1794,2020-11-29 12:00:00,,,,,,,0
1795,2020-11-30 12:00:00,,,,,,,0
1796,2020-12-01 12:00:00,,,,,,,0
1797,2020-12-02 12:00:00,,,,,,,0
1798,2020-12-03 12:00:00,,,,,,,0
1799,2020-12-04 12:00:00,,,,,,,0
1800,2020-12-05 12:00:00,,,,,,,0
1801,2020-12-06 12:00:00,,,,,,,0
1802,2020-12-07 12:00:00,,,,,,,0
1803,2020-12-08 12:00:00,,,,,,,0
1804,2020-12-09 12:00:00,,,,,,,0
1805,2020-12-10 12:00:00,,,,,,,0
1806,2020-12-11 12:00:00,,,,,,,0
1807,2020-12-12 12:00:00,,,,,,,0
1808,2020-12-13 12:00:00,,,,,,,0
1809,2020-12-14 12:00:00,,,,,,,0
1810,2020-12-15 12:00:00,,,,,,,0
1811,2020-12-16 12:00:00,,,,,,,0
1812,2020-12-17 12:00:00,,,,,,,0
1813,2020-12-18 12:00:00,,,,,,,0
1814,2020-12-19 12:00:00,,,,,,,0
1815,2020-12-20 12:00:00,,,,,,,0
1816,2020-12-21 12:00:00,,,,,,,0
1817,2020-12-22 12:00:00,,,,,,,0
1818,2020-12-23 12:00:00,,,,,,,0
1819,2020-12-24 12:00:00,,,,,,,0
1820,2020-12-25 12:00:00,,,,,,,0
1821,2020-12-26 12:00:00,,,,,,,0
1822,2020-12-27 12:00:00,,,,,,,0
1823,2020-12-28 12:00:00,,,,,,,0
1824,2020-12-29 12:00:00,,,,,,,0
1825,2020-12-30 12:00:00,,,,,,,0
1826,2020-12-31 12:00:00,,,,,,,0
1827,2021-01-01 12:00:00,,,,,,,0
1828,2021-01-02 12:00:00,,,,,,,0
1829,2021-01-03 12:00:00,,,,,,,0
1830,2021-01-04 12:00:00,,,,,,,0
1831,2021-01-05 12:00:00,,,,,,,0
1832,2021-01-06 12:00:00,,,,,,,0
1833,2021-01-07 12:00:00,,,,,,,0
1834,2021-01-08 12:00:00,,,,,,,0
1835,2021-01-09 12:00:00,,,,,,,0
1836,2021-01-10 12:00:00,,,,,,,0
1837,2021-01-11 12:00:00,,,,,,,0
1838,2021-01-12 12:00:00,,,,,,,0
1839,2021-01-13 12:00:00,,,,,,,0
1840,2021-01-14 12:00:00,,,,,,,0
1841,2021-01-15 12:00:00,,,,,,,0
1842,2021-01-16 12:00:00,,,,,,,0
1843,2021-01-17 12:00:00,,,,,,,0
1844,2021-01-18 12:00:00,,,,,,,0
1845,2021-01-19 12:00:00,,,,,,,0
1846,2021-01-20 12:00:00,,,,,,,0
1847,2021-01-21 12:00:00,,,,,,,0
1848,2021-01-22 12:00:00,,,,,,,0
1849,2021-01-23 12:00:00,,,,,,,0
1850,2021-01-24 12:00:00,,,,,,,0
1851,2021-01-25 12:00:00,,,,,,,0
1852,2021-01-26 12:00:00,,,,,,,0
1853,2021-01-27 12:00:00,,,,,,,0
1854,2021-01-28 12:00:00,,,,,,,0
1855,2021-01-29 12:00:00,,,,,,,0
1856,2021-01-30 12:00:00,,,,,,,0
1857,2021-01-31 12:00:00,,,,,,,0
1858,2021-02-01 12:00:00,,,,,,,0
1859,2021-02-02 12:00:00,,,,,,,0
1860,2021-02-03 12:00:00,,,,,,,0
1861,2021-02-04 12:00:00,,,,,,,0
1862,2021-02-05 12:00:00,,,,,,,0
1863,2021-02-06 12:00:00,,,,,,,0
1864,2021-02-07 12:00:00,,,,,,,0
1865,2021-02-08 12:00:00,,,,,,,0
1866,2021-02-09 12:00:00,,,,,,,0
1867,2021-02-10 12:00:00,,,,,,,0
1868,2021-02-11 12:00:00,,,,,,,0
1869,2021-02-12 12:00:00,,,,,,,0
1870,2021-02-13 12:00:00,,,,,,,0
1871,2021-02-14 12:00:00,,,,,,,0
1872,2021-02-15 12:00:00,,,,,,,0
1873,2021-02-16 12:00:00,,,,,,,0
1874,2021-02-17 12:00:00,,,,,,,0
1875,2021-02-18 12:00:00,,,,,,,0
1876,2021-02-19 12:00:00,,,,,,,0
1877,2021-02-20 12:00:00,,,,,,,0
1878,2021-02-21 12:00:00,,,,,,,0
1879,2021-02-22 12:00:00,,,,,,,0
1880,2021-02-23 12:00:00,,,,,,,0
1881,2021-02-24 12:00:00,,,,,,,0
1882,2021-02-25 12:00:00,,,,,,,0
1883,2021-02-26 12:00:00,,,,,,,0
1884,2021-02-27 12:00:00,,,,,,,0
1885,2021-02-28 12:00:00,,,,,,,0
1886,2021-03-01 12:00:00,,,,,,,0
1887,2021-03-02 12:00:00,,,,,,,0
1888,2021-03-03 12:00:00,,,,,,,0
1889,2021-03-04 12:00:00,,,,,,,0
1890,2021-03-05 12:00:00,,,,,,,0
1891,2021-03-06 12:00:00,,,,,,,0
1892,2021-03-07 12:00:00,,,,,,,0
1893,2021-03-08 12:00:00,,,,,,,0
1894,2021-03-09 12:00:00,,,,,,,0
1895,2021-03-10 12:00:00,,,,,,,0
1896,2021-03-11 12:00:00,,,,,,,0
1897,2021-03-12 12:00:00,,,,,,,0
1898,2021-03-13 12:00:00,,,,,,,0
1899,2021-03-14 12:00:00,,,,,,,0
1900,2021-03-15 12:00:00,,,,,,,0
1901,2021-03-16 12:00:00,,,,,,,0
1902,2021-03-17 12:00:00,,,,,,,0
1903,2021-03-18 12:00:00,,,,,,,0
1904,2021-03-19 12:00:00,,,,,,,0
1905,2021-03-20 12:00:00,,,,,,,0
1906,2021-03-21 12:00:00,,,,,,,0
1907,2021-03-22 12:00:00,,,,,,,0
1908,2021-03-23 12:00:00,,,,,,,0
1909,2021-03-24 12:00:00,,,,,,,0
1910,2021-03-25 12:00:00,,,,,,,0
1911,2021-03-26 12:00:00,,,,,,,0
1912,2021-03-27 12:00:00,,,,,,,0
1913,2021-03-28 12:00:00,,,,,,,0
1914,2021-03-29 12:00:00,,,,,,,0
1915,2021-03-30 12:00:00,,,,,,,0
1916,2021-03-31 12:00:00,,,,,,,0
1917,2021-04-01 12:00:00,,,,,,,0
1918,2021-04-02 12:00:00,,,,,,,0
1919,2021-04-03 12:00:00,,,,,,,0
1920,2021-04-04 12:00:00,,,,,,,0
1921,2021-04-05 12:00:00,,,,,,,0
1922,2021-04-06 12:00:00,,,,,,,0
1923,2021-04-07 12:00:00,,,,,,,0
1924,2021-04-08 12:00:00,,,,,,,0
1925,2021-04-09 12:00:00,,,,,,,0
1926,2021-04-10 12:00:00,,,,,,,0
1927,2021-04-11 12:00:00,,,,,,,0
1928,2021-04-12 12:00:00,,,,,,,0
1929,2021-04-13 12:00:00,,,,,,,0
1930,2021-04-14 12:00:00,,,,,,,0
1931,2021-04-15 12:00:00,,,,,,,0
1932,2021-04-16 12:00:00,,,,,,,0
1933,2021-04-17 12:00:00,,,,,,,0
1934,2021-04-18 12:00:00,,,,,,,0
1935,2021-04-19 12:00:00,,,,,,,0
1936,2021-04-20 12:00:00,,,,,,,0
1937,2021-04-21 12:00:00,,,,,,,0
1938,2021-04-22 12:00:00,,,,,,,0
1939,2021-04-23 12:00:00,,,,,,,0
1940,2021-04-24 12:00:00,,,,,,,0
1941,2021-04-25 12:00:00,,,,,,,0
1942,2021-04-26 12:00:00,,,,,,,0
1943,2021-04-27 12:00:00,,,,,,,0
1944,2021-04-28 12:00:00,,,,,,,0
1945,2021-04-29 12:00:00,,,,,,,0
1946,2021-04-30 12:00:00,,,,,,,0
1947,2021-05-01 12:00:00,,,,,,,0
1948,2021-05-02 12:00:00,4.9250183,4.8799744,0.16975,3.7405393,,,4
1949,2021-05-03 12:00:00,,,,,,,0
1950,2021-05-04 12:00:00,0.86001587,1.0621338,0.23100002,0.68410504,0.6100006103515625,1.100006103515625,14
1951,2021-05-05 12:00:00,,,,,,,0
1952,2021-05-06 12:00:00,,,,,,,0
1953,2021-05-07 12:00:00,,,,,,,0
1954,2021-05-08 12:00:00,,,,,,,0
1955,2021-05-09 12:00:00,,,,,,,0
1956,2021-05-10 12:00:00,,,,,,,0
1957,2021-05-11 12:00:00,,,,,,,0
1958,2021-05-12 12:00:00,,,,,,,0
1959,2021-05-13 12:00:00,,,,,,,0
1960,2021-05-14 12:00:00,,,,,,,0
1961,2021-05-15 12:00:00,0.4500122,2.6853943,0.19386487,4.5929832,0.30999755859375,0.95001220703125,37
1962,2021-05-16 12:00:00,0.98999023,2.0,0.19074194,2.2706432,0.660003662109375,3.260009765625,31
1963,2021-05-17 12:00:00,0.88998413,1.4305115,0.19465001,2.6829033,0.3900146484375,1.2649993896484375,40
1964,2021-05-18 12:00:00,0.54000854,1.0321045,0.18288372,1.3999269,0.290008544921875,0.850006103515625,43
1965,2021-05-19 12:00:00,0.32998657,-0.06222534,0.23700002,1.1839981,-1.70001220703125,0.970001220703125,9
1966,2021-05-20 12:00:00,,,,,,,0
1967,2021-05-21 12:00:00,,,,,,,0
1968,2021-05-22 12:00:00,,,,,,,0
1969,2021-05-23 12:00:00,,,,,,,0
1970,2021-05-24 12:00:00,,,,,,,0
1971,2021-05-25 12:00:00,1.25,1.222992,0.42650002,0.041241504,1.160003662109375,1.25,10
1972,2021-05-26 12:00:00,,,,,,,0
1973,2021-05-27 12:00:00,1.8299866,2.5309753,0.24998198,2.3634071,1.760009765625,1.910003662109375,111
1974,2021-05-28 12:00:00,2.5799866,3.7486267,0.21477589,3.004257,2.285003662109375,2.835256814956665,116
1975,2021-05-29 12:00:00,,,,,,,0
1976,2021-05-30 12:00:00,1.9250183,2.4398193,0.29876417,1.4837248,1.834991455078125,1.970001220703125,106
1977,2021-05-31 12:00:00,,,,,,,0
1978,2021-06-01 12:00:00,1.5799866,1.9340515,0.19248836,2.8582318,1.480010986328125,1.779998779296875,86
1979,2021-06-02 12:00:00,,,,,,,0
1980,2021-06-03 12:00:00,,,,,,,0
1981,2021-06-04 12:00:00,2.2149963,2.4933472,0.228875,1.2102137,2.17999267578125,2.32000732421875,120
1982,2021-06-05 12:00:00,,,,,,,0
1983,2021-06-06 12:00:00,,,,,,,0
1984,2021-06-07 12:00:00,,,,,,,0
1985,2021-06-08 12:00:00,2.524994,3.1500244,0.2174077,1.566339,2.3800048828125,2.8300018310546875,130
1986,2021-06-09 12:00:00,2.6600037,3.4638367,0.22168505,2.1970108,2.54998779296875,3.010009765625,127
1987,2021-06-10 12:00:00,-0.8200073,-0.5840149,0.1714,0.28903797,-0.82000732421875,-0.230010986328125,5
1988,2021-06-11 12:00:00,,,,,,,0
1989,2021-06-12 12:00:00,2.269989,2.6836243,0.19637662,1.6237302,2.040008544921875,2.480010986328125,77
1990,2021-06-13 12:00:00,0.35998535,0.35998535,0.171,0.0,,,2
1991,2021-06-14 12:00:00,2.350006,2.637909,0.20001575,1.1305565,2.29998779296875,2.410003662109375,127
1992,2021-06-15 12:00:00,2.480011,2.8567505,0.31960186,2.1041121,2.209991455078125,2.7610106468200684,108
1993,2021-06-16 12:00:00,2.1900024,2.6490173,0.43230003,2.4729526,-0.149993896484375,6.05999755859375,10
1994,2021-06-17 12:00:00,2.75,3.4207764,0.23639518,1.8408606,2.670013427734375,3.0099945068359375,124
1995,2021-06-18 12:00:00,,,,,,,0
1996,2021-06-19 12:00:00,,,,,,,0
1997,2021-06-20 12:00:00,,,,,,,0
1998,2021-06-21 12:00:00,3.2900085,3.8589172,0.2225242,1.4618654,3.19000244140625,3.4250030517578125,124
1999,2021-06-22 12:00:00,3.2200012,3.7462158,0.21629412,1.7506323,3.1300048828125,3.440502643585205,119
2000,2021-06-23 12:00:00,,,,,,,0
2001,2021-06-24 12:00:00,,,,,,,0
2002,2021-06-25 12:00:00,,,,,,,0
2003,2021-06-26 12:00:00,,,,,,,0
2004,2021-06-27 12:00:00,,,,,,,0
2005,2021-06-28 12:00:00,1.6099854,1.6099854,0.18200001,0.0,,,4
2006,2021-06-29 12:00:00,2.2600098,2.1113586,0.32008654,0.907263,2.1099853515625,2.350006103515625,104
2007,2021-06-30 12:00:00,3.130005,3.6039734,0.24708731,2.1249433,3.07000732421875,3.2050018310546875,126
2008,2021-07-01 12:00:00,3.230011,3.6742554,0.22263078,1.5546824,3.100006103515625,3.32000732421875,130
2009,2021-07-02 12:00:00,2.630005,2.9644165,0.21556453,1.9766794,2.3699951171875,2.760009765625,124
2010,2021-07-03 12:00:00,4.2099915,3.815216,0.24046808,1.2696693,4.029998779296875,4.279998779296875,94
2011,2021-07-04 12:00:00,1.8999939,1.6396179,0.28185183,1.3900771,0.480010986328125,2.510009765625,27
2012,2021-07-05 12:00:00,,,,,,,0
2013,2021-07-06 12:00:00,,,,,,,0
2014,2021-07-07 12:00:00,2.7900085,3.2625427,0.19619685,2.1773891,2.649993896484375,2.910003662109375,127
2015,2021-07-08 12:00:00,,,,,,,0
2016,2021-07-09 12:00:00,3.2600098,3.693573,0.18154933,1.4182743,3.089996337890625,3.459991455078125,71
2017,2021-07-10 12:00:00,,,,,,,0
2018,2021-07-11 12:00:00,,,,,,,0
2019,2021-07-12 12:00:00,1.1499939,0.9020386,0.22821844,1.9497294,0.489990234375,1.480010986328125,87
2020,2021-07-13 12:00:00,3.130005,3.7754517,0.21812345,3.0822976,2.739990234375,3.589996337890625,81
2021,2021-07-14 12:00:00,,,,,,,0
2022,2021-07-15 12:00:00,3.774994,3.9791565,0.2632923,1.067326,3.6300048828125,3.970001220703125,130
2023,2021-07-16 12:00:00,,,,,,,0
2024,2021-07-17 12:00:00,,,,,,,0
2025,2021-07-18 12:00:00,,,,,,,0
2026,2021-07-19 12:00:00,,,,,,,0
2027,2021-07-20 12:00:00,,,,,,,0
2028,2021-07-21 12:00:00,,,,,,,0
2029,2021-07-22 12:00:00,,,,,,,0
2030,2021-07-23 12:00:00,3.350006,3.1336975,0.30652633,0.67723703,3.350006103515625,3.399993896484375,19
2031,2021-07-24 12:00:00,,,,,,,0
2032,2021-07-25 12:00:00,3.0,2.8408508,0.24915703,1.0019294,2.760009765625,3.1400146484375,121
2033,2021-07-26 12:00:00,4.73999,5.250641,0.3937323,2.432607,4.57000732421875,4.790008544921875,127
2034,2021-07-27 12:00:00,,,,,,,0
2035,2021-07-28 12:00:00,3.5849915,3.9448547,0.2257623,1.7204474,3.3650054931640625,3.720001220703125,122
2036,2021-07-29 12:00:00,4.244995,4.80188,0.26160768,1.6779202,4.079986572265625,4.350006103515625,130
2037,2021-07-30 12:00:00,,,,,,,0
2038,2021-07-31 12:00:00,3.9299927,4.1132507,0.26890817,1.063909,3.79998779296875,4.06500244140625,98
2039,2021-08-01 12:00:00,,,,,,,0
2040,2021-08-02 12:00:00,,,,,,,0
2041,2021-08-03 12:00:00,,,,,,,0
2042,2021-08-04 12:00:00,,,,,,,0
2043,2021-08-05 12:00:00,,,,,,,0
2044,2021-08-06 12:00:00,2.9400024,2.9672546,0.19063635,0.9292149,2.6300048828125,3.089996337890625,55
2045,2021-08-07 12:00:00,,,,,,,0
2046,2021-08-08 12:00:00,,,,,,,0
2047,2021-08-09 12:00:00,3.9200134,4.4324036,0.23307693,1.7097983,3.80999755859375,4.035003662109375,130
2048,2021-08-10 12:00:00,,,,,,,0
2049,2021-08-11 12:00:00,4.1600037,4.5755005,0.2040504,1.8391272,3.8900146484375,4.290008544921875,119
2050,2021-08-12 12:00:00,4.1099854,4.7664185,0.2758898,2.114266,3.959991455078125,4.20001220703125,127
2051,2021-08-13 12:00:00,,,,,,,0
2052,2021-08-14 12:00:00,,,,,,,0
2053,2021-08-15 12:00:00,,,,,,,0
2054,2021-08-16 12:00:00,,,,,,,0
2055,2021-08-17 12:00:00,,,,,,,0
2056,2021-08-18 12:00:00,,,,,,,0
2057,2021-08-19 12:00:00,,,,,,,0
2058,2021-08-20 12:00:00,,,,,,,0
2059,2021-08-21 12:00:00,0.20999146,0.46105957,0.17610717,1.2512703,-0.364990234375,1.079986572265625,28
2060,2021-08-22 12:00:00,4.1600037,4.554596,0.23871319,1.4488132,3.970001220703125,4.260009765625,129
2061,2021-08-23 12:00:00,4.274994,4.851715,0.25408596,1.9917645,4.113865852355957,4.3699951171875,128
2062,2021-08-24 12:00:00,3.100006,3.2295837,0.19574325,1.1298226,3.010009765625,3.524993896484375,74
2063,2021-08-25 12:00:00,,,,,,,0
2064,2021-08-26 12:00:00,,,,,,,0
2065,2021-08-27 12:00:00,3.7099915,3.5862732,0.31725806,0.5439817,3.589996337890625,3.7400054931640625,62
2066,2021-08-28 12:00:00,,,,,,,0
2067,2021-08-29 12:00:00,2.3899841,2.8349915,0.22475001,0.84574574,,,4
2068,2021-08-30 12:00:00,3.7049866,4.263733,0.26148415,1.7081776,3.6100006103515625,3.8249969482421875,126
2069,2021-08-31 12:00:00,4.13501,4.8719482,0.2596385,2.0676515,3.929882764816284,4.3650054931640625,130
2070,2021-09-01 12:00:00,5.1900024,5.1900024,0.2045,4.6900024,,,2
2071,2021-09-02 12:00:00,,,,,,,0
2072,2021-09-03 12:00:00,,,,,,,0
2073,2021-09-04 12:00:00,3.6600037,3.9895325,0.241088,1.268667,3.540008544921875,3.739990234375,125
2074,2021-09-05 12:00:00,3.9299927,4.257721,0.22080953,1.5341514,3.7700042724609375,4.05999755859375,126
2075,2021-09-06 12:00:00,3.600006,3.996704,0.22040944,1.5678909,3.5197396278381348,3.67999267578125,127
2076,2021-09-07 12:00:00,,,,,,,0
2077,2021-09-08 12:00:00,,,,,,,0
2078,2021-09-09 12:00:00,2.6700134,2.3919983,0.2631,0.8478428,1.1300048828125,3.1300048828125,10
2079,2021-09-10 12:00:00,,,,,,,0
2080,2021-09-11 12:00:00,,,,,,,0
2081,2021-09-12 12:00:00,-0.38000488,-0.38000488,0.35500002,0.0,,,2
2082,2021-09-13 12:00:00,3.230011,3.3311768,0.22495387,0.8251664,3.170013427734375,3.279998779296875,130
2083,2021-09-14 12:00:00,2.6900024,2.710266,0.15231201,1.0027697,2.540008544921875,2.739990234375,125
2084,2021-09-15 12:00:00,3.0400085,3.3609314,0.2290231,1.1145779,3.0,3.079986572265625,130
2085,2021-09-16 12:00:00,,,,,,,0
2086,2021-09-17 12:00:00,3.0799866,3.3105469,0.30587402,1.0832646,2.989990234375,3.1199951171875,127
2087,2021-09-18 12:00:00,3.1400146,3.3206787,0.4073203,0.9379106,3.095001220703125,3.170013427734375,128
2088,2021-09-19 12:00:00,2.9100037,2.8919678,0.28092128,1.2378447,2.790008544921875,3.010009765625,127
2089,2021-09-20 12:00:00,,,,,,,0
2090,2021-09-21 12:00:00,,,,,,,0
2091,2021-09-22 12:00:00,,,,,,,0
2092,2021-09-23 12:00:00,1.7799988,1.6161194,0.26528832,0.88171285,1.67999267578125,1.899993896484375,111
2093,2021-09-24 12:00:00,2.1650085,2.1670227,0.23226532,0.662139,2.089996337890625,2.2299957275390625,98
2094,2021-09-25 12:00:00,2.4850159,2.603302,0.22496924,0.64591575,2.3699951171875,2.589996337890625,130
2095,2021-09-26 12:00:00,2.6799927,2.7404785,0.23723078,0.8361959,2.6400146484375,2.70001220703125,130
2096,2021-09-27 12:00:00,2.4899902,2.4248962,0.20150419,0.5520718,2.410003662109375,2.6300048828125,119
2097,2021-09-28 12:00:00,2.4700012,2.4049988,0.19811475,0.4887443,2.30999755859375,2.540008544921875,122
2098,2021-09-29 12:00:00,2.399994,2.4883118,0.23578401,0.8616775,2.3699951171875,2.44000244140625,125
2099,2021-09-30 12:00:00,2.2000122,2.030548,0.1366111,1.0322689,2.1099853515625,2.230010986328125,126
2100,2021-10-01 12:00:00,2.230011,2.188202,0.1673846,1.1179907,2.040008544921875,2.3599853515625,117
2101,2021-10-02 12:00:00,2.3299866,2.6955566,0.18556453,1.4612623,2.2400054931640625,2.4251279830932617,124
2102,2021-10-03 12:00:00,2.619995,2.7275696,0.20011814,1.0982097,2.5,2.649993896484375,127
2103,2021-10-04 12:00:00,2.269989,2.4117432,0.19669294,1.0648913,2.20001220703125,2.3900146484375,127
2104,2021-10-05 12:00:00,2.5099792,2.6023865,0.23498462,0.9464561,2.3900146484375,2.56500244140625,130
2105,2021-10-06 12:00:00,-0.6000061,-0.57229614,0.2271818,0.5317542,-0.720001220703125,-0.25,22
2106,2021-10-07 12:00:00,2.3200073,2.4015198,0.22948033,0.86940247,2.209991455078125,2.459991455078125,127
2107,2021-10-08 12:00:00,2.3200073,2.3197937,0.22764286,0.9720121,2.1400146484375,2.3751251697540283,126
2108,2021-10-09 12:00:00,2.0450134,2.0111084,0.22302307,0.8802314,1.899993896484375,2.149993896484375,130
2109,2021-10-10 12:00:00,,,,,,,0
2110,2021-10-11 12:00:00,1.5400085,1.8406982,0.16064286,0.78333646,1.160003662109375,2.519989013671875,14
2111,2021-10-12 12:00:00,1.8900146,1.885498,0.23553078,0.8243659,1.600006103515625,2.0,130
2112,2021-10-13 12:00:00,0.4250183,0.90063477,0.2152969,1.1970083,0.30999755859375,0.730010986328125,128
2113,2021-10-14 12:00:00,-1.5700073,-1.6356506,0.16391306,0.18348745,-1.8599853515625,-1.57000732421875,23
2114,2021-10-15 12:00:00,0.30999756,0.5279236,0.17962205,1.0674433,0.23949052393436432,0.3900146484375,127
2115,2021-10-16 12:00:00,0.605011,0.8916321,0.19946155,1.3481495,0.420013427734375,0.730010986328125,130
2116,2021-10-17 12:00:00,1.9400024,1.9658813,0.22572093,0.53484845,1.910003662109375,2.029998779296875,129
2117,2021-10-18 12:00:00,1.7550049,1.6366882,0.21686153,0.52085036,1.6450042724609375,1.80999755859375,130
2118,2021-10-19 12:00:00,2.019989,2.1688232,0.21735387,0.7888551,1.904998779296875,2.1750030517578125,130
2119,2021-10-20 12:00:00,1.5100098,1.5732422,0.2001057,0.66943145,1.420013427734375,1.589996337890625,123
2120,2021-10-21 12:00:00,0.51000977,0.58499146,0.22479169,0.8913771,0.470001220703125,0.57000732421875,120
2121,2021-10-22 12:00:00,1.0899963,0.94192505,0.22276801,0.53946596,0.94000244140625,1.170013427734375,125
2122,2021-10-23 12:00:00,0.8249817,0.5515137,0.17978072,0.72386956,0.589996337890625,0.910003662109375,114
2123,2021-10-24 12:00:00,-0.54000854,-0.5921631,0.15907143,0.5259805,-0.790008544921875,-0.480010986328125,56
2124,2021-10-25 12:00:00,0.41000366,0.33547974,0.20240165,0.56795514,0.345001220703125,0.489990234375,122
2125,2021-10-26 12:00:00,1.019989,1.0889893,0.22718604,0.60956967,0.959991455078125,1.100006103515625,129
2126,2021-10-27 12:00:00,0.93499756,1.065033,0.17914656,0.7428391,0.8499908447265625,1.040008544921875,116
2127,2021-10-28 12:00:00,-0.48501587,-0.37713623,0.22195163,0.7397913,-0.670013427734375,-0.30999755859375,124
2128,2021-10-29 12:00:00,,,,,,,0
2129,2021-10-30 12:00:00,0.25500488,0.14666748,0.22756669,0.5190914,0.1400146484375,0.3699951171875,120
2130,2021-10-31 12:00:00,-1.394989,-1.4375,0.194,0.13198255,,,4
2131,2021-11-01 12:00:00,,,,,,,0
2132,2021-11-02 12:00:00,-1.9100037,-1.9140015,0.51060003,0.0049037673,-1.920013427734375,-1.910003662109375,5
2133,2021-11-03 12:00:00,,,,,,,0
2134,2021-11-04 12:00:00,,,,,,,0
2135,2021-11-05 12:00:00,,,,,,,0
2136,2021-11-06 12:00:00,,,,,,,0
2137,2021-11-07 12:00:00,0.73999023,0.72454834,0.21105886,0.5547032,0.660003662109375,0.839996337890625,119
2138,2021-11-08 12:00:00,0.38000488,0.09963989,0.18187395,0.68017846,0.29998779296875,0.3800048828125,119
2139,2021-11-09 12:00:00,-0.29000854,-0.42678833,0.19154999,0.53869283,-0.4850006103515625,-0.225006103515625,100
2140,2021-11-10 12:00:00,-0.4500122,-0.48709106,0.19612943,0.563803,-0.600006103515625,-0.350006103515625,85
2141,2021-11-11 12:00:00,-0.269989,-0.40020752,0.16077273,0.4476725,-0.649993896484375,-0.1800079345703125,44
2142,2021-11-12 12:00:00,-1.3900146,-1.1199951,0.16800001,0.74978846,-1.489990234375,-0.839996337890625,21
2143,2021-11-13 12:00:00,,,,,,,0
2144,2021-11-14 12:00:00,,,,,,,0
2145,2021-11-15 12:00:00,,,,,,,0
2146,2021-11-16 12:00:00,,,,,,,0
2147,2021-11-17 12:00:00,,,,,,,0
2148,2021-11-18 12:00:00,,,,,,,0
2149,2021-11-19 12:00:00,,,,,,,0
2150,2021-11-20 12:00:00,,,,,,,0
2151,2021-11-21 12:00:00,,,,,,,0
2152,2021-11-22 12:00:00,,,,,,,0
2153,2021-11-23 12:00:00,,,,,,,0
2154,2021-11-24 12:00:00,,,,,,,0
2155,2021-11-25 12:00:00,,,,,,,0
2156,2021-11-26 12:00:00,,,,,,,0
2157,2021-11-27 12:00:00,,,,,,,0
2158,2021-11-28 12:00:00,,,,,,,0
2159,2021-11-29 12:00:00,,,,,,,0
2160,2021-11-30 12:00:00,,,,,,,0
2161,2021-12-01 12:00:00,-0.8699951,-0.8640747,0.18866101,0.50183916,-1.05999755859375,-0.769989013671875,59
2162,2021-12-02 12:00:00,,,,,,,0
2163,2021-12-03 12:00:00,,,,,,,0
2164,2021-12-04 12:00:00,,,,,,,0
2165,2021-12-05 12:00:00,,,,,,,0
2166,2021-12-06 12:00:00,,,,,,,0
2167,2021-12-07 12:00:00,,,,,,,0
2168,2021-12-08 12:00:00,,,,,,,0
2169,2021-12-09 12:00:00,,,,,,,0
2170,2021-12-10 12:00:00,,,,,,,0
2171,2021-12-11 12:00:00,,,,,,,0
2172,2021-12-12 12:00:00,,,,,,,0
2173,2021-12-13 12:00:00,,,,,,,0
2174,2021-12-14 12:00:00,,,,,,,0
2175,2021-12-15 12:00:00,,,,,,,0
2176,2021-12-16 12:00:00,,,,,,,0
2177,2021-12-17 12:00:00,,,,,,,0
2178,2021-12-18 12:00:00,,,,,,,0
2179,2021-12-19 12:00:00,,,,,,,0
2180,2021-12-20 12:00:00,,,,,,,0
2181,2021-12-21 12:00:00,,,,,,,0
2182,2021-12-22 12:00:00,,,,,,,0
2183,2021-12-23 12:00:00,,,,,,,0
2184,2021-12-24 12:00:00,,,,,,,0
2185,2021-12-25 12:00:00,,,,,,,0
2186,2021-12-26 12:00:00,,,,,,,0
2187,2021-12-27 12:00:00,,,,,,,0
2188,2021-12-28 12:00:00,,,,,,,0
2189,2021-12-29 12:00:00,,,,,,,0
2190,2021-12-30 12:00:00,,,,,,,0
2191,2021-12-31 12:00:00,,,,,,,0
2192,2022-01-01 12:00:00,,,,,,,0
2193,2022-01-02 12:00:00,,,,,,,0
2194,2022-01-03 12:00:00,,,,,,,0
2195,2022-01-04 12:00:00,,,,,,,0
2196,2022-01-05 12:00:00,,,,,,,0
2197,2022-01-06 12:00:00,,,,,,,0
2198,2022-01-07 12:00:00,,,,,,,0
2199,2022-01-08 12:00:00,,,,,,,0
2200,2022-01-09 12:00:00,,,,,,,0
2201,2022-01-10 12:00:00,,,,,,,0
2202,2022-01-11 12:00:00,,,,,,,0
2203,2022-01-12 12:00:00,,,,,,,0
2204,2022-01-13 12:00:00,,,,,,,0
2205,2022-01-14 12:00:00,,,,,,,0
2206,2022-01-15 12:00:00,,,,,,,0
2207,2022-01-16 12:00:00,,,,,,,0
2208,2022-01-17 12:00:00,,,,,,,0
2209,2022-01-18 12:00:00,,,,,,,0
2210,2022-01-19 12:00:00,,,,,,,0
2211,2022-01-20 12:00:00,,,,,,,0
2212,2022-01-21 12:00:00,,,,,,,0
2213,2022-01-22 12:00:00,,,,,,,0
2214,2022-01-23 12:00:00,,,,,,,0
2215,2022-01-24 12:00:00,,,,,,,0
2216,2022-01-25 12:00:00,,,,,,,0
2217,2022-01-26 12:00:00,,,,,,,0
2218,2022-01-27 12:00:00,,,,,,,0
2219,2022-01-28 12:00:00,,,,,,,0
2220,2022-01-29 12:00:00,,,,,,,0
2221,2022-01-30 12:00:00,,,,,,,0
2222,2022-01-31 12:00:00,,,,,,,0
2223,2022-02-01 12:00:00,,,,,,,0
2224,2022-02-02 12:00:00,,,,,,,0
2225,2022-02-03 12:00:00,,,,,,,0
2226,2022-02-04 12:00:00,,,,,,,0
2227,2022-02-05 12:00:00,,,,,,,0
2228,2022-02-06 12:00:00,,,,,,,0
2229,2022-02-07 12:00:00,,,,,,,0
2230,2022-02-08 12:00:00,,,,,,,0
2231,2022-02-09 12:00:00,,,,,,,0
2232,2022-02-10 12:00:00,,,,,,,0
2233,2022-02-11 12:00:00,,,,,,,0
2234,2022-02-12 12:00:00,,,,,,,0
2235,2022-02-13 12:00:00,,,,,,,0
2236,2022-02-14 12:00:00,,,,,,,0
2237,2022-02-15 12:00:00,,,,,,,0
2238,2022-02-16 12:00:00,,,,,,,0
2239,2022-02-17 12:00:00,,,,,,,0
2240,2022-02-18 12:00:00,,,,,,,0
2241,2022-02-19 12:00:00,,,,,,,0
2242,2022-02-20 12:00:00,,,,,,,0
2243,2022-02-21 12:00:00,,,,,,,0
2244,2022-02-22 12:00:00,,,,,,,0
2245,2022-02-23 12:00:00,,,,,,,0
2246,2022-02-24 12:00:00,,,,,,,0
2247,2022-02-25 12:00:00,,,,,,,0
2248,2022-02-26 12:00:00,,,,,,,0
2249,2022-02-27 12:00:00,,,,,,,0
2250,2022-02-28 12:00:00,,,,,,,0
2251,2022-03-01 12:00:00,,,,,,,0
2252,2022-03-02 12:00:00,,,,,,,0
2253,2022-03-03 12:00:00,,,,,,,0
2254,2022-03-04 12:00:00,,,,,,,0
2255,2022-03-05 12:00:00,,,,,,,0
2256,2022-03-06 12:00:00,,,,,,,0
2257,2022-03-07 12:00:00,,,,,,,0
2258,2022-03-08 12:00:00,,,,,,,0
2259,2022-03-09 12:00:00,,,,,,,0
2260,2022-03-10 12:00:00,,,,,,,0
2261,2022-03-11 12:00:00,,,,,,,0
2262,2022-03-12 12:00:00,,,,,,,0
2263,2022-03-13 12:00:00,,,,,,,0
2264,2022-03-14 12:00:00,,,,,,,0
2265,2022-03-15 12:00:00,,,,,,,0
2266,2022-03-16 12:00:00,,,,,,,0
2267,2022-03-17 12:00:00,,,,,,,0
2268,2022-03-18 12:00:00,,,,,,,0
2269,2022-03-19 12:00:00,,,,,,,0
2270,2022-03-20 12:00:00,,,,,,,0
2271,2022-03-21 12:00:00,,,,,,,0
2272,2022-03-22 12:00:00,,,,,,,0
2273,2022-03-23 12:00:00,,,,,,,0
2274,2022-03-24 12:00:00,,,,,,,0
2275,2022-03-25 12:00:00,,,,,,,0
2276,2022-03-26 12:00:00,,,,,,,0
2277,2022-03-27 12:00:00,,,,,,,0
2278,2022-03-28 12:00:00,,,,,,,0
2279,2022-03-29 12:00:00,,,,,,,0
2280,2022-03-30 12:00:00,,,,,,,0
2281,2022-03-31 12:00:00,,,,,,,0
2282,2022-04-01 12:00:00,,,,,,,0
2283,2022-04-02 12:00:00,,,,,,,0
2284,2022-04-03 12:00:00,,,,,,,0
2285,2022-04-04 12:00:00,,,,,,,0
2286,2022-04-05 12:00:00,,,,,,,0
2287,2022-04-06 12:00:00,,,,,,,0
2288,2022-04-07 12:00:00,,,,,,,0
2289,2022-04-08 12:00:00,,,,,,,0
2290,2022-04-09 12:00:00,,,,,,,0
2291,2022-04-10 12:00:00,,,,,,,0
2292,2022-04-11 12:00:00,,,,,,,0
2293,2022-04-12 12:00:00,,,,,,,0
2294,2022-04-13 12:00:00,,,,,,,0
2295,2022-04-14 12:00:00,,,,,,,0
2296,2022-04-15 12:00:00,,,,,,,0
2297,2022-04-16 12:00:00,,,,,,,0
2298,2022-04-17 12:00:00,,,,,,,0
2299,2022-04-18 12:00:00,,,,,,,0
2300,2022-04-19 12:00:00,,,,,,,0
2301,2022-04-20 12:00:00,,,,,,,0
2302,2022-04-21 12:00:00,,,,,,,0
2303,2022-04-22 12:00:00,,,,,,,0
2304,2022-04-23 12:00:00,,,,,,,0
2305,2022-04-24 12:00:00,,,,,,,0
2306,2022-04-25 12:00:00,,,,,,,0
2307,2022-04-26 12:00:00,,,,,,,0
2308,2022-04-27 12:00:00,,,,,,,0
2309,2022-04-28 12:00:00,,,,,,,0
2310,2022-04-29 12:00:00,,,,,,,0
2311,2022-04-30 12:00:00,,,,,,,0
2312,2022-05-01 12:00:00,,,,,,,0
2313,2022-05-02 12:00:00,,,,,,,0
2314,2022-05-03 12:00:00,,,,,,,0
2315,2022-05-04 12:00:00,,,,,,,0
2316,2022-05-05 12:00:00,,,,,,,0
2317,2022-05-06 12:00:00,,,,,,,0
2318,2022-05-07 12:00:00,,,,,,,0
2319,2022-05-08 12:00:00,,,,,,,0
2320,2022-05-09 12:00:00,,,,,,,0
2321,2022-05-10 12:00:00,,,,,,,0
2322,2022-05-11 12:00:00,,,,,,,0
2323,2022-05-12 12:00:00,,,,,,,0
2324,2022-05-13 12:00:00,,,,,,,0
2325,2022-05-14 12:00:00,,,,,,,0
2326,2022-05-15 12:00:00,,,,,,,0
2327,2022-05-16 12:00:00,,,,,,,0
2328,2022-05-17 12:00:00,,,,,,,0
2329,2022-05-18 12:00:00,,,,,,,0
2330,2022-05-19 12:00:00,,,,,,,0
2331,2022-05-20 12:00:00,,,,,,,0
2332,2022-05-21 12:00:00,,,,,,,0
2333,2022-05-22 12:00:00,,,,,,,0
2334,2022-05-23 12:00:00,,,,,,,0
2335,2022-05-24 12:00:00,,,,,,,0
2336,2022-05-25 12:00:00,,,,,,,0
2337,2022-05-26 12:00:00,,,,,,,0
2338,2022-05-27 12:00:00,,,,,,,0
2339,2022-05-28 12:00:00,,,,,,,0
2340,2022-05-29 12:00:00,,,,,,,0
2341,2022-05-30 12:00:00,,,,,,,0
2342,2022-05-31 12:00:00,,,,,,,0
2343,2022-06-01 12:00:00,,,,,,,0
2344,2022-06-02 12:00:00,,,,,,,0
2345,2022-06-03 12:00:00,,,,,,,0
2346,2022-06-04 12:00:00,2.7600098,3.6399841,0.156,1.3589978,2.17999267578125,5.67999267578125,5
2347,2022-06-05 12:00:00,0.98999023,3.4799805,0.15066667,3.5213923,,,3
2348,2022-06-06 12:00:00,2.9599915,2.8733215,0.14,0.42089337,2.32000732421875,3.339996337890625,6
2349,2022-06-07 12:00:00,6.0700073,4.466675,0.21800001,2.2674546,,,3
2350,2022-06-08 12:00:00,3.5450134,4.0987244,0.1584375,2.8758864,1.480010986328125,5.9149932861328125,16
2351,2022-06-09 12:00:00,1.8850098,2.6061401,0.17911538,2.6530442,1.7100067138671875,2.644989013671875,26
2352,2022-06-10 12:00:00,,,,,,,0
2353,2022-06-11 12:00:00,,,,,,,0
2354,2022-06-12 12:00:00,,,,,,,0
2355,2022-06-13 12:00:00,0.8800049,0.91433716,0.24447171,0.93916905,0.489990234375,1.010009765625,53
2356,2022-06-14 12:00:00,1.5799866,2.1280212,0.22524743,1.5983226,1.540008544921875,1.681494116783142,97
2357,2022-06-15 12:00:00,1.480011,1.7147522,0.18042344,1.4303213,1.3599853515625,1.6199951171875,111
2358,2022-06-16 12:00:00,1.9049988,2.7069397,0.19683674,2.0461483,1.739990234375,2.339996337890625,98
2359,2022-06-17 12:00:00,,,,,,,0
2360,2022-06-18 12:00:00,,,,,,,0
2361,2022-06-19 12:00:00,,,,,,,0
2362,2022-06-20 12:00:00,,,,,,,0
2363,2022-06-21 12:00:00,1.4899902,1.6900024,0.164,0.28994498,1.480010986328125,2.100006103515625,6
2364,2022-06-22 12:00:00,2.2799988,2.7149658,0.2623211,1.5037024,2.230010986328125,2.420013427734375,109
2365,2022-06-23 12:00:00,2.480011,2.8301086,0.19834961,1.7505771,2.3900146484375,2.6400146484375,123
2366,2022-06-24 12:00:00,,,,,,,0
2367,2022-06-25 12:00:00,,,,,,,0
2368,2022-06-26 12:00:00,,,,,,,0
2369,2022-06-27 12:00:00,2.6650085,2.7771606,0.16957141,0.7830134,1.910003662109375,3.8800048828125,14
2370,2022-06-28 12:00:00,,,,,,,0
2371,2022-06-29 12:00:00,,,,,,,0
2372,2022-06-30 12:00:00,,,,,,,0
2373,2022-07-01 12:00:00,,,,,,,0
2374,2022-07-02 12:00:00,2.9100037,3.3423767,0.260128,1.3421341,2.82000732421875,3.019989013671875,125
2375,2022-07-03 12:00:00,,,,,,,0
2376,2022-07-04 12:00:00,,,,,,,0
2377,2022-07-05 12:00:00,,,,,,,0
2378,2022-07-06 12:00:00,,,,,,,0
2379,2022-07-07 12:00:00,2.980011,3.4743958,0.24994643,1.4052738,2.8800048828125,3.1300048828125,112
2380,2022-07-08 12:00:00,2.4100037,2.2858276,0.19439809,1.6781232,2.149993896484375,3.0,103
2381,2022-07-09 12:00:00,3.3900146,4.1904907,0.20092857,1.6214651,3.220001220703125,3.774993896484375,42
2382,2022-07-10 12:00:00,3.0599976,3.745514,0.24265385,1.9136279,2.94000244140625,3.1949920654296875,130
2383,2022-07-11 12:00:00,2.769989,3.4337158,0.20829509,1.8948995,2.7298858165740967,2.8800048828125,122
2384,2022-07-12 12:00:00,3.230011,3.827179,0.30511814,1.6674849,3.160003662109375,3.329986572265625,127
2385,2022-07-13 12:00:00,3.7200012,4.1269836,0.23924606,1.3415864,3.54998779296875,3.79998779296875,126
2386,2022-07-14 12:00:00,,,,,,,0
2387,2022-07-15 12:00:00,,,,,,,0
2388,2022-07-16 12:00:00,,,,,,,0
2389,2022-07-17 12:00:00,,,,,,,0
2390,2022-07-18 12:00:00,3.369995,4.019348,0.25295556,4.0427155,3.2974884510040283,3.480010986328125,45
2391,2022-07-19 12:00:00,,,,,,,0
2392,2022-07-20 12:00:00,3.100006,2.5594788,0.22387181,1.9633545,1.790008544921875,3.540008544921875,39
2393,2022-07-21 12:00:00,2.100006,1.8123474,0.24384314,1.5812917,1.709991455078125,2.1804935932159424,102
2394,2022-07-22 12:00:00,3.7900085,4.0161743,0.27194068,0.8838534,3.720001220703125,3.8599853515625,118
2395,2022-07-23 12:00:00,3.5099792,3.8677673,0.20879231,1.2609043,3.260009765625,3.654998779296875,130
2396,2022-07-24 12:00:00,3.2450256,4.0228577,0.18940003,2.029635,3.1400146484375,3.3800048828125,130
2397,2022-07-25 12:00:00,4.049988,4.5281982,0.2451172,1.917565,3.94000244140625,4.114990234375,128
2398,2022-07-26 12:00:00,3.6600037,4.640381,0.24551164,2.7431097,3.55999755859375,3.750750780105591,129
2399,2022-07-27 12:00:00,3.6400146,4.171173,0.22678742,1.7843912,3.44000244140625,3.730010986328125,127
2400,2022-07-28 12:00:00,3.3299866,3.9424744,0.21346514,1.3979652,3.260009765625,3.489990234375,129
2401,2022-07-29 12:00:00,,,,,,,0
2402,2022-07-30 12:00:00,0.98999023,1.2616882,0.15962745,1.8000654,0.7550048828125,1.040008544921875,102
2403,2022-07-31 12:00:00,3.2099915,4.105194,0.19803308,2.602239,3.1099853515625,3.290008544921875,121
2404,2022-08-01 12:00:00,,,,,,,0
2405,2022-08-02 12:00:00,1.5400085,1.1000061,0.20281817,1.6847429,0.1150054931640625,1.839996337890625,22
2406,2022-08-03 12:00:00,,,,,,,0
2407,2022-08-04 12:00:00,,,,,,,0
2408,2022-08-05 12:00:00,,,,,,,0
2409,2022-08-06 12:00:00,3.25,3.3053284,0.21122077,1.3015097,3.209991455078125,3.279998779296875,77
2410,2022-08-07 12:00:00,2.3900146,2.6486206,0.29589742,1.4190892,2.239990234375,2.6099853515625,117
2411,2022-08-08 12:00:00,3.3200073,3.66214,0.24279527,1.2854223,3.220001220703125,3.420013427734375,127
2412,2022-08-09 12:00:00,2.7999878,2.808014,0.2516,1.1605698,1.54998779296875,2.920013427734375,15
2413,2022-08-10 12:00:00,,,,,,,0
2414,2022-08-11 12:00:00,3.600006,3.8358154,0.26297697,1.16724,3.470001220703125,3.7299957275390625,130
2415,2022-08-12 12:00:00,2.6100159,2.0227356,0.16968752,2.1261365,1.5398833751678467,3.0502383708953857,80
2416,2022-08-13 12:00:00,,,,,,,0
2417,2022-08-14 12:00:00,,,,,,,0
2418,2022-08-15 12:00:00,,,,,,,0
2419,2022-08-16 12:00:00,,,,,,,0
2420,2022-08-17 12:00:00,3.0400085,3.4650269,0.23952755,1.500008,3.019989013671875,3.1300048828125,127
2421,2022-08-18 12:00:00,3.619995,3.8886108,0.22705738,0.83073205,3.5749969482421875,3.739990234375,122
2422,2022-08-19 12:00:00,,,,,,,0
2423,2022-08-20 12:00:00,,,,,,,0
2424,2022-08-21 12:00:00,3.519989,3.9029846,0.28150004,1.1528524,3.4250030517578125,3.5901215076446533,130
2425,2022-08-22 12:00:00,2.4400024,2.2558289,0.176568,1.1287135,2.07000732421875,2.70001220703125,125
2426,2022-08-23 12:00:00,,,,,,,0
2427,2022-08-24 12:00:00,,,,,,,0
2428,2022-08-25 12:00:00,,,,,,,0
2429,2022-08-26 12:00:00,,,,,,,0
2430,2022-08-27 12:00:00,3.1799927,3.0783386,0.23318262,1.146476,3.079986572265625,3.230010986328125,115
2431,2022-08-28 12:00:00,,,,,,,0
2432,2022-08-29 12:00:00,,,,,,,0
2433,2022-08-30 12:00:00,,,,,,,0
2434,2022-08-31 12:00:00,3.130005,3.2481995,0.20800813,1.0208476,3.05999755859375,3.160003662109375,123
2435,2022-09-01 12:00:00,,,,,,,0
2436,2022-09-02 12:00:00,,,,,,,0
2437,2022-09-03 12:00:00,,,,,,,0
2438,2022-09-04 12:00:00,4.5799866,4.966461,0.24532102,1.4345065,4.480010986328125,4.660003662109375,81
2439,2022-09-05 12:00:00,,,,,,,0
2440,2022-09-06 12:00:00,2.4150085,2.388855,0.19407032,2.1304958,2.018754243850708,2.6999969482421875,128
2441,2022-09-07 12:00:00,3.3649902,3.7451782,0.24164064,1.184072,3.32000732421875,3.4550018310546875,128
2442,2022-09-08 12:00:00,3.3099976,3.5847168,0.21282645,0.93886626,3.239990234375,3.3800048828125,121
2443,2022-09-09 12:00:00,-0.39001465,-0.57333374,0.157,0.25926673,,,3
2444,2022-09-10 12:00:00,3.230011,2.8802185,0.2321633,2.4991581,1.980010986328125,3.829986572265625,49
2445,2022-09-11 12:00:00,,,,,,,0
2446,2022-09-12 12:00:00,3.744995,4.0585938,0.19791406,1.2956328,3.720001220703125,3.774993896484375,128
2447,2022-09-13 12:00:00,3.7000122,4.300171,0.22023256,1.8670343,3.6300048828125,3.82000732421875,129
2448,2022-09-14 12:00:00,2.9500122,3.084015,0.2622393,0.86215407,2.910003662109375,3.010009765625,117
2449,2022-09-15 12:00:00,-0.5700073,-0.32247925,0.19093443,1.1317296,-0.670013427734375,-0.470001220703125,61
2450,2022-09-16 12:00:00,,,,,,,0
2451,2022-09-17 12:00:00,,,,,,,0
2452,2022-09-18 12:00:00,,,,,,,0
2453,2022-09-19 12:00:00,3.6600037,4.2893677,0.2511628,2.368327,3.480010986328125,3.75,129
2454,2022-09-20 12:00:00,2.6400146,2.800232,0.15221053,0.9222558,2.420013427734375,2.7449951171875,38
2455,2022-09-21 12:00:00,3.1900024,3.288025,0.2187541,0.9380257,3.04998779296875,3.220001220703125,122
2456,2022-09-22 12:00:00,,,,,,,0
2457,2022-09-23 12:00:00,,,,,,,0
2458,2022-09-24 12:00:00,3.649994,3.6933289,0.17133333,0.20237102,,,3
2459,2022-09-25 12:00:00,,,,,,,0
2460,2022-09-26 12:00:00,,,,,,,0
2461,2022-09-27 12:00:00,,,,,,,0
2462,2022-09-28 12:00:00,,,,,,,0
2463,2022-09-29 12:00:00,,,,,,,0
2464,2022-09-30 12:00:00,,,,,,,0
2465,2022-10-01 12:00:00,,,,,,,0
2466,2022-10-02 12:00:00,1.7549744,1.3343811,0.21440817,1.5526986,1.220001220703125,2.230010986328125,98
2467,2022-10-03 12:00:00,2.5299988,2.5232544,0.2432344,0.5984033,2.459991455078125,2.57000732421875,128
2468,2022-10-04 12:00:00,,,,,,,0
2469,2022-10-05 12:00:00,,,,,,,0
2470,2022-10-06 12:00:00,-0.42001343,0.029174805,0.4112951,1.2989627,-0.6300048828125,0.769989013671875,61
2471,2022-10-07 12:00:00,0.51000977,0.086120605,0.381622,0.9451898,-0.28024864196777344,0.649993896484375,82
2472,2022-10-08 12:00:00,2.2600098,2.2042236,0.2749845,0.4065354,2.19000244140625,2.329986572265625,129
2473,2022-10-09 12:00:00,,,,,,,0
2474,2022-10-10 12:00:00,,,,,,,0
2475,2022-10-11 12:00:00,,,,,,,0
2476,2022-10-12 12:00:00,1.3650208,1.2740479,0.20003846,0.6565793,1.25,1.57000732421875,52
2477,2022-10-13 12:00:00,1.9500122,1.8859253,0.136,0.42174843,1.8900146484375,2.010009765625,117
2478,2022-10-14 12:00:00,1.769989,1.6332397,0.14091668,0.6481711,1.6300048828125,1.80999755859375,108
2479,2022-10-15 12:00:00,1.8099976,1.7176819,0.19058463,0.92568636,1.7388652563095093,1.920013427734375,130
2480,2022-10-16 12:00:00,-0.980011,-0.6793213,0.19234091,1.0651027,-1.17999267578125,-0.709991455078125,44
2481,2022-10-17 12:00:00,-0.010009766,0.27716064,0.1697174,1.122194,-0.420013427734375,0.519989013671875,46
2482,2022-10-18 12:00:00,,,,,,,0
2483,2022-10-19 12:00:00,,,,,,,0
2484,2022-10-20 12:00:00,1.6000061,1.4614868,0.18979208,0.48616463,1.470001220703125,1.6199951171875,101
2485,2022-10-21 12:00:00,,,,,,,0
2486,2022-10-22 12:00:00,,,,,,,0
2487,2022-10-23 12:00:00,,,,,,,0
2488,2022-10-24 12:00:00,,,,,,,0
2489,2022-10-25 12:00:00,1.3650208,1.3202515,0.28690627,0.45433483,1.269989013671875,1.44000244140625,128
2490,2022-10-26 12:00:00,,,,,,,0
2491,2022-10-27 12:00:00,,,,,,,0
2492,2022-10-28 12:00:00,,,,,,,0
2493,2022-10-29 12:00:00,,,,,,,0
2494,2022-10-30 12:00:00,1.0400085,0.8200989,0.30656907,0.78938717,0.839996337890625,1.17999267578125,123
2495,2022-10-31 12:00:00,-0.644989,-0.66934204,0.19486667,0.7096397,-0.9850006103515625,-0.410003662109375,30
2496,2022-11-01 12:00:00,,,,,,,0
2497,2022-11-02 12:00:00,0.875,0.7615967,0.1994839,0.5033254,0.779998779296875,0.94000244140625,124
2498,2022-11-03 12:00:00,,,,,,,0
2499,2022-11-04 12:00:00,,,,,,,0
2500,2022-11-05 12:00:00,,,,,,,0
2501,2022-11-06 12:00:00,0.26000977,0.08886719,0.2761795,0.85863847,-0.0004997177165932953,0.4550018310546875,78
2502,2022-11-07 12:00:00,0.644989,0.49053955,0.19770001,0.5013986,0.600006103515625,0.69000244140625,110
2503,2022-11-08 12:00:00,0.69000244,0.5953369,0.16985047,0.4257796,0.6199951171875,0.760009765625,107
2504,2022-11-09 12:00:00,,,,,,,0
2505,2022-11-10 12:00:00,,,,,,,0
2506,2022-11-11 12:00:00,,,,,,,0
2507,2022-11-12 12:00:00,,,,,,,0
2508,2022-11-13 12:00:00,,,,,,,0
2509,2022-11-14 12:00:00,,,,,,,0
2510,2022-11-15 12:00:00,,,,,,,0
2511,2022-11-16 12:00:00,,,,,,,0
2512,2022-11-17 12:00:00,,,,,,,0
2513,2022-11-18 12:00:00,,,,,,,0
2514,2022-11-19 12:00:00,,,,,,,0
2515,2022-11-20 12:00:00,,,,,,,0
2516,2022-11-21 12:00:00,,,,,,,0
2517,2022-11-22 12:00:00,,,,,,,0
2518,2022-11-23 12:00:00,,,,,,,0
2519,2022-11-24 12:00:00,,,,,,,0
2520,2022-11-25 12:00:00,,,,,,,0
2521,2022-11-26 12:00:00,,,,,,,0
2522,2022-11-27 12:00:00,,,,,,,0
2523,2022-11-28 12:00:00,,,,,,,0
2524,2022-11-29 12:00:00,,,,,,,0
2525,2022-11-30 12:00:00,,,,,,,0
2526,2022-12-01 12:00:00,,,,,,,0
2527,2022-12-02 12:00:00,,,,,,,0
2528,2022-12-03 12:00:00,,,,,,,0
2529,2022-12-04 12:00:00,,,,,,,0
2530,2022-12-05 12:00:00,,,,,,,0
2531,2022-12-06 12:00:00,,,,,,,0
2532,2022-12-07 12:00:00,,,,,,,0
2533,2022-12-08 12:00:00,,,,,,,0
2534,2022-12-09 12:00:00,,,,,,,0
2535,2022-12-10 12:00:00,,,,,,,0
2536,2022-12-11 12:00:00,,,,,,,0
2537,2022-12-12 12:00:00,,,,,,,0
2538,2022-12-13 12:00:00,,,,,,,0
2539,2022-12-14 12:00:00,,,,,,,0
2540,2022-12-15 12:00:00,,,,,,,0
2541,2022-12-16 12:00:00,,,,,,,0
2542,2022-12-17 12:00:00,,,,,,,0
2543,2022-12-18 12:00:00,,,,,,,0
2544,2022-12-19 12:00:00,,,,,,,0
2545,2022-12-20 12:00:00,,,,,,,0
2546,2022-12-21 12:00:00,,,,,,,0
2547,2022-12-22 12:00:00,,,,,,,0
2548,2022-12-23 12:00:00,,,,,,,0
2549,2022-12-24 12:00:00,,,,,,,0
2550,2022-12-25 12:00:00,,,,,,,0
2551,2022-12-26 12:00:00,,,,,,,0
2552,2022-12-27 12:00:00,,,,,,,0
2553,2022-12-28 12:00:00,,,,,,,0
2554,2022-12-29 12:00:00,,,,,,,0
2555,2022-12-30 12:00:00,,,,,,,0
2556,2022-12-31 12:00:00,,,,,,,0
