datetime,lst_median_C,lst_mean_C,lst_mean_uncertainty,lst_std,bootstrap_ci_lower,bootstrap_ci_upper,n_valid_pixels
2016-04-19 14:12:00,-23.972006225585915,-23.784662953252365,0.18061913884204367,1.1241729725815217,,,575
2016-04-19 15:53:00,-25.006002807617165,-24.938083972964534,0.180409179057604,1.1406136462939793,,,567
2016-04-19 17:34:00,-28.048010253906227,-27.487981969778104,0.18152982283389954,1.5388875304132896,,,587
2016-04-19 19:15:00,-30.40599670410154,-29.624634613165853,0.18220676261664442,1.968469630233432,,,474
2016-04-19 20:56:00,-31.590002441406227,-30.973476673867452,0.1831611509995438,2.351574032386065,,,422
2016-04-20 12:05:00,-21.467993164062477,-21.506440235851812,0.18009830602851393,1.0650135405080237,,,529
2016-04-20 13:46:00,-19.980001831054665,-20.098552363820716,0.18000375247849953,0.4048776347201898,,,534
2016-04-20 15:27:00,-20.172003173828102,-20.168245954113985,0.1801275119646868,0.36307578047056643,,,549
2016-04-20 17:08:00,-20.77800598144529,-20.907060972145473,0.1800204500987542,0.6414867041749144,,,587
2016-04-20 18:49:00,-21.66600646972654,-21.684445471233772,0.18105209254038832,0.6238233852200623,,,576
2016-04-20 20:30:00,-22.765997314453102,-22.635394704909515,0.1802381028731664,0.5298867601836745,,,168
2016-04-21 11:39:00,-26.035002136230446,-26.182857857498448,0.18191373652102902,1.3273644923813668,,,510
2016-04-21 13:20:00,-24.690008544921852,-24.666997198993954,0.1807698345449492,1.0946749478481606,,,517
2016-04-21 15:01:00,-25.074011230468727,-24.96203368257656,0.1805822868135911,0.7950837210374236,,,553
2016-04-21 16:42:00,-27.052008056640602,-27.0965367934283,0.18168272001008087,1.2455849742143814,,,561
2016-04-21 18:23:00,-28.211996459960915,-27.598709998332254,0.18218311006334467,1.6236116788108448,,,568
2016-04-21 20:04:00,-32.2240051269531,-31.783779159163345,0.18233427347246983,1.7258116041525156,,,359
2016-04-21 21:45:00,-32.446005249023415,-32.68000225937155,0.18400001525878906,0.5568062184405429,,,57
2016-04-22 11:13:00,-28.075994873046852,-27.15502153828703,0.18097941413760457,1.9142659631675034,,,437
2016-04-22 12:54:00,-26.47600402832029,-26.25541118656821,0.18131010152331187,1.1916615614046375,,,545
2016-04-22 14:35:00,-25.926000976562477,-25.79930620585401,0.18139384554265298,0.5522191654180107,,,584
2016-04-22 16:16:00,-26.549993896484352,-26.689143802997478,0.18110437371699137,0.943781402112585,,,527
2016-04-22 17:57:00,-29.717993164062477,-29.233840612463013,0.18205406526187518,1.2404568541186278,,,555
2016-04-22 19:38:00,-31.754003906249977,-31.017012800044597,0.1825259237509085,2.0658038053123238,,,521
2016-04-22 21:19:00,-34.26199951171873,-34.03538139910734,0.18282645916150622,1.4412367323022122,,,242
2016-04-23 12:27:00,-26.500006103515602,-26.06797511020551,0.18132337429256082,1.4949873991080482,,,535
2016-04-23 14:08:00,-24.893995666503884,-24.383428238961642,0.18127437796618534,1.1707294695126127,,,554
2016-04-23 15:49:00,-24.54399719238279,-24.57120863619221,0.18079004428776982,1.1580641823253537,,,562
2016-04-23 17:30:00,-27.65800323486326,-27.265418067345223,0.18209791344987764,1.3351248824489763,,,572
2016-04-23 19:11:00,-29.64000549316404,-29.077554869203794,0.18136535429382125,1.7860032455616426,,,479
2016-04-23 20:52:00,-29.265997314453102,-29.051620305685617,0.18169880568622107,1.8610188993700933,,,498
2016-04-24 12:01:00,-24.90800323486326,-24.68033255158565,0.18035972005814957,1.3368460154953545,,,556
2016-04-24 13:42:00,-23.604010009765602,-23.579790806482066,0.18049741748701106,0.9398957321318744,,,579
2016-04-24 15:23:00,-24.11400451660154,-24.03822778234195,0.18232099951049427,0.6569383232744561,,,567
2016-04-24 17:04:00,-26.401998901367165,-26.108785903474768,0.18201758593373224,1.2125530112388234,,,569
2016-04-24 18:45:00,-29.36400451660154,-28.72294631206725,0.1822037467628667,1.7398818782649548,,,589
2016-04-24 20:26:00,-31.77800598144529,-30.790235843729874,0.18246068612913066,2.4830411811928497,,,534
2016-04-25 11:35:00,-26.360006713867165,-25.806051791126976,0.18111202566905324,1.668895544221849,,,491
2016-04-25 13:16:00,-24.840002441406227,-24.52647729244896,0.18162431980913735,1.2236185806720075,,,543
2016-04-25 14:57:00,-24.269995117187477,-24.190595667093476,0.1814418705396874,0.627991206345131,,,559
2016-04-25 16:38:00,-25.713995361328102,-25.73583055783621,0.18127055767260186,1.1750686442372735,,,584
2016-04-25 18:19:00,-28.821997070312477,-28.356557391441015,0.18289238089101423,1.562002060571918,,,511
2016-04-25 20:00:00,-31.258001708984352,-30.310104600438507,0.18173208607817595,2.4253876378239383,,,530
2016-04-25 21:41:00,-32.81999816894529,-32.114511742172056,0.18266366943548817,2.2186891992931126,,,443
2016-04-26 11:09:00,,,,,,,0
2016-04-26 12:50:00,-23.987997436523415,-23.822539038797004,0.18147573826961147,0.8669532826710085,,,515
2016-04-26 14:31:00,-22.907995605468727,-22.843122719818666,0.18052453651743114,0.4820903524409653,,,530
2016-04-26 16:12:00,-23.135992431640602,-23.213356763635943,0.18037829163195582,0.6672643900386886,,,571
2016-04-26 17:53:00,-25.69200744628904,-25.266757602556368,0.1806702212238988,1.5615125196181154,,,564
2016-04-26 19:34:00,-27.493994140624977,-26.634165147120825,0.18204281276186152,2.1614891503520037,,,514
2016-04-26 21:15:00,-27.592001342773415,-26.873678588867165,0.18122034860869585,2.2434407119452517,,,531
2016-04-27 12:24:00,-15.919989013671852,-16.351969828582583,0.17960387108406584,1.5400580963448196,,,207
2016-04-27 14:05:00,-17.30400695800779,-17.766170333603668,0.18000000715255737,1.0106063467239195,,,59
2016-04-27 15:46:00,-18.160009765624977,-18.278803100585918,0.18000000715255737,0.5486071989952774,,,25
2016-04-27 17:27:00,,,,,,,0
2016-04-27 19:08:00,-16.906011962890602,-16.8518665132068,0.17999603889054722,0.6985870249573084,,,504
2016-04-27 20:49:00,,,,,,,0
2016-04-28 11:58:00,-13.340002441406227,-13.108852019133394,0.17805185505637416,0.9354776448569403,,,540
2016-04-28 13:39:00,-12.097998046874977,-12.132120046667865,0.17905667800136196,0.3192117240965769,,,547
2016-04-28 15:20:00,-11.678015136718727,-11.668731774668004,0.178551487637648,0.3827179925028097,,,573
2016-04-28 17:01:00,-12.919989013671852,-12.818366145566472,0.1796648516463886,0.7091930549870203,,,549
2016-04-28 18:41:00,-14.859991455078102,-14.803705958316186,0.18001053346353665,0.7319600401364821,,,570
2016-04-28 20:22:00,-16.902014160156227,-16.622082210492465,0.17994937413855444,1.1254351262900182,,,553
2016-04-29 11:31:00,-13.552008056640602,-13.417522807734201,0.17964706526083105,0.6045075265346511,,,459
2016-04-29 13:12:00,-12.556005859374977,-12.490688195027076,0.17885915977014621,0.6242992550018743,,,568
2016-04-29 14:53:00,-12.519995117187477,-12.477246468527255,0.17942807616894704,0.6222083540649328,,,570
2016-04-29 16:34:00,-14.876013183593727,-14.731956637635506,0.17957143485546112,1.333137816793775,,,490
2016-04-29 18:15:00,-14.594000244140602,-14.230941345094436,0.17962525294142126,1.4114935836156175,,,507
2016-04-29 19:56:00,-16.880010986328102,-16.328155124447733,0.18005240897294214,2.13980557875285,,,458
2016-04-29 21:37:00,-16.618017578124977,-16.70120302353223,0.17994093527145025,1.9304377022195458,,,474
2016-05-01 12:20:00,-17.344000244140602,-16.327024179134696,0.17991698811639031,2.132262222708129,,,530
2016-05-01 14:01:00,-12.035986328124977,-12.086802879931497,0.17904988646224107,1.1488484060829627,,,421
2016-05-01 15:42:00,-13.448004150390602,-13.092178884075224,0.1794004533314865,1.5836948227998056,,,447
2016-05-01 17:23:00,-14.627996826171852,-14.7690366761409,0.1798691979373794,0.5856295954715821,,,581
2016-05-01 19:04:00,-16.871984863281227,-16.878394899211912,0.18000000715255737,0.5230730136861783,,,488
2016-05-01 20:45:00,-19.664007568359352,-19.494228593565566,0.17989569028718866,0.8113248090316194,,,556
2016-05-02 11:54:00,-17.582006835937477,-17.80730966787354,0.1793216432047169,0.8555113272372273,,,513
2016-05-02 13:35:00,-14.179998779296852,-14.289066854818884,0.18001849139574055,0.5499886541314912,,,541
2016-05-02 15:16:00,-12.880010986328102,-12.997187831945553,0.17915088262474327,0.5603218564519257,,,570
2016-05-02 16:57:00,-14.927999877929665,-14.573742360082122,0.17931379886536764,1.1130411189368197,,,580
2016-05-02 18:38:00,-17.530004882812477,-17.322723929358062,0.17994208532358555,1.201321987422351,,,587
2016-05-02 20:19:00,-18.761999511718727,-18.489802267851104,0.18003377824406686,2.1290762257401457,,,533
2016-05-03 11:28:00,-11.574011230468727,-11.55162645705201,0.1791787288924481,0.21086991264552027,,,470
2016-05-03 13:09:00,-12.009985351562477,-11.92080164495502,0.17943396826960006,0.450235214965794,,,530
2016-05-03 14:50:00,-11.078009033203102,-11.171298759674357,0.17933832356862933,0.5101100687038129,,,535
2016-05-03 16:31:00,-10.903997802734352,-11.016140064788203,0.17867938055942542,0.9571199209574762,,,577
2016-05-03 18:12:00,-11.836004638671852,-11.823418855860155,0.18000000715255737,0.5374671102232984,,,494
2016-05-03 19:53:00,-14.929998779296852,-14.954803394135979,0.17885714769363403,0.26493465884225825,,,504
2016-05-03 21:34:00,-16.164007568359352,-16.1684896621519,0.1799612661178695,0.13386512496956135,,,413
2016-05-04 11:01:00,,,,,,,0
2016-05-04 12:42:00,-10.500006103515602,-10.602097769001944,0.1781450415613087,0.9698833616406776,,,524
2016-05-04 14:23:00,-10.928015136718727,-10.77009613705377,0.17866788766462438,0.6377371937347572,,,548
2016-05-04 16:04:00,-11.038000488281227,-11.35172220117903,0.1788750048726797,0.9030801759331402,,,544
2016-05-04 17:45:00,-12.333990478515602,-12.340390910845997,0.18000000715255737,0.36519188987248213,,,521
2016-05-04 19:26:00,-12.829992675781227,-12.7922211294362,0.17858206117179254,0.21089805667539382,,,457
2016-05-04 21:07:00,-13.945989990234352,-14.051306152343727,0.17998000711202622,0.5981510870344608,,,500
2016-05-05 12:16:00,-14.936010742187477,-14.40732764238544,0.17996905925656656,1.6715744528379035,,,517
2016-05-05 13:57:00,-11.329992675781227,-11.785070859244001,0.17900766797677767,1.4390111066144946,,,522
2016-05-05 15:38:00,-10.923986816406227,-11.3462120056152,0.17957143485546112,1.3233803135189035,,,560
2016-05-05 17:19:00,-11.041998291015602,-10.966643343735427,0.17910987499483916,0.31626952136553516,,,537
2016-05-05 19:00:00,-11.985998535156227,-12.238528669576056,0.1794326015761201,0.677142586496008,,,497
2016-05-05 20:41:00,-17.508001708984352,-16.83450624802532,0.17988235985531525,1.7976507655348688,,,544
2016-05-06 11:50:00,-13.949987792968727,-14.043953697703671,0.17939439844862323,0.453775603710585,,,535
2016-05-06 13:31:00,-13.299993896484352,-13.306220197248024,0.1796432496728124,0.4135129395234511,,,555
2016-05-06 15:12:00,-12.936010742187477,-12.966171162164017,0.17939552831560818,0.7228396112925081,,,536
2016-05-06 16:53:00,-13.080999755859352,-13.184547142948645,0.17962057375950172,0.4783241419765903,,,564
2016-05-06 18:34:00,-16.544012451171852,-16.792445816350266,0.17955638330546853,1.2367707323416317,,,541
2016-05-06 20:15:00,-18.232000732421852,-18.245904153031205,0.18000759730076654,1.6711015070667936,,,527
2016-05-07 11:24:00,-15.772009277343727,-15.745382970407434,0.18000000715255737,0.4184773023462677,,,436
2016-05-07 13:05:00,-15.664007568359352,-15.774432425462521,0.1801717631120718,0.7937129091296837,,,524
2016-05-07 14:46:00,-18.769995117187477,-18.64777620706596,0.18013808274618254,1.0281210204773594,,,478
2016-05-07 16:27:00,-18.384008789062477,-18.243107634899644,0.18033334116141,1.1099118107803998,,,510
2016-05-07 18:08:00,-19.64000549316404,-19.84859240767699,0.18005166777385556,1.4749819752128481,,,271
2016-05-07 19:49:00,-20.211996459960915,-20.08543618675168,0.18040244699251362,0.6451743868390492,,,492
2016-05-07 21:30:00,-21.952001953124977,-22.07473737655144,0.18113710617105808,0.7161266515727521,,,248
2016-05-08 12:39:00,-14.031988525390602,-14.161075462485258,0.17949434569421804,1.343588479162944,,,530
2016-05-08 14:20:00,-13.758001708984352,-13.677899904604317,0.17974074736789422,0.8556016222336894,,,540
2016-05-08 16:01:00,-15.142004394531227,-15.399693854967154,0.1793793162395214,0.9995942317516331,,,551
2016-05-08 17:42:00,-19.056005859374977,-18.686868275554787,0.18000000715255737,0.8909305137508117,,,577
2016-05-08 19:23:00,-21.612005615234352,-21.269247669228264,0.18090196976474687,1.1560600113604755,,,459
2016-05-08 21:04:00,-23.782003784179665,-23.384230496990114,0.1815858312062363,1.4247233411676088,,,536
2016-05-09 12:13:00,-16.765997314453102,-16.708279503716312,0.18000000715255737,0.41506582723295676,,,540
2016-05-09 13:53:00,-15.336004638671852,-15.342112481835557,0.17941068735790078,0.2143706478601471,,,543
2016-05-09 15:34:00,-15.108007812499977,-15.270762706938228,0.18000000715255737,0.36491928353333736,,,525
2016-05-09 17:15:00,-17.526007080078102,-17.40809637331492,0.18002353655356987,0.4595172749281956,,,510
2016-05-09 18:56:00,-19.543005371093727,-19.2899825277959,0.18030350971314693,1.0241802724777334,,,514
2016-05-09 20:37:00,-21.694006347656227,-21.19084715273715,0.18044564085423204,1.5789658374293454,,,561
2016-05-10 11:46:00,-16.228002929687477,-16.051654720306374,0.18000000715255737,0.6089591058609123,,,512
2016-05-10 13:27:00,-14.149999999999977,-14.157705828465453,0.1799302822406139,0.3773643677629572,,,545
2016-05-10 15:08:00,-13.399999999999977,-13.36073969496482,0.17966143747898922,0.38804390144506545,,,573
2016-05-10 16:49:00,-14.734014892578102,-14.632300731217356,0.17966983570545855,0.858467261455779,,,527
2016-05-10 18:30:00,-16.399999999999977,-16.19957250051118,0.18025993536956045,1.4916283988945567,,,554
2016-05-10 20:11:00,-16.795996093749977,-16.84220043945311,0.18058800834417343,0.6391349138658109,,,500
2016-05-10 21:52:00,,,,,,,0
2016-05-11 11:20:00,-15.268011474609352,-15.048719117080793,0.17994299984034903,1.0520306483891404,,,421
2016-05-11 13:01:00,-12.631002807617165,-12.689862738715249,0.18000000715255737,0.3611694545225042,,,522
2016-05-11 14:42:00,-11.462011718749977,-11.561978266380379,0.17896864617743144,0.5044071162569963,,,574
2016-05-11 16:23:00,-13.306005859374977,-13.254243048306137,0.17954483381633102,1.038845017330005,,,580
2016-05-11 18:04:00,-14.340002441406227,-14.58964660284795,0.1797170989171461,1.4000476209864434,,,509
2016-05-11 19:45:00,-15.705999755859352,-15.792070216639615,0.1798966271028841,1.4714740603395324,,,503
2016-05-11 21:26:00,-19.342001342773415,-19.096852461356917,0.1802511089501927,1.198807247813708,,,454
2016-05-12 14:16:00,-12.902014160156227,-13.10942657190725,0.1796697312538777,1.848383372447611,,,545
2016-05-12 15:57:00,-11.277990722656227,-11.64439030544014,0.1794840825401294,1.1202732806528672,,,314
2016-05-12 17:38:00,-12.096014404296852,-12.24358548640248,0.17868938325402253,1.1598389000951528,,,499
2016-05-12 19:19:00,-15.329992675781227,-15.302741982461953,0.18033265666672826,1.446522795776679,,,487
2016-05-12 21:00:00,-18.661993408203102,-18.397905248414162,0.18085205871047397,1.3411561847965743,,,561
2016-05-13 12:09:00,-7.824011230468727,-7.797835454997198,,0.16720437159829052,,,169
2016-05-13 13:50:00,-7.673986816406227,-7.674942439838048,0.17400000989437103,0.001005764633154784,,,137
2016-05-13 15:31:00,-7.673986816406227,-7.682404360563851,,0.020939080640380248,,,92
2016-05-13 17:12:00,-7.743994140624977,-7.74161488944236,,0.004077648440882312,,,109
2016-05-13 18:53:00,,,,,,,0
2016-05-13 20:34:00,-8.094000244140602,-8.093249870749048,,0.003995838570836996,,,119
2016-05-14 11:43:00,-8.191992187499977,-8.193174419981062,,0.0022874009109425902,,,165
2016-05-14 13:24:00,-7.937994384765602,-7.937089843749959,,0.0009879734932204782,,,125
2016-05-14 15:05:00,-7.888006591796852,-7.888289969308005,,0.0006941303069235952,,,105
2016-05-14 16:46:00,-7.893988037109352,-7.903732056744332,,0.010006237401551446,,,113
2016-05-14 18:27:00,-7.922003173828102,-7.921820068359352,,0.0013170896911081941,,,102
2016-05-14 20:08:00,-8.134008789062477,-8.130177571002662,,0.008191906406781316,,,133
2016-05-14 21:49:00,,,,,,,0
2016-05-15 11:16:00,-8.273992919921852,-8.273895089285702,,0.003267319388220187,,,175
2016-05-15 12:57:00,,,,,,,0
2016-05-15 14:38:00,-7.906011962890602,-7.906286124872963,,0.0006845981221970588,,,123
2016-05-15 16:19:00,-7.923986816406227,-7.923986816406227,,0.0,,,78
2016-05-15 18:00:00,-7.932012939453102,-7.932560661657533,,0.0008868401617238153,,,134
2016-05-15 19:41:00,,,,,,,0
2016-05-15 21:22:00,-8.402014160156227,-8.402289496527771,,0.0052485019272530435,,,180
2016-05-16 14:12:00,-7.922003173828102,-7.921245711889014,,0.0009756541746065722,,,117
2016-05-16 15:53:00,-7.906011962890602,-7.9051055908203125,,0.0010020320258947283,,,40
2016-05-16 17:34:00,-7.896002197265602,-7.896828715006507,,0.0009779489794450762,,,72
2016-05-16 19:15:00,-7.944006347656227,-7.942908779410402,,0.0020122152952645705,,,86
2016-05-16 20:56:00,-8.235998535156227,-8.235678783815274,,0.002336558643147628,,,67
2016-05-17 15:27:00,,,,,,,0
2016-05-17 17:08:00,,,,,,,0
2016-05-17 18:49:00,-12.738012695312477,-12.737167902510294,,0.0019375825273795194,,,129
2016-05-17 20:30:00,-12.120001220703102,-12.119612876137523,,0.0024173518488547945,,,91
2016-05-18 11:39:00,-8.570013427734352,-8.550968620576043,,0.15101941323450524,,,166
2016-05-18 13:20:00,,,,,,,0
2016-05-18 15:01:00,-7.949987792968727,-7.949987792968727,,0.0,,,116
2016-05-18 16:42:00,-7.732000732421852,-7.7756615590240585,,0.0546234700572624,,,118
2016-05-18 18:23:00,-7.630010986328102,-7.62987791869017,,0.0013498393285779028,,,111
2016-05-18 20:04:00,-7.734014892578102,-7.733707294766816,,0.003063761046727034,,,126
2016-05-18 21:45:00,-8.087988281249977,-8.088189697265591,,0.000604248046875,,,10
2016-05-19 11:13:00,-11.265997314453102,-10.938438876839541,0.17846977149331292,0.968800988367823,,,430
2016-05-19 12:54:00,-9.321997070312477,-9.167310609208755,0.17830561300310913,0.6102027646207162,,,517
2016-05-20 12:27:00,-9.104010009765602,-12.100483089540035,0.17839024779273244,4.220487900460326,,,492
2016-05-20 14:08:00,-7.791998291015602,-9.098674481614182,0.17808646944008374,2.187514500510157,,,532
2016-05-20 15:49:00,-7.609991455078102,-7.8480155889134835,0.17800000309944153,0.5557487056837521,,,548
2016-05-20 17:30:00,-10.484014892578102,-10.379401652018203,0.17800000309944153,0.5970877783816637,,,540
2016-05-20 19:11:00,-11.829992675781227,-12.118927251076173,0.17800000309944153,0.7000390501183246,,,490
2016-05-20 20:52:00,-14.720007324218727,-14.811411522945605,0.17848352056283218,1.0216933130436874,,,546
2016-05-21 12:01:00,-9.678015136718727,-9.654190911187015,0.17811481814693522,0.44738673168740556,,,540
2016-05-21 13:42:00,-8.332006835937477,-8.350284592648734,0.17800000309944153,0.29566822006838944,,,564
2016-05-21 15:23:00,-11.17900695800779,-11.235491007628752,0.1780034874270602,0.5529088043226406,,,574
2016-05-21 17:04:00,-9.604010009765602,-9.334624163965145,0.17810653252495112,0.6274079067273235,,,582
2016-05-21 18:45:00,-11.811987304687477,-11.676944231631126,0.17800000309944153,0.5624265934995399,,,536
2016-05-21 20:26:00,-14.022009277343727,-13.611194249684218,0.17835928526467193,0.8700627167007539,,,501
2016-05-22 11:35:00,-9.344000244140602,-9.22250957954219,0.17800000309944153,0.6063275244914537,,,492
2016-05-22 13:16:00,-7.698004150390602,-7.6933731079101335,0.1780147090115968,0.319477745210753,,,544
2016-05-22 14:57:00,-7.009985351562477,-7.250228185238996,0.17801449588243512,0.5863760017412047,,,552
2016-05-22 16:38:00,-9.031988525390602,-8.95540809831067,0.17800000309944153,0.8343783807524943,,,573
2016-05-22 18:19:00,-10.888006591796852,-10.810630717421986,0.17801136675883422,0.32360313393109913,,,528
2016-05-22 20:00:00,-11.919989013671852,-11.904534295592612,0.17855757992677015,0.1404148620289538,,,495
2016-05-22 21:41:00,-13.298010253906227,-13.305458251953098,0.17800000309944153,0.08858842160114377,,,375
2016-05-23 11:09:00,-15.444006347656227,-15.446857170733892,0.17860215485736888,0.07894881640848195,,,279
2016-05-23 12:50:00,-14.858007812499977,-14.876611801965396,0.17876525418815684,0.06682472148580787,,,541
2016-05-23 14:31:00,-14.583990478515602,-14.580493764029995,0.17800378382543985,0.08483982806841045,,,529
2016-05-23 16:12:00,-14.795996093749977,-14.867807510524074,0.17849320798244292,0.21351101795840308,,,515
2016-05-23 17:53:00,-15.194006347656227,-15.183709629425437,0.17846217172521267,0.1090895607226257,,,489
2016-05-23 19:34:00,-15.455999755859352,-15.396536010462853,0.17800000309944153,0.3616611005702554,,,437
2016-05-23 21:15:00,-14.397985839843727,-14.495568237304667,0.17826800364255904,1.5369299074461,,,500
2016-05-24 12:24:00,-9.048010253906227,-9.309552408057868,0.1781291618739089,1.841565591396744,,,511
2016-05-24 14:05:00,-6.514013671874977,-6.6274495944578575,0.17800000309944153,0.9032570997211438,,,527
2016-05-24 15:46:00,-9.026007080078102,-9.048586900266855,0.17813356501394756,2.657792500980613,,,584
2016-05-24 17:27:00,-13.553991699218727,-13.840537276712155,0.1788014106989326,0.9254261543457591,,,569
2016-05-24 19:08:00,-13.91100158691404,-13.910785044794466,0.17800000309944153,0.22477017130533783,,,460
2016-05-24 20:49:00,-14.788000488281227,-14.773356612356054,0.17833684588733473,0.24616010591273607,,,475
2016-05-25 11:58:00,-6.202001953124977,-6.494033610776739,0.17803690354322596,0.8133769769668291,,,542
2016-05-25 13:39:00,-4.772009277343727,-4.852422169276622,0.17792500350624324,0.6137734863336175,,,560
2016-05-25 15:20:00,-4.761999511718727,-4.773260498046852,0.17800000309944153,0.4343472156088825,,,564
2016-05-25 17:01:00,-5.62499084472654,-5.562064946582382,0.17801413740370384,0.4191661882131608,,,566
2016-05-25 18:41:00,-6.772009277343727,-6.860805869313424,0.17801416242017154,0.5341733287460377,,,565
2016-05-25 20:22:00,-7.881994628906227,-8.25019149923412,0.17800000309944153,0.9545532309406732,,,533
2016-05-26 11:31:00,,,,,,,0
2016-05-26 13:12:00,,,,,,,0
2016-05-26 14:53:00,-20.651998901367165,-20.250583994736388,0.18000000715255737,1.2550438656862217,,,377
2016-05-26 16:34:00,-18.318998718261696,-17.735603332519503,0.17920000553131105,1.5373175206157328,,,10
2016-05-26 18:15:00,,,,,,,0
2016-05-26 19:56:00,-15.518011474609352,-15.877044677734375,0.17946087562519572,0.659731401703974,,,115
2016-05-26 21:37:00,-14.428015136718727,-14.686279610882195,0.1792218705273901,0.9723954864580047,,,311
2016-05-27 11:05:00,,,,,,,0
2016-05-27 12:46:00,,,,,,,0
2016-05-27 14:27:00,,,,,,,0
2016-05-27 16:08:00,,,,,,,0
2016-05-27 17:49:00,-17.120001220703102,-17.348615010579408,0.17942667265733084,1.1580869459577128,,,150
2016-05-27 19:30:00,,,,,,,0
2016-05-27 21:11:00,-13.255987548828102,-13.045599365234352,0.18040000796318054,0.2576718488578374,,,5
2016-05-28 12:20:00,-13.277990722656227,-13.321260105744557,0.17829389682480398,0.827164046379457,,,524
2016-05-28 14:01:00,-12.208013916015602,-12.100113742150995,0.17808100014832162,0.5544319938547216,,,321
2016-05-28 15:42:00,-11.199987792968727,-10.118560819272602,0.17859259689295734,2.489899261658036,,,432
2016-05-28 17:23:00,-6.474996948242165,-6.6319163472259675,0.17787739848610998,0.9618048777548385,,,522
2016-05-28 19:04:00,-7.134008789062477,-7.121254106001402,0.17800000309944153,0.4095567735001314,,,110
2016-05-28 20:45:00,-12.694006347656227,-12.756065903157833,0.17820743991904062,0.4038488025972741,,,511
2016-05-29 11:54:00,-8.134008789062477,-8.179404220047502,0.17805128525464964,2.3213591405393745,,,429
2016-05-29 13:35:00,-12.896002197265602,-12.481426503706928,0.17800000309944153,0.9266314444386404,,,490
2016-05-29 15:16:00,-12.340002441406227,-12.274137654024003,0.178011032533558,0.2747013599609178,,,544
2016-05-29 16:57:00,-11.307989501953102,-11.179429211854483,0.17801109369493015,0.45977694572837063,,,541
2016-05-29 18:38:00,-10.958013916015602,-10.933835709094978,0.1784648477914743,0.2750038840837409,,,512
2016-05-29 20:19:00,-10.225988769531227,-9.676224147683286,0.17800000309944153,1.4154185214020891,,,505
2016-05-30 11:28:00,-5.437994384765602,-5.393229403817543,0.17800000309944153,0.5680479223808693,,,489
2016-05-30 13:09:00,-3.8889984130859148,-3.889696818186792,0.17800000309944153,0.526327757702402,,,532
2016-05-30 14:50:00,-3.2850097656249773,-3.270692859996416,0.17793007340881375,0.3290359337577283,,,572
2016-05-30 16:31:00,-4.303991699218727,-4.263861928761628,0.17800000309944153,0.7672029816142237,,,578
2016-05-30 18:12:00,-8.929998779296852,-9.30635164221934,0.17800000309944153,1.3500286752025945,,,490
2016-05-30 19:53:00,-8.156011962890602,-8.071120167683375,0.17800000309944153,0.6353444646431745,,,527
2016-05-30 21:34:00,-10.179998779296852,-9.930277577740355,0.17801313222889306,0.7299085794432332,,,457
2016-06-01 12:16:00,-11.126013183593727,-11.086709689722909,0.1780389136841325,0.27262491790068105,,,514
2016-06-01 13:57:00,-4.087988281249977,-3.7381597246442198,0.17800000309944153,0.8705734110859205,,,280
2016-06-01 15:38:00,-3.2739929199218523,-3.7731281119333175,0.17786972211595153,1.1890221196915185,,,568
2016-06-01 17:19:00,-5.535986328124977,-5.472598118457938,0.17800000309944153,0.3395243379167109,,,515
2016-06-02 11:50:00,-20.105993652343727,-20.014461964574338,0.17991954721938605,0.7580644826311711,,,174
2016-06-02 13:31:00,-9.428015136718727,-9.372548159807081,0.17800558970294186,1.2234053454595737,,,358
2016-06-02 15:12:00,-5.092016601562477,-5.38323986577052,0.17801120760394076,1.0557884006633853,,,357
2016-06-02 16:53:00,-5.328009033203102,-5.545948613154394,0.17801039273088629,0.9805220687159641,,,385
2016-06-02 18:34:00,-10.213995361328102,-10.050182088216104,0.17829391050509655,1.305454130918141,,,558
2016-06-02 20:15:00,-11.470007324218727,-11.031669544038323,0.17800000309944153,1.3247082664368695,,,546
2016-06-03 11:24:00,-6.690008544921852,-6.638715233740868,0.17802597717805344,1.1659215382278962,,,462
2016-06-03 13:05:00,-4.216009521484352,-4.544139124694482,0.17737058396112984,1.2398083190479634,,,537
2016-06-03 14:46:00,-3.5979980468749773,-3.733122327203205,0.17774468533536222,0.5197223076470127,,,517
2016-06-03 16:27:00,-3.8719848632812273,-3.9238927433691515,0.17800000309944153,0.5875097420565633,,,557
2016-06-03 18:08:00,-6.265997314453102,-6.250867602958181,0.17800000309944153,0.2779859737249787,,,466
2016-06-03 19:49:00,-8.776007080078102,-8.550890805022846,0.17800000309944153,0.6777137045730179,,,495
2016-06-03 21:30:00,-10.98900451660154,-10.760175717261518,0.17854435901127516,0.9186103302627268,,,496
2016-06-04 12:39:00,-15.243994140624977,-15.431446870595153,0.17895202038384217,0.5827623531858975,,,521
2016-06-04 14:20:00,-15.423986816406227,-15.40838675224046,0.1793558706583133,0.5232918406523085,,,503
2016-06-04 16:01:00,-16.441992187499977,-16.667384681933754,0.1796876332943628,0.894521767075957,,,493
2016-06-04 17:42:00,-19.370001220703102,-19.083717621697303,0.18004167390366396,1.0022951883410138,,,288
2016-06-04 19:23:00,-18.61400451660154,-18.677248234424752,0.18000000715255737,0.40218053834728007,,,412
2016-06-04 21:04:00,-21.69200744628904,-21.32184422084262,0.18000000715255737,1.0398630182105504,,,175
2016-06-05 12:13:00,-3.3660034179687273,-3.5138594284195506,0.1779927698656189,0.7593365203917132,,,553
2016-06-05 13:53:00,-2.5210021972656023,-2.4531273022032565,0.1779929855936452,0.41992477902777514,,,570
2016-06-05 15:34:00,-2.3839935302734148,-2.57457448131629,0.17800000309944153,0.5880957149345782,,,530
2016-06-05 17:15:00,-4.169989013671852,-4.177799027837921,0.17800000309944153,0.21347882975973323,,,577
2016-06-05 18:56:00,-5.851995849609352,-5.818904046942691,0.17800000309944153,0.4022100411094864,,,548
2016-06-05 20:37:00,-8.086004638671852,-7.959499345259189,0.17822909447279844,0.9488396417019082,,,550
2016-06-06 11:46:00,-8.324011230468727,-7.994532264568534,0.17877573010789374,4.166034624511476,,,379
2016-06-06 13:27:00,-16.419989013671852,-17.144963469328673,0.1792592649106626,0.9459434481648332,,,27
2016-06-06 15:08:00,-4.208013916015602,-5.683816250887787,0.17800000309944153,2.0608780110987075,,,11
2016-06-06 16:49:00,-13.074011230468727,-9.792177304088796,0.1784904267481917,6.226406508385488,,,261
2016-06-06 18:30:00,-2.2519897460937273,-2.3024493585483583,0.1779543602553146,0.6285688315066452,,,482
2016-06-06 20:11:00,-4.613989257812477,-4.747405387919059,0.17803197474505084,0.7617014752587614,,,563
2016-06-06 21:52:00,,,,,,,0
2016-06-07 11:20:00,-11.932012939453102,-11.79384872081664,0.17813488709372144,1.3683693956416896,,,430
2016-06-07 13:01:00,-9.475988769531227,-9.379748575756082,0.17833259800849627,1.4973897153947675,,,451
2016-06-07 14:42:00,-10.354010009765602,-8.587266396834707,0.17808072168730835,4.897410095476107,,,223
2016-06-07 16:23:00,-11.491003417968727,-10.996226363885569,0.17816393785789364,1.8239222929684746,,,488
2016-06-07 18:04:00,-14.202001953124977,-14.128930077185998,0.1794961599776378,0.7261979503440784,,,520
2016-06-07 19:45:00,-12.376013183593727,-12.401129828559021,0.17800000309944153,0.2730972179021408,,,495
2016-06-07 21:26:00,-11.323004150390602,-10.822623800575172,0.17800000309944153,1.280273649811138,,,436
2016-06-08 12:35:00,0.14400634765627274,0.23137806285512852,0.17793454896319996,0.3752464222659396,,,550
2016-06-08 14:16:00,0.43398437500002274,0.49089755177101324,0.17800000309944153,0.35311843839936463,,,594
2016-06-08 15:57:00,0.41399536132814774,0.4631679426648816,0.17798664760410488,0.35171319853761496,,,599
2016-06-08 17:38:00,0.11199340820314774,0.1367645366424881,0.17802357217077455,0.19148751481881118,,,594
2016-06-08 19:19:00,-0.9320129394531023,-1.1285797252405132,0.17745852135284498,1.0249631771538408,,,458
2016-06-08 21:00:00,-1.3079895019531023,-1.2415904201579906,0.17794819006339255,0.3360580478927299,,,579
2016-06-09 12:09:00,-7.919989013671852,-7.904710455360657,0.17800000309944153,0.39057444614401615,,,477
2016-06-09 13:50:00,-3.5780090332031023,-3.439465560394069,0.17794218035985013,1.3197523759064602,,,588
2016-06-09 15:31:00,-7.329992675781227,-7.291059644294478,0.17800000309944153,0.7042132970620814,,,363
2016-06-09 17:12:00,-10.302008056640602,-10.000152834497271,0.17800000309944153,0.7219051124173057,,,594
2016-06-09 18:53:00,0.31499633789064774,0.30176332707992515,0.17802807333176596,0.19660524978087435,,,570
2016-06-09 20:34:00,-4.056005859374977,-4.471620686848951,0.17787428949560438,2.1809586276665702,,,525
2016-06-10 11:43:00,-14.575994873046852,-14.575994873046852,0.17800000309944153,0.0,,,7
2016-06-10 13:24:00,-11.765997314453102,-12.151942329087944,0.1785961045860248,1.5260031844322706,,,359
2016-06-10 15:05:00,-14.108007812499977,-14.108007812499977,0.18000000715255737,0.0,,,5
2016-06-10 16:46:00,-13.734014892578102,-13.688874550471212,0.17838095625241598,0.9769951373192536,,,126
2016-06-10 18:27:00,-1.9780029296874773,-2.708074506309174,0.17800000309944153,2.428700448977709,,,343
2016-06-10 20:08:00,-12.060003662109352,-11.908606914445443,0.17804706201833836,0.6583092901969538,,,510
2016-06-10 21:49:00,,,,,,,0
2016-06-11 11:16:00,-11.237005615234352,-11.091237028654632,0.17800000309944153,0.608353252569253,,,444
2016-06-11 12:57:00,-6.05699768066404,-5.732809925079323,0.17800781567348167,1.9497474658004885,,,512
2016-06-11 14:38:00,0.06798706054689774,0.760282679966565,0.1785714328289032,1.2782439764578633,,,7
2016-06-11 16:19:00,0.12398681640627274,-0.09665802986387462,0.17800000309944153,0.6233827733035335,,,155
2016-06-11 18:00:00,0.17800292968752274,0.20733658782148723,0.1774725724901773,0.17390993241993685,,,565
2016-06-11 19:41:00,-0.28299560546872726,-0.22533922159982467,0.17804461285527312,0.22935591853059262,,,538
2016-06-11 21:22:00,-1.2739929199218523,-1.2193461482685848,0.17799624377735576,0.23190566210028796,,,532
2016-06-12 14:12:00,0.5700012207031477,0.6836250786074629,0.1769301622750609,0.6533320002793022,,,587
2016-06-12 15:53:00,0.46801147460939774,0.5156310558319319,0.20146875732461922,0.466751093903098,,,512
2016-06-12 17:34:00,,,,,,,0
2016-06-12 19:15:00,,,,,,,0
2016-06-12 20:56:00,,,,,,,0
2016-06-13 12:07:00,,,,,,,0
2016-06-13 13:46:00,-10.204016113281227,-10.20357328374331,,0.0008341652184135055,,,141
2016-06-13 15:27:00,-9.914007568359352,-9.914007568359352,,0.0,,,103
2016-06-13 17:08:00,-9.620001220703102,-9.607374664674296,,0.11433832780907947,,,83
2016-06-13 18:49:00,-9.436010742187477,-9.43646300268955,,0.002644759324301356,,,122
2016-06-13 20:30:00,-9.522009277343727,-9.523019263857861,,0.003128414872455632,,,63
2016-06-14 11:39:00,-8.381994628906227,-8.381725356158086,,0.0035394062195276293,,,136
2016-06-14 13:20:00,-7.980017089843727,-7.967137498121986,,0.12116000321292021,,,78
2016-06-14 15:01:00,-7.984014892578102,-7.976894693441295,,0.08667967523017574,,,143
2016-06-14 16:42:00,0.32198486328127274,0.3276183368765828,0.1779833086991748,0.4528066418292226,,,599
2016-06-14 18:23:00,-0.6839965820312273,-0.5904578783832903,0.17752482842469047,0.2709690646459054,,,564
2016-06-14 20:04:00,-1.4280151367187273,-1.2887956286664348,0.1773985830066043,0.3700384986697625,,,562
2016-06-14 21:45:00,-1.5459960937499773,-1.6770751953124545,0.17800000309944153,0.30796597918977675,,,65
2016-06-15 11:13:00,-0.5700134277343523,0.06482768472102407,0.17730233246503874,1.4638335595902383,,,473
2016-06-15 12:54:00,0.25798950195314774,0.5686996192263223,0.17795438983461312,1.0957245514932763,,,570
2016-06-15 14:35:00,0.5580078125000227,0.7164701076501387,0.17797663098882155,0.8194267982031566,,,599
2016-06-15 16:16:00,0.5679870605468977,0.6283584212620212,0.17726211060765193,0.4529453345447729,,,599
2016-06-15 17:57:00,0.12398681640627274,0.19164068433974535,0.17742361741450927,0.429941548548499,,,576
2016-06-15 19:38:00,-0.6900085449218523,-0.5760205838269599,0.17717216881640227,0.42939139736124105,,,546
2016-06-15 21:19:00,-1.6179870605468523,-1.4317445912755034,0.1764887331291697,0.5094573075961759,,,532
2016-06-16 12:27:00,,,,,,,0
2016-06-16 14:08:00,,,,,,,0
2016-06-16 15:49:00,,,,,,,0
2016-06-16 17:30:00,,,,,,,0
2016-06-16 19:11:00,,,,,,,0
2016-06-16 20:52:00,,,,,,,0
2016-06-17 12:01:00,-13.495993041992165,-12.86776181175594,0.17800000309944153,1.9123308909729548,,,84
2016-06-17 13:42:00,-6.087988281249977,-6.569242844186533,0.17800000309944153,1.9050036222317026,,,519
2016-06-17 15:23:00,-6.104010009765602,-6.154414179553726,0.17816438699421816,1.8020488119205107,,,73
2016-06-17 17:04:00,-10.631994628906227,-10.598512587436403,0.17800000309944153,0.7324767103909424,,,86
2016-06-17 18:45:00,-10.982000732421852,-10.764376567322529,0.17800000309944153,1.5430890473010115,,,405
2016-06-17 20:26:00,-10.962011718749977,-10.963981625178292,0.17800000309944153,0.7612354332974094,,,471
2016-06-18 11:35:00,-0.35199584960935226,0.15818873414207246,0.17723303489181974,1.3330269478811179,,,545
2016-06-18 13:16:00,0.30199584960939774,0.5466605603592711,0.17781818610828493,0.9306165158985708,,,583
2016-06-18 14:57:00,0.49199829101564774,0.668687107252083,0.17780936870686584,0.9104806697249643,,,598
2016-06-18 16:38:00,0.37801513671877274,0.4800055960781151,0.1771719609705952,0.6916376712121928,,,599
2016-06-18 18:19:00,-0.30600585937497726,-0.35508379884572605,0.17751264122956928,0.7900539882132557,,,554
2016-06-18 20:00:00,-0.8360046386718523,-0.7286547058325823,0.1779602922848846,0.6821963320965695,,,554
2016-06-18 21:41:00,-1.7540039062499773,-1.5443553565628463,0.17765427193312988,0.7943182499763506,,,457
2016-06-19 11:09:00,-0.42600097656247726,0.1189220063363905,0.17741914816422039,1.2615865730927813,,,303
2016-06-19 12:50:00,0.32601318359377274,0.7569613675458982,0.17676331264163375,1.4114042911665494,,,545
2016-06-19 14:31:00,0.5559936523437727,0.7866391393696972,0.1779666143486615,0.9597220334306351,,,599
2016-06-19 16:12:00,0.6880126953125227,0.8444302108331954,0.1773489216382993,0.9401631173533335,,,599
2016-06-19 17:53:00,-3.6439880371093523,-3.7405640818440133,0.17794888516584526,1.7555745564844354,,,313
2016-06-19 19:34:00,-3.8280090332031023,-4.166120840001952,0.17802315132899416,1.5551859472708278,,,432
2016-06-19 21:15:00,-3.0539916992187273,-3.602976645761828,0.17800771024415488,2.043071826106308,,,519
2016-06-20 12:24:00,-1.5480102539062273,-1.0881083612856628,0.17750000581145287,1.9871695943647918,,,92
2016-06-20 14:05:00,-0.35199584960935226,-0.5991747204301987,0.17758923111740588,1.0339500334325065,,,594
2016-06-20 15:46:00,-4.238012695312477,-4.209000816898026,0.17800000309944153,0.42610662437522484,,,552
2016-06-20 17:27:00,,,,,,,0
2016-06-20 19:08:00,-8.596014404296852,-8.716205554969918,0.17800814975546236,0.7737547733353084,,,491
2016-06-20 20:49:00,-5.288000488281227,-5.433561437270214,0.178007846252591,0.6492369938592759,,,510
2016-06-21 17:01:00,-6.739996337890602,-6.962600036385425,0.17800000309944153,2.1163058175989993,,,518
2016-06-21 18:41:00,-1.7120117187499773,-1.4861194658081445,0.1780166006434508,0.9787669366654287,,,482
2016-06-21 20:22:00,-7.299993896484352,-7.558242231747215,0.17800853190137378,1.1093827363842406,,,469
2016-06-22 11:31:00,-9.452001953124977,-9.037230390383854,0.1780123488034731,1.3550145458773097,,,486
2016-06-22 13:12:00,-6.823004150390602,-6.484522770140984,0.17800000309944153,1.943048704500321,,,394
2016-06-22 14:53:00,-3.7080139160156023,-4.344978254554917,0.17789781387269932,3.0902507432757775,,,274
2016-06-22 16:34:00,-0.8540100097656023,-1.0146211579371993,0.1775023534264363,1.5021430131743694,,,426
2016-06-22 18:15:00,-0.07599487304685226,-0.10277529287606058,0.17752182735324584,0.44555282233152715,,,527
2016-06-22 19:56:00,-1.1010040283202898,-1.371978349647975,0.17734388035276663,1.0173381466639808,,,506
2016-06-22 21:37:00,-1.5660156249999773,-1.5048092772418045,0.17744050717801788,0.46848477427163104,,,479
2016-06-23 11:05:00,,,,,,,0
2016-06-23 12:46:00,0.22600708007814774,0.7267944765007428,0.17712478818918573,1.461897998782658,,,569
2016-06-23 14:27:00,0.5500122070312727,0.9166123212394268,0.17798305413985657,1.3549994999190065,,,590
2016-06-23 16:08:00,0.5939880371093977,0.7888617259234252,0.17795659768362476,0.9061912056380756,,,599
2016-06-23 17:49:00,0.30401000976564774,0.4366128581844464,0.17802055108628861,0.5290666249088773,,,584
2016-06-23 19:30:00,-0.17600097656247726,0.021492976527099472,0.17800000309944153,0.636995169522893,,,496
2016-06-23 21:11:00,-0.6839965820312273,-0.4668782154577684,0.17792540336057516,0.8141900571307161,,,563
2016-06-24 12:20:00,0.21599731445314774,1.0426178874541279,0.17772366610936344,1.9677076875604425,,,579
2016-06-24 14:01:00,0.33001098632814774,0.13173770246834238,0.17799655497074127,1.5072078810328695,,,580
2016-06-24 15:42:00,-0.8960021972656023,-1.2065522062256377,0.177814818918705,1.5592280758885113,,,594
2016-06-24 17:23:00,-0.5619873046874773,-0.5226116881078156,0.17701021265111813,0.7118020418126949,,,588
2016-06-24 19:04:00,-1.5539916992187273,-1.8586908917773712,0.17798084620086627,1.7652407283328617,,,522
2016-06-24 20:45:00,-1.7940124511718523,-1.5312546527648578,0.17773514884841868,1.1631540619845706,,,589
2016-06-25 11:54:00,-15.014013671874977,-15.014013671874977,0.18000000715255737,0.0,,,4
2016-06-25 13:35:00,-12.183996582031227,-12.700449170564355,0.17839474074150385,2.1504405749213182,,,152
2016-06-25 15:16:00,,,,,,,0
2016-06-25 16:57:00,-16.540014648437477,-16.39211679134729,0.17841509828027688,1.0554664543991064,,,265
2016-06-25 18:38:00,-11.288000488281227,-10.624837427553928,0.17866304808336755,2.781576195121129,,,184
2016-06-25 20:19:00,-9.785986328124977,-9.16831437867853,0.1783273580229336,2.015324791667758,,,446
2016-06-26 11:28:00,,,,,,,0
2016-06-26 13:09:00,-2.1919921874999773,-2.1919921874999773,0.17800000309944153,0.0,,,3
2016-06-26 14:50:00,-1.0940002441406023,-0.8494919720817506,0.17799328049691784,1.4240677561311992,,,595
2016-06-26 16:31:00,0.6119934082031477,0.7105371811811096,0.17757983738634767,1.296912338075582,,,595
2016-06-26 18:12:00,0.5459838867187727,0.7044606545496208,0.17750093002085765,0.6148982895400876,,,541
2016-06-26 19:53:00,0.20800170898439774,0.5352284429694691,0.17685028673760772,1.0654454118629613,,,541
2016-06-26 21:34:00,-0.32999267578122726,0.07211890673119115,0.17799635351139265,1.0870177479420287,,,548
2016-06-27 11:01:00,,,,,,,0
2016-06-27 12:42:00,0.23000488281252274,0.4638333512803001,0.1775209185288433,2.7517464066337265,,,263
2016-06-27 14:23:00,0.17199096679689774,-0.0376309204101517,0.17777000449597835,1.7368090143260657,,,400
2016-06-27 16:04:00,0.6020141601562727,0.8763092360014753,0.17798258161710945,1.1222527282801023,,,574
2016-06-27 17:45:00,0.5440002441406477,0.8037212029730085,0.17790186493429033,0.9657337253640011,,,591
2016-06-27 19:26:00,0.36599121093752274,0.7460633431711585,0.17745161909730203,1.0340211128824026,,,496
2016-06-27 21:07:00,0.021997070312522737,0.6446617338392571,0.17790278148216507,1.444928307720767,,,576
2016-06-28 12:16:00,0.34798583984377274,1.4895956330040576,0.17782837538710827,2.5999263698403556,,,571
2016-06-28 13:57:00,0.5079895019531477,1.0829012774424314,0.1773693444992607,2.0397219198570467,,,574
2016-06-28 15:38:00,0.6060119628906477,0.9544799699816053,0.17768729001898126,1.2077091859866722,,,582
2016-06-28 17:19:00,0.5960021972656477,0.6798656302439099,0.1775774701800145,0.5942367390644365,,,568
2016-06-28 19:00:00,0.47399291992189774,0.687179697615079,0.17751413002862768,1.025140369068036,,,531
2016-06-28 20:41:00,0.14998779296877274,0.9896694505416122,0.17784991032858055,1.849055666277822,,,533
2016-06-29 11:50:00,0.22399291992189774,1.487824188126126,0.17724042536385798,2.574887458188996,,,574
2016-06-29 13:31:00,0.48598632812502274,1.462181415296584,0.17728767819600563,2.431701337208647,,,584
2016-06-29 15:12:00,0.6079956054687727,1.108149575688742,0.17787805254139552,1.6312637932218559,,,574
2016-06-29 16:53:00,0.6140075683593977,0.9682952111509167,0.17750924945879384,1.1861093308749127,,,595
2016-06-29 18:34:00,0.44600830078127274,0.8789918012842577,0.1779799363186527,1.4114014004357083,,,598
2016-06-29 20:15:00,-1.3599914550781023,-1.6640744965651493,0.1777885101649953,3.4291973626856023,,,435
2016-07-01 12:39:00,-4.120001220703102,-3.838968213789258,0.17802454302647364,2.6441490657534708,,,489
2016-07-01 14:20:00,-6.310003662109352,-6.733156939634341,0.17800000309944153,1.8327668504777745,,,97
2016-07-01 16:01:00,-0.015997314453102263,-0.2902289825735238,0.17758058789864328,1.3747684564584717,,,515
2016-07-01 17:42:00,0.24999389648439774,0.19016619158225012,0.17763604110962636,1.282704595517766,,,555
2016-07-01 19:23:00,-1.2040161132812273,-1.244510033017093,0.1778639494156351,2.4853300557227933,,,441
2016-07-01 21:04:00,0.06600341796877274,1.2922927856445767,0.17731724828481674,2.188338546627458,,,580
2016-07-02 12:13:00,0.08400878906252274,1.0106754847935235,0.1778964323922992,2.3332648031792007,,,560
2016-07-02 13:53:00,0.40798339843752274,1.2447155594212518,0.17743053792066885,2.0837437215296655,,,583
2016-07-02 15:34:00,0.5459838867187727,0.9492724339032179,0.17780579631637267,1.261290866233803,,,587
2016-07-02 17:15:00,-4.045996093749977,-4.019703484710135,0.17795266607809349,2.7422047586768383,,,169
2016-07-02 18:56:00,-2.1669982910156023,-2.4158513750348334,0.17800000309944153,2.430082381241023,,,280
2016-07-02 20:37:00,-0.04999389648435226,0.7147952870426479,0.17779487600693336,1.4713124404037274,,,585
2016-07-03 11:46:00,-1.4440063476562273,-1.6256872955211747,0.17795668206167564,3.4810018226502457,,,554
2016-07-03 13:27:00,0.32198486328127274,0.32317136567218085,0.1779051760275816,2.3641478126959563,,,464
2016-07-03 15:08:00,0.5339904785156477,0.9876104747247041,0.17764937896314803,1.4679246056084456,,,559
2016-07-03 16:49:00,0.5519958496093977,0.7313887764425999,0.17790073895936503,0.9921102741038392,,,544
2016-07-03 18:30:00,0.33001098632814774,0.6357503868864569,0.17753596849341957,1.2568876411013317,,,431
2016-07-03 20:11:00,-11.980017089843727,-11.297696112508788,0.17855367653787474,2.0571689753087647,,,177
2016-07-03 21:52:00,,,,,,,0
2016-07-04 11:20:00,-9.092016601562477,-8.673563096788143,0.17848889297909207,5.94184174701237,,,450
2016-07-04 13:01:00,-12.246008300781227,-11.673703597166309,0.17868647313747468,1.8146515246053951,,,303
2016-07-04 14:42:00,-11.205999755859352,-11.392246961379783,0.17895516198579506,2.922078352291803,,,446
2016-07-04 16:23:00,-3.3219970703124773,-5.124203369140616,0.17800000309944153,3.815132058243465,,,250
2016-07-04 18:04:00,-8.866003417968727,-9.120201538830258,0.17801219829153725,2.9850638926642046,,,328
2016-07-04 19:45:00,-18.523992919921852,-18.498417960557333,0.17969128169469387,1.0547060792530958,,,298
2016-07-04 21:26:00,-5.963995361328102,-5.693419174001178,0.17800000309944153,1.0748726270541886,,,79
2016-07-05 12:35:00,-7.096014404296852,-7.780026759871475,0.17800000309944153,3.3750698572940943,,,498
2016-07-05 14:16:00,-0.7179931640624773,-1.6988391588154172,0.17800915660656288,2.993163379944246,,,437
2016-07-05 15:57:00,-0.6300109863281023,-2.366216337440335,0.17805764014679692,4.503083818799678,,,347
2016-07-05 17:38:00,-2.0300048828124773,-2.2988950756785584,0.17765503577138364,2.7524171308497967,,,487
2016-07-05 19:19:00,-9.071997070312477,-6.922123253863788,0.17794686354300826,3.9092315031018154,,,414
2016-07-05 21:00:00,-0.08200683593747726,0.119397077889289,0.17703104286358273,3.455635792832806,,,580
2016-07-06 12:09:00,-6.509985351562477,-7.6747084673713175,0.17814117985613206,3.5508160421054686,,,85
2016-07-06 13:50:00,-9.116003417968727,-9.199919649514925,0.1780525426104691,1.1816021166970194,,,571
2016-07-06 15:31:00,-8.440008544921852,-8.219195694502332,0.17905955350129757,1.627506223551811,,,487
2016-07-06 17:12:00,-3.3620056152343523,-3.5393262610587612,0.17801826797663894,1.7549147096102986,,,219
2016-07-06 18:53:00,-8.070013427734352,-7.933212991990786,0.1785724424220648,1.0143213462244045,,,566
2016-07-06 20:34:00,-7.373999023437477,-7.037590967966366,0.17800000309944153,1.1556114082558906,,,334
2016-07-07 11:43:00,,,,,,,0
2016-07-07 13:24:00,-0.5480102539062273,-0.7148351369170314,0.1779898508702438,1.6314839965604289,,,197
2016-07-07 15:05:00,0.36599121093752274,0.6906826150828351,0.17797931376202353,1.6900702734238038,,,580
2016-07-07 16:46:00,0.48000488281252274,0.7180497305733979,0.17793571773384298,0.9921384938404177,,,560
2016-07-07 18:27:00,0.27401123046877274,0.5342309372054501,0.17742924060318144,1.8671009517211106,,,431
2016-07-07 20:08:00,0.05599365234377274,1.0708747932503115,0.1779243278879303,2.2910379362610613,,,555
2016-07-07 21:49:00,,,,,,,0
2016-07-08 11:16:00,0.5599914550781477,1.416821837693135,0.1776030015353853,3.7936433402339014,,,534
2016-07-08 12:57:00,-0.29401245117185226,0.6197257367958855,0.17749543545233049,3.151334001631042,,,547
2016-07-08 14:38:00,0.49199829101564774,1.1294794515679314,0.1779514764995674,2.082103950870727,,,577
2016-07-08 16:19:00,0.5559936523437727,0.9676003913263003,0.17776661126789114,1.6045569623515248,,,557
2016-07-08 18:00:00,-0.23599853515622726,-0.20821397569443434,0.17794017442780682,1.6854248108045196,,,468
2016-07-08 19:41:00,-0.20999755859372726,-0.007761135349028336,0.17794805561954324,2.1978268453616225,,,308
2016-07-08 21:22:00,-0.9299987792968523,-0.8339846560829187,0.1777368466320791,2.940707081574934,,,152
2016-07-09 12:31:00,0.30001220703127274,1.494794835453547,0.17755752762334537,2.338844449160972,,,565
2016-07-09 14:12:00,0.5219970703125227,1.4463701594665395,0.17786757607512643,2.28961879297104,,,589
2016-07-09 15:53:00,0.5599914550781477,1.0031694228894708,0.17738280577261573,1.4690697960392822,,,593
2016-07-09 17:34:00,0.5479980468750227,0.888478915538883,0.17777778215781606,1.2137896777402903,,,594
2016-07-09 19:15:00,0.43200073242189774,1.111932617187506,0.17771200466156006,2.0313731363945853,,,500
2016-07-09 20:56:00,0.29598388671877274,1.3703765973652935,0.17776712777781978,2.3417485221953593,,,584
2016-07-10 12:05:00,0.7579895019531477,2.387276059842975,0.17761083446480902,3.4605959103300794,,,591
2016-07-10 13:46:00,0.5479980468750227,1.0565070129183596,0.17743253212899074,1.7049973212491192,,,578
2016-07-10 15:27:00,0.6339965820312727,1.1261922449498911,0.1778916121571214,1.8527310895598605,,,572
2016-07-10 17:08:00,0.6000000000000227,0.8851466748538428,0.17764094464430874,0.9862496971775451,,,596
2016-07-10 18:49:00,0.45598754882814774,1.138237456473746,0.17779685183707136,2.26817129361809,,,571
2016-07-10 20:30:00,0.08800659179689774,1.3409993489583485,0.17775789938474956,2.725792198781853,,,570
2016-07-11 11:39:00,0.18599853515627274,1.2837357719520242,0.1772154769680118,2.582742595537391,,,543
2016-07-11 13:20:00,0.32198486328127274,1.3315297681232323,0.17750268916004672,2.36961605565679,,,559
2016-07-11 15:01:00,0.49401245117189774,0.9241618598458672,0.17690663042214205,1.2291646941708927,,,589
2016-07-11 16:42:00,0.5039916992187727,0.7050828875917432,0.17778788303787058,0.814438634580711,,,264
2016-07-11 18:23:00,,,,,,,0
2016-07-11 20:04:00,,,,,,,0
2016-07-11 21:45:00,,,,,,,0
2016-07-12 11:13:00,-20.735998535156227,-20.41866580278443,0.18000000715255737,1.9234925442006239,,,39
2016-07-12 12:54:00,-17.51799621582029,-16.590727311473756,0.17915932748277308,3.2191639140052852,,,295
2016-07-12 14:35:00,,,,,,,0
2016-07-12 16:16:00,-10.803991699218727,-11.358604716568493,0.17846762994639306,3.525390093738458,,,278
2016-07-12 17:57:00,-16.118002319335915,-14.896321244673288,0.17922727831385352,2.9282055322361207,,,44
2016-07-12 19:38:00,-10.019995117187477,-10.752500974214968,0.1787615431042818,3.9580057636263164,,,260
2016-07-12 21:19:00,-7.549993896484352,-7.757769126511846,0.1780398702898691,1.6773133328182015,,,301
2016-07-13 12:27:00,-13.952001953124977,-14.156092139652799,0.17883929051458836,2.3255416728527485,,,224
2016-07-13 14:08:00,-12.949987792968727,-13.014352139559662,0.1781818216497248,0.2035379353357666,,,11
2016-07-13 15:49:00,-15.911993408203102,-15.521602516806581,0.17909392796827284,1.6977012322117973,,,181
2016-07-13 17:30:00,-14.896002197265602,-14.301792851200787,0.17976296963515104,1.9657017667653018,,,135
2016-07-13 19:11:00,-16.988012695312477,-16.871936242055085,0.1795932266671779,0.9482749684141856,,,59
2016-07-13 20:52:00,-15.067999267578102,-14.663990624006374,0.1789418654732926,3.60601434626446,,,172
2016-07-14 12:01:00,0.5079895019531477,1.6601078630930033,0.1776075784546578,2.5540414535945875,,,581
2016-07-14 13:42:00,0.49599609375002274,1.5264103775421063,0.17773310690343483,2.517740137240658,,,577
2016-07-14 15:23:00,0.6060119628906477,1.1596527150728093,0.17800000309944153,1.5910943575610024,,,597
2016-07-14 17:04:00,0.5960021972656477,0.9354901133270914,0.17777554878038376,1.1622476565613171,,,597
2016-07-14 18:45:00,0.47200927734377274,1.0509456797543066,0.17791795226243826,1.9547188040016368,,,585
2016-07-14 20:26:00,0.19399414062502274,1.3381170807982699,0.1774928116058703,2.5208496484020815,,,556
2016-07-15 11:35:00,1.1759887695312727,2.9091058834365526,0.17762094389122746,3.950530523665772,,,554
2016-07-15 13:16:00,0.47799072265627274,1.6672463223696923,0.1773780133459986,2.402321199577484,,,582
2016-07-15 14:57:00,0.5620056152343977,0.958929938529991,0.1769171165568488,1.169460506637608,,,567
2016-07-15 16:38:00,0.5479980468750227,0.9698505575299237,0.17798313978450092,1.4088127129960852,,,593
2016-07-15 18:19:00,0.47600708007814774,0.9468845912388701,0.17681736942333512,1.6005437824986544,,,553
2016-07-15 20:00:00,-0.04999389648435226,0.9845641977440209,0.1771823280863121,2.5369985041725203,,,543
2016-07-15 21:41:00,0.23598632812502274,0.6547692926080799,0.17798648965922562,1.728231430825465,,,444
2016-07-16 11:09:00,-1.4920104980468523,-0.32259899981607987,0.17788961408780768,3.5871374631897357,,,308
2016-07-16 12:50:00,0.46801147460939774,1.4888324461531965,0.17779592262902374,2.3834838095110245,,,539
2016-07-16 14:31:00,0.5920043945312727,1.2087475585937568,0.17788869935533275,1.6913205199313928,,,575
2016-07-16 16:12:00,0.6100097656250227,0.9398233870385866,0.1779683131304845,1.2367311108920638,,,568
2016-07-16 17:53:00,0.41399536132814774,0.4856328564362684,0.17790352866910605,1.3004092463759718,,,539
2016-07-16 19:34:00,-0.5199951171874773,-0.2595610683404175,0.1779184504330737,3.388003283614694,,,515
2016-07-16 21:15:00,-0.44000854492185226,0.7765943013434367,0.17763100143838192,2.4542716207647124,,,542
2016-07-17 12:24:00,0.34200439453127274,1.7941587274725066,0.17720076501030813,3.170559816330784,,,528
2016-07-17 14:05:00,,,,,,,0
2016-07-17 15:46:00,0.5500122070312727,0.9103212124283573,0.17793139286249826,1.6552596436762075,,,583
2016-07-17 17:27:00,0.5459838867187727,0.8804164131414041,0.17794148362339465,1.2172930893056477,,,581
2016-07-17 19:08:00,0.37200317382814774,1.0142256705992168,0.1774193612077544,1.9324964661674224,,,496
2016-07-17 20:49:00,0.03399047851564774,1.2861122786059695,0.17747110945226433,2.621590502971052,,,571
2016-07-18 15:20:00,-1.4459899902343523,-1.8306484302440253,0.17800000309944153,1.0809992251415026,,,572
2016-07-18 17:01:00,0.5259948730468977,0.3351339209170874,0.17769847801737204,0.45282621795160377,,,524
2016-07-18 18:41:00,0.5939880371093977,0.9644276704436265,0.17800703301685347,1.14011564673666,,,569
2016-07-18 20:22:00,0.21999511718752274,0.9918936754065157,0.17792989299855988,2.080677908203529,,,542
2016-07-19 11:31:00,2.7380004882812727,2.7413001427283916,0.177996156966457,1.2313206311676548,,,520
2016-07-19 13:12:00,2.0400024414062727,2.4118961485714863,0.17763538421921782,1.8983180700065958,,,554
2016-07-19 14:53:00,0.6839843750000227,1.3514478838121704,0.17741554681010344,1.7872222429497377,,,592
2016-07-19 16:34:00,0.6539855957031477,1.0883303412076089,0.17765862564074583,1.6449590511773589,,,580
2016-07-19 18:15:00,0.22600708007814774,0.07912377047256314,0.178076308474962,1.583263973623559,,,498
2016-07-19 19:56:00,0.05001220703127274,0.2580552145699926,0.17714767130178827,1.4611042021821143,,,535
2016-07-19 21:37:00,0.8500000000000227,1.4971291203652868,0.17764113407822385,2.172297903798488,,,496
2016-07-20 11:05:00,,,,,,,0
2016-07-20 12:46:00,0.7019897460937727,1.9050155102367512,0.17735564044978416,2.74666260874549,,,568
2016-07-20 14:27:00,0.7199951171875227,1.5000287008126065,0.17742475543333136,2.3172732910451836,,,598
2016-07-20 16:08:00,0.7170043945312727,1.0587110481006334,0.17784899720709596,1.4609630251152397,,,596
2016-07-20 17:49:00,0.6119934082031477,0.9195792488430357,0.17796377143890096,1.3034718874956945,,,552
2016-07-20 19:30:00,0.5140014648437727,1.555644521694603,0.17786693161830977,2.5569241524354966,,,511
2016-07-20 21:11:00,0.6320129394531477,1.8089538027309118,0.1774910453399877,2.7402994248387165,,,558
2016-07-21 12:20:00,-5.019995117187477,-4.234963782358932,0.1779548056044821,2.490034551492948,,,354
2016-07-21 14:01:00,-0.26801147460935226,-1.5848846705613937,0.177982304146332,3.94157679869026,,,226
2016-07-21 15:42:00,-10.811987304687477,-11.02995286282902,0.1783552932406138,1.2503943974827556,,,501
2016-07-21 17:23:00,-11.540014648437477,-11.541989000708611,0.17909381062583585,0.7476303072711226,,,565
2016-07-21 19:04:00,-9.298010253906227,-8.746275718672052,0.17800000309944153,2.190211071710836,,,451
2016-07-21 20:45:00,-7.205999755859352,-6.774964904785122,0.1781260903114858,1.9805589994846065,,,460
2016-07-22 11:54:00,-5.870001220703102,-5.718638456040537,0.17800000309944153,2.0504879732577317,,,138
2016-07-22 13:35:00,-10.811987304687477,-10.495266306622398,0.17819876126621081,2.6597451656821063,,,322
2016-07-22 15:16:00,-1.2519897460937273,-1.1562340361310817,0.17783774648393905,2.4875683766604175,,,567
2016-07-22 16:57:00,0.5739990234375227,1.0499995596456984,0.17781879602862685,1.4938306099132443,,,596
2016-07-22 18:38:00,-2.9580139160156023,-2.5615309942336353,0.17790476552077703,2.470673717829171,,,21
2016-07-22 20:19:00,,,,,,,0
2016-07-23 11:28:00,-16.738012695312477,-16.36552026180817,0.17993130466637722,1.8119095902341047,,,262
2016-07-23 13:09:00,-15.478002929687477,-14.702351110121754,0.1788235341801363,1.7034541971934545,,,34
2016-07-23 14:50:00,,,,,,,0
2016-07-23 16:31:00,,,,,,,0
2016-07-23 18:12:00,,,,,,,0
2016-07-23 19:53:00,-6.199987792968727,-6.240392942853305,0.17800000309944153,1.1343257260415445,,,494
2016-07-23 21:34:00,-11.914007568359352,-11.874634400983041,0.17822108323898903,0.8164681534068255,,,389
2016-07-24 11:01:00,,,,,,,0
2016-07-24 12:42:00,0.09600219726564774,-0.6640552670936586,0.17757874554184477,4.650307406984028,,,508
2016-07-24 14:23:00,-0.16199340820310226,-1.8949201465707688,0.1779575254537363,4.1497186784985525,,,565
2016-07-24 16:04:00,0.15398559570314774,-0.9823402880772392,0.1778787916356867,2.983838919332066,,,561
2016-07-24 17:45:00,0.47799072265627274,1.0344021313106282,0.17760540173085906,1.4096505069784147,,,593
2016-07-24 19:26:00,0.24001464843752274,0.6126082476448005,0.1777941218632109,2.319068144352876,,,476
2016-07-24 21:07:00,0.27599487304689774,1.3929223378499387,0.17765972721907827,2.4580682774457827,,,576
2016-07-25 12:16:00,,,,,,,0
2016-07-25 13:57:00,,,,,,,0
2016-07-25 15:38:00,,,,,,,0
2016-07-25 20:30:00,,,,,,,0
2016-07-25 20:41:00,-10.454016113281227,-10.452940368652321,,0.002275089201656516,,,60
2016-07-26 11:50:00,-8.735998535156227,-8.715364571504779,0.17400000989437103,0.1526268574470415,,,172
2016-07-26 15:12:00,-8.153997802734352,-8.153162584806694,0.17400000989437103,0.0009793798326625557,,,114
2016-07-26 16:53:00,0.6140075683593977,0.09491110236814393,0.17861622056445559,3.291227182599376,,,417
2016-07-26 18:34:00,0.5020080566406477,1.2218662881443834,0.17887521857379848,1.990927484710552,,,585
2016-07-26 20:15:00,0.16201171875002274,1.5604606801028922,0.17868778729870308,2.880588780680149,,,442
2016-07-27 11:24:00,,,,,,,0
2016-07-27 13:05:00,,,,,,,0
2016-07-27 14:46:00,-0.8329986572265398,-0.38031069708205223,0.1790283739778167,1.8546895888269779,,,564
2016-07-27 16:27:00,0.43999633789064774,-1.5328648769291817,0.17846585343055257,3.6114114062809857,,,571
2016-07-27 18:08:00,-0.10599365234372726,0.0977242024739553,0.17865524252255757,1.428561638229727,,,525
2016-07-27 19:49:00,0.12999877929689774,0.9891558127130224,0.17805545607688467,1.8524234824997323,,,541
2016-07-27 21:30:00,-0.43799438476560226,-0.1215714578734719,0.17835688114609416,1.5525086467582998,,,538
2016-07-28 12:39:00,-7.217993164062477,-7.32769211006962,0.17919247413529513,1.883013884552103,,,478
2016-07-28 14:20:00,-11.959997558593727,-11.864335315632331,0.17897484784231246,1.2803645739226455,,,318
2016-07-28 16:01:00,-8.643988037109352,-8.659752947462152,0.17914347436749706,2.724021137843186,,,467
2016-07-28 17:42:00,-15.064001464843727,-13.370338301225104,0.17966667314370474,6.681409235249054,,,66
2016-07-28 19:23:00,-10.432012939453102,-10.191055381844876,0.1795917494444672,3.262340627635485,,,436
2016-07-28 21:04:00,-5.079992675781227,-5.978632882618683,0.17845431211411797,4.002069217394395,,,383
2016-07-29 12:13:00,-16.057989501953102,-14.90792377656345,0.17973028646625636,4.088795333788114,,,393
2016-07-29 13:53:00,-16.044012451171852,-15.789188339461134,0.17995896229325836,0.8895803081835405,,,536
2016-07-29 15:34:00,-15.112005615234352,-14.589644725052324,0.17982474906542867,2.2269133887143298,,,388
2016-07-29 17:15:00,-1.6059936523437273,-5.222067769368493,0.17846667071183522,5.158346475780748,,,60
2016-07-29 18:56:00,-10.347998046874977,-10.280829832869529,0.17969863667880018,0.9511967200021303,,,219
2016-07-29 20:37:00,-1.5019897460937273,-0.972630911162355,0.17800000309944153,1.8723912988975433,,,165
2016-07-30 11:46:00,-19.358007812499977,-19.358007812499977,0.18200001120567322,0.0,,,3
2016-07-30 13:27:00,,,,,,,0
2016-07-30 15:08:00,,,,,,,0
2016-07-30 16:49:00,-11.859991455078102,-11.053603237490108,0.17895696706409694,2.2559662565018437,,,395
2016-07-30 18:30:00,-10.384008789062477,-10.055051234778091,0.17812811723807528,1.5613367977311403,,,562
2016-07-30 20:11:00,-6.514013671874977,-6.256326702943738,0.17807732292057313,2.1061514986349588,,,388
2016-07-30 21:52:00,,,,,,,0
2016-08-01 14:16:00,0.38399658203127274,1.4839983699297932,0.17794276445301294,2.5600263001625927,,,594
2016-08-01 15:57:00,0.5559936523437727,1.341838237496006,0.1779591175116713,1.7240098744561445,,,587
2016-08-01 17:38:00,0.44300231933596024,1.1363134683973044,0.17799665873565004,1.6891200008862375,,,598
2016-08-01 19:19:00,0.14598999023439774,1.026438449828106,0.17799173880460833,2.424492899289551,,,484
2016-08-01 21:00:00,0.38799438476564774,0.788126759986369,0.17803424974418666,2.3863507576399265,,,584
2016-08-02 12:09:00,1.1459899902343977,2.4220589684871925,0.17787053191072896,3.38474635171993,,,587
2016-08-02 13:50:00,0.5859924316406477,1.721232918446276,0.17797962972081577,2.4024667304273244,,,589
2016-08-02 15:31:00,0.6379943847656477,1.4092107057155658,0.17798604156958495,1.8127233339792432,,,573
2016-08-02 17:12:00,0.5320068359375227,1.2657775674433651,0.17794640217494326,1.6588347208395318,,,597
2016-08-02 18:53:00,0.31600341796877274,1.0452245042130812,0.17787162556841568,2.1422660532008826,,,592
2016-08-02 20:34:00,-0.28598632812497726,0.9050217848558191,0.177972653024217,2.8666329410753764,,,585
2016-08-03 11:43:00,-0.5600036621093523,0.46078509478502383,0.17798943985515916,3.077855410926851,,,568
2016-08-03 13:24:00,0.7700134277343977,2.179849682080203,0.17801692373357247,2.9470142336364975,,,591
2016-08-03 15:05:00,0.6559997558593977,1.5889854379252029,0.17799320071935654,1.778423684879984,,,588
2016-08-03 16:46:00,0.46999511718752274,-1.2295927628226764,0.17802782942419468,3.5093073825596615,,,575
2016-08-03 18:27:00,0.5660034179687727,1.2762472077204166,0.17802065718604856,1.607144774146806,,,581
2016-08-03 20:08:00,,,,,,,0
2016-08-03 21:49:00,,,,,,,0
2016-08-04 11:16:00,-20.55400695800779,-20.54396575002957,0.1798969766407302,0.2820257931997544,,,330
2016-08-04 12:57:00,,,,,,,0
2016-08-04 14:38:00,,,,,,,0
2016-08-04 16:19:00,-0.22199096679685226,-0.30972240853219546,0.17805128525464964,2.7755200624388556,,,273
2016-08-04 18:00:00,-0.5040039062499773,-0.7285876984291804,0.17801702441053188,1.9899164827201445,,,235
2016-08-04 19:41:00,-3.0579895019531023,-4.982155999904705,0.17840976002739697,5.178055402870397,,,205
2016-08-04 21:22:00,-15.448004150390602,-15.251135030824514,0.18000000715255737,1.2139611837191384,,,342
2016-08-05 12:31:00,-15.220007324218727,-15.055635892427858,0.18018462291130652,1.73859959683893,,,65
2016-08-05 14:12:00,-12.501989746093727,-12.188772243923609,0.1792333389321963,3.181069860013425,,,540
2016-08-05 15:53:00,,,,,,,0
2016-08-05 17:34:00,-15.041998291015602,-14.964734220504738,0.18062500841915607,2.0079544837161167,,,128
2016-08-05 19:15:00,-20.798010253906227,-20.733688710530572,0.1809000089764595,0.5158179417361207,,,300
2016-08-05 20:56:00,,,,,,,0
2016-08-06 12:05:00,-10.673986816406227,-10.390712375964142,0.17871186894885563,1.9711794052271279,,,472
2016-08-06 13:46:00,-20.194006347656227,-19.993412255341127,0.18000000715255737,0.5916548175795403,,,424
2016-08-06 15:27:00,-16.173986816406227,-16.408896113376954,0.18009412499035107,1.6554775156913437,,,255
2016-08-06 17:08:00,-20.280004882812477,-19.451116943359352,0.18133334318796793,1.1722459256390758,,,9
2016-08-06 18:49:00,-15.423986816406227,-15.940388045772409,0.1803225882378103,4.097956175612452,,,279
2016-08-06 20:30:00,-27.575994873046852,-27.575994873046852,0.18200001120567322,0.0,,,2
2016-08-07 11:39:00,,,,,,,0
2016-08-07 13:20:00,-15.876013183593727,-16.373115691339763,0.18006807011771578,1.495767278487803,,,382
2016-08-07 15:01:00,,,,,,,0
2016-08-07 16:42:00,-17.042990112304665,-17.223097473535773,0.17992949418914625,1.8464849933129805,,,312
2016-08-07 18:23:00,-17.187994384765602,-16.358836539846948,0.18047541791135496,3.3941251665184407,,,366
2016-08-07 20:04:00,-15.471990966796852,-14.434149169921852,0.18000000715255737,1.9354846390701055,,,26
2016-08-07 21:45:00,-11.139990234374977,-11.474543808445787,0.17839394329172192,1.2037028441031126,,,66
2016-08-08 11:13:00,,,,,,,0
2016-08-08 12:54:00,,,,,,,0
2016-08-08 14:35:00,,,,,,,0
2016-08-08 16:16:00,,,,,,,0
2016-08-08 17:57:00,-16.489996337890602,-16.5391979574797,0.18000000715255737,2.012585803715664,,,331
2016-08-08 19:38:00,-12.705999755859352,-13.16221139090402,0.17960544852983384,2.1336598003820453,,,294
2016-08-08 21:19:00,-10.329992675781227,-10.66368065217955,0.17920354536149355,2.911120701542982,,,339
2016-08-09 12:27:00,,,,,,,0
2016-08-09 14:08:00,-0.5499938964843523,-0.8390004279530672,0.17800000309944153,1.655791299754439,,,518
2016-08-09 15:49:00,1.1459899902343977,1.2941433930080848,0.17796964273280844,1.577276383381772,,,527
2016-08-09 17:30:00,2.3579956054687727,2.0729908837212747,0.1780069475579593,1.189778738937596,,,576
2016-08-09 19:11:00,2.0159851074218977,1.8483607700893003,0.17795303662229192,1.133446827996009,,,511
2016-08-09 20:52:00,1.6559997558593977,1.537270756091118,0.17802373196108867,1.1703988888269654,,,590
2016-08-10 12:01:00,-6.764013671874977,-6.645367077813603,0.1784927577212237,0.7529513457593889,,,69
2016-08-10 13:42:00,-9.940008544921852,-9.869232416009709,0.1799579650253147,0.7105642271000723,,,333
2016-08-10 15:23:00,,,,,,,0
2016-08-10 17:04:00,-7.049993896484352,-7.265121703422096,0.1786864608913273,2.0036559403885956,,,539
2016-08-10 18:45:00,-15.358007812499977,-14.534423003325571,0.1798594663272033,3.019251650375651,,,185
2016-08-10 20:26:00,-16.699987792968727,-16.80087373795044,0.18000000715255737,0.5217148351882014,,,372
2016-08-11 11:35:00,,,,,,,0
2016-08-11 13:16:00,-8.944006347656227,-8.957434842047519,0.1793678219633541,0.16087120079036207,,,522
2016-08-11 14:57:00,-18.237997436523415,-18.13248910107302,0.1810310354949751,0.4672907653511041,,,419
2016-08-11 16:38:00,-13.616003417968727,-13.102156691634036,0.1795285421772571,2.8242119570648456,,,403
2016-08-11 18:19:00,-12.811987304687477,-12.727313456295974,0.1796216280073733,0.904108102531461,,,518
2016-08-11 20:00:00,-11.432012939453102,-11.33047749996183,0.17905859899474308,0.7582709401297528,,,512
2016-08-11 21:41:00,-12.388006591796852,-12.267734207390504,0.17940933238039364,0.3745754186693861,,,386
2016-08-12 11:09:00,-11.832006835937477,-11.817942660840117,0.17897161390127067,0.09631282212166085,,,317
2016-08-12 12:50:00,-10.053991699218727,-9.976520541187483,0.17927341391977747,0.48591916863350243,,,534
2016-08-12 14:31:00,-9.698004150390602,-9.533126295249872,0.18000000715255737,0.5580898685852238,,,524
2016-08-12 16:12:00,-9.388006591796852,-9.293680892101122,0.17884135952820326,0.6651267645840612,,,561
2016-08-12 17:53:00,-11.053991699218727,-11.012998948247628,0.1790872036526066,0.1910779641034725,,,539
2016-08-12 19:34:00,-13.449987792968727,-13.338069351859701,0.18000000715255737,0.6793439276517182,,,230
2016-08-12 21:15:00,,,,,,,0
2016-08-13 12:24:00,-19.127996826171852,-19.117126488685585,0.18098438379820436,1.114445364155512,,,128
2016-08-13 14:05:00,-14.261999511718727,-13.834433551544805,0.17928723975064906,1.7944503223217168,,,376
2016-08-13 15:46:00,-6.817999267578102,-8.257719543261999,0.1792843507501645,3.6652633894302746,,,313
2016-08-13 17:27:00,-4.126013183593727,-4.6460473360789365,0.17814485018963933,3.3664519474652987,,,359
2016-08-13 19:08:00,-0.013998413085914763,-0.41883080762301006,0.1780299432798774,1.4304821206573364,,,334
2016-08-13 20:49:00,0.7419982910156477,0.7136514945652266,0.17804174231446307,0.9099606278959486,,,575
2016-08-14 11:58:00,-13.91100158691404,-13.831442769368493,0.18001111825859106,0.6832237976112555,,,540
2016-08-14 13:39:00,-13.342001342773415,-13.33374111145497,0.18000000715255737,0.9768581410400937,,,508
2016-08-14 15:20:00,-11.500006103515602,-10.83822146684696,0.17950183764482155,3.4337491813454633,,,273
2016-08-14 17:01:00,-6.346014404296852,-5.458154719340541,0.1781712238471582,2.743490011798081,,,549
2016-08-14 18:41:00,-9.657995605468727,-9.533802715100705,0.17910088252341538,1.2640339918590946,,,456
2016-08-14 20:22:00,-6.149999999999977,-4.516301597036943,0.17870244354736514,3.77254806569016,,,205
2016-08-15 11:31:00,1.7990051269531477,2.24867818045351,0.17801487301805205,1.0753638267989314,,,538
2016-08-15 13:12:00,2.4160095214843977,2.844898748736057,0.17802837195125878,1.3594965345497305,,,564
2016-08-15 14:53:00,2.6020141601562727,2.8469590676797907,0.17800338150983727,0.9300943655063996,,,592
2016-08-15 16:34:00,2.6020141601562727,2.8002220409828738,0.17800671452243857,0.762383527037124,,,596
2016-08-15 18:15:00,2.4599853515625227,2.5389928700972746,0.17801113487506398,0.5665192331168601,,,539
2016-08-15 19:56:00,-0.6160034179687273,-0.4447793913633973,0.17802684879142966,1.223041685794426,,,447
2016-08-15 21:37:00,1.1960083007812727,1.0908928871155013,0.17800893168896437,0.7214962888352399,,,448
2016-08-16 11:05:00,,,,,,,0
2016-08-16 12:46:00,2.3820129394531477,2.87257470406945,0.1777954982977806,1.4428553006199372,,,577
2016-08-16 14:27:00,2.6020141601562727,2.984912869745642,0.17801010415509896,1.0352835754026302,,,594
2016-08-16 16:08:00,2.6119934082031477,2.899902016593387,0.17800000309944153,0.828463508738234,,,597
2016-08-16 17:49:00,2.5159851074218977,2.692867158727836,0.17800346933679728,0.5790793023988182,,,577
2016-08-16 19:30:00,2.4859863281250227,2.6281231360521247,0.17801197920135872,0.7294301158205877,,,501
2016-08-16 21:11:00,1.9080139160156477,1.9736477480328745,0.17800718444254068,0.6364593189138128,,,557
2016-08-17 12:20:00,2.4640136718750227,2.8258375084918725,0.17801391624886057,0.9331676347621538,,,575
2016-08-17 14:01:00,2.6659942626953352,2.879535648740614,0.17803448592794352,0.7921965833982935,,,580
2016-08-17 15:42:00,2.7140136718750227,2.980609099665969,0.17800000320098266,0.8716465600890787,,,587
2016-08-17 17:23:00,2.6539855957031477,2.7087487494195557,0.1780244786995691,0.4991582089375381,,,572
2016-08-17 19:04:00,2.3720031738281477,2.2830190402358426,0.17800000309944153,0.6034832782544357,,,536
2016-08-17 20:45:00,1.8699890136718977,1.6774148250730718,0.17800686417681072,0.8353024839904274,,,583
2016-08-18 11:54:00,2.3779846191406477,2.9013546842842857,0.17801386794556365,1.3642633906316952,,,577
2016-08-18 13:35:00,2.7000061035156477,3.0245775480171346,0.17800000309944153,0.8800760752417548,,,578
2016-08-18 15:16:00,2.4099975585937727,2.480888203023653,0.17799654291059733,0.7452890141825065,,,578
2016-08-18 16:57:00,1.7019897460937727,1.110837648889742,0.17800000309944153,1.9839358625739087,,,203
2016-08-18 18:38:00,2.2640014648437727,2.358875052404983,0.17799659598828174,0.39792414399826276,,,587
2016-08-18 20:19:00,2.3380065917968977,2.34628518828265,0.17801418752535014,0.38549084072996836,,,564
2016-08-19 11:28:00,2.2440124511718977,2.662781413550533,0.1780310711235676,1.3699033594129157,,,515
2016-08-19 13:09:00,2.5790039062500227,2.89454984596307,0.17799280889385896,0.81157649338059,,,556
2016-08-19 14:50:00,2.7560058593750227,3.0218880492540166,0.17800681742330224,0.7217414022372161,,,587
2016-08-19 16:31:00,2.7900024414062727,3.0196410300987964,0.17800000309944153,0.6539380279977773,,,587
2016-08-19 18:12:00,2.7119995117187727,2.893724893247338,0.17800856842729212,0.5747466506545738,,,467
2016-08-19 19:53:00,2.4900146484375227,2.630618196044054,0.1780590438094966,0.6217800511275032,,,542
2016-08-19 21:34:00,1.7159973144531477,1.665826679856366,0.17828242442106307,0.5196339486706395,,,347
2016-08-20 11:01:00,,,,,,,0
2016-08-20 12:42:00,2.7019897460937727,3.1797673561395072,0.17792527040871012,1.3848367603616805,,,562
2016-08-20 14:23:00,2.7940002441406477,3.0842974500773153,0.17797898745161014,0.7652855717572513,,,571
2016-08-20 16:04:00,2.7000061035156477,2.597865643417663,0.17800000309944153,0.8623066547040856,,,570
2016-08-20 17:45:00,2.8479858398437727,2.9730925731170146,0.17801709715117756,0.5367441114435101,,,585
2016-08-20 19:26:00,2.2140136718750227,1.9996197817137045,0.17800959544502,0.7427401783176545,,,417
2016-08-20 21:07:00,1.8600097656250227,1.871527051925682,0.17801953438902274,0.4389200067599579,,,512
2016-08-21 12:16:00,2.3699890136718977,2.1228182082659828,0.17799559790263617,2.77541285830547,,,454
2016-08-21 13:57:00,2.8239990234375227,2.8229317344913625,0.1780216637931576,1.4564441342202472,,,554
2016-08-21 15:38:00,2.3340087890625227,2.0872903549633293,0.17800000314704909,1.2334132594463156,,,313
2016-08-21 17:19:00,0.5280090332031477,0.46728121199697625,0.17800000309944153,1.7625101406547083,,,212
2016-08-21 19:00:00,2.5660034179687727,2.7181613254974764,0.17800000309944153,0.3239439147696583,,,223
2016-08-21 20:41:00,,,,,,,0
2016-08-22 11:50:00,2.4959960937500227,2.9999471063305236,0.17819080421831174,1.4146262827486409,,,587
2016-08-22 13:31:00,2.8239990234375227,3.1173141505937565,0.178000003151092,1.0074369984943052,,,577
2016-08-22 15:12:00,2.7119995117187727,2.3718143463134993,0.17800000309944153,1.885636379072045,,,432
2016-08-22 16:53:00,1.1620117187500227,-3.379577275234908,0.17844647325252888,6.760068576433039,,,439
2016-08-22 18:34:00,-15.871984863281227,-13.177622944599875,0.1795872297934291,6.647666092466746,,,407
2016-08-22 20:15:00,2.0020080566406477,-3.7780709402901493,0.1786428615450859,8.279824164576361,,,140
2016-08-23 11:24:00,-1.1720031738281023,-1.1412018585205033,0.17842000395059585,1.1881264575629662,,,400
2016-08-23 13:05:00,-0.44998779296872726,-0.6576510521672958,0.17814193887095298,1.4581328134512788,,,155
2016-08-23 14:46:00,2.8040100097656477,2.859402875916942,0.17769633982506097,0.5137981822525944,,,573
2016-08-23 16:27:00,2.8699890136718977,3.0255219788110708,0.17800672580214108,0.5077901564399431,,,595
2016-08-23 18:08:00,2.7099853515625227,2.833331022963023,0.17801883555738265,0.43835852813298865,,,531
2016-08-23 19:49:00,2.4559875488281477,2.4749867543208097,0.1780305958956651,0.5074684105269954,,,523
2016-08-23 21:30:00,1.2839904785156477,0.9635699932392185,0.17912308229849888,0.8740666220615063,,,130
2016-08-24 12:39:00,,,,,,,0
2016-08-24 14:20:00,-23.75200500488279,-23.443004989624,0.18000000715255737,0.8175371954899197,,,8
2016-08-24 16:01:00,-16.139990234374977,-16.18093910217283,0.18006250727921724,0.9493894694067392,,,32
2016-08-24 17:42:00,-12.496008300781227,-12.266285243710342,0.17969349312142852,2.4558853459319403,,,522
2016-08-24 19:23:00,,,,,,,0
2016-08-24 21:04:00,-13.656011962890602,-13.794673665364542,0.18000000715255737,0.19609726022041482,,,3
2016-08-25 12:13:00,,,,,,,0
2016-08-25 13:53:00,,,,,,,0
2016-08-25 15:34:00,-14.508001708984352,-14.260928126743863,0.18000000715255737,1.1767180738635863,,,28
2016-08-25 17:15:00,-11.346014404296852,-11.255966295514781,0.18000000715255737,0.4112036612468359,,,56
2016-08-25 18:56:00,,,,,,,0
2016-08-25 20:37:00,,,,,,,0
2016-08-26 11:46:00,-15.183004760742165,-15.545745849609375,0.1801428645849228,0.6112540858478281,,,70
2016-08-26 13:27:00,,,,,,,0
2016-08-26 15:08:00,-7.372015380859352,-7.267856749633438,0.17851541030640697,1.1145882203798878,,,357
2016-08-26 16:49:00,-13.373999023437477,-13.283393820513936,0.17993123910488576,0.8071500750638345,,,349
2016-08-26 18:30:00,,,,,,,0
2016-08-26 20:11:00,,,,,,,0
2016-08-26 21:52:00,,,,,,,0
2016-08-27 11:20:00,,,,,,,0
2016-08-27 13:01:00,,,,,,,0
2016-08-27 14:42:00,-11.847998046874977,-11.52294980818607,0.17938318347262444,2.3838123028640803,,,321
2016-08-27 16:23:00,-9.876013183593727,-9.924286522055525,0.17955661002757414,2.4254860146535657,,,212
2016-08-27 18:04:00,-0.34601440429685226,-0.315258336950194,0.17844444844457838,0.972026600333568,,,27
2016-08-27 19:45:00,,,,,,,0
2016-08-27 21:26:00,,,,,,,0
2016-08-28 12:35:00,,,,,,,0
2016-08-28 14:16:00,,,,,,,0
2016-08-28 15:57:00,-20.782003784179665,-22.094937133789045,0.1808000087738037,2.5740979713379653,,,15
2016-08-28 17:38:00,,,,,,,0
2016-08-28 19:19:00,,,,,,,0
2016-08-28 21:00:00,-18.198004150390602,-21.517108575228974,0.18200001120567322,5.411599231707271,,,29
2016-08-29 12:09:00,-21.164007568359352,-20.390701364916396,0.18032558920771577,1.752312670990685,,,43
2016-08-29 13:50:00,,,,,,,0
2016-08-29 15:31:00,-12.599996948242165,-12.650196203721293,0.1795929266815692,1.4044023453642094,,,226
2016-08-29 17:12:00,-13.406011962890602,-13.35111096753235,0.17963598964728072,0.9817479324536192,,,478
2016-08-29 18:53:00,-15.156011962890602,-15.155816082621698,0.18007752668949983,0.8053173813153552,,,129
2016-08-29 20:34:00,-15.681005859374977,-15.744076748551947,0.18151725160664525,0.4029143795563821,,,58
2016-08-30 11:43:00,,,,,,,0
2016-08-30 13:24:00,-14.393988037109352,-14.125022985580074,0.18000000715255737,0.985605324992061,,,47
2016-08-30 15:05:00,,,,,,,0
2016-08-30 16:46:00,-9.320013427734352,-6.680879510897341,0.17914019232598422,5.23673272595148,,,107
2016-08-30 18:27:00,2.6480041503906477,1.9702507019043196,0.1781071461737156,2.7735856304577795,,,56
2016-08-30 20:08:00,-13.087988281249977,-12.521380459730779,0.18066242887715625,1.49913317809768,,,157
2016-08-30 21:49:00,,,,,,,0
2016-09-01 12:31:00,-20.730001831054665,-17.248501341683493,0.18058929406106472,4.864245205336188,,,224
2016-09-01 14:12:00,-10.643988037109352,-10.827723064289216,0.1793846212900602,0.6635678613096425,,,143
2016-09-01 15:53:00,-9.127996826171852,-9.358138602120505,0.18000000715255737,0.5176786111094083,,,14
2016-09-01 17:34:00,,,,,,,0
2016-09-01 19:15:00,-12.086004638671852,-11.92000808715818,0.18000000715255737,0.22160052098865268,,,8
2016-09-01 20:56:00,-12.324011230468727,-12.41196219572754,0.18002657267128946,0.5160866017161715,,,527
2016-09-02 12:05:00,-12.526007080078102,-12.469995117187466,0.1797607543033974,0.4533337979908547,,,535
2016-09-02 13:46:00,-15.894018554687477,-15.789690929971925,0.18003711295149985,0.7953637534708018,,,539
2016-09-02 15:27:00,-15.470007324218727,-14.985910806137326,0.18027423938679074,1.6255125554447993,,,423
2016-09-02 17:08:00,-10.867987060546852,-10.945896314538004,0.17954783232315727,0.8255595220510035,,,115
2016-09-02 18:49:00,,,,,,,0
2016-09-02 20:30:00,-22.560003662109352,-22.35900249481199,0.18200001120567322,0.25011945544502884,,,16
2016-09-03 11:39:00,,,,,,,0
2016-09-03 13:20:00,,,,,,,0
2016-09-03 15:01:00,2.3879943847656477,2.25307417962955,0.17800000309944153,0.48847151292626756,,,337
2016-09-03 16:42:00,2.4380126953125227,2.303138588532022,0.17800000309944153,0.37744564901934446,,,539
2016-09-03 18:23:00,2.2839904785156477,2.1948933996189908,0.17848771669688882,0.48077947521811665,,,529
2016-09-03 20:04:00,2.0719848632812727,1.7191036360604812,0.17884375480934978,1.088859753035059,,,448
2016-09-03 21:45:00,-2.3620056152343523,-2.089843984750587,0.17969231422130877,0.8860808637683989,,,52
2016-09-04 11:13:00,0.08001098632814774,-0.39672608514223384,0.17806264304741384,1.2846136818096163,,,447
2016-09-04 12:54:00,1.6239868164062727,1.082142301980923,0.17800000309944153,1.1766738931040868,,,534
2016-09-04 14:35:00,2.2159973144531477,1.9380743651497596,0.17800000309944153,0.6920660058912816,,,577
2016-09-04 16:16:00,2.1939941406250227,1.6566901929451205,0.17829899360435178,0.9320945587726901,,,495
2016-09-04 17:57:00,,,,,,,0
2016-09-04 19:38:00,,,,,,,0
2016-09-04 21:19:00,,,,,,,0
2016-09-05 12:27:00,1.5920043945312727,1.0734464510871362,0.17805786940115917,1.2973923169811117,,,553
2016-09-05 14:08:00,2.0819946289062727,1.807423477721727,0.17801079448821733,0.8068470874985834,,,556
2016-09-05 15:49:00,2.1620117187500227,1.9675884378367527,0.17804483077649413,0.6130256451946283,,,580
2016-09-05 17:30:00,2.0960021972656477,1.9378954664696266,0.1780249585867353,0.7523974233484124,,,561
2016-09-05 19:11:00,2.0400024414062727,1.810468925168209,0.1780896893798503,1.1132230498452056,,,446
2016-09-05 20:52:00,1.4699951171875227,0.899564906529065,0.1786000043153763,1.4112063619044266,,,420
2016-09-06 12:01:00,0.9020019531250227,0.39495399595352865,0.17804553734233208,1.5008763679869128,,,571
2016-09-06 13:42:00,1.7040039062500227,1.3376852722704484,0.17802812266433596,1.0487444986298844,,,569
2016-09-06 15:23:00,1.8260131835937727,1.5576356238925655,0.17800000309944153,0.8761255424545087,,,582
2016-09-06 17:04:00,1.7020050048828352,1.5258246285574728,0.1780071459710598,0.7282218613286886,,,560
2016-09-06 18:45:00,1.6039978027343977,1.3728770862926467,0.17904062416382868,0.9838821108795015,,,517
2016-09-06 20:26:00,0.9859863281250227,0.4697359514967161,0.17806127237021532,1.5652771731245043,,,457
2016-09-07 11:35:00,0.14598999023439774,-0.17106894949512252,0.1784096873561319,1.4298115591132246,,,537
2016-09-07 13:16:00,1.5419860839843977,1.146388069085333,0.17800000309944153,1.036927912677074,,,565
2016-09-07 14:57:00,1.7400146484375227,1.6200423922827554,0.17800712055158785,0.48384492599498163,,,562
2016-09-07 16:38:00,1.7839904785156477,1.6168996284512218,0.17801434004605884,0.6207077765874919,,,558
2016-09-07 18:19:00,1.8399902343750227,1.6095713457723377,0.17838976766884795,0.8523238509682745,,,508
2016-09-07 20:00:00,1.5320068359375227,1.1230793855628463,0.17807256560477,1.4324136903167675,,,441
2016-09-07 21:41:00,0.06499633789064774,-0.7874222511468929,0.17865116720975832,1.8210718763522515,,,172
2016-09-08 11:09:00,0.007989501953147737,-0.5138113201287524,0.17816725082513762,1.460143644468595,,,287
2016-09-08 12:50:00,1.2239929199218977,0.782283353634682,0.17800000309944153,1.1484265633246702,,,558
2016-09-08 14:31:00,1.6180053710937727,1.3730302119600992,0.17801449588243512,0.8357933465928467,,,552
2016-09-08 16:12:00,1.6379943847656477,1.5305903915997874,0.17800000309944153,0.49209301816455603,,,541
2016-09-08 17:53:00,1.7359863281250227,1.5119523294856094,0.17800000309944153,0.6636790773219275,,,89
2016-09-08 19:34:00,,,,,,,0
2016-09-08 21:15:00,,,,,,,0
2016-09-09 12:24:00,0.5079895019531477,-0.006617627825050931,0.1780071459710598,1.4513238639273702,,,560
2016-09-09 14:05:00,1.2780090332031477,1.120975490230876,0.17800000309944153,0.6743302442507564,,,551
2016-09-09 15:46:00,1.3219848632812727,1.1578638087599415,0.17800000309944153,0.6457529256798022,,,529
2016-09-09 17:27:00,,,,,,,0
2016-09-09 19:08:00,,,,,,,0
2016-09-09 20:49:00,-4.846014404296852,-5.4318679809570085,0.17972727932713248,1.8721155703968329,,,44
2016-09-10 11:58:00,-10.634008789062477,-10.915502929687477,0.18000000715255737,0.48756215359543836,,,8
2016-09-10 13:39:00,-8.885992431640602,-9.186570493636566,0.17944516731846716,1.646687739659494,,,155
2016-09-10 15:20:00,-5.147985839843727,-5.2222135367642295,0.17894779618485385,2.59060676702466,,,498
2016-09-10 17:01:00,-9.531988525390602,-9.255710236922539,0.1791304401729418,1.403183022462906,,,69
2016-09-10 18:41:00,-32.506002807617165,-32.275751495361305,0.1842500139027834,0.6467703587008381,,,8
2016-09-10 20:22:00,-0.25800170898435226,-2.28021761576332,0.17896667172511418,4.991076285304695,,,120
2016-09-11 11:31:00,-15.777990722656227,-15.97878915887128,0.18000000715255737,0.8309581242804143,,,38
2016-09-11 13:12:00,,,,,,,0
2016-09-11 14:53:00,-10.798010253906227,-11.768937807999464,0.1791565890732185,2.4108856245461925,,,562
2016-09-11 16:34:00,,,,,,,0
2016-09-11 18:15:00,-12.254003906249977,-12.468597068249323,0.18070423393182353,1.622009502178345,,,71
2016-09-11 19:56:00,-14.897985839843727,-15.21882508283511,0.18035364244682148,1.1498386680909338,,,509
2016-09-11 21:37:00,-21.127996826171852,-21.51277694875148,0.1819501244832599,5.610298541945392,,,441
2016-09-12 11:05:00,,,,,,,0
2016-09-12 12:46:00,-2.4540008544921648,-2.2601697764002324,0.178078950627854,1.0756377152446428,,,532
2016-09-12 14:27:00,-0.22400512695310226,-0.6863900173335651,0.17802030770911784,1.4233011309447312,,,591
2016-09-12 16:08:00,-0.29801025390622726,-0.48893953336698814,0.17795338340989358,1.498849021058389,,,429
2016-09-12 17:49:00,1.3139892578125227,0.7706363862736225,0.17805128525464964,1.1924752270466246,,,351
2016-09-12 19:30:00,0.37600097656252274,0.018393684156023937,0.1780606092828693,1.093369591477486,,,132
2016-09-12 21:11:00,,,,,,,0
2016-09-13 12:20:00,,,,,,,0
2016-09-13 14:01:00,,,,,,,0
2016-09-13 15:42:00,,,,,,,0
2016-09-13 17:23:00,,,,,,,0
2016-09-13 19:04:00,-3.8660034179687273,-3.924366898970163,0.1781818216497248,0.18456153214045354,,,11
2016-09-13 20:45:00,-7.291998291015602,-7.414741858657521,0.18007483723617734,0.9563078347735361,,,294
2016-09-14 11:54:00,-8.627996826171852,-8.618297878743135,0.17881113794404518,0.08520132753451574,,,503
2016-09-14 13:35:00,-8.472998046874977,-8.46255621068616,0.17994485998197512,0.1274957310044801,,,544
2016-09-14 15:16:00,-7.851995849609352,-7.830699995396969,0.1791719093560732,0.23706353746012376,,,541
2016-09-14 16:57:00,-7.519995117187477,-7.4308013916015625,0.18000000715255737,0.26382394963352984,,,10
2016-09-14 18:38:00,-7.15801086425779,-7.047760041721176,0.18001571399067084,0.38043322790922074,,,382
2016-09-14 20:19:00,-7.534002685546852,-7.436644759367539,0.18000000715255737,0.31767494491143927,,,579
2016-09-15 11:28:00,-0.9979919433593523,-1.280194498697881,0.17869714736938477,1.636589448345189,,,525
2016-09-15 13:09:00,0.6039978027343977,0.21039938611085063,0.17800000309944153,1.3123079568764078,,,559
2016-09-15 14:50:00,0.9179931640625227,0.6470893546326693,0.17800685242839057,0.9336662633484827,,,584
2016-09-15 16:31:00,0.9299865722656477,0.8136759210216837,0.17841055007079676,0.5425294595822768,,,531
2016-09-15 18:12:00,0.7759948730468977,0.5522668457031727,0.17862118082887987,1.2651997140077613,,,425
2016-09-15 19:53:00,0.7700134277343977,0.45216149929058247,0.17843764074782573,1.4860041669406754,,,457
2016-09-15 21:34:00,-0.42200317382810226,-1.4638892132302885,0.17935404311055722,1.9363776869320548,,,161
2016-09-16 11:01:00,,,,,,,0
2016-09-16 12:42:00,-1.2219909667968523,-1.5691937727086724,0.1780882385723731,1.5606419327644068,,,544
2016-09-16 14:23:00,0.34200439453127274,0.07968787189884097,0.1780107558094045,0.9102256214149614,,,558
2016-09-16 16:04:00,0.8839965820312727,0.6353192079414498,0.17823301328038707,0.9960301264132584,,,103
2016-09-16 17:45:00,,,,,,,0
2016-09-16 19:26:00,,,,,,,0
2016-09-16 21:07:00,,,,,,,0
2016-09-17 12:16:00,,,,,,,0
2016-09-17 13:57:00,-15.756018066406227,-15.54981855367464,0.18020524774316096,2.002596175021372,,,458
2016-09-17 15:38:00,-7.656011962890602,-7.578233738052063,0.1795083860445289,0.4534232025090525,,,179
2016-09-17 17:19:00,-8.699987792968727,-9.037182270537528,0.18000812075926373,1.477920127325578,,,493
2016-09-17 19:00:00,-8.234014892578102,-12.657770613128037,0.18070589093601003,6.21361441646389,,,51
2016-09-17 20:41:00,-23.920004272460915,-24.104298065929868,0.18287806103869184,0.5861467120551793,,,41
2016-09-18 11:50:00,-12.877996826171852,-12.870887971015009,0.18000000715255737,0.25304566295940456,,,526
2016-09-18 13:31:00,-13.873999023437477,-13.871899789138865,0.17942272479085727,0.5606083323417672,,,537
2016-09-18 15:12:00,-15.690008544921852,-15.690008544921852,0.18000000715255737,0.0,,,6
2016-09-18 16:53:00,-16.056005859374977,-15.945148577008922,0.18057143688201904,0.17528075374660282,,,7
2016-09-18 18:34:00,-15.038000488281227,-15.160388102077661,0.18066778813857268,0.665127665046535,,,599
2016-09-18 20:15:00,-17.67400207519529,-17.624578539530404,0.1814697071006804,1.2441770420860148,,,528
2016-09-19 11:24:00,-16.545996093749977,-14.628085544269538,0.1799841966671435,3.611051029354782,,,253
2016-09-19 13:05:00,-12.268011474609352,-11.337276659065083,0.17983240879780754,3.8029520494517843,,,179
2016-09-19 14:46:00,-14.04399719238279,-13.579562730055557,0.18000000715255737,0.8814772221711331,,,260
2016-09-19 16:27:00,,,,,,,0
2016-09-19 18:08:00,0.8139892578125227,0.10993021980664253,0.1781311509062032,2.618541929904719,,,122
2016-09-19 19:49:00,0.39998779296877274,-1.1219389976813545,0.17904094088147257,3.371287306249148,,,171
2016-09-19 21:30:00,-6.620001220703102,-6.110961939653748,0.17916143102965765,2.2321982032668832,,,477
2016-09-20 12:39:00,-1.2219909667968523,-3.406404331752185,0.17885714769363403,3.8140598990420225,,,133
2016-09-20 14:20:00,0.03399047851564774,-0.8753652719350953,0.17816410591969123,2.3035727939662003,,,195
2016-09-20 16:01:00,,,,,,,0
2016-09-20 17:42:00,-9.539999389648415,-9.71300354003904,0.18050000816583633,1.7470883001718573,,,12
2016-09-20 19:23:00,-10.044012451171852,-10.183372879028298,0.18000000715255737,1.4993710913860665,,,16
2016-09-20 21:04:00,-6.788000488281227,-7.6118896484374545,0.18004167390366396,1.925231559944945,,,240
2016-09-21 12:13:00,-3.2020019531249773,-4.234921321513468,0.17847205374551856,3.5294780156471584,,,161
2016-09-21 13:53:00,-0.49600830078122726,-2.608848032785261,0.1780895555197303,3.43992344287965,,,201
2016-09-21 15:34:00,-0.019995117187477263,-2.0266632080077898,0.17800000309944153,4.48704625935394,,,6
2016-09-21 17:15:00,0.31200561523439774,0.20822831077140336,0.1792643734778481,0.504804477353995,,,87
2016-09-21 18:56:00,0.15599975585939774,-2.247253481547034,0.17879167137046656,5.341938047799244,,,96
2016-09-21 20:37:00,-13.832006835937477,-10.73778127034501,0.1801111184888416,6.659919334877872,,,36
2016-09-22 11:46:00,-8.258001708984352,-7.749980043561266,0.17889888115813224,2.0357575402689667,,,89
2016-09-22 13:27:00,-7.798010253906227,-7.9155203683035325,0.17971429228782654,2.164632859006649,,,21
2016-09-22 15:08:00,,,,,,,0
2016-09-22 16:49:00,,,,,,,0
2016-09-22 18:30:00,-11.511999511718727,-11.792377853393532,0.18137500993907452,1.0654332906503414,,,16
2016-09-22 20:11:00,-12.411993408203102,-11.979505920410134,0.18083334217468897,2.1384488993880746,,,24
2016-09-22 21:52:00,,,,,,,0
2016-09-23 11:20:00,-9.359991455078102,-9.094508870442667,0.17933333913485208,1.6766604210231144,,,75
2016-09-23 13:01:00,-7.754003906249977,-8.305622209821422,0.17961905399958292,2.262719664316727,,,42
2016-09-23 14:42:00,,,,,,,0
2016-09-23 16:23:00,-10.01000061035154,-10.443502807617165,0.18000000715255737,1.3792320730533738,,,4
2016-09-23 18:04:00,-13.702001953124977,-13.136007690429665,0.18250001221895218,1.506215647797523,,,4
2016-09-23 19:45:00,-14.151007080078102,-13.509002431233682,0.18050000816583633,2.0753416334809622,,,24
2016-09-23 21:26:00,-10.918005371093727,-10.955654774541415,0.18043479064236517,2.1268028103708407,,,23
2016-09-24 12:35:00,-9.664007568359352,-9.408803449358231,0.1794000057237489,2.231889084072069,,,70
2016-09-24 14:16:00,-11.478002929687477,-11.478002929687477,0.18000000715255737,0.256011962890625,,,2
2016-09-24 15:57:00,-10.776998901367165,-10.776998901367165,0.18000000715255737,0.0829925537109375,,,2
2016-09-24 17:38:00,-13.126013183593727,-12.169203694661462,0.1805333415667216,1.91392327575849,,,15
2016-09-24 19:19:00,-14.992010498046852,-13.104937744140614,0.18106667598088583,2.6850540104394676,,,15
2016-09-24 21:00:00,-11.133001708984352,-11.696371459960915,0.18026316558059893,2.061799968464343,,,38
2016-09-25 12:09:00,-8.208013916015602,-8.570304671577787,0.17978261540765347,1.7836997891149033,,,92
2016-09-25 13:50:00,-9.923010253906227,-9.713403320312466,0.17900000512599945,0.6138537324431527,,,10
2016-09-25 15:31:00,-8.970007324218727,-8.970007324218727,0.17800000309944153,0.0,,,1
2016-09-25 17:12:00,-9.303991699218727,-10.053323703342016,0.18000000715255737,1.0167378352935963,,,9
2016-09-25 18:53:00,-12.169989013671852,-11.705578934518883,0.1805263240086405,2.546640091718636,,,19
2016-09-25 20:34:00,-10.304998779296852,-11.004003906249977,0.18046429380774498,1.9918195643589647,,,56
2016-09-26 11:43:00,-9.616003417968727,-9.509294092932407,0.17967442492412966,1.883299358209019,,,172
2016-09-26 13:24:00,-9.066015624999977,-9.039515269886351,0.1794545515017076,1.1984319547883593,,,33
2016-09-26 15:05:00,,,,,,,0
2016-09-26 16:46:00,-11.617010498046852,-12.245504760742165,0.1801666741569837,1.3384876068776483,,,12
2016-09-26 18:27:00,-10.832006835937477,-12.04345050680223,0.18179311423466124,2.4309854942912765,,,29
2016-09-26 20:08:00,-10.817999267578102,-12.340350341796864,0.18030000776052474,2.7822241015137177,,,40
2016-09-27 11:16:00,-22.927999877929665,-22.829578469016326,0.1817333437276609,0.755294614494216,,,165
2016-09-27 12:57:00,-10.355993652343727,-10.58712155453793,0.18000000715255737,0.805981625275405,,,444
2016-09-27 14:38:00,,,,,,,0
2016-09-27 16:19:00,,,,,,,0
2016-09-27 18:00:00,,,,,,,0
2016-09-27 19:41:00,,,,,,,0
2016-09-27 21:22:00,-27.086004638671852,-27.086004638671852,0.18200001120567322,0.0,,,10
2016-09-28 12:31:00,-23.67899932861326,-23.550666554768867,0.18200001120567322,0.5419244445908922,,,12
2016-09-28 14:12:00,,,,,,,0
2016-09-28 15:53:00,,,,,,,0
2016-09-28 17:34:00,-11.265997314453102,-11.255041860539052,0.18068448266322307,0.6605537635050097,,,599
2016-09-28 19:15:00,-11.948995971679665,-12.158655132275612,0.1800047464986548,1.4465694799458553,,,422
2016-09-28 20:56:00,-13.758001708984352,-14.03625730418787,0.18077993151303884,1.5234776465693802,,,518
2016-09-29 12:05:00,-14.656011962890602,-15.093639362392139,0.1800298579593203,1.6670447567355924,,,335
2016-09-29 13:46:00,-13.310003662109352,-13.848783100515163,0.18014493498249332,1.0414879522255143,,,69
2016-09-29 15:27:00,-13.716009521484352,-14.156284042143454,0.18064789578948223,1.4092684458545295,,,71
2016-09-29 17:08:00,-13.920004272460915,-14.144187181013308,0.18043431460204787,1.2661094715457937,,,548
2016-09-29 18:49:00,-14.225988769531227,-14.704193511264009,0.18087023792376045,1.6117096276171046,,,524
2016-09-29 20:30:00,-14.735998535156227,-15.495550997636201,0.1811629873766026,1.843928502003153,,,497
2016-10-04 11:35:00,,,,,,,0
2016-10-04 13:16:00,,,,,,,0
2016-10-04 14:57:00,-15.097998046874977,-15.097998046874977,0.17400000989437103,0.0,,,98
2016-10-04 16:38:00,-12.436010742187477,-12.769397047089342,,0.564715243886385,,,82
2016-10-04 18:19:00,-11.467993164062477,-11.467160742623435,,0.0009789285761732985,,,112
2016-10-04 20:00:00,-10.784002685546852,-10.78359081652735,,0.0014821595111304672,,,129
2016-10-04 21:41:00,-10.455999755859352,-10.455569893973177,,0.002472751178143593,,,105
2016-10-05 11:09:00,-8.014013671874977,-8.013240559895792,,0.0009795249932625914,,,99
2016-10-05 12:50:00,-7.642004394531227,-7.6429583600458955,,0.00099109858731753,,,131
2016-10-05 14:31:00,,,,,,,0
2016-10-05 16:12:00,-7.459997558593727,-7.469020907084143,,0.010687649426412555,,,96
2016-10-05 17:53:00,-7.463995361328102,-7.463995361328102,,0.0,,,98
2016-10-05 19:34:00,,,,,,,0
2016-10-05 21:15:00,-7.836004638671852,-7.836564660197155,,0.002831745475381926,,,191
2016-10-06 12:24:00,-7.643988037109352,-7.643273925781216,,0.0009521484375,,,50
2016-10-06 14:05:00,,,,,,,0
2016-10-06 15:46:00,,,,,,,0
2016-10-06 17:27:00,-13.855993652343727,-14.012572416837259,0.17957262732150758,0.8100484707355425,,,599
2016-10-06 19:08:00,-15.273992919921852,-15.267993123216797,0.18000000715255737,1.202310172911999,,,523
2016-10-06 20:49:00,-16.258001708984352,-16.431504726248534,0.17993909332352848,1.1000701495514327,,,591
2016-10-07 11:58:00,-15.896002197265602,-16.372685380415476,0.18000000715255737,0.5780814321209377,,,44
2016-10-07 13:39:00,-15.926000976562477,-15.807822345092063,0.18000000715255737,0.7924365354991432,,,553
2016-10-07 15:20:00,-15.959997558593727,-15.892750639699443,0.17937979683643435,0.8525138200068192,,,574
2016-10-07 17:01:00,-16.426000976562477,-16.388329096655127,0.17975210045250617,0.9746223272621704,,,597
2016-10-07 18:41:00,-16.380010986328102,-16.291026928000235,0.1794965814748039,0.9006034615098342,,,584
2016-10-07 20:22:00,-16.396002197265602,-16.523169050183867,0.17958076231668085,0.7873536441869569,,,582
2016-10-08 11:31:00,-17.30400695800779,-17.26119272120701,0.18000754012450884,0.6188998628591794,,,531
2016-10-08 13:12:00,-16.754003906249977,-16.72997942797707,0.18000000715255737,0.7838750183223759,,,519
2016-10-08 14:53:00,-16.440008544921852,-16.464610567959824,0.17951748869219025,0.8088198098607947,,,572
2016-10-08 16:34:00,-16.347998046874977,-16.40030421895949,0.17951815799124562,0.8200398132287263,,,303
2016-10-08 18:15:00,-16.161993408203102,-16.186744407371236,0.17984445128175947,0.8775874380977561,,,540
2016-10-08 19:56:00,-16.157995605468727,-16.21593753200756,0.1794755937932413,0.6221613580071486,,,553
2016-10-08 21:37:00,,,,,,,0
2016-10-09 11:05:00,,,,,,,0
2016-10-09 12:46:00,-16.515997314453102,-16.537885137189903,0.18021053389499062,1.0854812465320847,,,570
2016-10-09 14:27:00,-16.884008789062477,-16.603359142537556,0.1800108374994154,1.1790024467001348,,,554
2016-10-09 16:08:00,-16.620001220703102,-16.485709028484393,0.17967059472027946,1.1930328575981488,,,595
2016-10-09 17:49:00,-14.962011718749977,-15.150670504407799,0.17934694460460118,0.6758371502769335,,,588
2016-10-09 19:30:00,-15.518011474609352,-15.552532888013218,0.17900388110284657,0.3959145837314879,,,516
2016-10-09 21:11:00,-16.571997070312477,-16.659567960439745,0.1800035344965664,0.6136235058998737,,,567
2016-10-10 12:20:00,-18.52800598144529,-18.73446957231195,0.18009139573846425,0.9041961556638368,,,569
2016-10-10 14:01:00,-18.118002319335915,-18.38462092512742,0.18000339698993553,0.8578652410045534,,,590
2016-10-10 15:42:00,-18.030004882812477,-18.22288328753487,0.18000668496241753,0.7345435727478244,,,599
2016-10-10 17:23:00,-18.151998901367165,-18.321298846527526,0.17963819737410425,0.7001960934675442,,,597
2016-10-10 19:04:00,-18.45000305175779,-18.811481796692448,0.18007851198454883,0.9377617331829816,,,535
2016-10-10 20:45:00,-19.427999877929665,-19.66951922949383,0.18003056748613638,0.8879787066178045,,,589
2016-10-11 11:54:00,-19.670004272460915,-19.783065137879333,0.1803361708219266,0.7243537810227988,,,589
2016-10-11 13:35:00,-18.538000488281227,-18.64677497252353,0.1795400759068931,0.8682930076597705,,,574
2016-10-11 15:16:00,-17.56200256347654,-17.629455710260117,0.18004041127484255,1.225412825872668,,,594
2016-10-11 16:57:00,-14.325994873046852,-14.505447759612366,0.1796260498003888,0.8809311483440889,,,599
2016-10-11 18:38:00,-15.131994628906227,-15.141241715023398,0.18001022863834842,0.41710742880065893,,,587
2016-10-11 20:19:00,-14.501989746093727,-15.064996645149506,0.17944027905578092,1.2737183449698064,,,586
2016-10-12 11:28:00,-20.635992431640602,-20.769949763111498,0.18012177861704598,0.7663846622974377,,,542
2016-10-12 13:09:00,-19.76000061035154,-20.01917863325636,0.18000000715255737,0.7803882568090685,,,550
2016-10-12 14:50:00,-19.578009033203102,-19.84293266430234,0.17997807728355392,0.7513439434492332,,,456
2016-10-12 16:31:00,-20.05400695800779,-20.27721736888526,0.1803667311555056,0.8482674998319788,,,589
2016-10-12 18:12:00,-20.385992431640602,-20.69250454683913,0.18004037420684044,0.868519513111727,,,545
2016-10-12 19:53:00,-21.261999511718727,-21.629709876037367,0.1801038135913004,0.8847973297643122,,,289
2016-10-12 21:34:00,-21.76000061035154,-22.14354570114301,0.18012546866142443,1.0564751287746497,,,271
2016-10-13 11:01:00,,,,,,,0
2016-10-13 12:42:00,-17.765997314453102,-17.94653230523477,0.18001401768883138,1.5271933508103877,,,571
2016-10-13 14:23:00,-20.104010009765602,-19.527644483155484,0.1801235466349702,1.5261944830189134,,,599
2016-10-13 16:04:00,-17.532003784179665,-17.691462014867597,0.18002345778634601,0.7250713453896045,,,597
2016-10-13 17:45:00,-17.288000488281227,-17.36629294898816,0.17965599296466897,0.47278098837295046,,,593
2016-10-13 19:26:00,-19.840002441406227,-20.026926845974373,0.18103704629121004,0.664398374071459,,,54
2016-10-13 21:07:00,-23.884008789062477,-23.50414366166075,0.1806219165400987,1.541378329014818,,,283
2016-10-14 12:16:00,-15.070013427734352,-15.086333237346423,0.17971624589373922,0.2258067514180852,,,585
2016-10-14 13:57:00,-15.601995849609352,-15.552175080672555,0.18001739849214968,0.4210589877273735,,,575
2016-10-14 15:38:00,-14.940008544921852,-15.10633275918849,0.17974291147294147,0.44626247069186264,,,599
2016-10-14 17:19:00,-17.79399719238279,-17.75694482095264,0.1800033516409405,0.3042876299645921,,,598
2016-10-14 19:00:00,-19.235998535156227,-19.19801311457792,0.18000369040127398,0.1641723727412945,,,543
2016-10-14 20:41:00,-18.888006591796852,-18.90806626819426,0.1798401428830056,0.27344324837234507,,,588
2016-10-15 11:50:00,-16.799993896484352,-16.97994019080852,0.18000345543540758,1.0991399064880256,,,580
2016-10-15 13:31:00,-18.39000549316404,-18.929401848466597,0.1800191276501971,1.6962403885556678,,,523
2016-10-15 15:12:00,-20.847998046874977,-20.739118466584557,0.18003131156382354,1.217991658402848,,,575
2016-10-15 16:53:00,-22.61400451660154,-22.570375817606134,0.18104842330060142,1.274286912323941,,,599
2016-10-15 18:34:00,-23.498007202148415,-23.62117612164232,0.18026396707834932,1.1316023660108965,,,591
2016-10-15 20:15:00,-23.946005249023415,-24.008385608106664,0.18047943567334007,1.0611093554112874,,,559
2016-10-15 21:56:00,,,,,,,0
2016-10-16 11:24:00,-24.295996093749977,-24.334869337451522,0.1804767523047536,0.7907065408760878,,,516
2016-10-16 13:05:00,-23.380010986328102,-23.62584601634063,0.18048980406352452,0.8089074632087054,,,539
2016-10-16 14:46:00,-22.87200012207029,-23.13718430091592,0.1807482845310507,0.981870422633276,,,580
2016-10-16 16:27:00,-23.01799621582029,-23.17001606215777,0.18043419606665262,0.8730704407820203,,,585
2016-10-16 18:08:00,,,,,,,0
2016-10-16 19:49:00,-24.268011474609352,-24.718431309291276,0.18155358133039304,1.2605466242512582,,,112
2016-10-16 21:30:00,-24.18199768066404,-24.197756814956648,0.18020000755786897,0.8185741412477293,,,320
2016-10-17 12:39:00,-16.772009277343727,-16.855160436495908,0.18000000715255737,0.7895430210958234,,,71
2016-10-17 14:20:00,,,,,,,0
2016-10-17 16:01:00,-18.880010986328102,-19.069833752813025,0.18022014811390735,1.2898391297229734,,,427
2016-10-17 17:42:00,-24.370993041992165,-24.454996490478493,0.1810000091791153,1.0497469163332445,,,4
2016-10-17 19:23:00,,,,,,,0
2016-10-17 21:04:00,-24.228002929687477,-24.228002929687477,0.18000000715255737,0.0,,,5
2016-10-18 12:13:00,-19.704000854492165,-19.516904735565163,0.18014063243754208,0.7614079407644989,,,512
2016-10-18 13:53:00,-17.179998779296852,-17.14627168299785,0.18000000715255737,0.5999645846778497,,,59
2016-10-18 15:34:00,-16.932012939453102,-16.99983763402821,0.18000000715255737,0.20932722957127708,,,49
2016-10-18 17:15:00,-17.420004272460915,-17.471888393825935,0.18000000715255737,0.26301973943856394,,,18
2016-10-18 18:56:00,-18.806005859374977,-18.78790574875552,0.18001062664310488,1.2767439846218234,,,565
2016-10-18 20:37:00,-20.19200744628904,-20.28069095251692,0.18040138017865437,0.4993505966789538,,,583
2016-10-19 11:46:00,-19.094000244140602,-19.739453840908908,0.18048973414689712,2.025022308282104,,,584
2016-10-19 13:27:00,-21.459997558593727,-21.549071883431395,0.1801138593756949,1.2118480856838416,,,527
2016-10-19 15:08:00,-20.127996826171852,-20.094281887363707,0.18078041413949952,0.27773729054966867,,,592
2016-10-19 16:49:00,,,,,,,0
2016-10-19 18:30:00,,,,,,,0
2016-10-19 20:11:00,,,,,,,0
2016-10-19 21:52:00,,,,,,,0
2016-10-20 11:20:00,,,,,,,0
2016-10-20 13:01:00,,,,,,,0
2016-10-20 14:42:00,,,,,,,0
2016-10-20 16:23:00,-20.780004882812477,-22.471243878707128,0.18143690326838818,3.9125010825582347,,,103
2016-10-20 18:04:00,-26.888006591796852,-26.53867473299539,0.1822793768511878,1.9805226402921632,,,315
2016-10-20 19:45:00,-23.410009765624977,-23.509776214814508,0.18136972823823003,0.9195464614331902,,,568
2016-10-20 21:26:00,-21.448004150390602,-20.050942749772304,0.17988957748091294,2.350866194494931,,,489
2016-10-21 12:35:00,-22.773992919921852,-22.80165443082825,0.18063363675522592,0.2164770387135949,,,565
2016-10-21 14:16:00,-23.56999816894529,-23.522845099954026,0.18045715093612671,0.24235685544155633,,,595
2016-10-21 15:57:00,-22.394003295898415,-22.279994919560238,0.1810626211127996,0.45922561576159976,,,559
2016-10-21 17:38:00,-22.454000854492165,-22.417132935385894,0.18119822784362233,0.6418226829317524,,,449
2016-10-21 19:19:00,-21.952001953124977,-21.852480354539324,0.1812917602733827,0.9043700193046875,,,497
2016-10-21 21:00:00,-21.748007202148415,-21.718787699732275,0.18045862877163393,1.1605967257628707,,,580
2016-10-22 12:09:00,-34.80400695800779,-34.39976246514769,0.18437568355544948,1.4215860960497977,,,559
2016-10-22 13:50:00,-34.927999877929665,-34.44783211086104,0.18405218707478566,1.4841001791582888,,,575
2016-10-22 15:31:00,-34.610006713867165,-34.24248786114063,0.18402095739754082,1.3038081500900873,,,573
2016-10-22 17:12:00,-33.85599365234373,-33.67393070175143,0.18315953328106457,1.0268544662762793,,,583
2016-10-22 18:53:00,-33.85800781249998,-33.51802579759533,0.18362182028452015,1.139299779284058,,,587
2016-10-22 20:34:00,-33.24399414062498,-32.69456005431056,0.18321404875370495,1.4451503484327366,,,570
2016-10-23 11:43:00,-21.243994140624977,-21.208001591609047,0.18019231523458773,0.7259837680212743,,,52
2016-10-23 13:24:00,-9.362005615234352,-11.260943165231254,0.17948936781984695,4.064602944912985,,,376
2016-10-23 15:05:00,-6.993994140624977,-7.2246011383158475,0.17824749523979366,0.7356635029492107,,,598
2016-10-23 16:46:00,-13.540014648437477,-13.198974897276685,0.17976604441426836,3.0326195662714777,,,265
2016-10-23 18:27:00,,,,,,,0
2016-10-23 20:08:00,-16.577001953124977,-16.681334021152566,0.18000000715255737,0.4123646106046815,,,156
2016-10-23 21:49:00,,,,,,,0
2016-10-24 11:16:00,,,,,,,0
2016-10-24 12:57:00,,,,,,,0
2016-10-24 14:38:00,,,,,,,0
2016-10-24 16:19:00,-24.657995605468727,-24.37966870279405,0.18120931192885997,1.0558841628046334,,,301
2016-10-24 18:00:00,,,,,,,0
2016-10-24 19:41:00,-27.661993408203102,-27.71299591064451,0.18000000715255737,0.08833892554167133,,,8
2016-10-24 21:22:00,-28.27800598144529,-27.72242256298398,0.18139474682117762,1.1227061102897171,,,228
2016-10-25 12:31:00,-26.47600402832029,-26.50426021961681,0.18158428002609295,0.6805483971398961,,,178
2016-10-25 14:12:00,,,,,,,0
2016-10-25 15:53:00,-27.426000976562477,-27.48533575595951,0.1819487290504651,1.9112790318976933,,,78
2016-10-25 17:34:00,,,,,,,0
2016-10-25 19:15:00,-30.894003295898415,-30.86343463870648,0.18222696117475523,0.5655446593248281,,,141
2016-10-25 20:56:00,,,,,,,0
2016-10-26 12:05:00,-22.728002929687477,-22.679782150730915,0.1808030389700875,0.8433811490208516,,,264
2016-10-26 13:46:00,-24.079992675781227,-23.918664889865425,0.18177778853310478,0.39301440135007837,,,9
2016-10-26 15:27:00,-24.306005859374977,-24.306005859374977,0.18000000715255737,0.0,,,5
2016-10-26 17:08:00,-11.370001220703102,-11.450586385464419,0.17908257410066938,0.8699613730616218,,,218
2016-10-26 18:49:00,-13.376013183593727,-13.535271626134033,0.1800035913892117,1.373778186829164,,,558
2016-10-26 20:30:00,-12.758001708984352,-13.168001591138704,0.1800546520720414,1.352724854254205,,,549
2016-10-27 11:39:00,,,,,,,0
2016-10-27 13:20:00,,,,,,,0
2016-10-27 15:01:00,-37.532003784179665,-37.72582092285154,0.18478689660302927,0.9948402257437519,,,122
2016-10-27 16:42:00,-37.230001831054665,-37.2545969370249,0.18378379377158913,0.8167432540303367,,,37
2016-10-27 18:23:00,,,,,,,0
2016-10-27 20:04:00,,,,,,,0
2016-10-27 21:45:00,,,,,,,0
2016-10-28 11:13:00,-22.970007324218727,-22.603244696723067,0.18071111970477635,0.9243113979206576,,,45
2016-10-28 12:54:00,,,,,,,0
2016-10-28 14:35:00,-16.888006591796852,-16.76951202600179,0.18080272986775353,1.0348022901644742,,,294
2016-10-28 16:16:00,-16.821997070312477,-17.0978347345266,0.18000668496241753,1.115135390886083,,,599
2016-10-28 17:57:00,-18.196005249023415,-18.175602087510356,0.18001416647328738,0.25693428039108784,,,565
2016-10-28 19:38:00,-18.414007568359352,-18.42257780660566,0.1800113066104846,0.2215748816741139,,,531
2016-10-28 21:19:00,-18.64000549316404,-18.710076701576867,0.18006104856890023,0.2065983699779246,,,557
2016-10-29 12:27:00,-20.20799865722654,-20.202206019351337,0.18011228808185512,0.100560287085638,,,570
2016-10-29 14:08:00,-20.02800598144529,-20.01500742917065,0.18041403136388687,0.20340046237998316,,,599
2016-10-29 15:49:00,-20.847998046874977,-20.861795431146618,0.18027379735682364,0.22805676219903098,,,599
2016-10-29 17:30:00,-21.670004272460915,-21.666537210215665,0.1814347926689231,0.23828904873257953,,,598
2016-10-29 19:11:00,-22.444006347656227,-22.427354012814703,0.18075740513716929,0.8555266833283477,,,507
2016-10-29 20:52:00,-26.511999511718727,-26.428913728483394,0.18167034020790687,0.3789836029163562,,,546
2016-10-30 12:01:00,-10.582006835937477,-12.265427365510334,0.1793043535688649,3.4091927474702777,,,460
2016-10-30 13:42:00,-8.195989990234352,-8.461347463286586,0.178041240296413,0.9163486558263139,,,582
2016-10-30 15:23:00,-8.202001953124977,-8.23033662984517,0.17924623678078005,0.3275666316306778,,,597
2016-10-30 17:04:00,-8.833990478515602,-8.858779260192762,0.17885142385661104,0.5019664320387381,,,599
2016-10-30 18:45:00,-9.523992919921852,-9.5290110712466,0.17852843226397716,0.4057162097771899,,,598
2016-10-30 20:26:00,-14.544012451171852,-14.312822669660534,0.1798309927255335,1.0327937620957353,,,71
2016-11-01 12:50:00,-26.61400451660154,-25.706046875298426,0.18145233283415985,3.5456582425879333,,,409
2016-11-01 14:31:00,-22.418005371093727,-23.386583945191916,0.1810617376992732,3.0918767905724542,,,162
2016-11-01 16:12:00,-23.508001708984352,-23.165232539677106,0.1812727370045402,2.6202097809739575,,,143
2016-11-01 17:53:00,-27.00200500488279,-27.259722014396402,0.18200001120567322,1.0280935720837046,,,93
2016-11-01 19:34:00,-23.34599914550779,-23.2605383896246,0.1805853741924937,0.29845896335666106,,,41
2016-11-01 21:15:00,-20.564001464843727,-20.842557440863686,0.18048148960978896,1.4130203950874924,,,54
2016-11-02 12:24:00,-23.239996337890602,-22.68912566298735,0.1809394585976907,1.8535521078519384,,,545
2016-11-02 14:05:00,-21.773992919921852,-21.667520359584245,0.18000000715255737,0.41628382076787446,,,154
2016-11-02 15:46:00,-21.993994140624977,-22.212555373089856,0.18148428689008989,1.0394650395325524,,,159
2016-11-02 17:27:00,-19.677999877929665,-19.803487637511665,0.18050143267014768,0.7757747500626104,,,351
2016-11-02 19:08:00,-21.982000732421852,-21.968596836193967,0.1816420338265163,0.223689372587624,,,514
2016-11-02 20:49:00,-23.16600646972654,-23.139246503044546,0.1801949655308443,0.4338447581857289,,,595
2016-11-03 11:58:00,-29.720007324218727,-29.873364488885528,0.18283552203726208,0.8807904053966741,,,383
2016-11-03 13:39:00,,,,,,,0
2016-11-03 15:20:00,,,,,,,0
2016-11-03 17:01:00,-25.814001464843727,-25.50302773102888,0.18154992569118183,2.323045786803374,,,591
2016-11-03 18:41:00,-28.70000305175779,-28.80275649243245,0.18208192258361255,1.9925677134239472,,,586
2016-11-03 20:22:00,-30.487997436523415,-30.142287847730813,0.18261112352936631,2.335740396969999,,,576
2016-11-04 11:31:00,-38.59799804687498,-37.545535763179004,0.18510281284139535,2.254499788673919,,,428
2016-11-04 13:12:00,-38.592001342773415,-38.24286399445924,0.1853167072024318,1.5326591191826073,,,521
2016-11-04 14:53:00,-37.84799804687498,-37.389715921653874,0.18527547992625326,1.6286081209016363,,,265
2016-11-04 16:34:00,-37.9639953613281,-37.78599225308031,0.184393630145078,0.9263382387204131,,,188
2016-11-04 18:15:00,-35.9639953613281,-35.836070910954845,0.18400001519564854,0.8233688257221081,,,236
2016-11-04 19:56:00,-35.144003295898415,-33.91983241031042,0.1836052765383532,2.345707191203804,,,152
2016-11-04 21:37:00,,,,,,,0
2016-11-05 11:05:00,,,,,,,0
2016-11-05 12:46:00,-33.19000854492185,-33.043505005174836,0.18294738061975635,1.140839457160925,,,418
2016-11-05 14:27:00,-31.466009521484352,-31.207136076349855,0.18201338915920576,1.1823061939397077,,,598
2016-11-05 16:08:00,-32.430998229980446,-32.25555599624684,0.18282231247175862,1.064415592977686,,,574
2016-11-05 17:49:00,-32.558004760742165,-32.2441964434762,0.18238291796456035,1.2050721709135226,,,585
2016-11-05 19:30:00,-32.289999389648415,-32.01598251069751,0.18320080759392582,1.4098049630560572,,,503
2016-11-05 21:11:00,-32.37799682617185,-31.725707546839487,0.1823135872814897,1.6732540888415564,,,523
2016-11-06 12:20:00,-28.503996276855446,-28.29365989283508,0.1818035195532598,1.288578472761648,,,570
2016-11-06 14:01:00,-29.183996582031227,-28.9328954549936,0.18182308777020528,1.1723046585340888,,,520
2016-11-06 15:42:00,-26.204000854492165,-26.057205108413086,0.18168422109202334,0.8712351947437861,,,133
2016-11-06 17:23:00,-25.230001831054665,-25.39887189116493,0.18063823370193052,0.9594241241407833,,,586
2016-11-06 19:04:00,-28.248007202148415,-28.17324987975843,0.18194757664248293,1.0417064502748548,,,534
2016-11-06 20:45:00,-28.177999877929665,-28.112560203873016,0.1812029346360585,1.0482037979694228,,,547
2016-11-07 11:54:00,-30.989996337890602,-30.671570130322095,0.18251065049309137,1.1443990563435178,,,329
2016-11-07 13:35:00,-17.93199768066404,-18.155779532499082,0.18001163508309875,0.8101856318240744,,,516
2016-11-07 15:16:00,-18.552008056640602,-18.760477956658235,0.17980288210835546,0.9692479956524275,,,487
2016-11-07 16:57:00,-44.3540100097656,-44.1193358739217,0.18679167392353216,1.5290264584072013,,,48
2016-11-07 18:38:00,,,,,,,0
2016-11-07 20:19:00,-16.923986816406227,-17.104377989838042,0.17984541746729238,0.5822861117994498,,,207
2016-11-08 11:28:00,-28.686010742187477,-28.15196716664829,0.18211674290176497,1.6344761770650558,,,514
2016-11-08 13:09:00,-30.030004882812477,-29.59062496810006,0.1820348544558997,1.676025699689033,,,574
2016-11-08 14:50:00,-30.881002807617165,-29.998596392451077,0.18295271578874137,2.1880039383107284,,,592
2016-11-08 16:31:00,-31.04399719238279,-30.245386029895286,0.18265994512773925,1.9654809640573305,,,594
2016-11-08 18:12:00,-28.110006713867165,-27.99974328546574,0.18178143147345233,2.2239741362597845,,,549
2016-11-08 19:53:00,-25.946005249023415,-26.350780892586897,0.18092253149092735,3.0283994397169787,,,555
2016-11-08 21:34:00,-24.34599914550779,-24.27709908866467,0.18113607856933808,0.9961696750291906,,,463
2016-11-09 11:01:00,,,,,,,0
2016-11-09 12:42:00,-22.099996948242165,-21.820617485376914,0.18058579690121696,1.1228820455548325,,,577
2016-11-09 14:23:00,-28.25200500488279,-27.869836084975788,0.18207446139072606,1.1660282325193632,,,591
2016-11-09 16:04:00,-29.455999755859352,-29.190870262211178,0.18201368644706203,1.307177539542553,,,585
2016-11-09 17:45:00,-30.381994628906227,-29.82871494357002,0.18281606629640362,1.7556682921223914,,,598
2016-11-09 19:26:00,-29.68199768066404,-28.851268075702166,0.18258117467821958,1.9072882593083949,,,499
2016-11-09 21:07:00,-21.329992675781227,-20.956019536750546,0.18058233068968643,1.8543333759046554,,,577
2016-11-10 12:16:00,-15.396002197265602,-15.711726809367235,0.17996564282174782,2.307301753151516,,,582
2016-11-10 13:57:00,-15.074011230468727,-15.567273046271112,0.1799682049679672,2.45174971127987,,,566
2016-11-10 15:38:00,-13.635992431640602,-14.205695164706015,0.17959770748670073,3.212257308141366,,,522
2016-11-10 17:19:00,-14.386007690429665,-15.102368905892945,0.17926087521988412,3.606535421167381,,,506
2016-11-10 19:00:00,-15.888006591796852,-17.243080787930495,0.1801757794802659,3.1022249795156096,,,421
2016-11-10 20:41:00,-16.910009765624977,-17.321487584360312,0.18000000715255737,1.319927763402481,,,213
2016-11-11 11:50:00,-20.071997070312477,-19.47174278960665,0.18037149008174774,2.2299159655232326,,,533
2016-11-11 13:31:00,-18.980001831054665,-17.77846390802239,0.18002135950899634,2.6181403372500687,,,281
2016-11-11 15:12:00,-20.20799865722654,-19.97183262475008,0.18037711229388562,1.6712983593211392,,,297
2016-11-11 16:53:00,-20.551000976562477,-20.113710648672907,0.1802857220172882,1.9191648496452485,,,336
2016-11-11 18:34:00,-14.156011962890602,-15.149223948333201,0.17984068479578375,4.194364119951336,,,590
2016-11-11 20:15:00,-13.911993408203102,-14.109249031417335,0.17946290359058986,2.932321537104328,,,566
2016-11-12 11:24:00,,,,,,,0
2016-11-12 13:05:00,-44.730001831054665,-44.730001831054665,0.1860000044107437,0.0,,,7
2016-11-12 14:46:00,-48.566000366210915,-48.566000366210915,0.1900000125169754,0.0,,,8
2016-11-12 16:27:00,-48.64200439453123,-48.64200439453123,0.18800000846385956,0.0,,,1
2016-11-12 18:08:00,,,,,,,0
2016-11-12 19:49:00,,,,,,,0
2016-11-12 21:30:00,-26.34599914550779,-26.992319287751826,0.18226316924157895,1.7924557360672353,,,38
2016-11-13 12:39:00,-40.70999755859373,-40.60479888916012,0.18606667121251425,0.2010024169939918,,,30
2016-11-13 14:20:00,-48.4480041503906,-48.2834533691406,0.19527273692867972,0.29652569516062194,,,11
2016-11-13 16:01:00,-46.6560119628906,-45.1075494973056,0.18858314059584974,3.172384767290151,,,415
2016-11-13 17:42:00,-45.256002807617165,-45.216079333111935,0.18895105587748381,0.4448656399937648,,,572
2016-11-13 19:23:00,-46.14999999999998,-46.307609576270664,0.18801786506637222,1.31382691851913,,,336
2016-11-13 21:04:00,-46.4639953613281,-46.68961528239154,0.18785596356167358,1.2214132458406064,,,361
2016-11-14 12:13:00,,,,,,,0
2016-11-14 13:53:00,-36.33200683593748,-36.350815561655395,0.18481082167174365,0.0639267102229032,,,37
2016-11-14 15:34:00,,,,,,,0
2016-11-14 17:15:00,,,,,,,0
2016-11-14 18:56:00,,,,,,,0
2016-11-14 20:37:00,,,,,,,0
2016-11-15 11:46:00,-46.70200195312498,-46.6549282884973,0.18801969280979763,1.3749257465474565,,,508
2016-11-15 13:27:00,-42.558004760742165,-42.13520052314982,0.18695545251859297,2.3580865080374642,,,404
2016-11-15 15:08:00,-44.87799682617185,-44.54832661946611,0.1882285784752596,1.0412416024866458,,,420
2016-11-15 16:49:00,-43.46000518798826,-43.48458749871503,0.18775439393102078,2.2778373503192455,,,342
2016-11-15 18:30:00,,,,,,,0
2016-11-15 20:11:00,,,,,,,0
2016-11-15 21:52:00,,,,,,,0
2016-11-16 11:20:00,-19.769003295898415,-20.2533512069146,0.18027935994540148,1.1175899016483526,,,494
2016-11-16 13:01:00,-21.202001953124977,-21.0000836102667,0.1813271817460298,0.7001121690005566,,,541
2016-11-16 14:42:00,,,,,,,0
2016-11-16 16:23:00,,,,,,,0
2016-11-16 18:04:00,,,,,,,0
2016-11-16 19:45:00,,,,,,,0
2016-11-16 21:26:00,,,,,,,0
2016-11-17 12:35:00,,,,,,,0
2016-11-17 14:16:00,-22.532003784179665,-22.23353050082335,0.18047059634152582,1.0342054513056826,,,51
2016-11-17 15:57:00,-18.623999023437477,-18.489692653803587,0.1804277065936514,1.0785843129539174,,,491
2016-11-17 17:38:00,-19.31200256347654,-19.246848633912208,0.18045045851587174,0.8711589114928479,,,111
2016-11-17 19:19:00,-16.824011230468727,-16.69596250584351,0.18023124494368842,0.7958574776230907,,,493
2016-11-17 21:00:00,-17.713995361328102,-17.626593540139368,0.18001028114598092,0.3021363853501109,,,584
2016-11-18 12:09:00,-32.35199584960935,-31.825715714432988,0.18337872161499078,1.7410308135891617,,,573
2016-11-18 13:50:00,-33.03600158691404,-32.50207063071747,0.1833846292179874,1.5074578927779285,,,585
2016-11-18 15:31:00,-33.78000488281248,-33.37224575764421,0.18330744611149705,1.0499988217768417,,,592
2016-11-18 17:12:00,-34.29399719238279,-34.06573549325492,0.18382065489812552,0.8629705780723732,,,591
2016-11-18 18:53:00,-34.696005249023415,-34.22114787177165,0.18540598305436556,1.3086808140177437,,,569
2016-11-18 20:34:00,-34.57401123046873,-33.80320993036412,0.18416089070126604,1.8185098595608296,,,547
2016-11-19 11:43:00,,,,,,,0
2016-11-19 13:24:00,,,,,,,0
2016-11-19 15:05:00,-33.74201049804685,-33.07430016500368,0.18327164344144778,1.8677294740350765,,,497
2016-11-19 16:46:00,-32.80000152587888,-32.09884050262639,0.183882000237148,3.22816599617172,,,322
2016-11-19 18:27:00,-33.76999511718748,-34.01763798106799,0.18418183042244476,2.193645027645853,,,44
2016-11-19 20:08:00,-31.763998413085915,-30.93761562771266,0.18303112347920736,3.686688412477061,,,450
2016-11-19 21:49:00,,,,,,,0
2016-11-20 11:16:00,-36.368002319335915,-35.736819045845095,0.184465528048318,2.3162678075075287,,,348
2016-11-20 12:57:00,-36.9899963378906,-35.950065343159736,0.1844297299782435,2.9693806463304835,,,498
2016-11-20 14:38:00,-38.11399688720701,-38.11399688720701,0.18800000846385956,0.6259994506835938,,,2
2016-11-20 16:19:00,-38.18199768066404,-37.43168711267913,0.18471178983835349,1.9300254369712644,,,399
2016-11-20 18:00:00,-37.77800598144529,-37.46662377645802,0.18451164000564152,1.7840597093782178,,,387
2016-11-20 19:41:00,-37.73599853515623,-37.14623255450607,0.18596438479635855,1.7744495490219165,,,393
2016-11-20 21:22:00,-37.524008178710915,-36.47311411712127,0.1843389952586869,2.139976610756044,,,295
2016-11-21 12:31:00,-38.64999999999998,-37.89094217541145,0.18517282388164003,1.894137605315149,,,515
2016-11-21 14:12:00,-38.83800354003904,-38.35103032824017,0.18476409562141963,1.5254426846215356,,,568
2016-11-21 15:53:00,-38.58200683593748,-38.19017628744598,0.18545052310000507,1.4100224579291027,,,586
2016-11-21 17:34:00,-39.08200683593748,-38.74805685091417,0.18009748749372337,1.1857331086325607,,,595
2016-11-21 19:15:00,-39.46600952148435,-39.06784321603598,0.18430267222576102,1.2879345083586298,,,489
2016-11-21 20:56:00,-39.54801025390623,-38.87887054555142,0.18539561140231597,1.8226109680176332,,,546
2016-11-22 12:05:00,-40.446005249023415,-39.743346075069155,0.18507241937395644,1.9316039638856395,,,511
2016-11-22 13:46:00,-40.99600830078123,-40.5776202513986,0.18529476465195902,1.2462115726618106,,,553
2016-11-22 15:27:00,-40.99399414062498,-40.53238387619615,0.18668143717759308,1.3479832975843382,,,587
2016-11-22 17:08:00,-40.06000366210935,-39.63026960324015,0.1857333452273638,1.552078850701707,,,585
2016-11-22 18:49:00,-38.95000305175779,-38.70378693851916,0.18503316849418128,1.0648571354609437,,,573
2016-11-22 20:30:00,-35.19400634765623,-35.02486133191874,0.1837623536695728,1.3447007696205977,,,547
2016-11-23 11:39:00,-29.487997436523415,-29.857792519336897,0.18241294725469095,2.289670066884425,,,402
2016-11-23 13:20:00,-25.653997802734352,-25.892465209960903,0.18191580050869993,0.9670150303000661,,,95
2016-11-23 15:01:00,,,,,,,0
2016-11-23 16:42:00,-29.67400207519529,-31.279820390181072,0.18345455689863724,4.889865069939658,,,11
2016-11-23 18:23:00,,,,,,,0
2016-11-23 20:04:00,,,,,,,0
2016-11-23 21:45:00,-47.480001831054665,-47.46658935546873,0.19035295353216283,0.055655138680259134,,,17
2016-11-24 11:13:00,-31.288000488281227,-31.125784740859643,0.18280576823426664,1.6559809913503316,,,139
2016-11-24 12:54:00,-30.288000488281227,-30.28205819178106,0.1837525376391531,1.2400554160933048,,,396
2016-11-24 14:35:00,-32.60599365234373,-32.58701863940294,0.18444809667725381,1.748109914274103,,,183
2016-11-24 16:16:00,-29.884008789062477,-29.79727977996174,0.18302128987109406,1.030555203819577,,,47
2016-11-24 17:57:00,-32.46400299072263,-32.449752235412575,0.18337501399219036,0.12302857914936385,,,16
2016-11-24 19:38:00,-33.82199707031248,-33.52523495253695,0.18364875995984642,1.103049904107222,,,279
2016-11-24 21:19:00,-33.03800811767576,-32.264916828924726,0.18363375741022606,2.3253156561157824,,,486
2016-11-25 15:49:00,-21.94200744628904,-22.2220523585859,0.18122538521214202,0.9854077866746035,,,599
2016-11-25 17:30:00,-21.844000244140602,-22.30794474453677,0.18202004461037694,1.2401749290582498,,,599
2016-11-25 19:11:00,-25.321997070312477,-25.317117456289424,0.18191154945928317,2.0867215637904857,,,520
2016-11-25 20:52:00,-26.329992675781227,-27.531479247003517,0.1823589859355209,2.756651532297922,,,585
2016-11-26 12:01:00,-44.40799560546873,-44.40799560546873,0.1860000044107437,0.0,,,1
2016-11-26 13:42:00,,,,,,,0
2016-11-26 15:23:00,,,,,,,0
2016-11-26 17:04:00,-20.59599914550779,-25.102451551282712,0.18230631558207777,6.229147337172704,,,111
2016-11-26 18:45:00,-22.436010742187477,-25.019120279947884,0.18229334274927775,5.354242958732932,,,75
2016-11-26 20:26:00,-25.877996826171852,-25.914473298016702,0.181617657380069,1.5626488122665279,,,136
2016-11-27 11:35:00,-28.172003173828102,-28.00331472220944,0.18201086113724527,0.6019498605689948,,,553
2016-11-27 13:16:00,-27.39000549316404,-27.12157676852476,0.18230953554109652,0.7598854022687341,,,588
2016-11-27 14:57:00,-26.284002685546852,-26.54217505351528,0.18270451875282248,1.212843984047302,,,599
2016-11-27 16:38:00,-25.90599670410154,-25.794950522803276,0.18201002792046345,0.7734593175617178,,,599
2016-11-27 18:19:00,-26.62200012207029,-26.58135749885625,0.18291172476502152,0.4986421458948412,,,555
2016-11-27 20:00:00,-27.604010009765602,-27.602299995490085,0.18253642437089612,0.17436524900584913,,,563
2016-11-27 21:41:00,-29.075994873046852,-29.08874612382158,0.1823716194121972,0.20094765134342396,,,479
2016-11-28 11:09:00,,,,,,,0
2016-11-28 12:50:00,-27.26000061035154,-27.281958334786538,0.18321429938077927,1.164892002390892,,,140
2016-11-28 14:31:00,-25.265997314453102,-25.384264261281487,0.18203754467395292,0.7619550241482971,,,373
2016-11-28 16:12:00,-29.394003295898415,-29.34315645134305,0.1832828820939083,1.0240204745713017,,,251
2016-11-28 17:53:00,-32.58600463867185,-32.572780680538955,0.1842758753176393,1.0323774432540807,,,203
2016-11-28 19:34:00,-41.47100677490232,-40.92963437532123,0.18623685248588262,1.5041142605121662,,,152
2016-11-28 21:15:00,-45.25200500488279,-45.224830222727974,0.1893584331944852,0.5503019382746605,,,558
2016-11-29 12:24:00,-30.769995117187477,-30.769995117187477,0.18200001120567322,0.0,,,1
2016-11-29 14:05:00,,,,,,,0
2016-11-29 15:46:00,-21.381002807617165,-22.436305664062473,0.18198401117324828,2.1535482702826974,,,250
2016-11-29 17:27:00,-22.308004760742165,-22.29208823621869,0.18152843834365093,0.3382707518556608,,,598
2016-11-29 19:08:00,-23.48399963378904,-23.48283518665241,0.18152831210842674,0.2251382748370715,,,530
2016-11-29 20:49:00,-24.552008056640602,-24.535772034928584,0.18168582137976144,0.17818157046250774,,,592
2016-12-01 11:31:00,-37.20999755859373,-36.83814991477004,0.18557685643375038,1.7704308275819716,,,501
2016-12-01 13:12:00,-37.427999877929665,-37.378549371951436,0.18560847429791877,1.3218414769074027,,,567
2016-12-01 14:53:00,-37.386007690429665,-37.37078222635452,0.18478024955299482,1.16591988012289,,,587
2016-12-01 16:34:00,-37.24399414062498,-37.25220120769325,0.18465093924062448,1.0348155812918014,,,593
2016-12-01 18:15:00,-37.49600830078123,-37.240721254989126,0.18572414683992763,1.2741698075631285,,,551
2016-12-01 19:56:00,-37.83600463867185,-37.40298787872422,0.18505735730078057,1.4674393041925609,,,558
2016-12-01 21:37:00,-37.498007202148415,-36.84690792018449,0.1855256810310709,1.806677890217385,,,409
2016-12-02 11:05:00,,,,,,,0
2016-12-02 12:46:00,-37.2139953613281,-37.0812773760627,0.18488236312188355,1.585983949823064,,,510
2016-12-02 14:27:00,-36.94400634765623,-36.83434602387095,0.1851122539211698,1.3188982385082615,,,588
2016-12-02 16:08:00,-36.748007202148415,-36.7137732439638,0.18499831777135328,1.077198312784713,,,591
2016-12-02 17:49:00,-36.789999389648415,-36.59311491921926,0.18400001148861575,1.281691616166801,,,581
2016-12-02 19:30:00,-36.110006713867165,-35.93344614227854,0.18443763935614704,1.4690507958103947,,,489
2016-12-02 21:11:00,-37.32401123046873,-36.58660530211432,0.18484128018220267,1.7224364639972483,,,126
2016-12-03 12:20:00,-22.970007324218727,-23.237008713862167,0.18194199061027566,0.7081129089370845,,,586
2016-12-03 14:01:00,-22.858007812499977,-22.887891499121565,0.18231826980709032,0.3226245174969349,,,597
2016-12-03 15:42:00,-24.81999816894529,-25.868702873522892,0.1817228820467234,2.2669053001524757,,,599
2016-12-03 17:23:00,-32.76199951171873,-32.63481988986999,0.18448068459494776,1.4986654896909009,,,595
2016-12-03 19:04:00,-35.01000061035154,-34.801802091245264,0.18464075136515828,1.8738673312610747,,,540
2016-12-03 20:45:00,-36.73200073242185,-35.9102368340225,0.18541596900728644,1.9539257054432355,,,589
2016-12-04 11:54:00,,,,,,,0
2016-12-04 13:35:00,,,,,,,0
2016-12-04 15:16:00,,,,,,,0
2016-12-04 16:57:00,-30.056005859374977,-30.372369477949036,0.18336260833471785,1.3960508599331687,,,524
2016-12-04 18:38:00,-33.092001342773415,-33.184600323511006,0.18404859479381006,1.400550564643469,,,247
2016-12-04 20:19:00,-39.34599914550779,-39.35475376353543,0.18719118329532006,0.38901904041705937,,,136
2016-12-05 11:28:00,-36.4480041503906,-36.424330542278824,0.18547945949312758,1.8828123936811532,,,511
2016-12-05 13:09:00,-38.4899963378906,-38.41600310496793,0.18644786950869438,2.1328568667654664,,,585
2016-12-05 14:50:00,-40.084005737304665,-39.98059615705478,0.18673702557781832,1.8973325085442072,,,597
2016-12-05 16:31:00,-41.45799865722654,-41.285985406453165,0.1871577259028118,1.9245595502532074,,,596
2016-12-05 18:12:00,-42.472006225585915,-42.402819137991656,0.18732724811411863,1.7826518303610757,,,547
2016-12-05 19:53:00,-43.2139953613281,-42.78431866155992,0.18760073247167897,1.9049990873436151,,,551
2016-12-05 21:34:00,-43.06200256347654,-42.67621210089936,0.18714411215100227,1.8496569851084088,,,458
2016-12-06 11:01:00,,,,,,,0
2016-12-06 12:42:00,-42.33800354003904,-42.31669142565963,0.18704215231640586,1.4352334855527535,,,522
2016-12-06 14:23:00,-44.3960021972656,-44.02193536838561,0.188403368647359,2.031272004858464,,,595
2016-12-06 16:04:00,-45.10800781249998,-45.11734673085837,0.1881515234708786,1.7514776645989225,,,594
2016-12-06 17:45:00,-44.31200256347654,-44.31085570980281,0.1892917460776099,1.8154689842449705,,,593
2016-12-06 19:26:00,-40.7240051269531,-40.6068828434544,0.18752965986241105,0.9118216612081114,,,489
2016-12-06 21:07:00,-37.86200561523435,-37.75788145707676,0.18541969819595983,1.204443030362653,,,579
2016-12-07 12:16:00,-38.19400634765623,-38.17956231489853,0.1856385635888515,0.8749812814496153,,,581
2016-12-07 13:57:00,-40.2399963378906,-40.47217486994259,0.1866138356331026,2.007028495528587,,,593
2016-12-07 15:38:00,-42.305998229980446,-42.097106713416565,0.18710403531889788,2.5394500425131965,,,596
2016-12-07 17:19:00,-38.5520080566406,-38.729505317752086,0.18580505079081078,1.6593245032980963,,,595
2016-12-07 19:00:00,-39.93199768066404,-39.78258250438381,0.18492701752995053,1.9427370054303708,,,548
2016-12-07 20:41:00,-43.68199768066404,-42.67390052442073,0.18688508482269725,2.674733274971661,,,583
2016-12-08 11:50:00,-39.00200500488279,-38.74520232371793,0.18618120497617965,1.7704650342995514,,,585
2016-12-08 13:31:00,-41.34599914550779,-41.13081770616225,0.18683649768825242,2.096260467207439,,,581
2016-12-08 15:12:00,-41.28400268554685,-41.345397694905586,0.18723129942303612,2.293328460601771,,,588
2016-12-08 16:53:00,-42.51801147460935,-42.30738172324152,0.18737563500818308,2.2697249568728197,,,599
2016-12-08 18:34:00,-43.35800781249998,-43.160390921276985,0.18822299143360163,1.9621783107528565,,,583
2016-12-08 20:15:00,-43.8540100097656,-43.60584462670715,0.18641177047153606,1.7553512138971368,,,544
2016-12-08 21:56:00,,,,,,,0
2016-12-09 11:24:00,-29.799993896484352,-30.27454378515256,0.18356016185834892,2.2910201428917705,,,532
2016-12-09 13:05:00,,,,,,,0
2016-12-09 14:46:00,,,,,,,0
2016-12-09 16:27:00,-28.455999755859352,-28.970749021831296,0.18314211795988836,2.1805821941178607,,,380
2016-12-09 18:08:00,-28.354010009765602,-29.06823279339332,0.18253309348693192,2.7513962329760604,,,529
2016-12-09 19:49:00,-29.41600646972654,-30.351926411501665,0.18281909835267493,2.7415145952518474,,,503
2016-12-09 21:30:00,-33.08800354003904,-32.57427878544246,0.18389656433257565,1.3656457414630607,,,116
2016-12-10 12:39:00,-36.03600158691404,-35.82374540929243,0.18487896785500774,1.4884947283562868,,,537
2016-12-10 14:20:00,-36.18601074218748,-36.19020975886863,0.18541257273159123,1.4614268719100734,,,589
2016-12-10 16:01:00,-36.44000091552732,-36.39749643122616,0.18498626397442572,1.512547162233128,,,582
2016-12-10 17:42:00,-36.99399414062498,-37.001151222406406,0.18623256542068475,1.643914631275617,,,559
2016-12-10 19:23:00,-37.41400756835935,-37.39955275252058,0.18597297937617646,1.4861940901076387,,,444
2016-12-10 21:04:00,-37.42900695800779,-37.1210099418208,0.18542265068247632,1.6329419556842493,,,530
2016-12-11 12:13:00,-36.82199707031248,-36.780754346290394,0.18517870504626704,1.5929547692004367,,,582
2016-12-11 13:53:00,-37.03600158691404,-37.054213122369475,0.1861652402325875,1.653813347981434,,,581
2016-12-11 15:34:00,-37.02800598144529,-36.98280172878734,0.1852242927275862,1.7075903193813597,,,593
2016-12-11 17:15:00,-28.444006347656227,-28.468913174790003,0.18196328325144237,0.21943902835733495,,,599
2016-12-11 18:56:00,-30.349996948242165,-30.307040737904458,0.1833875572444246,0.2517368405782491,,,578
2016-12-11 20:37:00,-30.661993408203102,-30.758641023749192,0.18379967276430698,0.837326717106068,,,589
2016-12-12 11:46:00,-32.34799804687498,-31.321219345618914,0.18384828793591468,3.952590909947305,,,580
2016-12-12 13:27:00,-34.237997436523415,-33.794064804603295,0.18368966718172205,2.1084665482908655,,,290
2016-12-12 15:08:00,-27.284002685546852,-28.598106052564503,0.1830226201337317,3.8790836849725023,,,575
2016-12-12 16:49:00,-27.679998779296852,-27.872499922477687,0.18288015591543774,2.062905190276348,,,559
2016-12-12 18:30:00,-29.758001708984352,-29.966437941331094,0.18342141871866974,1.046718975146503,,,598
2016-12-12 20:11:00,-32.45200195312498,-32.243974000090475,0.18319231998566146,1.390882309559769,,,572
2016-12-12 21:52:00,,,,,,,0
2016-12-13 11:20:00,,,,,,,0
2016-12-13 13:01:00,,,,,,,0
2016-12-13 14:42:00,,,,,,,0
2016-12-13 16:23:00,-33.71600952148435,-33.575722585731285,0.18386455669821022,1.6015630742643658,,,251
2016-12-13 18:04:00,-30.205999755859352,-30.043739240883014,0.1833467260546928,0.5814829395363141,,,548
2016-12-13 19:45:00,-34.87399902343748,-34.65719773924192,0.1848701404093148,1.1192496568796417,,,308
2016-12-13 21:26:00,-35.01000061035154,-34.83207205000832,0.18437689763666995,1.2368725380105425,,,398
2016-12-14 12:35:00,-37.36600341796873,-37.23262059929664,0.18562173254592587,1.608795502719044,,,534
2016-12-14 14:16:00,-37.842001342773415,-37.66250171499462,0.1854872773883703,1.7117689273230166,,,589
2016-12-14 15:57:00,-37.78600158691404,-37.78211742759996,0.1853763160753333,1.5547785888088113,,,574
2016-12-14 17:38:00,-38.36200561523435,-38.14902418371395,0.1858617286959547,1.4146368587542204,,,593
2016-12-14 19:19:00,-38.58600463867185,-38.466967908073855,0.18579412872592607,1.0013329048889577,,,408
2016-12-14 21:00:00,-37.93199768066404,-37.87999776779145,0.18437666107818007,1.0583389759451376,,,531
2016-12-15 12:09:00,-38.45100250244138,-38.29330781739333,0.18624569671549673,1.3449821257863694,,,464
2016-12-15 13:50:00,-38.3179992675781,-38.892479596819186,0.1855238214844749,0.7604330163397636,,,21
2016-12-15 15:31:00,,,,,,,0
2016-12-15 17:12:00,,,,,,,0
2016-12-15 18:53:00,,,,,,,0
2016-12-15 20:34:00,,,,,,,0
2016-12-16 11:43:00,-32.21600952148435,-32.3782402444873,0.18356214243279406,2.202781446189039,,,338
2016-12-16 13:24:00,,,,,,,0
2016-12-16 15:05:00,-31.772009277343727,-31.911039312838426,0.184635773005075,1.7119040291175955,,,453
2016-12-16 16:46:00,,,,,,,0
2016-12-16 18:27:00,,,,,,,0
2016-12-16 20:08:00,,,,,,,0
2016-12-16 21:49:00,,,,,,,0
2016-12-17 11:16:00,-20.644003295898415,-20.556768266544765,0.18217675574990205,1.4813180383697047,,,430
2016-12-17 12:57:00,-25.96300354003904,-25.068956902190905,0.18252672983034876,2.4896121711622974,,,262
2016-12-17 14:38:00,-28.187994384765602,-27.94159210499933,0.18222223387824166,0.7561282150094851,,,414
2016-12-17 16:19:00,-21.410009765624977,-22.45534400417378,0.18132055765145447,2.742888977088458,,,365
2016-12-17 18:00:00,-26.538000488281227,-26.459986275274616,0.18255939931248338,1.380908051710588,,,522
2016-12-17 19:41:00,-27.594000244140602,-27.46636066875797,0.18243990971914034,1.125160285317111,,,391
2016-12-17 21:22:00,-26.355993652343727,-26.324330264614815,0.18201148350425705,1.1680724689792044,,,523
2016-12-18 12:31:00,-25.720007324218727,-25.677319389950895,0.18263010095178553,0.44023645684863616,,,565
2016-12-18 14:12:00,-26.04600372314451,-26.40326382911809,0.18242713066480928,1.335219973065651,,,590
2016-12-18 15:53:00,-26.386007690429665,-26.99612178643278,0.1824140354170027,1.6759314692013174,,,599
2016-12-18 17:34:00,-30.81999816894529,-31.9279789098957,0.1842651120918309,4.481265029139364,,,596
2016-12-18 19:15:00,-30.427999877929665,-31.05143022480351,0.18319285549889977,3.2090353192120813,,,503
2016-12-18 20:56:00,-36.31000366210935,-35.819406397813,0.18468368347404765,2.6752731484619443,,,588
2016-12-19 12:05:00,-41.15799560546873,-40.968116749978606,0.18700000643730164,1.332166799680116,,,594
2016-12-19 13:46:00,-18.698995971679665,-18.899480254074604,0.1807896639252531,0.7862960506580059,,,580
2016-12-19 15:27:00,-26.243994140624977,-25.56836845894685,0.1824607796879961,2.7869103128615715,,,599
2016-12-19 17:08:00,-28.690008544921852,-26.996355759953843,0.18206025226168843,4.1166479314513325,,,498
2016-12-19 18:49:00,-31.836004638671852,-31.593623721803,0.18353243744312292,1.2619129276215966,,,586
2016-12-19 20:30:00,-25.276007080078102,-26.507256387926844,0.1825360942798382,3.6249643458494716,,,582
2016-12-20 11:39:00,-26.670004272460915,-26.717402997606683,0.18288470748460517,0.586656560499775,,,477
2016-12-20 13:20:00,,,,,,,0
2016-12-20 15:01:00,-34.33200683593748,-34.33139582094935,0.18539131206014883,0.35463581656201587,,,23
2016-12-20 16:42:00,-26.660009765624977,-26.62990467509283,0.1822623068191966,0.4220616880663634,,,61
2016-12-20 18:23:00,,,,,,,0
2016-12-20 20:04:00,,,,,,,0
2016-12-20 21:45:00,-26.216009521484352,-26.145335896809883,0.18364913735473365,0.43482396960713193,,,57
2016-12-21 11:13:00,-29.108007812499977,-29.183077589670802,0.18238751192887623,1.4642789321126506,,,480
2016-12-21 12:54:00,-23.737997436523415,-23.756242203459692,0.1816395864469845,0.21676853550924205,,,566
2016-12-21 14:35:00,-22.985998535156227,-23.002933472902413,0.18146912532179105,0.2512163230720201,,,599
2016-12-21 16:16:00,-23.69200744628904,-23.774314973461827,0.1816127425163431,0.4026769309469309,,,377
2016-12-21 17:57:00,,,,,,,0
2016-12-21 19:38:00,-29.075994873046852,-29.223448992790026,0.18280852348246474,0.30837748881498567,,,47
2016-12-21 21:19:00,-32.48900451660154,-32.54846872728922,0.18397675939770633,0.547834124570996,,,86
2016-12-22 12:27:00,,,,,,,0
2016-12-22 14:08:00,,,,,,,0
2016-12-22 15:49:00,,,,,,,0
2016-12-22 17:30:00,-27.461996459960915,-27.32642038921975,0.18230233739974888,1.2189697105347397,,,344
2016-12-22 19:11:00,,,,,,,0
2016-12-22 20:52:00,,,,,,,0
2016-12-23 12:01:00,-27.480001831054665,-27.51529672274023,0.1820129144576288,0.819209279800934,,,465
2016-12-23 13:42:00,-26.000006103515602,-26.117439553589918,0.1811681510864106,0.7985988055425136,,,565
2016-12-23 15:23:00,-27.448004150390602,-27.17796960779137,0.1835603734125962,1.4956563172298611,,,555
2016-12-23 17:04:00,-24.310003662109352,-24.39158275044045,0.18224127043585678,1.3479961606633244,,,572
2016-12-23 18:45:00,-23.532003784179665,-23.38315704804228,0.18189650515284084,0.6537054515808588,,,599
2016-12-23 20:26:00,-25.20000305175779,-25.219103085264834,0.18206463718698138,0.21630062606116035,,,588
2016-12-24 11:35:00,-24.373999023437477,-24.569029138914658,0.18229039275711115,0.974806874623932,,,551
2016-12-24 13:16:00,-23.263998413085915,-23.21429021652429,0.18116439307389193,0.26169759773739515,,,584
2016-12-24 14:57:00,-25.763998413085915,-25.792967677480675,0.182560283912058,0.6724849109803375,,,589
2016-12-24 16:38:00,-30.77800598144529,-30.586128616332985,0.18412501458078623,0.46156689589798494,,,16
2016-12-24 18:19:00,,,,,,,0
2016-12-24 20:00:00,,,,,,,0
2016-12-24 21:41:00,,,,,,,0
2016-12-25 11:09:00,-32.1300109863281,-31.620913963987107,0.18352281994986952,2.0967430026842333,,,285
2016-12-25 12:50:00,-25.05200042724607,-25.072390361408594,0.1825055067355816,0.964841076672443,,,546
2016-12-25 14:31:00,-23.202001953124977,-23.20861351764657,0.18160935932885428,0.8663183383007104,,,599
2016-12-25 16:12:00,-24.36400451660154,-24.420713818889197,0.18218698983200404,0.9074837890207238,,,599
2016-12-25 17:53:00,-25.00200500488279,-25.226223346165227,0.18185001090168953,1.4322348215182086,,,560
2016-12-25 19:34:00,-24.414007568359352,-24.382826542808175,0.1810831814946704,1.064536025584227,,,517
2016-12-25 21:15:00,-25.134008789062477,-25.34353969863173,0.18243322497240472,1.1946896682582027,,,554
2016-12-26 12:24:00,-25.022009277343727,-25.362269700418295,0.18162730703829466,1.1426478658830912,,,381
2016-12-26 14:05:00,-23.34599914550779,-23.042022942877423,0.18223897269019834,2.1286458206564243,,,385
2016-12-26 15:46:00,,,,,,,0
2016-12-26 17:27:00,,,,,,,0
2016-12-26 19:08:00,-23.288000488281227,-23.444815656050878,0.18038835745413326,0.3036174645209267,,,103
2016-12-26 20:49:00,-24.375997924804665,-24.309077282009866,0.1818905884462287,0.5582328594664978,,,329
2016-12-27 11:58:00,-32.118002319335915,-32.25380574854091,0.18374959098304386,1.8973712996093746,,,591
2016-12-27 13:39:00,-36.26999511718748,-35.93173100534091,0.1851853385682732,1.9531112424614043,,,518
2016-12-27 15:20:00,-34.97000732421873,-34.97063667921469,0.1849349015742192,1.3298731798910384,,,599
2016-12-27 17:01:00,-37.136007690429665,-37.02889723228492,0.1857896578282068,1.3010743870357555,,,599
2016-12-27 18:41:00,-38.10599365234373,-37.90837753836257,0.18532884465200705,1.3523795031501824,,,593
2016-12-27 20:22:00,-46.058004760742165,-46.16661585396295,0.19007771759311115,0.6558621421418144,,,489
2016-12-28 11:31:00,,,,,,,0
2016-12-28 13:12:00,,,,,,,0
2016-12-28 14:53:00,,,,,,,0
2016-12-28 16:34:00,,,,,,,0
2016-12-28 18:15:00,-45.59500732421873,-45.21847635904945,0.18843860492894524,1.327870746037943,,,114
2016-12-28 19:56:00,,,,,,,0
2016-12-28 21:37:00,,,,,,,0
2016-12-29 11:05:00,,,,,,,0
2016-12-29 12:46:00,,,,,,,0
2016-12-29 14:27:00,,,,,,,0
2016-12-29 16:08:00,-25.995001220703102,-26.16225621567156,0.18233503722751201,1.4483760545388098,,,394
2016-12-29 17:49:00,-22.880010986328102,-22.749869188055925,0.18181326383926782,1.8724853760755964,,,332
2016-12-29 19:30:00,-23.581999206542946,-23.384516437237068,0.1810607380471249,1.2827003455318193,,,494
2016-12-29 21:11:00,-24.698004150390602,-24.7006819733476,0.18115753159586306,1.1652051299590307,,,565
2016-12-30 12:20:00,-23.563002014160134,-23.739354311186673,0.18192414898296883,1.0954553601641333,,,580
2016-12-30 14:01:00,-24.105001831054665,-24.14747012910385,0.1820754081247345,1.01197028782925,,,504
2016-12-30 15:42:00,-24.423002624511696,-24.463080145388204,0.18293198383077472,0.7759003384805454,,,588
2016-12-30 17:23:00,-29.18199768066404,-28.809135291324765,0.18240537208628216,1.3381851441420352,,,597
2016-12-30 19:04:00,-28.630010986328102,-28.371087776095692,0.1826409391167081,2.0508814671840896,,,518
2016-12-30 20:45:00,-26.02800598144529,-26.026112913803928,0.18205397421553807,0.40983661214528744,,,593
